vx,vy,vz,wx,wy,wz,base1,shoulder1,elbow1,base2,shoulder2,elbow2,base3,shoulder3,elbow3,base4,shoulder4,elbow4,arm_1_joint,arm_2_joint,arm_3_joint,arm_4_joint,arm_5_joint,arm_6_joint,arm_7_1_joint,arm_7_2_joint,com_vx,com_vy,com_wz,height,e1x,e1y,e1z,e2x,e2y,e2z,e3x,e3y,e3z,e4x,e4y,e4z,arm_eex,arm_eey,arm_eez,com_x,com_y,quat_x,quat_y,quat_z,quat_w
1.0002197107443267,0.19884479815674835,0.09447077387257642,0.0,0.0,-0.06178061543539118,0.09134457260370255,0.5942355990409851,-1.6382092237472534,-0.05917782336473465,0.9296514987945557,-1.704800009727478,0.1498265415430069,1.224995493888855,-1.8464308977127075,-0.08201524615287781,1.2574421167373657,-1.741186261177063,0.1640245020389557,-0.4931877851486206,0.928588330745697,0.017455635592341423,-0.404569149017334,0.005865536164492369,0.02383456937968731,-0.02607138827443123,1.0002197107443267,0.19884479815674835,-0.06178061543539118,0.2800000011920929,0.25726003315105056,-0.16762713367633714,-0.27540905755430334,0.17033282797052618,0.15844897642234584,-0.27480734285369934,-0.2714082079809532,-0.17773016816641032,-0.22952214400739757,-0.2987328268274684,0.16258156641726534,-0.24646670937868084,0.19218952326801592,0.03970458815879863,0.40153289269632164,0.0,0.0,0.0,0.0,-0.0021841204703186242,0.999997614806041
0.998084166648456,0.19868369111058445,0.09599069231434888,0.0,0.0,-0.061780615435391185,0.09580561268682543,0.5918075638382059,-1.6532135692081953,-0.04034959098422214,0.9483753678045774,-1.723320335149765,0.1459248850220128,1.2389337334193682,-1.8529602077446485,-0.08732461497971886,1.2472393159803592,-1.7392737936032445,0.16257722469929017,-0.5027197913119668,0.9367913443006968,0.017713341347285007,-0.3994034454226494,0.005507819694589432,0.02386539509078782,-0.026107368145236058,0.998084166648456,0.19868369111058445,-0.061780615435391185,0.2818894166695444,0.25955802540326156,-0.16857526351071508,-0.2719599076282562,0.16794624586185047,0.15312669244372304,-0.27368063168341805,-0.2736900407243471,-0.17655765839517124,-0.22815449387884693,-0.29648482347575816,0.1639975943530566,-0.2470929604035545,0.1900674386404625,0.03903164721713683,0.40000000549127407,0.020021575356000347,0.0038894742151330177,0.0,0.0,-0.002801924734262585,0.9999960746011874
0.992140667073035,0.19553190413562038,0.10060111158772533,0.0,0.0,-0.054688511885583185,0.09754738250845357,0.5881787577742025,-1.6666517398859326,-0.02008108000614141,0.9692922720783635,-1.7427316480561306,0.14170817775945915,1.2570336555179797,-1.8575034361136586,-0.09458627904716291,1.2350364343116158,-1.739407380944804,0.16140302682393476,-0.5130549779063777,0.9470371541224027,0.017933954607303206,-0.3938127705141118,0.0050762626097390524,0.02389371395111084,-0.02615079026375162,0.992140667073035,0.19553190413562038,-0.054688511885583185,0.28383962888466685,0.2619757837313749,-0.16878168988918954,-0.2690176089192753,0.16515543927852663,0.1474893064335234,-0.2723614832646172,-0.27729984730210555,-0.17530764021713646,-0.22669053838136136,-0.29332338032942207,0.165904510162059,-0.24745304368203308,0.18769029973090712,0.03838571523116095,0.3978388832206929,0.039967275371677,0.007723499199767646,0.0,0.0,-0.0033488072873716947,0.9999943927291552
0.980417414278275,0.18879765833144263,0.10977158028828425,0.0,0.0,-0.040267907373124495,0.09375996946504242,0.5821083842923767,-1.6769053551711535,0.00311599745366134,0.9946683480551368,-1.7639546355134563,0.136850867322401,1.283595665505058,-1.8580082984347093,-0.10581761010383305,1.2187667214556743,-1.7437012799476321,0.16078409052600987,-0.5250232980439538,0.9614366496864118,0.018079146460973118,-0.3873579872674064,0.0044945629411622095,0.023916935548186302,-0.026209344952612332,0.980417414278275,0.18879765833144263,-0.040267907373124495,0.28591346113305344,0.264700968554839,-0.16754210760735547,-0.26714111320789413,0.16151363081358722,0.14115681508458386,-0.2707466309426403,-0.28362287057656427,-0.17388149915827497,-0.22496426678865547,-0.288322144571627,0.16879680210446232,-0.24723234381758208,0.18478504967697376,0.0377851146216782,0.39441470886682195,0.059758695528695456,0.011444777415722217,0.0,0.0,-0.0037514838316670173,0.9999929631597718
0.968650740375962,0.1819215740797034,0.11899286488953333,0.0,0.0,-0.011899477658080157,0.08471008586256128,0.5747544561561785,-1.680020953479566,0.027048109001234954,1.0150309989326878,-1.7823985250372636,0.13201415578001424,1.3089717626571655,-1.853202528075168,-0.11745593108628925,1.201088519472825,-1.7483513951301575,0.16104800097252192,-0.5377732938841769,0.9797456295866716,0.0180586773510042,-0.3810016457971774,0.003736236537071435,0.023942568780560242,-0.026281037171812432,0.968650740375962,0.1819215740797034,-0.011899477658080157,0.2882304920961982,0.2670426515064257,-0.16502469350280055,-0.2671080303879093,0.158891425176261,0.1347421916142508,-0.2695557904102432,-0.2905689540381028,-0.17254936712038918,-0.22375105522110425,-0.2828811908212928,0.1717984854596119,-0.24691656110564403,0.1815001728904038,0.03731323895975329,0.3897635699235933,0.07923952941047517,0.0149809534318353,0.0,0.0,-0.0038704777443405386,0.9999925096729628
0.9529576058316848,0.1730825817196539,0.1312541334252612,0.0,0.0,0.002757543638370546,0.07294125913789398,0.5667373581152213,-1.6794485763499611,0.05135998816082352,1.0328033801756407,-1.7994065472954197,0.12718808699987436,1.3337351381778717,-1.8456529308306544,-0.12930453019706828,1.1826825981077396,-1.7531855553388596,0.16176804890365978,-0.5509271555041012,1.0000745097273274,0.017952616743155216,-0.37469616591146115,0.002886652986298462,0.023969448024505062,-0.026359517115021224,0.9529576058316848,0.1730825817196539,0.002757543638370546,0.29067317572863477,0.269199500289331,-0.1618372702462114,-0.26799528790164034,0.15680460704736307,0.12832360081280636,-0.2685038898740051,-0.2978484329045606,-0.1712525274201257,-0.22267127800736644,-0.2772094840011616,0.17485153570232384,-0.24646286043752727,0.17800667815266402,0.03690053627328517,0.38445989055575563,0.09855989371671489,0.018421493311363616,0.0,0.0,-0.003842902513034305,0.9999926160228761
0.9374646180855835,0.16394652584105862,0.14341406916317243,0.0,0.0,0.045310200525480716,0.055128365559013265,0.5618196584676441,-1.66988846973369,0.07165398880055077,1.0264691961439032,-1.8070029098736613,0.1223621946808539,1.345045964968832,-1.833806999419865,-0.13632146504364515,1.1681844435240094,-1.7489304150405682,0.16486182534380964,-0.5652350728449068,1.0248365166940188,0.01749487905027835,-0.36890964053179087,0.0017487821475553672,0.024003325054716123,-0.026433993596583605,0.9374646180855835,0.16394652584105862,0.045310200525480716,0.29348065743320867,0.2696369170687216,-0.15712490465483486,-0.27144689742121386,0.15964186417035384,0.1229223136120144,-0.2692144969341333,-0.30275086850311395,-0.17017411338272162,-0.22325138876803804,-0.27417881123689875,0.1768060032454897,-0.24721997005416796,0.1739552634795599,0.03686243036749765,0.37788189135759254,0.11740991855530362,0.021611084524346024,0.0,0.0,-0.0033898034589976336,0.9999942545997498
0.9255864871997213,0.15697414470068705,0.15273668656223674,0.0,0.0,0.059494404231810016,0.0368908188844982,0.5580999278708508,-1.6593100561907417,0.08951577936348162,1.0099172039251578,-1.810043835326245,0.11680230253229015,1.3511596337745064,-1.8217941757879759,-0.14097704414866472,1.1576510714857202,-1.7412546316259785,0.1688478018500303,-0.5798091798236495,1.0504559160847413,0.016908306689736873,-0.3632741407736352,0.0005392557083580059,0.024035711932045064,-0.026503851588227247,0.9255864871997213,0.15697414470068705,0.059494404231810016,0.29640973849516167,0.2696393528043542,-0.1522196831354277,-0.27513769071172367,0.16445660370057405,0.11809609950368873,-0.27059920211814953,-0.306480330568424,-0.16898684919430332,-0.2244119112740171,-0.2727773170355703,0.1781985726243152,-0.24832313023127195,0.16974554052493446,0.03694736756202437,0.37104272556238255,0.13610207612969372,0.02472497943151546,0.0,0.0,-0.0027948622349464026,0.9999960943649168
0.9093058399074685,0.14723696640969566,0.15551941959481425,0.0,0.0,0.08880844861129096,0.01788896871240515,0.5568677469303733,-1.6467680742866115,0.10227311637840773,0.9720928888571889,-1.8035691223646466,0.10967316517704412,1.3464816996925755,-1.809526606609947,-0.14069898269678416,1.1555013029198897,-1.7264816635533382,0.17468485314595072,-0.5949249675399378,1.0778030533539622,0.016054648709924596,-0.3579491957237846,-0.0008166172590694932,0.024064746734343077,-0.026563930668328937,0.9093058399074685,0.14723696640969566,0.08880844861129096,0.29959012489569814,0.2687397227258433,-0.14701340213669217,-0.27936692628479126,0.17349157158343712,0.11444225230822971,-0.273400182318203,-0.30771140325142143,-0.1675684218446232,-0.2269552662032964,-0.2748598001698641,0.17839111468303592,-0.2502067176978475,0.16523729210895255,0.03730154084423106,0.36371730685622705,0.15446789719556508,0.02768300208998354,0.0,0.0,-0.0019067801152215878,0.9999981820931437
0.8966871873663693,0.13850419122490565,0.1501212680810382,0.0,0.0,0.12876213538557735,0.0024500646089252644,0.5560151122902569,-1.6370268456245725,0.10951730912845385,0.9237877746161661,-1.7894187593146373,0.1004422366815178,1.3359199072185315,-1.7972754640014548,-0.13419631275495417,1.1619319413837634,-1.7110389541638524,0.18202472154639268,-0.6108464900600283,1.1051212243343655,0.014988346907653306,-0.3531131609097907,-0.0022394440418697504,0.024087854379199837,-0.02661399908461853,0.8966871873663693,0.13850419122490565,0.12876213538557735,0.30263051527895424,0.26799498631835295,-0.14269279298299029,-0.28264763288086375,0.1843534149332813,0.11213826860422021,-0.2768104606580934,-0.30752300163337454,-0.16570373256883525,-0.23039936910357278,-0.279378829248861,0.17691957807299225,-0.25223123686037774,0.1605364378084577,0.037852356770834164,0.35659353605051886,0.1724965050816536,0.030475707810470147,0.0,0.0,-0.0006191595214499233,0.9999998083207251
0.8788137995571567,0.12689263355378005,0.12864581260241953,0.0,0.0,0.15043197619587748,-0.011056394169205112,0.5553683332706753,-1.628804669568413,0.1137713219382261,0.8697981591287413,-1.7711053318098973,0.0900713536692293,1.322166869514867,-1.7850332307188135,-0.12431758397111767,1.1730163599315442,-1.695232995246586,0.190179677189965,-0.6272050212872655,1.1324236847852405,0.013806712862692382,-0.3485422977491429,-0.003698584758431504,0.024107747294596936,-0.02665863798833207,0.8788137995571567,0.12689263355378005,0.15043197619587748,0.30559497561893967,0.26733421716355643,-0.13885013198245325,-0.28540741411165305,0.1964060538311173,0.1106018366621643,-0.28022276154297854,-0.3065322991951315,-0.16355109168528945,-0.23431566628247746,-0.2852581384685843,0.17450902201090213,-0.25420742984742334,0.1557320426064771,0.03846695076535341,0.34955398922896674,0.19034221768379211,0.03317875010696681,0.0,0.0,0.0008851606527344981,0.9999996082452327
0.8610117800595574,0.11430095587642809,0.10246968779124707,0.0,0.0,0.22889043269807,-0.017514806338830992,0.5498948022723198,-1.6300662434414814,0.10893309400661996,0.8231927391729857,-1.7485470763946835,0.07843460083792085,1.313175250825129,-1.7697377981323945,-0.10696408520207595,1.1870851548094499,-1.687388235016873,0.2002397152154069,-0.6455522642323845,1.156968410077848,0.012416373019253739,-0.3448254920934376,-0.005142556478906618,0.024102547046679416,-0.026690885179529066,0.8610117800595574,0.11430095587642809,0.22889043269807,0.307776347783051,0.26901859075181644,-0.13701623104774957,-0.2853533057500515,0.20615131741342513,0.11158619893707615,-0.28329854746264,-0.3072615747659773,-0.16100763160076156,-0.23809299877111859,-0.2904915869168541,0.17002250132162533,-0.2558681630134465,0.15084664202181716,0.03934499534364042,0.34391610465492295,0.20764001635344403,0.03561363648623228,0.0,0.0,0.003174061764307907,0.9999949626532708
0.847189400707494,0.10397135526602153,0.0820130550939796,0.0,0.0,0.25533677094839646,-0.021978183404395453,0.5419584936217258,-1.6337439888402034,0.10090698223364981,0.7845116289038407,-1.7276973912590428,0.06794973443213262,1.3086484921605963,-1.7535589431461536,-0.08849518197147471,1.199999357524671,-1.6844253571409928,0.21066719842584508,-0.6647356325074246,1.1801973800910146,0.010993269860352341,-0.34155199559111343,-0.006529873286030794,0.024088447178272826,-0.026719877006191956,0.847189400707494,0.10397135526602153,0.25533677094839646,0.30969376313058955,0.2716367595783461,-0.1357702677116004,-0.284454596839329,0.2141546271145522,0.11356583148252185,-0.285651285886976,-0.3092579657965758,-0.15864026336101045,-0.24126791309882534,-0.2944999585288971,0.16518889940662135,-0.2571229301953475,0.14600329393975808,0.04020833401185109,0.33888099788939763,0.22475297121625196,0.03796932748273799,0.0,0.0,0.005727406264632456,0.9999835982742317
0.8290776087804322,0.09163689598690775,0.055397164664769405,0.0,0.0,0.31087535219982854,-0.022309093392993275,0.5287249845109487,-1.6423786047257876,0.08616785185509607,0.7632868572285301,-1.7109066153827466,0.06012061713753562,1.3139269226475765,-1.7355467630060095,-0.0678945565106053,1.2101648324414302,-1.6920441820433265,0.22182510891243032,-0.6856997299351191,1.200605336772768,0.00950700178203222,-0.33923276200106267,-0.007790483509827601,0.024055591919214317,-0.02674217080991519,0.8290776087804322,0.09163689598690775,0.31087535219982854,0.3110568699868102,0.27620162431226425,-0.13573634463570894,-0.2817856396321569,0.21794793611359622,0.11756216640059446,-0.28702211715654874,-0.31406843467067364,-0.15680523867910157,-0.24309053118060803,-0.29575699506699915,0.15974680670414415,-0.2577427980593502,0.14124209443366112,0.0411300277999174,0.33519813011791355,0.2414777310271012,0.04016038731328751,0.0,0.0,0.008836081121816166,0.9999609610731854
0.8156172712252296,0.08083649266644044,0.035380023090463,0.0,0.0,0.36200444026726436,-0.018527552093330187,0.5166929207350078,-1.6518615672462864,0.06578828531660533,0.7595667972376472,-1.703639610817558,0.05688955850507084,1.3276108989590092,-1.7192945496032113,-0.04563064285014806,1.218275625454752,-1.7079599734983946,0.2339783824588123,-0.7082163017047078,1.2185658247847306,0.008031616471462737,-0.3378247391236456,-0.008860718949060691,0.024002942379171912,-0.02674976922571659,0.8156172712252296,0.08083649266644044,0.36200444026726436,0.3119096497171803,0.2804393879787169,-0.1368538212639458,-0.27861109085745434,0.21807373387796813,0.1233204439355416,-0.2866671548429892,-0.32066948807454676,-0.15599892502232376,-0.24308922668379296,-0.29488262351230377,0.15387222773998852,-0.25782118629872847,0.13656679754225678,0.042151167527704606,0.33267031011007453,0.25784612270562274,0.04222027182971176,0.0,0.0,0.012455926304459599,0.9999224219407713
0.8100616782334533,0.06707573688382477,0.007097952459989011,0.0,0.0,0.39109644615567574,-0.012406167819311737,0.5053444379254391,-1.66182720974872,0.042199505100909,0.765806314584456,-1.7017913037224819,0.05627463669761231,1.3460773409981477,-1.7040436965854544,-0.022420375558890766,1.225217375316118,-1.7285964528196738,0.24669798326335457,-0.7316161778412368,1.2351337875190533,0.0065624230804755095,-0.33693516372065796,-0.00982263770052477,0.02393903057581108,-0.02674900647252798,0.8100616782334533,0.06707573688382477,0.39109644615567574,0.3124720709104287,0.2844583724516275,-0.13859403009272875,-0.2751167527463862,0.2160838274012631,0.13004102006768423,-0.2852385579842481,-0.3282888555641321,-0.1557785718142283,-0.2418988099039493,-0.2928105577298045,0.14779798485759815,-0.2574894278586254,0.1319766071042095,0.04318660534552966,0.3307468165857007,0.27401175320540605,0.04420552211568544,0.0,0.0,0.01636649209991833,0.9998660599982097
0.8130764408573024,0.05199795698806718,-0.021603242739251516,0.0,0.0,0.44032658348256176,-0.0024598531032863375,0.5075765597192865,-1.669642316667657,0.011277293296236727,0.7813570781757957,-1.7155022181962667,0.06348507027877005,1.370544301836114,-1.7001456147746037,0.002262397816306678,1.2348265898855109,-1.755516071068613,0.25991596516809967,-0.7563164861578691,1.248672228110464,0.005241961659569489,-0.33668357133865356,-0.010350141233127368,0.023855065338705714,-0.02672686604292769,0.8130764408573024,0.05199795698806718,0.44032658348256176,0.3121935678155799,0.2845285234215147,-0.14132906472926554,-0.27287111011808507,0.21347853015470153,0.13884245165918038,-0.280518310814606,-0.3350950312162689,-0.15732252787799467,-0.23799962942468886,-0.2902634538933891,0.141420604196322,-0.2562057020937488,0.1275545892507901,0.04424994943841179,0.3300754948405465,0.29014341925319875,0.04596235132531116,0.0,0.0,0.02076900949762912,0.999784300859184
0.8254672749965244,0.037400397489036986,-0.0457824060791423,0.0,0.0,0.44841134748549627,0.008421630843689562,0.5153102533597695,-1.6772606364990537,-0.020425255459390175,0.794624611343208,-1.7331643512374477,0.07302980124950409,1.3945107295324928,-1.7022928838667117,0.026303717670472036,1.2468183566080897,-1.7823106372042705,0.2729701264516303,-0.781338248990084,1.2611084854916523,0.0040148255525549,-0.33658856761298683,-0.010697962348594478,0.023765751270969446,-0.026699668789086372,0.8254672749965244,0.037400397489036986,0.44841134748549627,0.31160794120085866,0.283082057409905,-0.1442860339902388,-0.27103934534049257,0.21204736989986184,0.14763149821466454,-0.2746988159533429,-0.34047747197938955,-0.15932642693125532,-0.23334080389132875,-0.288352713091197,0.13533891031647471,-0.2544352437123095,0.12325637785660837,0.0452174932735534,0.3297527511069282,0.3064203760341594,0.04763429803087523,0.0,0.0,0.025251946947931845,0.9996811187450421
0.8418373684552735,0.020573142513745406,-0.07697975164965563,0.0,0.0,0.463602227933349,0.021210726938749633,0.5349872873017663,-1.6845862787020833,-0.053384891270022695,0.801727618826063,-1.7589350248637952,0.0874753296375275,1.416805817892677,-1.717852477964602,0.04870556471379183,1.2642421016567633,-1.8083010551176573,0.28559569896836035,-0.8070168926527626,1.271176970318744,0.002996886259337003,-0.3368131828151251,-0.010654973846517111,0.023665378973084062,-0.026662212477898913,0.8418373684552735,0.020573142513745406,0.463602227933349,0.3103622715724142,0.2783722939398469,-0.1477505759278502,-0.2700628905756191,0.2133413753780811,0.15639994235701746,-0.2669321309741273,-0.3426308463127063,-0.16231248892941558,-0.22743600560625607,-0.2879293728365036,0.12983399887249578,-0.2519152783248892,0.11913438623130311,0.0460755299726056,0.3302991806067016,0.323044470266292,0.049123500032644526,0.0,0.0,0.029886219518912183,0.9995533071741933
0.8541756558968783,0.005888057213447349,-0.10044221815310034,0.0,0.0,0.47712673027989017,0.03539200965315103,0.5619504749774933,-1.6950902491807938,-0.08301199972629546,0.7983411997556686,-1.7866798043251038,0.10167914349585772,1.436955764889717,-1.743837371468544,0.06859548389911652,1.2841434478759766,-1.8311506509780884,0.29750971496105194,-0.8326989114284515,1.2794350981712341,0.002252722275443375,-0.33675676956772804,-0.010242358082905412,0.0235578715801239,-0.026612621266394854,0.8541756558968783,0.005888057213447349,0.47712673027989017,0.30852875113487244,0.2719821104601667,-0.15157645538936346,-0.2687792824766899,0.2176284890389455,0.16385041760037358,-0.2586489940022963,-0.3420570228535363,-0.16506339053647176,-0.2211835906900262,-0.28862841083485147,0.12510711555316126,-0.2491585118346971,0.11519469168906482,0.04679225492198713,0.33133345351785165,0.33998455107212067,0.050467601511627436,0.0,0.0,0.03465501534913158,0.999399334556088
0.8706195141145575,-0.01071666507682675,-0.13163956372361368,0.0,0.0,0.48519760169472065,0.050403719473826256,0.5932597894417612,-1.707490064595875,-0.11065128484838888,0.7886979297587746,-1.8156021206002486,0.1157387767575289,1.4558261538806714,-1.776040864618201,0.0869870601516021,1.3055226614600735,-1.852126774035002,0.30899929372887863,-0.858382943429445,1.2866133639686985,0.0016718628620238682,-0.33653272531534495,-0.009609262900132882,0.023446108165540193,-0.02655579169329844,0.8706195141145575,-0.01071666507682675,0.48519760169472065,0.3063445828462902,0.26461981789190003,-0.15559800135496252,-0.2671459152810245,0.22351948036595676,0.1703528327128656,-0.24990030034490343,-0.3398460660634264,-0.16760253807370337,-0.21468835987373752,-0.2899429297544036,0.12088848708179481,-0.2462409667157236,0.11135996737322507,0.04739587490683125,0.33262291593931936,0.35711311509734706,0.051725151801579876,0.0,0.0,0.03950366903086033,0.9992194254182113
0.8870170238052407,-0.027643659333991898,-0.15575887733384197,0.0,0.0,0.5058435443398509,0.06560907919744126,0.6227878830150554,-1.7273921527360614,-0.1281703049317002,0.7676772737973615,-1.8413594443547099,0.12420156534369053,1.4752105317617716,-1.8151129633188248,0.09799767952216298,1.3207254111766815,-1.870522990822792,0.3189317584037781,-0.8835796992245473,1.2913608778464167,0.0015795275470928143,-0.33547016546914454,-0.008461659627133295,0.023330327613573325,-0.026475295338681655,0.8870170238052407,-0.027643659333991898,0.5058435443398509,0.3032631685859279,0.2585277199130511,-0.1595315437385182,-0.26369468219604675,0.2317439939511303,0.17401450027177984,-0.2422831541711189,-0.33630010454654835,-0.16874263528446315,-0.2082698512614211,-0.2901842484458553,0.11851328191688812,-0.24358149491760153,0.10778265176649848,0.04778121611613986,0.3344777567830644,0.37473448209072413,0.05278953833897647,0.0,0.0,0.04455765057951344,0.999006814678876
0.901758330910967,-0.043477165341855056,-0.15908915941652557,0.0,0.0,0.48599932337509383,0.07959400470319546,0.6480049138006411,-1.749252228360427,-0.14134578171529266,0.7476879813169178,-1.8646340072154999,0.13007391675522453,1.495729303673694,-1.8528278344555904,0.1050370719872023,1.3303388184622715,-1.8891977683493966,0.3284159628184218,-0.9082576005082381,1.2952972603471655,0.0016641514130720958,-0.3340112104227668,-0.00716815686686651,0.023211571020319274,-0.02639002134827407,0.901758330910967,-0.043477165341855056,0.48599932337509383,0.3001142277529365,0.2538764125841814,-0.16300516680920552,-0.2595437297020234,0.23913189139687874,0.17645922084807839,-0.23540752689922306,-0.3332182777721819,-0.1692406977626824,-0.20202251472889177,-0.2890308578303042,0.11711000395037083,-0.24111195485424666,0.10431373819252744,0.0480769426963136,0.3363994164873396,0.39255135153469284,0.05378252733498812,0.0,0.0,0.04941229072073999,0.9987784666910521
0.9217923474047861,-0.062022967357971276,-0.14912233148750426,0.0,0.0,0.43402040075003906,0.0905055860547643,0.6626490256504008,-1.7751449424969523,-0.14482564910462029,0.731584843052061,-1.8820654600858688,0.130113490710133,1.5190249814798957,-1.8863601417917955,0.1029967830369347,1.3266888080458892,-1.9088654886735112,0.3369584952137972,-0.9316943742726979,1.297485211177876,0.0021350210360986622,-0.3316576484786837,-0.00556904424937736,0.02308583606377636,-0.02629552358810447,0.9217923474047861,-0.062022967357971276,0.43402040075003906,0.29689960220926687,0.25249559409085337,-0.1654656506008475,-0.25424004828942226,0.24474981339773755,0.17668145736654647,-0.23086627051514585,-0.33148657509834656,-0.16850844029986162,-0.19636051823616,-0.28463917973548153,0.11779593868931065,-0.2390891064390988,0.10108125005101712,0.04827372018687959,0.33855312757613487,0.41080033308581304,0.05461922520771623,0.0,0.0,0.053746727623464,0.9985546000443687
0.9377520364946518,-0.07745846448557371,-0.13025779473154198,0.0,0.0,0.3311609953348515,0.0968881167079273,0.6664288200830158,-1.7988359865389372,-0.14186873326176092,0.728863537311554,-1.8932021919049715,0.12661540782765338,1.543552461423372,-1.9106896613773547,0.09329049446080862,1.308530569076538,-1.9284017587962903,0.3445729927012795,-0.9527453686061658,1.2984526471087807,0.0028894481886374314,-0.32865635501710994,-0.0038114814087748545,0.022953178341451445,-0.026197723652187147,0.9377520364946518,-0.07745846448557371,0.3311609953348515,0.29414933449343633,0.25373608452940255,-0.16666983702426064,-0.24919463964227911,0.24639279111203105,0.17567227929798007,-0.22896802988806492,-0.3317324141650279,-0.16716348861358932,-0.19162240459121357,-0.2770062168400075,0.12018153801599767,-0.23765555772622346,0.09818591190568544,0.0484206343437935,0.34064768991161504,0.4294763191750175,0.05527367893802492,0.0,0.0,0.05705325626138056,0.9983711363766349
0.9589628529708701,-0.09728915619297107,-0.1051741799241626,0.0,0.0,0.2668756997031444,0.10043999067458667,0.6634184161299154,-1.8211509867718345,-0.1348888278987847,0.7345058768987656,-1.9004047230670327,0.12090628942180622,1.5688498177026446,-1.9292674386187603,0.07879295611852097,1.2813046872615814,-1.9478558725432344,0.35160746837132856,-0.972305250795264,1.2986572612273066,0.0038210987971213288,-0.32525022935710457,-0.0019548871787264973,0.022816193890512773,-0.0260978598564275,0.9589628529708701,-0.09728915619297107,0.2668756997031444,0.2916892904200052,0.2565145232278475,-0.16710335263712367,-0.24429276927072494,0.24563259419286562,0.17392209033999242,-0.22876703240297433,-0.33315343952165244,-0.16547762932958396,-0.1874529411938438,-0.26741536328433646,0.12364337768480263,-0.23625487265516623,0.09549009696328806,0.0485250941530868,0.3426971248209083,0.44841918310052464,0.055814230079321486,0.0,0.0,0.05971746304268418,0.998215319762097
0.9793410016332039,-0.11527867123112116,-0.08112707812535093,0.0,0.0,0.10891526640531107,0.09699173908876745,0.6502719552893388,-1.8345777737466913,-0.12380618386362728,0.7631605816514868,-1.8996775354209698,0.11626865665771459,1.5842335584916567,-1.929731957222286,0.051311994657704696,1.234170637632671,-1.9551886163259808,0.3577918375008985,-0.9865799577612626,1.296743083941309,0.005063901998494802,-0.32159529038165746,-3.89224089878161e-05,0.02267347536000766,-0.02599328739176455,0.9793410016332039,-0.11527867123112116,0.10891526640531107,0.2899423672964698,0.26098392083038335,-0.16592295146535252,-0.24124045317070172,0.23855894256613291,0.17156869571870903,-0.23168970426028418,-0.3361267974273886,-0.1643510835765032,-0.18581141774956028,-0.2553356789331923,0.1299922446388503,-0.23625985818876996,0.09348653733794059,0.048748006156873545,0.34472144431304413,0.4680252063431238,0.055983038766211586,0.0,0.0,0.06080463649746566,0.9981496862597369
0.9960083684994738,-0.13160129132979143,-0.0612260283608182,0.0,0.0,0.05381273144952364,0.09048424136677852,0.6378091597243359,-1.8441750015083112,-0.11312358331327374,0.7955767512321473,-1.8971872306183766,0.11288605336295932,1.5925645091031726,-1.925209923794395,0.020248021048150475,1.1825595890220841,-1.9560810154990145,0.36382227273363815,-0.9985328089249762,1.2941258306566037,0.006386269190299671,-0.31787142275195374,0.001862984812377319,0.022530462972721772,-0.02588949778950528,0.9960083684994738,-0.13160129132979143,0.05381273144952364,0.28844420729499115,0.2648707678473067,-0.16410104755830338,-0.23926246587635364,0.23033924781421913,0.16929041100647563,-0.23480686252264266,-0.3386859076364817,-0.16362186839639586,-0.18532677475899154,-0.24316465809883442,0.13723417015512582,-0.23630733295011877,0.09175703104605734,0.049033376488118695,0.3466592110590165,0.4878628779398768,0.05599224314975895,0.0,0.0,0.06134175930366231,0.9981168211013837
1.0095060293323512,-0.14722308397992523,-0.035090460196922364,0.0,0.0,-0.06741300764110995,0.07697477172079842,0.6287070073579487,-1.8450264303307784,-0.10412682024271866,0.8343910574913025,-1.8912594161535565,0.11265226728037785,1.583797718349256,-1.9103035675851923,-0.018282300155413725,1.1221849353689897,-1.9418313942457501,0.3695768039477499,-1.005167173711877,1.2899776665787948,0.007870927011888277,-0.31400377342575475,0.0037186674185489326,0.022387554918072726,-0.025788497669916404,1.0095060293323512,-0.14722308397992523,-0.06741300764110995,0.2874933261620371,0.26719801163035894,-0.1607942564954312,-0.24000147045630943,0.22009243412725854,0.16741647659000783,-0.23823217630344143,-0.3399596863092334,-0.16383469135620485,-0.18761836204630625,-0.23100598065210637,0.14635712800745493,-0.23742537810167483,0.0906899660568245,0.04952575097879183,0.34841813128766536,0.5082103139475772,0.055637150316646226,0.0,0.0,0.06066888479636148,0.9981579466284711
1.0127062268134703,-0.15606912550093077,-0.014485418796539303,0.0,0.0,-0.08451058462950647,0.05986611187261969,0.6304769951261973,-1.838939819681017,-0.09843426908513433,0.8655768848563495,-1.8829688853339146,0.11624717624171785,1.5565431627788042,-1.8914811195511567,-0.05853284547399536,1.0636873417779018,-1.912647033208295,0.37530493657839925,-1.0074897267316516,1.2846603730791493,0.00940197747274253,-0.3102519198467857,0.005446833705431538,0.022248453521904975,-0.025692977035712255,1.0127062268134703,-0.15606912550093077,-0.08451058462950647,0.28704058888711426,0.26629155878614574,-0.15675177609657798,-0.24325888898381284,0.21136352021495197,0.16627541229011025,-0.24111439635316548,-0.3382518735466407,-0.16511590835948076,-0.1923977640425915,-0.22103954748604945,0.15620905172861244,-0.23968043946450027,0.0901526665668753,0.05021442480796733,0.35005155207663513,0.5286590954975078,0.05503729365668014,0.0,0.0,0.059825314015159205,0.9982088618134921
1.0051924198737585,-0.16216665883379358,0.014538656135923422,0.0,0.0,-0.09570174519589074,0.04040161843754739,0.6393632928007528,-1.8283119468312514,-0.09490447481603997,0.8917695260361622,-1.8731318492638438,0.12234814014089737,1.5171875247829838,-1.8700954114135941,-0.099909355667861,1.0064183693183095,-1.8736872061302787,0.38101579013623693,-1.006990002958398,1.2785778312306655,0.010963394024752476,-0.30657585984782165,0.007091534765143148,0.022111843756743167,-0.025601042973759928,1.0051924198737585,-0.16216665883379358,-0.09570174519589074,0.2869139094101755,0.2632201569614659,-0.15210675595953682,-0.2480916410219296,0.20359237434427083,0.16562454388153697,-0.24364681459305712,-0.3343519939187338,-0.1671565302586126,-0.19873792599652418,-0.2122357634121818,0.16678362890316992,-0.24246057643812507,0.08996249147861247,0.05103699910046577,0.3516051689735127,0.5491742123114436,0.05427722794641005,0.0,0.0,0.0588699833172212,0.9982656585620033
0.9930938510435402,-0.16707170877908498,0.042778096700969714,0.0,0.0,0.007575566981056501,0.020497515258428318,0.6698290658624548,-1.812848266802336,-0.09601776890064541,0.8896336206480077,-1.855853745811864,0.1313534648598809,1.4520236716458672,-1.846934665190546,-0.13834661524742836,0.9649296167649721,-1.8154165485971854,0.38698297993917213,-1.0001494194331921,1.2707681820580834,0.012495548605281662,-0.3034484370758659,0.008492459322472935,0.021982266947529035,-0.025523049830410042,0.9930938510435402,-0.16707170877908498,0.007575566981056501,0.2876221351325512,0.2541354292407388,-0.14725069608165475,-0.2551478978140124,0.20204029322000322,0.1661837211690132,-0.24650427075078363,-0.32479879209780194,-0.17033444429805022,-0.20818823407406392,-0.20971595831543033,0.17739807887789588,-0.24761406442378225,0.09056485453601511,0.052220837595994926,0.353034881978091,0.5693505139727342,0.05332143107233079,0.0,0.0,0.05894560743190934,0.9982611959625012
0.9830117462160916,-0.17055203685304793,0.06659745091670416,0.0,0.0,0.04402637687948728,0.002504565998127575,0.7057020381877297,-1.797070208348726,-0.09827251261786411,0.878606705289138,-1.8358672794542814,0.13981673748869647,1.3820375643278422,-1.8250483588168496,-0.17353188991546634,0.931165381481773,-1.7550806936464811,0.39292962613858673,-0.99152209884242,1.2624414218099493,0.014002018461101934,-0.3005610673051131,0.00980500406340549,0.021855996137386875,-0.025452540991337674,0.9830117462160916,-0.17055203685304793,0.04402637687948728,0.2886250332782143,0.243318531233206,-0.14265627613212004,-0.26191173703748577,0.20242284481809972,0.167070001317726,-0.24958890109855103,-0.31311869191050135,-0.1735759396257813,-0.2176773690196884,-0.20935022334345008,0.18775592192581464,-0.25271539192597003,0.09139995819693199,0.05351101989685253,0.35444341014054925,0.5894084008116471,0.052315738640333474,0.0,0.0,0.05938509995550721,0.9982351475996396
0.9704189752465296,-0.17508756681161866,0.09631025359818773,0.0,0.0,0.1254332415982214,-0.010066449593164453,0.7524176824249721,-1.7813674485997149,-0.10279884169760505,0.8483414438210035,-1.8097862946359735,0.14619445143953752,1.3036750672679196,-1.8070696506061052,-0.2002179119735957,0.9158557920079482,-1.6927848654358009,0.3987684081259527,-0.9791563263064936,1.253011401546629,0.015442551456783951,-0.29823573168955353,0.010918860127659224,0.021737568668628995,-0.02540017865402134,0.9704189752465296,-0.17508756681161866,0.1254332415982214,0.29028603316921936,0.22929255494667664,-0.13930686175538073,-0.26800769842519845,0.2071301004925899,0.16862689895681132,-0.25319342511322296,-0.2978462194610561,-0.1764915127724556,-0.22725254659527366,-0.2144202669573453,0.196381440277714,-0.25837967720737903,0.09273469760928252,0.0550142335358682,0.35582142990788224,0.6092024794534634,0.05120932499534989,0.0,0.0,0.060637171943127996,0.9981598736568904
0.9607917467433691,-0.17938155700897218,0.1186562456974863,0.0,0.0,0.19104456047566204,-0.014920699557191448,0.7952540689393094,-1.769301044313531,-0.10809734257820405,0.8149896020952024,-1.7796588304795717,0.14958252581326584,1.2305293679237366,-1.7923511392191838,-0.21877135101117584,0.9149635559634158,-1.6387207366918264,0.4041567166384898,-0.9651698783824318,1.2429787312683307,0.01681004146015958,-0.29624782502651215,0.011875069798215438,0.021628034178559716,-0.02537015761787954,0.9607917467433691,-0.17938155700897218,0.19104456047566204,0.2924774434221418,0.21637175497802216,-0.1379538714467882,-0.2718678788015016,0.21231288074416513,0.1704726946179128,-0.25720523362324044,-0.2824091069937207,-0.17854918105298842,-0.23536023766019537,-0.22266014623887193,0.2028409104831247,-0.26316356506265237,0.09432287047051985,0.05658565983446954,0.35722284717858754,0.6287874940194581,0.05006255248659536,0.0,0.0,0.06254399142965116,0.9980422080934492
0.9491111344530266,-0.17730663945787462,0.13451020380384068,0.0,0.0,0.23600068475927993,-0.01448753603587025,0.8354324455323973,-1.7597262169185437,-0.11392492413716881,0.7795228813039629,-1.7467587786285501,0.15092214343971327,1.1609581410884857,-1.7798664663967334,-0.2317524646457873,0.9239498768982134,-1.5902968464713347,0.4092363673997553,-0.9500729676924253,1.232533134127918,0.01812748348732528,-0.29449111968278885,0.012723262495312252,0.02152459302574004,-0.0253554445103203,0.9491111344530266,-0.17730663945787462,0.23600068475927993,0.2950322829971188,0.20425288624583876,-0.13803791912495816,-0.27415469569173456,0.21790575726164316,0.1725330463662011,-0.2614039383212469,-0.2668183288878911,-0.17993377125854887,-0.24221512883035298,-0.2332844365763797,0.20767240668991266,-0.2671655835588723,0.09609720625946644,0.058217985572951526,0.35862342677685977,0.6482292609779459,0.048888126682294045,0.0,0.0,0.06489920370117774,0.9978918244774596
0.938734559530114,-0.17096630993101197,0.13990096845909183,0.0,0.0,0.24124207358187733,-0.004470223266827399,0.8544290034394516,-1.7563057886926752,-0.11837276443839075,0.7574598977440281,-1.7116500735282898,0.14727834141568133,1.115194464984693,-1.7695727913003219,-0.23376872429722234,0.9475426517034833,-1.5649592656838265,0.41265793066275747,-0.9338443247895492,1.221988059972462,0.019354340081152166,-0.2931697745072214,0.01338459352815622,0.021447198710551386,-0.02538020619632382,0.938734559530114,-0.17096630993101197,0.24124207358187733,0.29785785157429545,0.1986127839783211,-0.14077633284073152,-0.2739489999115316,0.2196709689489446,0.17434740605203666,-0.26633084937951373,-0.25661419860276036,-0.1796980714871819,-0.24706613671291253,-0.2446710405481784,0.20870076246703562,-0.26889787798603304,0.09814266696221892,0.05974336922990908,0.3599305039081192,0.6673507580631658,0.04794736686897905,0.0,0.0,0.06730634978103354,0.997732356536137
0.9304697554132084,-0.16065215943683847,0.13278348273352555,0.0,0.0,0.21660350462436065,0.007999926658445273,0.8650001475685521,-1.753732620101226,-0.12195754634510529,0.7434370800068504,-1.677963223112257,0.14280789218058712,1.0796919802301808,-1.7597070014790486,-0.23279141585685706,0.9733559183384243,-1.548053058354478,0.4153318436522233,-0.9179725795984268,1.2115640844169415,0.020563288579547874,-0.29192265730939415,0.013986706960407134,0.021381755641318466,-0.025418575608024473,0.9304697554132084,-0.16065215943683847,0.21660350462436065,0.3006283217354825,0.19537211403699783,-0.1441887991398492,-0.2732145654800043,0.21936814300447605,0.17595910590794375,-0.27123762691455616,-0.24884580552650387,-0.17907495108472388,-0.25101620179697076,-0.25539979333707613,0.20856054674018695,-0.2695736175196997,0.10021459256565243,0.061181814231951286,0.36121452670768445,0.6863569170236588,0.047154596099924104,0.0,0.0,0.06946731514101298,0.9975842280865806
0.9206634038098006,-0.14583936566493183,0.12256961413904253,0.0,0.0,0.14246777755810358,0.025360630825161958,0.855880081653595,-1.7521480917930603,-0.1233306135982275,0.7498828172683716,-1.6490242779254913,0.13712124153971672,1.0686613023281097,-1.750566452741623,-0.22566504403948784,1.0021354258060455,-1.5503864586353302,0.4162038266658783,-0.9034348428249359,1.2015226483345032,0.021741609554737806,-0.2907877340912819,0.01445978065021336,0.021345229353755713,-0.025487450882792473,0.9206634038098006,-0.14583936566493183,0.14246777755810358,0.3031691908836365,0.19765773072995305,-0.14892293029579265,-0.27170985925808644,0.2137195406513771,0.1769472480926689,-0.27602765407958474,-0.24741117531221915,-0.17789349450675715,-0.2535641905401679,-0.2635709211801921,0.20615144315288123,-0.2686137619603864,0.10224347036980469,0.06232812066126617,0.3625318896877325,0.7051009833812714,0.046741788275539875,0.0,0.0,0.07088848072086261,0.9974842471443285
0.9132215558769986,-0.13513881095683486,0.11488810965889355,0.0,0.0,0.0846850570082513,0.041194798669924884,0.8380227383030088,-1.7490787702171426,-0.12221860263104502,0.7683801701978634,-1.6272195397238982,0.1336952365542713,1.0730904976004048,-1.742667201318239,-0.2168311506117645,1.029745088596093,-1.562060202422895,0.4154185054725722,-0.8904239852961741,1.192425268261056,0.022920505964736406,-0.2896367454607236,0.014849062004175627,0.021336675302958803,-0.025577964714581247,0.9132215558769986,-0.13513881095683486,0.0846850570082513,0.3055311063010442,0.2021488639807609,-0.15322842367022646,-0.2704474342870696,0.20532351695946133,0.177109240836028,-0.27999095822912334,-0.24992770540758918,-0.17713001914687218,-0.25480102115155473,-0.2695962153757846,0.2030667361503531,-0.2668106065203805,0.10418363476353654,0.06316824290989993,0.36369997836858053,0.7236383192633328,0.04658767022192478,0.0,0.0,0.07173317540515488,0.997423857518103
0.9033594657124446,-0.12099195482335602,0.10467424106440916,0.0,0.0,0.0432559852151009,0.055934468774419085,0.8139009318853679,-1.7449448798832141,-0.11932483746817238,0.7955183041723151,-1.6105298933229948,0.13189007185007395,1.0886041302430003,-1.7356579366483187,-0.20677299640680613,1.0565159948248612,-1.5804307962718762,0.41344492843276576,-0.8785078713768407,1.1840047585336786,0.02409981495063556,-0.2884742382325624,0.015178265834325239,0.021348176818144948,-0.02568399298347925,0.9033594657124446,-0.12099195482335602,0.0432559852151009,0.3077647152699922,0.20823899955591602,-0.15722600486226784,-0.2692559731229447,0.1949052876166386,0.17663177268896008,-0.28314773106953767,-0.2553049973677573,-0.17666769674510166,-0.25502019263727893,-0.27402124696463964,0.19954594774222606,-0.264418539267384,0.10606415622850002,0.06378150356782655,0.364759781949508,0.742027433294999,0.046619027853012085,0.0,0.0,0.07216461421056808,0.9973927353133468
0.8950278571342792,-0.10686869670631508,0.0931510309639727,0.0,0.0,-0.04723354429423932,0.06494372357663353,0.7901210996665453,-1.7391043407352347,-0.10977681486034084,0.8291078284382819,-1.6054833178457462,0.13480920893581289,1.1162290588805548,-1.7329214129008745,-0.19521691905040495,1.0823690679512525,-1.600027055332535,0.4090561484427829,-0.8689716791636066,1.1773612648248672,0.025305729298117124,-0.28759495737521273,0.015380944174371266,0.021399392109168202,-0.025808541667892745,0.8950278571342792,-0.10686869670631508,-0.04723354429423932,0.30971807594362055,0.21404301734573974,-0.1596846503597503,-0.2688222086717184,0.1841707065632206,0.17399153067144563,-0.28500468446848126,-0.26321526630369907,-0.17721272000806984,-0.25317295454155214,-0.27783001512626593,0.1956699760377117,-0.2620721592949132,0.1077605121294674,0.06389829464744556,0.3655632790922517,0.7600930274317138,0.04700004897619548,0.0,0.0,0.07169350222115535,0.9974267099588146
0.890212858849634,-0.0942303520429664,0.07658504243744092,0.0,0.0,-0.07223233587214058,0.07264682189806511,0.7681774849954405,-1.733534519609652,-0.09840020321701705,0.8621340841054915,-1.6031141877174377,0.13902092372116287,1.1442488118221885,-1.7316858768463135,-0.18303173898082034,1.1085640929247202,-1.617412871436069,0.4039838694428143,-0.8601584528621874,1.171428857665313,0.02652278917498494,-0.286881775056061,0.015541529111368092,0.02146110227821689,-0.02593672863746944,0.890212858849634,-0.0942303520429664,-0.07223233587214058,0.3114907565085511,0.21940359468623563,-0.1617848258450715,-0.2683929380977914,0.17398513571819654,0.1707282623078879,-0.2863079799239434,-0.2709289417136833,-0.17801215071781826,-0.25072129794761483,-0.282026557451833,0.1917275473937996,-0.25988316032818837,0.10940228296988137,0.0638602133890065,0.36623236001942483,0.7780718811248478,0.0475084288045764,0.0,0.0,0.07097301890685755,0.9974782356458947
0.8865081426454374,-0.07814764881118674,0.05076469755486423,0.0,0.0,-0.12328271314860088,0.07798564370329443,0.7518895374316918,-1.7293296887686378,-0.0833000541713677,0.8914434686303139,-1.605622798204422,0.1458584752522017,1.1698456312480725,-1.7338663339614868,-0.16932628637081698,1.1361090642841238,-1.627495415900883,0.39749800511880923,-0.8528932599644912,1.167189484364108,0.027766762681207376,-0.28660391878924873,0.015608342499227115,0.02154372272228724,-0.02607072786869187,0.8865081426454374,-0.07814764881118674,-0.12328271314860088,0.3127814776411182,0.2233900716113143,-0.16323779517978518,-0.268051541092029,0.1656935802676646,0.16630425128108728,-0.28711249266667704,-0.27732993048945664,-0.17938680708049984,-0.24752505953384155,-0.2878509757377623,0.18755669040689243,-0.2583658226295626,0.11089410672628668,0.0635014020759582,0.3665870247489995,0.7958764853446108,0.04831054853275418,0.0,0.0,0.06974324674024264,0.9975649750939182
0.8855745926693535,-0.06508950343367188,0.02666481917626001,0.0,0.0,-0.14353588826453706,0.08212420677668168,0.7360471753697647,-1.7267307356784218,-0.066594200698953,0.9173931197116248,-1.6079748461121006,0.15247523745423866,1.18884455530267,-1.7367398017331173,-0.15456672287301018,1.165571651960674,-1.6319586320927268,0.3904815959303003,-0.8454919363323011,1.1640103239762156,0.029018021531795196,-0.2870395763924247,0.015609868164909514,0.0216378526468026,-0.026203445649068607,0.8855745926693535,-0.06508950343367188,-0.14353588826453706,0.3135213444107457,0.22745669371816354,-0.1643421039346709,-0.26751707879938796,0.15841003042160914,0.16141586152287266,-0.28794266904926474,-0.2818082984248351,-0.18072471726299508,-0.2447077366905774,-0.29515832353245336,0.18321685307113525,-0.2571383222777392,0.112422451069633,0.0630479838185718,0.36664010720305823,0.8136222001753355,0.04934712469969925,0.0,0.0,0.06831131114774801,0.9976640540629272
0.884289791131243,-0.048765266394609305,-0.005380074052432904,0.0,0.0,-0.15872588513074326,0.08536257580118743,0.7205390024342035,-1.7253361909013045,-0.04868406890646411,0.9408229707103026,-1.6102094720853002,0.15892640765952434,1.2028950578288027,-1.7401330274970908,-0.13901657620935065,1.1964724518750842,-1.6322073520798432,0.38306727809341334,-0.8379885146492406,1.1616263232733075,0.030274744390657072,-0.288010369398092,0.015562428038959441,0.021740614681651716,-0.02633520234131107,0.884289791131243,-0.048765266394609305,-0.15872588513074326,0.3138480704081686,0.23157559032180702,-0.16518120054433777,-0.26682317084724805,0.15188595661333001,0.1561826018362752,-0.2887638399102664,-0.2848592424792398,-0.18204244252740204,-0.24222628081749775,-0.30356159997134136,0.17874506180579505,-0.25596776684351985,0.11397629590067007,0.0625169792566872,0.3664644990452781,0.8313237479642818,0.05055954319571978,0.0,0.0,0.0667276739958115,0.9977712250426491
0.8831188318989813,-0.03321093242416493,-0.03504146282610059,0.0,0.0,-0.1906635008830584,0.0882272981107235,0.6974956589309793,-1.7252853450022245,-0.030313905622614053,0.9694459406953109,-1.609178679554086,0.16038874850461357,1.2088314686950885,-1.7385282516479492,-0.12006667491636777,1.2241075760439823,-1.6271871312668449,0.37592923719632,-0.8286319924028296,1.1603433144719977,0.03146933347574975,-0.29037338338400187,0.015406878321970763,0.02185160441226081,-0.026456328746127456,0.8831188318989813,-0.03321093242416493,-0.1906635008830584,0.3133061414486484,0.2379184869313993,-0.165861938050848,-0.2655420964424121,0.14331853683218188,0.15082402302934358,-0.2895515237417354,-0.2867012552633518,-0.18233625132182196,-0.24165530584406622,-0.3120169715176645,0.1735434443389651,-0.2557123298068099,0.11575150284507832,0.062094133945237814,0.36580432877343716,0.8489385411927575,0.052123891630847206,0.0,0.0,0.06482516716110728,0.9978966367828556
0.8821086991227489,-0.019168521209935514,-0.06152484565973282,0.0,0.0,-0.20234805427406302,0.09066648398967166,0.6715536839083622,-1.7253496976275193,-0.012478485556417444,1.0010259484774187,-1.607614480351147,0.15980164814544354,1.2124005854129791,-1.7352853448767411,-0.09976644519912577,1.248764420026227,-1.6213385854896747,0.36902604428561114,-0.8183722339178386,1.1594012638455944,0.03262678021565079,-0.29333138485488136,0.015209867116554004,0.021966417981801847,-0.026572307118361716,0.8821086991227489,-0.019168521209935514,-0.20234805427406302,0.31244641189512457,0.2450443277422985,-0.16639528167881384,-0.26399617358137056,0.13382997765528346,0.14562421977872125,-0.28982653984489326,-0.2882306428408925,-0.18219524916970956,-0.24174058008678798,-0.3197783466070714,0.16807160276615798,-0.2556909653191438,0.11763167113285203,0.061726333907972095,0.3649543718004403,0.8665234807290528,0.05381250383920575,0.0,0.0,0.06280581002031026,0.9980257663145239
0.8853526601797979,-0.0018437496693740896,-0.08905748101441516,0.0,0.0,-0.22961260364728173,0.09182391511766534,0.6387063735409787,-1.7253064481835616,0.0034061529134448987,1.0405628273361607,-1.6054669242156179,0.15420825857865184,1.2110472917556763,-1.7284105388741744,-0.0762089334036175,1.2646884228053845,-1.6146566177669324,0.3628046010669909,-0.8057796515916523,1.1591929385536595,0.03368315100669861,-0.297763328803213,0.014914203239114661,0.02209096754852094,-0.02667501451153504,0.8853526601797979,-0.0018437496693740896,-0.22961260364728173,0.31084514762225907,0.2540030118355775,-0.16653244016906857,-0.26202932347676644,0.121984277562746,0.1410160899019535,-0.28902410085110886,-0.28915539064572104,-0.1809707410827449,-0.243330549098641,-0.3253463100123997,0.16189573898376106,-0.25692198450758674,0.11977881303203819,0.061544364271601044,0.36367291271913904,0.8840406474314237,0.05578657376923059,0.0,0.0,0.060514051510754806,0.9981673454735703
0.892409999246691,0.01315265043140524,-0.10510607573546855,0.0,0.0,-0.24189568292403182,0.08915456908902056,0.6058653228377041,-1.7244210039314471,0.016629046711482506,1.082905295648073,-1.6080025967798734,0.1467734878196528,1.2069850634587438,-1.7227466278954555,-0.05100299506203123,1.2744319972239042,-1.6076373481436779,0.3573003793625455,-0.7917614657627908,1.1593217151729684,0.034598729352613815,-0.3032916939180148,0.014514699933658304,0.02222197426875171,-0.02676421137967784,0.892409999246691,0.01315265043140524,-0.24189568292403182,0.30888411265454796,0.262815321570491,-0.16565737494151983,-0.26038897590229426,0.11029786230641435,0.137245193138681,-0.2867015195546649,-0.28914736976066724,-0.17930051878828973,-0.24528804657139053,-0.3293374645728972,0.1553421337816842,-0.25893231366255876,0.12207040152438504,0.06150458597234274,0.36218001653024773,0.9016871271949065,0.058017541164238205,0.0,0.0,0.05809935074892539,0.9983108060331479
0.9089603669734605,0.03306753131259829,-0.11927809468225414,0.0,0.0,-0.25153007178660186,0.08348382921203189,0.5730291816749071,-1.7228750147317584,0.02776429762965751,1.1274482262761967,-1.6142113898929797,0.1378944965177461,1.200798180542494,-1.7180324385040684,-0.02450417315489376,1.2793281768497669,-1.6003535280102177,0.3523586843358843,-0.7766251595396745,1.1597148854481547,0.03540388225136619,-0.30967999720259715,0.014033753939561156,0.02235804542310928,-0.026842811757600622,0.9089603669734605,0.03306753131259829,-0.25153007178660186,0.3066409045928403,0.271503741001158,-0.16400166694197446,-0.2589428402529802,0.09885949804554231,0.13417448413964214,-0.2831087545830181,-0.28840041730080285,-0.1772655469603899,-0.2475250126601611,-0.3321041735061483,0.14843872637953517,-0.2615376748057813,0.12446879472014896,0.061570119742371046,0.360508228925029,0.9194350289671044,0.06044999676707543,0.0,0.0,0.0555881150718897,0.9984537853414921
0.9273233051132647,0.0524485346679451,-0.12903196835204325,0.0,0.0,-0.2589994394909288,0.07271017256732049,0.5502272903134948,-1.7203299520831359,0.034224225306197224,1.1705881216024099,-1.63229763978406,0.12907754629850385,1.1918024954042936,-1.7208922003444873,0.004650170669743943,1.2806944705938037,-1.5912331711304815,0.3480652562881771,-0.760357995174433,1.160852135796296,0.03588382370377842,-0.31738749734665217,0.013337418565673654,0.022512372362574466,-0.02689825790002942,0.9273233051132647,0.0524485346679451,-0.2589994394909288,0.3041129888672578,0.27737464338498713,-0.16110685487549012,-0.2588443494901366,0.09032778352884178,0.13254878821915647,-0.27768214670150343,-0.285500229483577,-0.17514786489358572,-0.24920599198970705,-0.33431732483490567,0.14076969101672285,-0.2647930053837007,0.12695378519533077,0.06172802930357177,0.35854900201006973,0.9376740185053726,0.06336800940334797,0.0,0.0,0.053001938919456225,0.9985944093929117
0.9440461173695174,0.07042498694336038,-0.13790711466419162,0.0,0.0,-0.2617657178949393,0.06146666956575288,0.5308147700209366,-1.7177666864897074,0.038967421572459374,1.2122142942328205,-1.6546899174389087,0.12080353851381098,1.18263357250314,-1.7271302907090438,0.03431456261559553,1.2827605071820711,-1.5821480907891925,0.3437763279990146,-0.7438784304418061,1.162173446856047,0.036229936798152174,-0.3254596857648147,0.012554167206154052,0.022671856623339027,-0.026945150457322598,0.9440461173695174,0.07042498694336038,-0.2617657178949393,0.3014796258587586,0.2823230962599227,-0.15811713569276212,-0.25894309023947315,0.08334230190840185,0.13148317788879338,-0.2716118659988658,-0.2819334832717023,-0.17310075562753147,-0.25042007020526824,-0.3367150465737103,0.13286517895904146,-0.2677424773076184,0.12944392639008373,0.06185526998235641,0.35650591769184686,0.9560974804978623,0.06646261893604934,0.0,0.0,0.05038777950647489,0.9987297290440527
0.9641266693561487,0.09104208762308558,-0.1485399607765045,0.0,0.0,-0.2683130902134135,0.050791675519002065,0.519036790258006,-1.7155766659661342,0.03966528275295308,1.249081661826686,-1.687163041610467,0.11442978552689675,1.1740806738012715,-1.7420419995722018,0.06462578553902489,1.2888576796180324,-1.57399314406671,0.3392192568433912,-0.7271404674178675,1.1638220642742358,0.036243490164021126,-0.33424835103122813,0.011556763146807876,0.022841648382477854,-0.026971825631335378,0.9641266693561487,0.09104208762308558,-0.2683130902134135,0.29859670428069013,0.2852675410014349,-0.15531447847368873,-0.2594877046945637,0.07987210379403673,0.13157164825129494,-0.2646651664112539,-0.2769675529206161,-0.17139752702005273,-0.2503122116524591,-0.33999532823636575,0.12473691392847107,-0.2698387821887751,0.1319612516148019,0.06189127862428635,0.35437376209886046,0.9749605898794376,0.0699713415907402,0.0,0.0,0.0477078755316349,0.998861331022609
0.9791030661148107,0.1078431024623164,-0.15653682578550962,0.0,0.0,-0.2729232916842371,0.04312994870308197,0.5123926918757589,-1.7129587860483872,0.03676373413518854,1.2813459430870258,-1.724425947979877,0.11004679581444514,1.1683004890617572,-1.760520144512779,0.09411616035197919,1.297576593725305,-1.5680991740603196,0.33374072532904775,-0.7107784057918347,1.1655165223698867,0.035979020458303,-0.34310844383741684,0.01040069480720711,0.023022345806422987,-0.026982787187750403,0.9791030661148107,0.1078431024623164,-0.2729232916842371,0.2955380274276984,0.2868180817774094,-0.15331895428194925,-0.26021586643639116,0.07877196747293366,0.13259646625410948,-0.25742329794821067,-0.2721403050231861,-0.1701172114593281,-0.249210037725173,-0.3435054094685728,0.11683666510802193,-0.27107213143159375,0.13446824774137187,0.06170070631951055,0.35226499078451595,0.9941399175869792,0.07376325003018505,0.0,0.0,0.044981572626196155,0.9989878168046267
0.9989274396675853,0.12303122586909944,-0.1486392495663527,0.0,0.0,-0.27670456424378387,0.03793910101644308,0.5099583762256723,-1.7099900614274175,0.03091066948285234,1.3098356935538742,-1.7656164757515251,0.10729623198705288,1.1647939297713732,-1.7819227670368394,0.12293343971434365,1.3084453360030524,-1.5640592049611242,0.3275065963205539,-0.694724583312085,1.1672485698210566,0.035486571833883464,-0.3520271072262211,0.009114521757797596,0.023211985875509284,-0.026980863577735267,0.9989274396675853,0.12303122586909944,-0.27670456424378387,0.29233523124926974,0.2872280984381665,-0.15198041138989116,-0.2611259551624217,0.07957062791055583,0.1343177968807732,-0.24992611580768342,-0.26745342562240665,-0.16918620251748132,-0.24727379518859927,-0.3471919893751852,0.10917301293039718,-0.2715615150480473,0.1369620884004521,0.061312578088890374,0.3501712915751688,1.0135785443218128,0.07778737081312816,0.0,0.0,0.04221715553888806,0.9991084584659491
1.0168809127548655,0.13213303102406226,-0.12842492249451332,0.0,0.0,-0.1856717747344673,0.04009044758583368,0.5141418074306688,-1.7037936511792635,0.022860561938662323,1.3317503615429527,-1.809037409330669,0.10582068601721212,1.1729969852849056,-1.8060793123747172,0.14819691761543863,1.317226158945184,-1.5729392014051737,0.31891422522695445,-0.6798209736221715,1.1689291690525256,0.0345465589902903,-0.3608406468441611,0.007604728844997138,0.02341326355542007,-0.026951592415571213,1.0168809127548655,0.13213303102406226,-0.1856717747344673,0.2895924574450443,0.2856202515617694,-0.1526065584494456,-0.2625093968915916,0.08252635844014133,0.1364764618259331,-0.24266820014594215,-0.26536273267718596,-0.16844406292021874,-0.2439038927857704,-0.3476486348755522,0.10256093863300178,-0.2712643320359001,0.1394439804544786,0.06039762447205399,0.3482538601393994,1.033539433228342,0.08203769906571035,0.0,0.0,0.04036202036274169,0.9991851216427502
1.0332102492424002,0.13627091985066372,-0.09268295804136795,0.0,0.0,-0.1281622742221463,0.043908600695431226,0.5199298486113548,-1.6958096027374268,0.015074701979756362,1.3501985669136047,-1.8515999168157578,0.10431594587862492,1.1859071105718613,-1.8307749778032303,0.17134880647063253,1.3237349092960358,-1.5870773941278458,0.3094050996005535,-0.6653176620602608,1.170513391494751,0.033450526650995016,-0.369476355612278,0.006011511373799297,0.023618655279278755,-0.02691121818497777,1.0332102492424002,0.13627091985066372,-0.1281622742221463,0.2871982343494892,0.28341314127347766,-0.15370006553814178,-0.26419585567993564,0.08618733315072503,0.13845652257699104,-0.2357632171973725,-0.26438250919370754,-0.16765831264283243,-0.24008886385627173,-0.34641748870632444,0.09656381142356493,-0.27076955847085216,0.14191257594915588,0.05924641656820499,0.34638709001425133,1.053694948554039,0.08633626531809568,0.0,0.0,0.03908140883868483,0.9992360299164474
1.0527564566119756,0.13867648008784728,-0.047260812042575207,0.0,0.0,0.042336172990597484,0.050217403687144564,0.5283503226543728,-1.682733140493694,0.009434976271892864,1.3589366674423218,-1.8897472823921002,0.10203622379585317,1.2105532272865898,-1.8560786858985299,0.1883506018080209,1.3227216162179645,-1.6144094012285533,0.2976507250415652,-0.6517319483192344,1.1717592038606341,0.03199646705271383,-0.37749295407219935,0.004218676452230863,0.02383357325666829,-0.026843018682771606,1.0527564566119756,0.13867648008784728,0.042336172990597484,0.2858851391233896,0.2800139430508571,-0.15552995524071622,-0.26680271079013657,0.09126509326708669,0.13983052699201107,-0.23038312429223462,-0.26618065711617594,-0.16660416367425432,-0.23541777518556198,-0.34054271610903575,0.0922135400401306,-0.2702158849323088,0.14439756900697906,0.05758421345980574,0.3446874519526323,1.0743158694944883,0.09069976220397571,0.0,0.0,0.03950444363051331,0.9992193947944784
1.0675133589589711,0.14008889433326638,-0.013100620555249465,0.0,0.0,0.15836967104954944,0.053625744865521005,0.5376949255403719,-1.6659341462348638,0.0076783642564949225,1.3550038557303579,-1.9220467829390575,0.09656495228409767,1.2403969466686249,-1.879788115620613,0.20086042386920827,1.31418613148363,-1.645030688298376,0.2844307526553932,-0.6388140014911953,1.172328045493678,0.030314264647466574,-0.3849601382879834,0.002286705510127114,0.024059115137022576,-0.026754299730160518,1.0675133589589711,0.14008889433326638,0.15836967104954944,0.2853078018677862,0.2759334203995556,-0.15665465816408033,-0.2704532938207288,0.09806396739864699,0.14025923336982238,-0.22707279641243128,-0.2693857669700936,-0.16481219101432065,-0.23088744964384567,-0.332125713939026,0.08897318395760145,-0.2700618741189046,0.14690462642209087,0.055564682253024494,0.34323950881570053,1.0952358473288386,0.09519049853674676,0.0,0.0,0.041086854558627435,0.9991555786675458
1.0867908479846258,0.14446179710072,0.032321172521301844,0.0,0.0,0.25782716983793286,0.054547975918180065,0.5478316388632122,-1.6459444102488066,0.009250135406067504,1.3402102620978105,-1.949333827746542,0.08835806697607036,1.2746957540512087,-1.9021310210227966,0.20951998312222334,1.29920305390107,-1.6784713581988688,0.2699545535602067,-0.6264684263028596,1.1723166264985736,0.028436511264819837,-0.39195639600879273,0.00023547512185023625,0.024293763219918076,-0.02664799267720235,1.0867908479846258,0.14446179710072,0.25782716983793286,0.2853611143011796,0.27119556829607183,-0.15715562646937756,-0.2749593725755354,0.10626496259253666,0.13991913172539872,-0.22539072035462301,-0.27370364341730097,-0.16243140018509736,-0.22641020577574802,-0.32158898673596087,0.0867190748295807,-0.2700147712541611,0.14942209758982228,0.05322367015606221,0.3420050722892558,1.1164121596436754,0.09979029725256722,0.0,0.0,0.043662812547033164,0.9990463246519066
1.1009495766520554,0.14396361367214505,0.06998208792586003,0.0,0.0,0.44490029716891405,0.047635817851283103,0.5559406394236965,-1.623039204039072,0.020498167037179507,1.3034831701140657,-1.9672639950325614,0.07158947005671903,1.3159175640658325,-1.922041104812371,0.21012584708238904,1.2737305783911756,-1.7121768962395816,0.25388029345164187,-0.6148118490451261,1.1703272775599831,0.02622502886592167,-0.3978556659268705,-0.002063378176994998,0.024523958110397582,-0.02650492161659426,1.1009495766520554,0.14396361367214505,0.44490029716891405,0.2866006487686383,0.2665717110696094,-0.15548573591163706,-0.28061154556072715,0.11761870117789519,0.13736268745827965,-0.2271777311971169,-0.279819437286657,-0.15819970317393944,-0.22247955057449081,-0.3084557361223841,0.0864917013214341,-0.2703381123722998,0.15206565901980898,0.05050591892109863,0.3413954665886492,1.1380376015838822,0.10473950506236988,0.0,0.0,0.048107140489403954,0.9988421812448315
1.0995244272162228,0.13612238596373588,0.0921848328097871,0.0,0.0,0.5026439304992256,0.038203044745483,0.5626620226784756,-1.5996331352936595,0.034909874789024506,1.2591897641357628,-1.9827453525442826,0.0514053737646657,1.359320433516251,-1.9414667063637783,0.20775543545421807,1.2448020248036638,-1.7446530508367637,0.23731102461093362,-0.603284598965394,1.1672982385284023,0.023905751295387762,-0.40349113117707397,-0.004459229543020832,0.024752080317978795,-0.026347113773226738,1.0995244272162228,0.13612238596373588,0.5026439304992256,0.288160397818214,0.2621243471264316,-0.15301666828569635,-0.2864067519582159,0.13017610773218752,0.13404465212137812,-0.22945698727582486,-0.2862141710458166,-0.1533694304164224,-0.2185220230036199,-0.29484739605559085,0.08711961788536099,-0.2703031978598451,0.15477185890650486,0.04762726516182771,0.3411036763681517,1.1596928960398623,0.10975436493754383,0.0,0.0,0.053127152369191376,0.9985877556234808
1.0854997185239184,0.120724642465365,0.10703370759361645,0.0,0.0,0.621594037089606,0.02337402546484222,0.5650049863677276,-1.5759918187793933,0.056191143726831955,1.1977225267573408,-1.9940595783685382,0.022643833372153782,1.4073039073693123,-1.9604261635165465,0.19827592098399213,1.2083189777637784,-1.771980204864552,0.21971867988376245,-0.5918573964583247,1.1612711501748938,0.021354892756789926,-0.4087325034565047,-0.007095917887789634,0.0249745399617639,-0.02615218795835972,1.0854997185239184,0.120724642465365,0.621594037089606,0.29028804208102976,0.25878037427695955,-0.14886160648984972,-0.2923872778462983,0.14590555783458678,0.12904325508389097,-0.23302449648325962,-0.2933625919812021,-0.1468878783936596,-0.2147409558658921,-0.28044750981943234,0.08957487794548341,-0.27042970466821625,0.15775566015221829,0.04450773882767171,0.3417743561545267,1.18119258002231,0.11482023261487483,0.0,0.0,0.059333287942148955,0.9982382285516689
1.0643245066894402,0.1000603652218977,0.10826883249376998,0.0,0.0,0.664344220076342,0.009317023581580111,0.5647924354201869,-1.5535056779259129,0.07876435745703547,1.131821306128251,-2.0047373018766703,-0.010782783752993533,1.456542353881033,-1.9799682905799465,0.1844064961922796,1.167609823377509,-1.7962436550541927,0.20193578538141752,-0.5799073420072857,1.1525823693526418,0.018700203613231055,-0.4141035064270622,-0.009868520115943332,0.02517850059819849,-0.025939620148978736,1.0643245066894402,0.1000603652218977,0.664344220076342,0.29244174612195867,0.25621724513392635,-0.14477873196591023,-0.29778893183414057,0.1625116927707104,0.12369082313521895,-0.23573714470838483,-0.30027537152092476,-0.13973264466866153,-0.21078224138454082,-0.2656857659796216,0.09325135524238128,-0.2701813810234666,0.16103270473897865,0.041321121205839174,0.34324455284213895,1.2022351402985423,0.11969277419542011,0.0,0.0,0.06596371655472519,0.9978220222556163
1.0357763031191658,0.07752093582666834,0.10991114142693964,0.0,0.0,0.7026550328877469,-0.004048379383196937,0.5622905692771861,-1.5320543819352201,0.10249493839709378,1.061947975503771,-2.014844825393275,-0.048388532117793384,1.506905046732802,-2.0000323927716206,0.16660444340423536,1.1231147811601037,-1.8177625372221595,0.1839821900388128,-0.5674888993564405,1.141509155693807,0.015952499552727924,-0.419590636891754,-0.012762878531295999,0.0253658892072149,-0.02571124805284566,1.0357763031191658,0.07752093582666834,0.7026550328877469,0.29461879538078056,0.25438549297742885,-0.14077537338261176,-0.30268964562305484,0.1798428345053571,0.11808963800093775,-0.2373642968558345,-0.3068965514178096,-0.13210938148871143,-0.20655150023045515,-0.2506016103003132,0.09803715877911617,-0.26940337928226765,0.16457141252802682,0.03804701983832447,0.34542216563300393,1.22286819392129,0.12439212781426152,0.0,0.0,0.07297333479945291,0.997333892138559
1.010428399296885,0.055341204477439676,0.11137700394580342,0.0,0.0,0.7721303063134899,-0.01059278453651229,0.5600098136224245,-1.5167961371572394,0.12218238834879906,0.998835138584438,-2.026145470769782,-0.08858805424288711,1.5569862205731242,-2.0206566578463505,0.1443711272195765,1.0716841675733264,-1.8388316129383289,0.1663698569724434,-0.5530474899630797,1.1252008629472632,0.013114954540996166,-0.42595540379223074,-0.015853215290821704,0.025527843151633676,-0.025451925191047945,1.010428399296885,0.055341204477439676,0.7721303063134899,0.29683819177903625,0.2531975913145264,-0.13876582278690186,-0.30581328011861486,0.19557569873050584,0.11360306796757721,-0.23709807202050875,-0.31290767780987155,-0.12443122085633904,-0.2020337392961789,-0.23401545838589163,0.10407830215883955,-0.26774640307836695,0.16884204482272955,0.03484904172228396,0.34908042239543413,1.2427735924720764,0.12879118989957009,0.0,0.0,0.08067187672222156,0.9967407126761276
0.9861357142162644,0.033787541513652194,0.1127885752602628,0.0,0.0,0.7988506977897225,-0.014311037369464548,0.559072759590651,-1.5041861008656652,0.1395881085803635,0.9399959617539453,-2.037948206851357,-0.1286636585075607,1.6064119872293978,-2.0410429145160474,0.12108379739679771,1.018284855704558,-1.8601412906458505,0.14896683693912458,-0.5378545750128594,1.1067771237147481,0.010258466771215573,-0.43276931384676387,-0.019017144890600152,0.025679810585356073,-0.025182749953513082,0.9861357142162644,0.033787541513652194,0.7988506977897225,0.2990738755386127,0.2519034077987926,-0.13759781288888198,-0.308270190720234,0.21010871562865138,0.10984768734399812,-0.23551524877913563,-0.3183898546175893,-0.11728689424214163,-0.19716637546228705,-0.2171670616779459,0.11048111295022178,-0.2648218354760428,0.17337792146428133,0.03159777026539835,0.35332823912218025,1.2624032701316634,0.1330767618002076,0.0,0.0,0.08863177273144682,0.99606446019446
0.9600479895306786,0.010911773416619863,0.11042504032191397,0.0,0.0,0.8647791229065127,-0.010675782435818742,0.5638243461910046,-1.498610562399814,0.1499948454530615,0.8948551039946709,-2.051070916025262,-0.1663180981811722,1.6531890442496848,-2.0599867419192663,0.09642324635857044,0.9613476050527475,-1.882824624839582,0.1322273617904438,-0.5208580431185271,1.0829429689206576,0.007384701019251049,-0.440901601000836,-0.022359239427666898,0.02580675992526506,-0.024893142380996755,0.9600479895306786,0.010911773416619863,0.8647791229065127,0.30134973478944677,0.24973258577565616,-0.138704768819087,-0.3091621847754342,0.2213849449917307,0.1079197712451129,-0.23267853110376432,-0.32323641915965146,-0.11106832352078141,-0.19222106088087904,-0.19960800309005824,0.11726583604943226,-0.26032891120178303,0.1786194251099704,0.028436585268160786,0.35920081072263665,1.2813606575915686,0.13708617616640892,0.0,0.0,0.09724221603969958,0.9952607454429659
0.943163715587381,-0.010988102903825,0.10390416964104338,0.0,0.0,0.9253093052352416,-0.003147620413648494,0.5738738018431161,-1.4963041316521795,0.15582354876555893,0.8605468700590887,-2.0628491655776373,-0.19817119679952913,1.6953123188332506,-2.077399078168367,0.0706728883087636,0.9056760794238042,-1.906067984668832,0.11625666632071927,-0.5033103321727954,1.0556011803840337,0.004524221846000547,-0.4497527929120942,-0.025836869853695744,0.025930892872182944,-0.024595277996635752,0.943163715587381,-0.010988102903825,0.9253093052352416,0.30349087715148926,0.24633305233976566,-0.1410265993466032,-0.3093989728584897,0.22988463347340762,0.1070927061869438,-0.22965768883334473,-0.3271880484475825,-0.10628139292474897,-0.1873692613132803,-0.18279900627603382,0.12423863385137036,-0.2542754410875719,0.18417907783504342,0.025309478969546016,0.3662079456421829,1.2999944443765439,0.140938158196054,0.0,0.0,0.1064472933133347,0.9943183462786276
0.9246333790413768,-0.034123944307014084,0.08867041845070643,0.0,0.0,0.9820142926089654,0.00802496526586384,0.5888829646926177,-1.4970581421726628,0.15736643342595352,0.8363798158733468,-2.07336877208007,-0.22459325272785996,1.7330788609228636,-2.0933776780178674,0.04390228539705272,0.8511894878588224,-1.92983562381644,0.1010056794866135,-0.48524662381724304,1.0249756496203573,0.0016761811719717117,-0.4592770020428457,-0.029441384941731635,0.026052389195875117,-0.02428968383097335,0.9246333790413768,-0.034123944307014084,0.9820142926089654,0.3055059015750885,0.24178797121601747,-0.14448250194389822,-0.3089575407125194,0.23589421864288596,0.10721648236015958,-0.22673736536794076,-0.33037901306000333,-0.10271761777512903,-0.18272339814834093,-0.16681394859922868,0.13125211485394223,-0.24675316122530674,0.18999457179987525,0.02219310376330585,0.3742734856843009,1.3183252858488184,0.14464275676168895,0.0,0.0,0.11620650883068898,0.9932250738404579
0.9099785993269657,-0.057985723243324884,0.07188280946330004,0.0,0.0,1.1118004458908068,0.02416684164812693,0.6120220759981557,-1.5014799339206595,0.15026847939742238,0.8250021679620994,-2.0810180933851945,-0.2376632286529792,1.7583299208628504,-2.1064228258634867,0.017057600382127225,0.8004694133996962,-1.9537510346425206,0.08799741245610147,-0.4667226915296755,0.9888540027957213,-0.0011019645209767353,-0.4698139785936004,-0.03327925790003256,0.02616470451711824,-0.02398614571919959,0.9099785993269657,-0.057985723243324884,1.1118004458908068,0.3070376938895175,0.23521036582302943,-0.14946421379039082,-0.3076476285436527,0.2388559090386377,0.10912968574683396,-0.22428381792655394,-0.33189001499162557,-0.10136470358036645,-0.17914925497116313,-0.1523742719460338,0.1379517649589017,-0.23811884877467102,0.19613978496879575,0.0194487193938689,0.3842299477350292,1.3362959678235806,0.14814770202103414,0.0,0.0,0.12724200726376322,0.9918717011728323
0.8958221192341236,-0.08094285708294435,0.05540898755977131,0.0,0.0,1.1623642199900348,0.041931455856875396,0.6382008696857252,-1.507092927631579,0.13971768947024094,0.817915025510286,-2.0867990318097567,-0.24522324063275988,1.777704351826718,-2.1185973443483053,-0.009463833350884316,0.7521071434020996,-1.9771336066095453,0.07599293244512456,-0.44813334628155355,0.9507245891972591,-0.003834311654301069,-0.48068421922231974,-0.03720907455212192,0.026270730813082895,-0.023687476880456273,0.8958221192341236,-0.08094285708294435,1.1623642199900348,0.3083812139536205,0.22786339566628927,-0.15491647092921718,-0.30585466368849246,0.2407404851723697,0.11170122702113405,-0.22212656263140412,-0.3325297503342085,-0.10086875925820064,-0.17612255690015383,-0.13920141900202312,0.14416873153860704,-0.22870120292984691,0.2022352959920849,0.0167812548882613,0.39486061467823885,1.3541312468679327,0.1515861412412242,0.0,0.0,0.1387625729621722,0.9903256779185915
0.879738480073857,-0.10487101412723328,0.03642509446332293,0.0,0.0,1.2888322971960122,0.06306746268742977,0.6716992411958546,-1.5151637306338863,0.12034608242347039,0.8200395652338078,-2.0862681912748435,-0.23833491025786646,1.7801986885698218,-2.1291908888440383,-0.03440688854377537,0.7115869820117948,-1.9978925546533184,0.06678229516470113,-0.42962961408652744,0.907867958671168,-0.00641154762553543,-0.492253481165359,-0.0413709927203232,0.026355102021051083,-0.02340988044038807,0.879738480073857,-0.10487101412723328,1.2888322971960122,0.30925405339190837,0.218617299400592,-0.16133814373038882,-0.303207202149254,0.2402574602718966,0.11596674268806202,-0.22102806776210274,-0.3307909706306319,-0.10233749159145558,-0.1746867046727837,-0.12861970014380686,0.14961513274274651,-0.2195953821423603,0.20832043324571256,0.014661004938808977,0.4072097163829194,1.3716387787931845,0.15488299247073503,0.0,0.0,0.1515146848209486,0.9884550067067335
0.8670119503304118,-0.12849575348081788,0.02214822820142681,0.0,0.0,1.3663144813321935,0.08587548881769173,0.7085266434832622,-1.525477697974757,0.09675309924702903,0.8270157442281121,-2.0824013571990165,-0.22351913977610444,1.7741082985150187,-2.1403618737270955,-0.056996567959063875,0.6794741592909161,-2.015207604358071,0.05970942361378358,-0.4112785756587983,0.8626086155050681,-0.008854815785429973,-0.5041035715686647,-0.04566326879553104,0.026423881418610875,-0.023147849317051862,0.8670119503304118,-0.12849575348081788,1.3663144813321935,0.3098382177321534,0.2087189425236025,-0.16814936052376514,-0.29965121832975883,0.23852239396937466,0.12105509908658897,-0.22042548066031797,-0.32760067453823394,-0.10491604663020151,-0.17385498111607214,-0.12056917692992622,0.15422054972805618,-0.2114539691644361,0.2141534968926965,0.012955308992937172,0.42042478930685895,1.3889615990613635,0.1581242543302084,0.0,0.0,0.16500594556263723,0.986292572175711
0.8602914291062964,-0.15543438713273938,0.003187799532163028,0.0,0.0,1.442239802799564,0.11031918600201596,0.7486107063136601,-1.537986065212049,0.06903050898721355,0.8387380920742687,-2.07527105118099,-0.20094826484197073,1.7596198061579154,-2.152097745945579,-0.07728403193974173,0.6555859070075186,-2.0291536230789986,0.05472784462433899,-0.3930769115686417,0.8149987925824368,-0.011167028477709534,-0.5162283854657097,-0.050083068910201894,0.026477407958162457,-0.02290104513399695,0.8602914291062964,-0.15543438713273938,1.442239802799564,0.31013998251996544,0.19823059933025125,-0.17527214856520917,-0.2951013281909824,0.235525325945462,0.1270021951114986,-0.22021573074529144,-0.32299396201601427,-0.10862388178010798,-0.17347912283521805,-0.11477111741798662,0.15812471498665726,-0.20453454846726254,0.21965107447039317,0.011689209463358809,0.43448367015881056,1.4061037231432763,0.16131113528421048,0.0,0.0,0.17921348764066075,0.9838102082453053
0.8600043577767326,-0.1850942214221315,-0.01340555027127266,0.0,0.0,1.5060364397379087,0.1354549303650856,0.7919047772884369,-1.5542376637458801,0.03845231980085373,0.8592578172683716,-2.064028024673462,-0.17074620723724365,1.7354114651679993,-2.1639989614486694,-0.09507963061332703,0.6458625495433807,-2.035286784172058,0.0536570530384779,-0.3745022118091583,0.7644761800765991,-0.01323681976646185,-0.5282114148139954,-0.05468178912997246,0.026480122469365597,-0.02267555519938469,0.8600043577767326,-0.1850942214221315,1.5060364397379087,0.30996572971343994,0.18746305417389802,-0.18232073557503387,-0.2893683551586813,0.23025714415089052,0.1335799748502421,-0.22070152924197248,-0.3168197481464088,-0.11348198633698958,-0.17356661515102081,-0.11245660453747282,0.16155142390565003,-0.20046860101145408,0.2248416267587458,0.011396152678405505,0.4493842478694545,1.423355221748352,0.16444063186645508,0.0,0.0,0.1940097026065275,0.9809996102417813
0.8688004886802603,-0.21802702926928016,-0.029975430745828032,0.0,0.0,1.5185547215898973,0.160162531525681,0.8353605925252565,-1.5715320063264748,0.007681993130398303,0.8837422532470605,-2.05122035271243,-0.1384475650755981,1.7084954929979224,-2.17537354638702,-0.11237527082036992,0.6409040363995653,-2.0384193062782288,0.05407181740003199,-0.35603402398134526,0.7131414758531669,-0.01521839878497352,-0.5401134161572708,-0.05933916355532253,0.026465444715301458,-0.02245604803197478,0.8688004886802603,-0.21802702926928016,1.5185547215898973,0.30960376050911453,0.17699027438219783,-0.18895453385540145,-0.28299279562439783,0.22385062953518584,0.14030305770764573,-0.22126117119574246,-0.31029835210716844,-0.11874761160707273,-0.17349786412287954,-0.11129166881398966,0.16488241906653756,-0.19739560547991875,0.22953510752898712,0.011463363504204599,0.4644962739676178,1.440732490075262,0.16755903786734533,0.0,0.0,0.20888434781627666,0.9779403505517955
0.8815776657893337,-0.2528272904035926,-0.048884597459906975,0.0,0.0,1.5182072103504671,0.18200882661499482,0.876425903878714,-1.590366354114131,-0.021206231199597136,0.9195171798530379,-2.0345978642764844,-0.10315741049615951,1.6775807048145093,-2.183914526512748,-0.12962965343735725,0.6459225063261232,-2.0341614484786987,0.058102611158239226,-0.3384785322766555,0.6606049631771287,-0.016995457037793184,-0.5517466601572539,-0.0641147991838424,0.02641345817889822,-0.022245539303280805,0.8815776657893337,-0.2528272904035926,1.5182072103504671,0.3087667124836068,0.16768316222056312,-0.19446925539042206,-0.2763732960572168,0.21438152954707013,0.1467423572435307,-0.2225842069453357,-0.3036362674644159,-0.12454861843629825,-0.17350198328770194,-0.11251482130691019,0.16843862664972883,-0.19661289229565412,0.23345757041253773,0.012478000528735628,0.4801239719818023,1.4586376171363027,0.17067863596113106,0.0,0.0,0.22370743391231493,0.9746563414929219
0.8893108840828741,-0.2856063695345109,-0.0631052608552729,0.0,0.0,1.5178768355400416,0.1997421526987302,0.9137068653577253,-1.6085006806411242,-0.044987853812544,0.9628239258339532,-2.0177519054789292,-0.06846534882329007,1.646991416811943,-2.187553346157074,-0.14875826710148865,0.6518432925406256,-2.025920580876501,0.06444062081802834,-0.3215186144960554,0.6085594182735995,-0.018654174122371175,-0.562715210412678,-0.06891991374524017,0.0263378776879491,-0.022039405707465976,0.8893108840828741,-0.2856063695345109,1.5178768355400416,0.30764837661071825,0.15958426279172924,-0.19863565680948764,-0.27019340332542513,0.20286252302932067,0.15217860273724998,-0.2239510500445836,-0.2978832232942876,-0.13032098081250473,-0.1735867996447031,-0.11411605385759362,0.1725023273625047,-0.19641520466524423,0.23667777644028193,0.014116209349830579,0.49551741134299676,1.4768761851285634,0.17383555117014207,0.0,0.0,0.23847574472333521,0.971148453728188
0.902442972583219,-0.3202211523239012,-0.08201405504032062,0.0,0.0,1.5177178321082863,0.21327111046565206,0.9471193802984137,-1.6259194298794395,-0.06354939467028567,1.0138298649536936,-2.000677510311729,-0.03438467101046914,1.6167348623275757,-2.18618106842041,-0.1698027613915895,0.6586864465161374,-2.013608192142687,0.0731371178438789,-0.30516750561563594,0.5570157515375238,-0.02019192023496879,-0.5730042959514418,-0.07375516232691313,0.02623817893235307,-0.02183774446970538,0.902442972583219,-0.3202211523239012,1.5177178321082863,0.3062425020493959,0.1526775452893545,-0.20152117939196218,-0.2646201882589884,0.18919385510825942,0.15652139280176147,-0.2251624071539401,-0.29301738701263386,-0.13607574560164098,-0.17386759664268098,-0.11614500218973248,0.17713102039318585,-0.19677320344420549,0.23918843560979014,0.016403115497742968,0.5106622375959716,1.4954556038505153,0.17703061276360563,0.0,0.0,0.2531875703445541,0.9674172079423756
0.9118492788308303,-0.3538177443721343,-0.09559281170368196,0.0,0.0,1.5172483557060683,0.21727846886374447,0.9755047826390515,-1.6401463503900326,-0.07234631978759636,1.0733758752283293,-1.9823270071493952,-0.0018869266404135353,1.5858656348366489,-2.173587157538063,-0.19540112896969425,0.661514051258564,-1.9910080025070593,0.08450732434070415,-0.29007021180893255,0.5082135847524596,-0.021485727231361357,-0.5820500364429072,-0.07849911066066274,0.026101393012427972,-0.021651406858214425,0.9118492788308303,-0.3538177443721343,1.5172483557060683,0.30436781440910543,0.14683841723266686,-0.20191151067617913,-0.2609671315374994,0.17301005993888743,0.15867291749814788,-0.22660152826931784,-0.289938906266099,-0.14166931760833257,-0.17533909674477158,-0.11789756846847321,0.18307501362583178,-0.19816627316204352,0.24091988260188668,0.01944508069056431,0.524866614414018,1.5146206382073852,0.18035230726787915,0.0,0.0,0.26783654791921346,0.9634643655053979
0.9189210843172758,-0.3857555297843455,-0.09392075436679968,0.0,0.0,1.5008073371746744,0.21746084270508667,1.0024230872329911,-1.6529192375509363,-0.07749556671631964,1.1345311983635549,-1.9634575294820886,0.030304044387058117,1.5543136063374972,-2.1567263634581315,-0.22299500162664204,0.663125186374313,-1.9636390318996029,0.09679959430114216,-0.2753846621827076,0.4607585331327038,-0.02267489273493227,-0.5905393456157885,-0.08317435434774348,0.02594822647638227,-0.021472780303539416,0.9189210843172758,-0.3857555297843455,1.5008073371746744,0.3024187895812486,0.14128559898860354,-0.201318121768078,-0.2580378293311092,0.15602401181740813,0.15993729744008145,-0.22729643407228134,-0.28732635788601707,-0.1474145824273591,-0.17717341397864989,-0.11978598425727521,0.18976124173325032,-0.19992641848988946,0.24210992314989394,0.022751871388897088,0.5384881836771307,1.534000792001423,0.18373271960176918,0.0,0.0,0.2822661260535056,0.959336142383235
0.9261079579793325,-0.416532971919203,-0.07947906851768494,0.0,0.0,1.4108640041527565,0.20777781141039575,1.0271708330041482,-1.6614400203290738,-0.07403973274325071,1.1945173920769439,-1.9432309920850555,0.06266507060316034,1.519725041954141,-2.129564428015759,-0.2562209408926335,0.6627573163101548,-1.922112785671887,0.11102606086550569,-0.2614925625292879,0.417495921646294,-0.02357475192433125,-0.5974271407252864,-0.08757884810237507,0.025748482157819365,-0.021318584839862428,0.9261079579793325,-0.416532971919203,1.4108640041527565,0.30061098423443344,0.1357167289035372,-0.1983105325622645,-0.25714467819272263,0.138825136504645,0.1591711609777261,-0.22795724146461033,-0.2857690323606876,-0.153499676780409,-0.1802766454153324,-0.1223170059320885,0.19845818659704906,-0.2032045342343904,0.24291644493247336,0.026648548082973268,0.5505172023831474,1.5538769803549113,0.18728749738319922,0.0,0.0,0.2957729599053222,0.9552582667471895
0.9266794101468137,-0.4442232469804762,-0.05691272549723376,0.0,0.0,1.3081894194981407,0.1929328433777157,1.0519841783925106,-1.666969032664048,-0.0661829745298938,1.2478986257000972,-1.9229389240867214,0.09458805071680162,1.481199672347621,-2.0984777651335063,-0.29197243954005986,0.664523383504466,-1.8726962271489596,0.1256669571525172,-0.24762801747573052,0.3771078398353176,-0.024277799321632636,-0.6034158829011415,-0.09171564857426441,0.025528657985361,-0.021178022713253374,0.9266794101468137,-0.4442232469804762,1.3081894194981407,0.29923962684054123,0.1296848942527643,-0.19405749967097702,-0.25722443404804124,0.1229563243180965,0.15734072731291804,-0.2282927323576439,-0.2838883784320404,-0.159887196564853,-0.18402204460567564,-0.12631466361023844,0.20850911530786576,-0.20724083469205926,0.24360441950145603,0.030715597745919587,0.5613158470654771,1.5739786781762775,0.1909194910212567,0.0,0.0,0.3082442377028047,0.951307253164306
0.9307721700168815,-0.4737116624147249,-0.026907291459409004,0.0,0.0,1.1986302811346572,0.1725739883749108,1.0768675960992513,-1.6693022902074612,-0.05362522905986557,1.2942245610450445,-1.9025768574915434,0.12604311794826867,1.438469078979994,-2.063198779758654,-0.33042169479947353,0.668568883679415,-1.8148513804925113,0.14075053973417537,-0.23379290574475334,0.33979027835946324,-0.024770615941011594,-0.6084442730796965,-0.0955665039486791,0.02528738487805975,-0.021052023469421425,0.9307721700168815,-0.4737116624147249,1.1986302811346572,0.2983344752145441,0.12313467580504686,-0.18845643469702414,-0.2582585694100616,0.10858635370672551,0.15440986150853464,-0.228635252079484,-0.28158106941210975,-0.1666410462576669,-0.18843404315240217,-0.13216078014203358,0.22011680134503187,-0.2118255938399474,0.24428353636638617,0.034978370130379736,0.5708296725900078,1.5943212611110587,0.1946339652334389,0.0,0.0,0.31962475076140157,0.9475442040879738
0.933172777561333,-0.5009668187005551,-0.0011176312048180592,0.0,0.0,1.0260180793919011,0.1479798690661003,1.101456248446515,-1.6684764106022685,-0.03803627251794459,1.3223696429478495,-1.8827636383081736,0.155481466925458,1.389171584656364,-2.0261156260967255,-0.36644837809236436,0.6827273776656704,-1.7499774333677791,0.15583811955232374,-0.22052022187333353,0.3076652649201844,-0.024890597762638016,-0.6127495914697647,-0.09875987921106189,0.025017063795147756,-0.020938360524412832,0.933172777561333,-0.5009668187005551,1.0260180793919011,0.29816333518216487,0.11615208398902453,-0.1818090999225716,-0.2599715139855879,0.09845866288593416,0.15082379405066484,-0.23005533236564393,-0.2778243708959557,-0.17350669325992668,-0.1935647693508526,-0.1421874269673297,0.23232516078397208,-0.21765848410544297,0.24504910589049383,0.039351190280854445,0.5785482127840362,1.6150799628935362,0.19839396151272876,0.0,0.0,0.3293299015046905,0.9442149204365026
0.9352439786139413,-0.5299991939704423,0.025664318941140404,0.0,0.0,0.9560614911966209,0.12236088455507653,1.1252670758648922,-1.6671146444584195,-0.021717661256460914,1.3432358887634779,-1.863187004861079,0.18369730169835824,1.3382345877195665,-1.988840743115074,-0.4009067200516397,0.7015858480804842,-1.6838201903983172,0.17085371705654406,-0.20749015949274374,0.27772746352772987,-0.024851063634023857,-0.6166885636354748,-0.10166053719034318,0.024736357877325074,-0.020826300483589112,0.9352439786139413,-0.5299991939704423,0.9560614911966209,0.29828976996635137,0.1093272813004567,-0.17488914779767328,-0.2615952623464552,0.08998195824214347,0.14705678576509568,-0.23176842847984563,-0.27324983538034286,-0.1805412385479251,-0.19864681283509975,-0.15482628504659324,0.24471601273676424,-0.22292948703445006,0.24578252966936986,0.04376336819879483,0.585464310007825,1.6360137337132503,0.20215622727808197,0.0,0.0,0.33834212515046913,0.9410231699318907
0.9367684039386996,-0.5529146018131597,0.051056926971987375,0.0,0.0,0.774156071407276,0.09643050557688672,1.1448172519081516,-1.6668920454226042,-0.005199277479397683,1.345489213341161,-1.8442733664261668,0.20735785208250337,1.2865122493944672,-1.9529023107729462,-0.429294234827945,0.7347046450564735,-1.6196519324654028,0.18543191097284611,-0.19514058765612155,0.25375563847391236,-0.024368341227895336,-0.6194261249743009,-0.10371114784165432,0.024433382051555735,-0.020706853780307267,0.9367684039386996,-0.5529146018131597,0.774156071407276,0.2991899079398105,0.10392001419052077,-0.1679024158285184,-0.2631710188462516,0.08591742189368198,0.14322360792432087,-0.23509152940845146,-0.2677564093498405,-0.18697751291131104,-0.20385296132412223,-0.17261826789953202,0.2559134854888356,-0.2280264205463509,0.24684916632526546,0.048211299099706666,0.5903566917279537,1.657424349533884,0.20586936332677538,0.0,0.0,0.34561697428202515,0.9383756748169348
0.9323783071695624,-0.5654606846556824,0.06386047523272707,0.0,0.0,0.6890510406526857,0.07222957811073256,1.15866556293086,-1.6681084021141654,0.011149878760701708,1.340799843794421,-1.827441996649692,0.22692566286576418,1.2399598861995498,-1.9197803453395241,-0.45149262798459905,0.7759012921076072,-1.5630846886258376,0.19956939118473152,-0.18346296015538668,0.23343467163412196,-0.02366339979007056,-0.621605255886128,-0.10520264516143422,0.024125487310811877,-0.02058383605540975,0.9323783071695624,-0.5654606846556824,0.6890510406526857,0.30033204704523087,0.10036674952125428,-0.16139823360035488,-0.26464590616514566,0.08385275759894995,0.1393430539202459,-0.23881625658019442,-0.2625014119204139,-0.19266879521016889,-0.20855532583285621,-0.19310591635186644,0.26498070998944334,-0.23168955356726034,0.2480201817768012,0.05263280809896128,0.5941012272507648,1.6788782665604038,0.20962825397911825,0.0,0.0,0.35207465673993243,0.935971920562502
0.9247535723630178,-0.5674930090317191,0.07305292314604694,0.0,0.0,0.5940671377364867,0.049959201169641455,1.166149001372488,-1.670931034966519,0.027310129843260065,1.328360490108791,-1.8129350197942633,0.24192483409454943,1.1991786580336723,-1.8898023429669832,-0.46678223421699117,0.8261150741263439,-1.5150022977276854,0.21321491191261688,-0.17253541005285167,0.21718908140533855,-0.022710399898259265,-0.6231610226003748,-0.10607001597159788,0.023812101688235998,-0.02045683207382497,0.9247535723630178,-0.5674930090317191,0.5940671377364867,0.30174432694911957,0.09886139395129234,-0.1554270808645284,-0.2661512324621027,0.08408140433633446,0.135395913295298,-0.24306222695548133,-0.2577177135774111,-0.19738936901470916,-0.21286000484507517,-0.21616411851977987,0.27131320362713474,-0.23390971543517033,0.24935283513381967,0.057031555166120636,0.5965892993441111,1.7003805198167499,0.21343821953786046,0.0,0.0,0.3576287456487951,0.9338638446185126
0.9155699492782106,-0.5640374730678426,0.07649415025585554,0.0,0.0,0.4753860319514559,0.034120723801223836,1.1606891751289368,-1.6766506104092849,0.04087733104825021,1.3127491560421491,-1.8052260679633994,0.24961237413318535,1.173435481755357,-1.8659643130867105,-0.46934275485967336,0.8871134119598489,-1.4873296116527759,0.22593969439989645,-0.16202116091000404,0.2069146852744253,-0.021426475484316285,-0.6241126107542139,-0.10587802039165246,0.0234982705748591,-0.02032013911459791,0.9155699492782106,-0.5640374730678426,0.4753860319514559,0.30325416397107274,0.10141082373140141,-0.15119557388929164,-0.2677671205545121,0.08639857432561582,0.1319902173095516,-0.24668944322446335,-0.2553460729497537,-0.20021365985174455,-0.21637112142855466,-0.23987217932222704,0.27253850683704395,-0.2345698742842397,0.2512326831048774,0.06137816610841771,0.5971153996045309,1.7215688040381985,0.21744272681443316,0.0,0.0,0.36206416284110754,0.9321531751735698
0.9055015504690501,-0.5609155382513994,0.08013583719730377,0.0,0.0,0.4266158354108859,0.02118370427112828,1.1501272603085164,-1.6834920832985327,0.0529853681984701,1.2966261506080627,-1.8004809617996216,0.2546082162543347,1.154081388523704,-1.844884266978816,-0.46711316547895726,0.9519709615330951,-1.468412907500016,0.23819017057356087,-0.15181736569655563,0.19905391492341692,-0.020022934988925323,-0.6248836674188313,-0.10524409970170572,0.02318589967724524,-0.02018113547053776,0.9055015504690501,-0.5609155382513994,0.4266158354108859,0.3048040929593538,0.10554437840108312,-0.1477277074437012,-0.26933070793791714,0.08944149113606574,0.12888189362177155,-0.2498787016851892,-0.25399941187109376,-0.20230453384672467,-0.21948835635390318,-0.2634634176287753,0.27125984026478867,-0.23357603691280335,0.2532491958409275,0.06570073066009577,0.5968822037031387,1.7426304974054037,0.2215122494258379,0.0,0.0,0.366037581078421,0.9306000694381332
0.895383927764717,-0.5557465956923467,0.08417844380202988,0.0,0.0,0.2981843875387112,0.016907125564390137,1.126987237679331,-1.6930168098524996,0.05969650788526781,1.282283678650856,-1.8042126893997192,0.25375259451960264,1.152377674454137,-1.8319940057240036,-0.4540116528147146,1.0247285518991314,-1.4740089287883356,0.24881275321700064,-0.14298648583261597,0.19738988186183729,-0.01836910765422019,-0.6254469807210722,-0.10342049510463289,0.022883865026463023,-0.020042647815946685,0.895383927764717,-0.5557465956923467,0.2981843875387112,0.3064595974589649,0.11357552481045471,-0.1465901267651972,-0.2706574615600785,0.09366181194662487,0.12713881088110554,-0.2515012673771355,-0.2557113137277289,-0.20257413422195006,-0.2213854904114114,-0.2847160074148634,0.2653659896216989,-0.23073343353704526,0.2555033265263941,0.06968925785450943,0.5949464127975401,1.7633684630456723,0.2256939924861255,0.0,0.0,0.3688108579003184,0.9295044653442129
0.8868071335002273,-0.5533995729211272,0.08721875124856061,0.0,0.0,0.22990321540842762,0.01656250145874523,1.0999581249136676,-1.70320421143582,0.06339254700823833,1.2690169748507047,-1.8132259547710419,0.25159738134396703,1.159418352340397,-1.8239016658381413,-0.43643624374741014,1.0992846504638065,-1.49007615760753,0.2584095985481613,-0.13470612231053808,0.19864572976764877,-0.016650697204137328,-0.6263748015228071,-0.10100036810495353,0.022588450682202454,-0.019903481300724182,0.8868071335002273,-0.5533995729211272,0.22990321540842762,0.308171230711435,0.12276874428680862,-0.1465109693124192,-0.27154460503632427,0.09859351909731487,0.126187773137402,-0.2521273242602352,-0.2588570513825443,-0.20224867121583612,-0.22231281173144304,-0.30387118223199133,0.25751801677506025,-0.22648493464424255,0.25784707481629743,0.07346026313791182,0.5922229746268073,1.78394383976334,0.22988568324791755,0.0,0.0,0.37094684386831966,0.9286541008492519
0.8731885107215692,-0.5411930841043701,0.08574553618305726,0.0,0.0,0.15024249072685444,0.020805157721042633,1.068391740322113,-1.7141647338867188,0.06357096880674362,1.2570053339004517,-1.8284010142087936,0.24792597815394402,1.1766608208417892,-1.821406900882721,-0.4136412888765335,1.1759390085935593,-1.5183597952127457,0.26680975034832954,-0.12706802785396576,0.20330810546875,-0.014856939786113799,-0.6277278810739517,-0.09788429830223322,0.022300760028883815,-0.019763522781431675,0.8731885107215692,-0.5411930841043701,0.15024249072685444,0.3099483475089073,0.13331053458274317,-0.14767703054368314,-0.2718336450102715,0.10431023643451724,0.12617967940316463,-0.2515619838994583,-0.26365551304254153,-0.20122272830505286,-0.22205868265948528,-0.3203751979090614,0.24779381592795396,-0.22096828644020478,0.2602951227061769,0.07695694401426323,0.5885823702819755,1.8043295294046402,0.2340889796614647,0.0,0.0,0.3723416582538789,0.9280957329547161
0.8601241990363245,-0.5243051349860576,0.08049663156270982,0.0,0.0,0.009677379777050904,0.029196637241463912,1.0368114647112394,-1.725908179032175,0.05915284666575883,1.2467623133408396,-1.847824410388344,0.24347576028422305,1.2034315121801276,-1.8239302384225946,-0.38730998258841665,1.247801755603991,-1.5557573531803333,0.2729717116606863,-0.12116552026648271,0.21209967136383057,-0.013009319817157168,-0.6300412479199862,-0.09380522723260679,0.022042031939092436,-0.01963082387259132,0.8601241990363245,-0.5243051349860576,0.009677379777050904,0.3116010521587573,0.14394297188933,-0.14996036330545698,-0.27117486566014826,0.11029081104100338,0.12737158752796243,-0.2498354051465831,-0.2699682537327188,-0.1996835390117509,-0.22053310457453768,-0.33272885093559385,0.2373556948917429,-0.21503554038079367,0.2625557266573537,0.0797508619315273,0.584176396729561,1.8241483412290875,0.2383800972449152,0.0,0.0,0.37243147185913045,0.9280596956924926
0.8423388140323305,-0.4983305544632317,0.06877383903453188,0.0,0.0,-0.052483781015790314,0.039083411524954585,1.005288140946313,-1.7379681452324516,0.05323744526034908,1.2372480740672664,-1.8683160551284488,0.23882737853809408,1.232947281316707,-1.8280385999303115,-0.36017602250764247,1.3165401832053536,-1.5959466954595165,0.27819050613202545,-0.11602771282196045,0.22250816618141375,-0.011147489085009225,-0.6327023341467506,-0.08934549286373351,0.021795949457507385,-0.01950195575083949,0.8423388140323305,-0.4983305544632317,-0.052483781015790314,0.3131682127714157,0.15454193531051394,-0.15262591611085677,-0.2698729897237481,0.11619592955475438,0.1289398829235791,-0.2476291355660646,-0.2766107895354725,-0.19798227534113197,-0.21847250070712376,-0.3427323766504786,0.22710676550481412,-0.208598093271242,0.2646667406447881,0.0822388581204203,0.5794775097578904,1.8436878103958934,0.24271805476593344,0.0,0.0,0.3719443397467391,0.9282550339913931
0.8227084719352535,-0.46626217863022446,0.054277548272359255,0.0,0.0,-0.2347941173327611,0.05188266874143958,0.9742056719566645,-1.750827503831763,0.04525439009854664,1.2296397403666848,-1.8884234067640808,0.23423249980336738,1.2641407643493854,-1.834043706718244,-0.33399151736184157,1.3717523091717774,-1.6389485613295909,0.2808454224937841,-0.11312043666839598,0.2367514356186516,-0.009285679920331419,-0.6360493129805515,-0.08396548238631923,0.021586250317724126,-0.019387015313106146,0.8227084719352535,-0.46626217863022446,-0.2347941173327611,0.31435200572013855,0.1650540527673069,-0.1560291258276323,-0.2676803864292236,0.1214831937186128,0.1310034259241148,-0.24498999883731326,-0.2832229143941075,-0.19618939714256933,-0.21586620450366711,-0.34788555835562435,0.21804974447967515,-0.2030713129299108,0.266426692012952,0.08382583419984878,0.5742329453075126,1.8622836439233077,0.24722812069874062,0.0,0.0,0.3697638262991297,0.9291257787622874
0.8083614958141643,-0.4414965234807155,0.04337508427469383,0.0,0.0,-0.32822707543042823,0.06500194996203257,0.9416731188171786,-1.7642746904962943,0.03714693876865657,1.2237056603557186,-1.9064032458945326,0.22944481886531173,1.293523109272907,-1.8387468519963717,-0.309800477992547,1.4166795823134877,-1.6812168720521428,0.28206588210243927,-0.1111252409847159,0.2529002506481975,-0.007438339562596446,-0.6397243063700827,-0.07820689741914205,0.02139311609789729,-0.01928608396433686,0.8083614958141643,-0.4414965234807155,-0.32822707543042823,0.3153393147023101,0.17593112340155775,-0.15944757242990382,-0.26493305384446636,0.12592943068190476,0.13305887001876812,-0.24235952843427436,-0.2895107748558329,-0.1944141274162652,-0.21341175738967405,-0.350114293940548,0.21025949090225785,-0.19832682374706284,0.26804404513424895,0.08492132096771556,0.5686453375266005,1.8804123597709756,0.25177934118791634,0.0,0.0,0.36671219213450734,0.9303344388658866
0.7883531175659977,-0.41051283741715305,0.028878749397240337,0.0,0.0,-0.4421721692920601,0.07851150435836685,0.9073721703730133,-1.7784387406549955,0.028887784794757287,1.2198133531369661,-1.9217885575796427,0.2244220132890501,1.3206967491852608,-1.8418622393357127,-0.28804049444826035,1.4490643520104256,-1.7225906033264962,0.2815370042073099,-0.11024233855699239,0.27137290176592366,-0.005608644091377143,-0.6437993175105045,-0.07198663624493702,0.02122018299996853,-0.019202236870401783,0.7883531175659977,-0.41051283741715305,-0.4421721692920601,0.3160870090911263,0.1872402545540749,-0.1628722443898191,-0.26155218975995886,0.12939824881605197,0.13510992600875232,-0.2398248144694852,-0.2954567432958916,-0.19266724048201384,-0.2112032693584003,-0.3492120864191016,0.2038249940497776,-0.19482098675817316,0.2694958974221733,0.08540737586498189,0.5626442416620718,1.8979714199116355,0.25638075016046824,0.0,0.0,0.3625949272377646,0.9319468433024709
0.7734054160932863,-0.3826787699071904,0.016235893494204175,0.0,0.0,-0.6039679999178339,0.0905657795404917,0.8694591584958529,-1.7928058677598049,0.02155275064471522,1.2213302874251415,-1.932350638665651,0.21743321183480716,1.3415393107815792,-1.8404799762525057,-0.27007099750794866,1.4614525853019011,-1.7610176864423248,0.27920305513237653,-0.11107726551984486,0.292835522639124,-0.0038447732252902137,-0.6478315082035566,-0.06530672520104994,0.021075585734491285,-0.019150476400299293,0.7734054160932863,-0.3826787699071904,-0.6039679999178339,0.3164944646781997,0.19935998907263197,-0.16580214197063112,-0.2577696461920586,0.13076458828004237,0.13689984781503306,-0.2376283322191294,-0.3006635772260053,-0.1907475210329342,-0.21022754695406443,-0.34418157631407365,0.19919474601128095,-0.19362776269991758,0.2706476843880445,0.08521893450081704,0.5561316523569444,1.9147521947559558,0.260988576631797,0.0,0.0,0.35695965314692035,0.9341198028225449
0.7613842069059609,-0.3552487849332521,-0.0020017798401814058,0.0,0.0,-0.6662991950461624,0.10186546188043924,0.8299496322870253,-1.8069296745877517,0.01442297508842064,1.2250080312553204,-1.9412436642144857,0.20958518099627993,1.3592873717609204,-1.8373114247071116,-0.25336628368026326,1.4659731858655025,-1.7978509413568597,0.2762076415513691,-0.1126032220689874,0.3155511272581001,-0.0021139100855706496,-0.6517372664652373,-0.05846658917634108,0.020942697767168283,-0.019113437811795034,0.7613842069059609,-0.3552487849332521,-0.6662991950461624,0.31673644483089447,0.2116456307954932,-0.16841130266107945,-0.2535106185394393,0.1313443472720414,0.13861276812085727,-0.23552215923885758,-0.30544370131634885,-0.18875304402550466,-0.20975384720006252,-0.3377223010919614,0.1951788535562753,-0.19321526729100982,0.2716015135145461,0.0847551438295068,0.5493670117779044,1.9312319661441604,0.2656054143842898,0.0,0.0,0.35072769663769043,0.936477486547979
0.752176949068771,-0.3265245898179988,-0.025236979126930233,0.0,0.0,-0.8020245565226609,0.11037343843398917,0.7857499495148654,-1.8186192285073433,0.006847239050425915,1.23384611935992,-1.9476224576172076,0.19926318555678182,1.3664155367173647,-1.8299361812440973,-0.23825759715155537,1.4523918613007194,-1.8284975258927598,0.27197297858564473,-0.11580696388294826,0.3415937157053699,-0.0005002181768711319,-0.6547166250253978,-0.05137740938287026,0.020840001525357366,-0.019122434730984662,0.752176949068771,-0.3265245898179988,-0.8020245565226609,0.31641439348459244,0.22462713474566287,-0.17021309463077963,-0.24930036809566064,0.13031536322923817,0.1404041814809205,-0.23338345861155915,-0.3085234597792339,-0.18655860130613314,-0.2111029079938967,-0.32853371685144683,0.19217018110334033,-0.19514060770222283,0.27224846855034013,0.08379753975087406,0.5418373859051504,1.9470494154252505,0.27028060077052374,0.0,0.0,0.3432056368842516,0.9392602891695545
0.7503770334652844,-0.3032515639488235,-0.04601776599884033,0.0,0.0,-0.8449019339038002,0.11797134421373674,0.7409177830344749,-1.82820715402302,-0.002141621159879873,1.244147532864621,-1.9525769509767232,0.18822605594208355,1.3671671026631405,-1.8214391469955444,-0.22333788479629305,1.433337512769197,-1.8556440629457174,0.26733921546685063,-0.11975488537236267,0.3691971302032473,0.0010331469146829019,-0.6569760849601344,-0.044320293555134165,0.02074505388736725,-0.019157575835522852,0.7503770334652844,-0.3032515639488235,-0.8449019339038002,0.31572696566581726,0.23728641670449896,-0.1716968167553272,-0.24492051992180663,0.12873076353959936,0.1424953425665759,-0.23119065646267567,-0.3103302231455802,-0.18435099031749258,-0.21332277034669714,-0.3189138076850543,0.18930594215612198,-0.1975708972393749,0.27265949411500257,0.08264540755899907,0.53387782467911,1.9626517860512986,0.2750190465073837,0.0,0.0,0.33525755829163384,0.9421265146509421
0.7462924915556275,-0.27659896456901245,-0.07364936172962187,0.0,0.0,-0.899605404703421,0.12440890975688633,0.69527919982609,-1.8351155033237057,-0.012932214689882178,1.2563146862544512,-1.9557154617811505,0.17627713025400513,1.3597885048703144,-1.81151182949543,-0.20865911451217375,1.4073050586800826,-1.8783280394579236,0.26219659965289266,-0.12465163594798039,0.3987905979156494,0.002464095314376449,-0.6583176741474553,-0.03730405928370984,0.020659985719248652,-0.019226050776380458,0.7462924915556275,-0.27659896456901245,-0.899605404703421,0.3145736828446388,0.2496411160657972,-0.17282421071478074,-0.24053750979713534,0.12643645759006797,0.1449685006641237,-0.22891278267931842,-0.3104970756628116,-0.18210280420872602,-0.2166982264753706,-0.3086828672399876,0.18661596884683485,-0.2007102845756178,0.27278366730463305,0.08125333791615914,0.5253723966608856,1.9779799313921678,0.2798381479162919,0.0,0.0,0.32676857094468176,0.9451043863207759
0.743873964504044,-0.25183276825769835,-0.09648534714391394,0.0,0.0,-0.9746489901676019,0.13023890790186432,0.6536578794843271,-1.8379873476530377,-0.02759570726438576,1.271292833905471,-1.9548550734394474,0.16495781391859052,1.3413923884692944,-1.8009369781142788,-0.19375348091125486,1.3771012127399445,-1.8935063324476544,0.2569051800589812,-0.1304657490629899,0.43082569931682796,0.0037503273373371707,-0.6577964848593661,-0.03062813542783259,0.02058632796826331,-0.019334591704567798,0.743873964504044,-0.25183276825769835,-0.9746489901676019,0.3127809911966324,0.26041258526121913,-0.1738186048209687,-0.2366989000689656,0.12285349595704842,0.1482892276052246,-0.22653037903603446,-0.3081383410114264,-0.1801511165644364,-0.22128178397443682,-0.2989857413526973,0.18396120565484625,-0.20457244321567433,0.2726292705575226,0.07974205976917093,0.5160167028691427,1.9929622678380263,0.28475608127681834,0.0,0.0,0.3175415996812693,0.9482443421776164
0.7405856783702753,-0.2263759973059587,-0.12206125416253795,0.0,0.0,-1.0068198577412097,0.1358459712447305,0.61439886414691,-1.839020370652801,-0.04406148004100528,1.2873043778695559,-1.9520176405969418,0.15436898897352969,1.3185852546440926,-1.790098037374647,-0.17880500990309203,1.345776043440166,-1.9054350468673205,0.2515855108044649,-0.13667907369764234,0.4638842752105314,0.004974133050142746,-0.6564503304268184,-0.024127169849203954,0.02051681771531309,-0.019460589085754598,0.7405856783702753,-0.2263759973059587,-1.0068198577412097,0.31071426895888227,0.27029813799578667,-0.17473343456058404,-0.23297922059475712,0.11871333001756187,0.15197046620362714,-0.2240345891964575,-0.3046911369225521,-0.17835326353044217,-0.22623652113457055,-0.2896439377349269,0.18122223445453667,-0.20845411298384675,0.27218767350455997,0.07815343324669669,0.5062781443178139,2.007800635538603,0.2897151289017577,0.0,0.0,0.30797839255914267,0.951393351730338
0.7425135105106703,-0.2003355937322488,-0.14489016152526152,0.0,0.0,-1.094758043736888,0.1410825350566915,0.5856825536803192,-1.8343328017937508,-0.06636210393748815,1.3050479261498704,-1.9420974599687675,0.14871482002107714,1.2857034018165183,-1.7786228750881394,-0.16408633558373684,1.315636176812021,-1.9082720248322738,0.246415186085199,-0.14402220123692572,0.499594042175695,0.006024723811271173,-0.652679421399769,-0.01829008677190064,0.020453907304296366,-0.019636120451124093,0.7425135105106703,-0.2003355937322488,-1.094758043736888,0.30789854103013087,0.2770700302337247,-0.17575968903165892,-0.23095271655463348,0.11296739668363161,0.15693252969201543,-0.22151554835613754,-0.2987727134684011,-0.1777647797170569,-0.23160258509563436,-0.28219161200415965,0.1785421133941522,-0.21284549337633885,0.27131002528306536,0.07651328349171133,0.49558817989416465,2.022272498984086,0.29477863249025854,0.0,0.0,0.29754448122962807,0.9547079562304859
0.754146935179621,-0.17792948641618664,-0.15446561339654277,0.0,0.0,-1.11457753815988,0.14607371027140237,0.5633732629449746,-1.8273741477414183,-0.09038592301505151,1.324379805671541,-1.9291047947971447,0.14661174698879842,1.2502566183868211,-1.7666395165418325,-0.1505423049981658,1.286930637924295,-1.9083191383826106,0.24139882281030484,-0.15156096063162144,0.5361940625466795,0.007002539267935046,-0.6476331584547697,-0.01287092242733041,0.02038735469901248,-0.019828748766725,0.754146935179621,-0.17792948641618664,-1.11457753815988,0.3049186624978718,0.282099449769009,-0.1768354731048788,-0.22979268265616154,0.10628696165453907,0.16221903608898525,-0.2187683648064186,-0.2921240006991597,-0.17798315734364262,-0.23665729066661056,-0.27550079741859856,0.17601433711384828,-0.21703392029180407,0.2701121271695917,0.0748569951036931,0.4844272879051786,2.036794952656093,0.2999945567234566,0.0,0.0,0.2868850384965774,0.957965017465052
0.7784158783448462,-0.1548700321125726,-0.1587007782961183,0.0,0.0,-1.1410825624435956,0.15073770068978,0.5496066651846235,-1.817387380098042,-0.11670733566739011,1.3458294601816876,-1.9120154835675895,0.1492434685167513,1.211389927487625,-1.7539785629824591,-0.13856446605763958,1.260137536023793,-1.9046464327134585,0.23658774146123945,-0.15936056250020064,0.5739810874587604,0.007883320985312902,-0.64088642361917,-0.00800898305973733,0.020315945834705706,-0.02004417301596779,0.7784158783448462,-0.1548700321125726,-1.1410825624435956,0.30171991649426916,0.2848381811688745,-0.17802340598578031,-0.22995657029314817,0.09833622581387842,0.16793997003294064,-0.21567596549737522,-0.2845197569554559,-0.17935346858615336,-0.24128479778872813,-0.26983132751286504,0.1737619713028709,-0.2211256512965134,0.268544900882214,0.07319305010223091,0.47265316723543555,2.051384859963467,0.3054137084829179,0.0,0.0,0.2759351889082562,0.9611762437358535
0.8050820525620079,-0.1333119666051351,-0.15692667741524505,0.0,0.0,-1.1372999370618626,0.15409327102334872,0.5468346139318064,-1.8032147829469884,-0.14323867970195214,1.3700840982951612,-1.8927943220264036,0.1594164786174107,1.171096447267031,-1.7408298732418765,-0.1296376197255757,1.2372776018945797,-1.8963026506336114,0.23251101747155195,-0.168430616196833,0.6130054730333774,0.008664644666408226,-0.6325434391435826,-0.003953095476486241,0.020239199903842653,-0.020292708723756825,0.8050820525620079,-0.1333119666051351,-1.1372999370618626,0.2985706313660271,0.284582572144977,-0.1791955530436727,-0.2320972628654532,0.08927912492549972,0.17357192114704673,-0.21205390221480547,-0.27640114737134763,-0.18258929139890606,-0.2448228127597187,-0.2658143109456835,0.17214057546193928,-0.224995887300953,0.26626651121266864,0.071614227620662,0.46057409058999826,2.0664760862526137,0.3112593655915636,0.0,0.0,0.26498588608177515,0.964252290729691
0.8351968881108383,-0.11152832426919873,-0.15490209487708104,0.0,0.0,-1.1356802023253907,0.15663832739779826,0.5483984351158141,-1.787091374397278,-0.16934711446887546,1.3950243498149668,-1.8732554159666364,0.17288190675409193,1.1305732350600397,-1.7278275803515786,-0.12211173694384729,1.2165306932047795,-1.8863441442188464,0.22879476217847125,-0.17810081808190584,0.6524851635882725,0.009405472119779957,-0.6235811082940353,-0.00024754318751789766,0.020159727648684855,-0.020553460246638244,0.8351968881108383,-0.11152832426919873,-1.1356802023253907,0.29544284939765936,0.28306791827553307,-0.18031427442911935,-0.2351048595192189,0.07993092386666506,0.17893785991432704,-0.20792440678149848,-0.2679599074197734,-0.1866815378607054,-0.24759545405448238,-0.26250202551858837,0.17077997632029246,-0.2286748708276156,0.2634360011505726,0.07004042171700374,0.44840371838692655,2.081790710750379,0.3172868270623056,0.0,0.0,0.2540179746284658,0.9671994978108974
0.8671953659019365,-0.08936703667810013,-0.152734108269216,0.0,0.0,-1.1311850000863952,0.15510251716171441,0.5585772916674614,-1.7645749002695086,-0.19037341865661886,1.4177990359695334,-1.857472009564701,0.19555980800405917,1.0923863312131483,-1.7179575719331441,-0.11902825588262396,1.2046956184663271,-1.8750846582023721,0.2263891367535842,-0.18979493959953905,0.6925954901074106,0.010055155511700397,-0.6134734063556321,0.002489676362050585,0.020069624640439685,-0.020831419105984662,0.8671953659019365,-0.08936703667810013,-1.1311850000863952,0.29237454757094383,0.27878434186639134,-0.18078465881452976,-0.24062876544991424,0.07174040846056329,0.18304995370453844,-0.203899459152462,-0.2593829562219894,-0.1930128526526792,-0.24815378716097689,-0.2615167566033316,0.17034547417518692,-0.23132469663005803,0.259679179367248,0.06867708316519013,0.43643350078400284,2.0977647430018376,0.32378964145716865,0.0,0.0,0.2430609066586932,0.9700110286250636
0.891822775381021,-0.06797140846209729,-0.15110333303087614,0.0,0.0,-1.1290900904523642,0.15094611793756485,0.5724392384290695,-1.73972749710083,-0.2069128043949604,1.4355856478214264,-1.8455543220043182,0.22076216712594032,1.0567211508750916,-1.7113547921180725,-0.11718237586319447,1.1987983584403992,-1.8640007972717285,0.22462695837020874,-0.20238938927650452,0.7323683351278305,0.010671691736206412,-0.603017657995224,0.004798816633410752,0.019978416617959738,-0.02111615752801299,0.891822775381021,-0.06797140846209729,-1.1290900904523642,0.2893334850668907,0.2731298101648772,-0.18069048800616475,-0.24714877765513593,0.0654074616313539,0.18615784627410148,-0.2004430018992536,-0.2507668107837956,-0.19988308774903724,-0.24733880715090978,-0.2619374963545966,0.17013426708437723,-0.2333877529843365,0.25534816002979016,0.06739290169456683,0.4247773316771464,2.1140655279159546,0.3304913341999054,0.0,0.0,0.23209311452219536,0.9726935726072148
0.9174716380112438,-0.04875110447436684,-0.13728723126022468,0.0,0.0,-1.1262497656528143,0.14313468670374466,0.5914381267993075,-1.711629061322463,-0.2171941196643993,1.4464152086722224,-1.8390282949334695,0.24948548064812248,1.0245731112204097,-1.7093089364076914,-0.11706262361258268,1.2011827873556238,-1.8531618871186908,0.22376221928157303,-0.21623955980727555,0.7716704822684591,0.011241996385108094,-0.5920764764672831,0.006510898964111948,0.01988566739141549,-0.021410351655887148,0.9174716380112438,-0.04875110447436684,-1.1262497656528143,0.2863304142497088,0.26550877849240734,-0.1797353332701745,-0.25498589107451514,0.061692325689973196,0.18802263170377737,-0.19814185001492796,-0.24224030703469146,-0.20741078352784798,-0.24474522928545378,-0.264365206102364,0.17024991243194068,-0.2346235991109783,0.25040552397830684,0.06624791495248451,0.41356121698566084,2.1308220468069377,0.3374704099015186,0.0,0.0,0.22112343518087407,0.9752458287087465
0.9336829754650131,-0.03231874524144107,-0.11754551118141748,0.0,0.0,-1.0648755001173245,0.13037211447954178,0.6135741001681277,-1.681751361018733,-0.21695661936935626,1.4376581405338489,-1.8404469082230015,0.2767394530145746,0.997370299540068,-1.715172362954993,-0.1168153048738053,1.2154577782279568,-1.8418677480597245,0.22442847804019325,-0.23195955000425642,0.8101090224165666,0.011814677573152278,-0.5812224369300039,0.007563353356856265,0.019790399966663437,-0.02170488826538387,0.9336829754650131,-0.03231874524144107,-1.0648755001173245,0.28384199581648173,0.2564495746802244,-0.17739636279988025,-0.2637284800189688,0.0639379662856855,0.18819709894093498,-0.19918046438501205,-0.23373993888025812,-0.21413418338433426,-0.24066974699875182,-0.2698447538077707,0.17023440310861193,-0.23501654468817432,0.2447765319366872,0.06539621370705463,0.40316797963899353,2.148016622191981,0.34456018632964086,0.0,0.0,0.2107257436749431,0.9775452219476305
0.9445632183812572,-0.019408005933308603,-0.08038725507886757,0.0,0.0,-1.0318910398778853,0.11558078062769626,0.6363766942369309,-1.6514473024167515,-0.21185657362404636,1.4200625725482643,-1.8451344715921503,0.30271913817054336,0.9726386776095943,-1.7244851848012521,-0.11658565852006798,1.2347598601328698,-1.8305331547009318,0.22595260233471265,-0.24846511726316642,0.8480979576706884,0.012397951428092227,-0.5704426969352522,0.008338460753867892,0.019695019275930366,-0.02199911756293946,0.9445632183812572,-0.019408005933308603,-1.0318910398778853,0.2816285938024521,0.24670940568518906,-0.17427335225811028,-0.2724580353001872,0.06883143294029007,0.1875667465935335,-0.2017012954702856,-0.22540203700237166,-0.22020374878960333,-0.2358315066490977,-0.27661740124583384,0.17016016021787508,-0.23487188759570296,0.23874719584325216,0.06468580903119081,0.3931279326903068,2.165385122361936,0.3516791131543485,0.0,0.0,0.20062732279094275,0.9796676361653165
0.9537656608457472,-0.00932270104835739,-0.03676553697962575,0.0,0.0,-0.8849094132496902,0.0965401147933383,0.6544458622995175,-1.6232486649563438,-0.19109999859019333,1.3759036769992428,-1.8568035426892733,0.3193711732563219,0.9574895250169855,-1.7430883693067651,-0.11708585065054267,1.2661253417793072,-1.8205608035388745,0.2315570629741016,-0.26680834120825714,0.884196862578392,0.013098691332791196,-0.5602008574887326,0.008462717597323813,0.019608500315562674,-0.022288269044733362,0.9537656608457472,-0.00932270104835739,-0.8849094132496902,0.280626505613327,0.2381665102012162,-0.16962979433093556,-0.28069708473728,0.08118819504965467,0.18414051431686446,-0.20867170796191178,-0.21835053857114972,-0.22338547149994836,-0.23072587935409433,-0.28615412268556184,0.1700882406181909,-0.23319991256140743,0.23210808316704784,0.06494190424656904,0.38427477690927797,2.183062725945523,0.3586985300246038,0.0,0.0,0.19195029629775842,0.9814046483236172
0.9606987309402425,0.0029474350759340906,-0.003959120888459566,0.0,0.0,-0.8201531507164341,0.07714234557198843,0.6673130079319602,-1.5966059463588813,-0.16450411032297094,1.3231894766029555,-1.869621786632036,0.3293028889518035,0.949038028717041,-1.7635484478975598,-0.1171684168083103,1.2990294475304454,-1.8116458991640492,0.23935284710636268,-0.28553511123908204,0.91887813414398,0.013862901195687687,-0.550122331631811,0.008362590776462302,0.019531245367895616,-0.02257065070596965,0.9606987309402425,0.0029474350759340906,-0.8201531507164341,0.28015797232326706,0.23103723304675117,-0.1645560336195872,-0.28812935392492367,0.09587118949748302,0.17923208018708034,-0.2164110422812792,-0.21297667367778825,-0.22472726327189557,-0.226204391746355,-0.2958576445974086,0.16984313168939189,-0.2309437776122744,0.22526085026616513,0.0656605006118248,0.3759710644732161,2.200864933039013,0.36570738432438754,0.0,0.0,0.18389481926492157,0.9829459270211774
0.9698722964899962,0.014204670411704062,0.03966259721078502,0.0,0.0,-0.725672923040462,0.05722339843448821,0.6725880127204092,-1.5722340282640956,-0.12938598112056096,1.2579891556187675,-1.8841172017549215,0.32942657094252736,0.9503614902496338,-1.7867185881263334,-0.11664147478969474,1.3341791127857412,-1.8042742955057245,0.2503467790390317,-0.3048216512328702,0.9514904273183725,0.014719742889467046,-0.5402821553380864,0.007934985094164543,0.01946751087119705,-0.022843152088554284,0.9698722964899962,0.014204670411704062,-0.725672923040462,0.28046814077778864,0.22625632738050305,-0.15903790124706968,-0.294685387392153,0.11393603938972924,0.17207918878160688,-0.22499087374376822,-0.2099525980041943,-0.22358448451567725,-0.22275792823881344,-0.30576527365086825,0.1693667120465637,-0.22798152839767002,0.21821807599880338,0.06706327940493306,0.36848258318772237,2.2188489939037126,0.3727008229807804,0.0,0.0,0.17675700479910925,0.9842545205659193
0.9763885869198894,0.024905854514124637,0.07357448339462283,0.0,0.0,-0.6084207446937033,0.03914379161831554,0.6628405055717416,-1.5500754612056828,-0.08744874106425923,1.1886450413026297,-1.8986493992178066,0.3169967292955045,0.9650495260169635,-1.8085794872359229,-0.1142756522290016,1.3635711858147073,-1.8009045578931506,0.26548096400342514,-0.32387333598576123,0.9812767858567994,0.0156529399590861,-0.5310724546250543,0.007219845784435919,0.019424427031098226,-0.02310052262864223,0.9763885869198894,0.024905854514124637,-0.6084207446937033,0.28174447621169846,0.22621050929211917,-0.15382231686932357,-0.2999991554071056,0.13308943390086936,0.16279390129549948,-0.2329991007239312,-0.2107222375662067,-0.2196528078313265,-0.22143870529835633,-0.3134438677491335,0.16847270364223388,-0.22518467011373752,0.21115674561535006,0.06937100316637415,0.36190626554689254,2.2370379849484094,0.3797386631761728,0.0,0.0,0.1707653245268182,0.9853117293218683
0.9734067837040995,0.03291376878711605,0.0989930214066237,0.0,0.0,-0.5619851411550506,0.022060232531083298,0.6463813750367416,-1.5289311973672164,-0.04289615516992007,1.1186561804068718,-1.913257936113759,0.2992297246267922,0.9856967761328345,-1.829461384760706,-0.11128393001854421,1.389917398753919,-1.7993689665668888,0.2824982091000205,-0.3427914090846714,1.0098196205339933,0.016609802817631705,-0.5221449552397979,0.00638170371836934,0.019390809521275133,-0.023351331903158048,0.9734067837040995,0.03291376878711605,-0.5619851411550506,0.28341112011357356,0.22835225745260473,-0.14874583932369226,-0.304688824936335,0.15239588124258155,0.15236300642195552,-0.23938677127813407,-0.21315520184299222,-0.21460716635350668,-0.22096543387231446,-0.31996314812862925,0.1674522930000822,-0.2224506781660138,0.2040625803685367,0.07194394430678655,0.3556800859479772,2.2552915090008785,0.3867816983869201,0.0,0.0,0.16522532237512005,0.9862558455319986
0.96247159285372,0.03777361232935633,0.11494094996075817,0.0,0.0,-0.4990733624710127,0.009753383794113347,0.6110745558613229,-1.5109242985123084,0.004102720290814044,1.0605616146012362,-1.9287612916607604,0.2695573587950911,1.0229460020598609,-1.8431180033244583,-0.10875692870467904,1.4023315592816,-1.803509137348125,0.3051819001373489,-0.36100845313385893,1.0350864310013617,0.017514455977729267,-0.5140158796780989,0.0052601484747260546,0.01938650398024995,-0.023585973295236103,0.96247159285372,0.03777361232935633,-0.4990733624710127,0.2857041970679634,0.23677698014788115,-0.14500382429017122,-0.3075021635003144,0.16879195672895256,0.14100144766143868,-0.24358240610612955,-0.22083176932003257,-0.2071756382654983,-0.2229530140631773,-0.32204876122838894,0.1666809098639557,-0.22084272221223825,0.19697695965909431,0.07568734288804102,0.3504234150455289,2.2734193064664536,0.39367300840584846,0.0,0.0,0.16030112448301959,0.9870681584822193
0.9459785448610234,0.04171168157757302,0.11566668062617942,0.0,0.0,-0.5087763331373769,-0.0007094744788971883,0.5718013706960182,-1.4933320127035445,0.04926938053808655,1.0117763186755937,-1.9445825877942535,0.23718685656786015,1.066000050620028,-1.8528384095744082,-0.10662940889596942,1.4072875411886918,-1.8092890695521704,0.33007225864811907,-0.37907204659361565,1.059098588792901,0.018325244174583952,-0.5060553527192067,0.0040544753183463875,0.019395778886973858,-0.023812767902487198,0.9459785448610234,0.04171168157757302,-0.5087763331373769,0.2880087581120039,0.24658678636860443,-0.14178040017676935,-0.3095584521699253,0.1827344261083149,0.12999375197897542,-0.24584166895919493,-0.2304148271128876,-0.1992025083922776,-0.22525196666731262,-0.3220609944132543,0.16609284827049298,-0.21999600562642238,0.18983051953099578,0.07966452606384775,0.3455000687572316,2.291333656562002,0.40039819792697295,0.0,0.0,0.15527708056308925,0.9878709572873392
0.9241881878468114,0.0437525149985766,0.1166316631593209,0.0,0.0,-0.5236080903889851,-0.00835512509863621,0.526468459712832,-1.4763731634930561,0.09163682309812585,0.9772135183999416,-1.9608896264904423,0.2006942015141252,1.1179225782030502,-1.8565451581227153,-0.10511220805346967,1.4008490835365497,-1.8175741928188425,0.35833391468775877,-0.396901201652853,1.0811939161074786,0.01899262756648424,-0.49835233057015826,0.0027202886841750182,0.019425801699981093,-0.02402757436625267,0.9241881878468114,0.0437525149985766,-0.5236080903889851,0.2903308642930106,0.2584532609947988,-0.13940912491345975,-0.3104858544307942,0.19305831763380943,0.11974722742534497,-0.24653519594461182,-0.24300045904128936,-0.1903265458771542,-0.22793981016375833,-0.31894470988601137,0.16577269177236117,-0.2203076158652778,0.1826104693330196,0.08411517222318014,0.3411249723083995,2.3089219065088975,0.40686959224311925,0.0,0.0,0.15010237971314375,0.9886704585474633
0.9068040968533311,0.04744319638048872,0.11739729364451668,0.0,0.0,-0.5413970907281366,-0.012553308355180832,0.48362122123178697,-1.4599059490781081,0.12699261101845052,0.9625055586036884,-1.9762954382519973,0.16566130401272536,1.1733802384451815,-1.8535428878508116,-0.10513835057224098,1.3829173037880347,-1.8259645998477936,0.3899663592639721,-0.4146393074801093,1.1008254273941642,0.019432016648352146,-0.4908205498205988,0.0013210516619054946,0.019491950295081262,-0.024242212603750982,0.9068040968533311,0.04744319638048872,-0.5413970907281366,0.2926740246383767,0.2696912351512573,-0.1381069325242245,-0.31070596491941854,0.1983525985725216,0.11133843915377917,-0.24621639199825235,-0.25739475201518625,-0.18180294132089847,-0.23013654531466027,-0.31314671621943446,0.16593268980674142,-0.22176609508427428,0.17534123581582248,0.0890046911394625,0.33749907339065605,2.3261159376094214,0.41304153086323486,0.0,0.0,0.14474754676605525,0.9894686188582277
0.8859012661055177,0.04977475056194046,0.11832284692086804,0.0,0.0,-0.549486092692914,-0.015343103459791134,0.4427414928611956,-1.4437951233826185,0.15888690379889392,0.9563697427511215,-1.9912960403843931,0.1315919241720908,1.2298629848580613,-1.8476526431347193,-0.10576648701374468,1.360202737544712,-1.83422678630603,0.42302084518106364,-0.43238255224729844,1.1193534410313557,0.019765037969735107,-0.4833458865943708,-9.99086279127967e-05,0.01957500196601215,-0.024456679343098874,0.8859012661055177,0.04977475056194046,-0.549486092692914,0.29502675603879125,0.28042256254820225,-0.13724727864637937,-0.3104710530213444,0.20147830436365108,0.10388966960102922,-0.24543925791201776,-0.2723936690274064,-0.17345363030402838,-0.2313501428089384,-0.30624549005042534,0.1662701752424766,-0.22355806878850407,0.1679998186337632,0.09385107174167104,0.33417387562641226,2.3431305352010225,0.4190778257815462,0.0,0.0,0.13930836908009253,0.9902490486257711
0.8660390801475352,0.050800441087025375,0.11584556808597184,0.0,0.0,-0.5726728460493837,-0.016369394565883443,0.41950840542190937,-1.4306111084787467,0.1769254725230369,0.9683175086975099,-2.0051986669239246,0.10458450646776883,1.2809452885075623,-1.8357995121102584,-0.10669380308766115,1.3301049784610144,-1.8395976392846358,0.4585732441199456,-0.45080738632302547,1.1349534298244277,0.019753951285230487,-0.47573798110610555,-0.001470695984990983,0.01971342159729255,-0.024669292333878972,0.8660390801475352,0.050800441087025375,-0.5726728460493837,0.29740693851521144,0.28608078442054935,-0.13692416790248357,-0.31083458442953565,0.20023928211836917,0.09988341947932787,-0.24402828171245267,-0.2870024386222468,-0.16684343786332664,-0.2316789727922381,-0.29811849130888496,0.16676960112613254,-0.2261748913989175,0.16062617206000168,0.09887599411406145,0.33187090883754367,2.359627271953382,0.42473204826053823,0.0,0.0,0.13363519731346374,0.9910305918784704
0.8545598596495624,0.051404524746683,0.1076203231748771,0.0,0.0,-0.5426716454273097,-0.016817197595771986,0.40768943393701007,-1.4192715083297929,0.1893713344868861,0.9826489349729137,-2.0180983433597968,0.08202631766662775,1.3262310247672233,-1.824181595915242,-0.10661302227526902,1.300833833845038,-1.8428274306811785,0.4944571782099576,-0.469922602960938,1.1491847038269043,0.019619337957058294,-0.46799553871939054,-0.0027696310395473015,0.019873115025754822,-0.02488410686093726,0.8545598596495624,0.051404524746683,-0.5426716454273097,0.2996605787622301,0.28844094480306826,-0.13676939852791536,-0.3118006560946364,0.1983696501693185,0.0972688695922869,-0.2424477908756692,-0.30008447980855235,-0.16131561207799064,-0.23103334720033702,-0.2905237332438896,0.167029551602128,-0.22878434990877708,0.15323362112689834,0.10360137374641627,0.3300662315294393,2.3759965880921015,0.4302128859256444,0.0,0.0,0.12825518755107582,0.9917411995406052
0.8430827948999222,0.04705264045856723,0.09029022368945565,0.0,0.0,-0.49467818264232183,-0.016339419703734547,0.414133047979129,-1.4108829717887075,0.1928688656342657,1.0007942177747424,-2.0293932996298136,0.06658689511057579,1.362242253203141,-1.8129400234473378,-0.10491928644478321,1.2728852723774158,-1.8426315235464197,0.5308715685417777,-0.49014243169834737,1.1612260341644287,0.019287081999018005,-0.4600378372951558,-0.003953602410068636,0.020066846529708096,-0.02510244384604065,0.8430827948999222,0.04705264045856723,-0.49467818264232183,0.3017117514422065,0.2854618353533359,-0.1368840268132441,-0.31385853401630864,0.19549418191484835,0.09680191269380126,-0.24067135157276032,-0.31080339055763745,-0.15753799845755273,-0.22982351906784537,-0.2838056750342283,0.1669186140110006,-0.23161608383681132,0.14586442258701945,0.10808579439847653,0.3291000634848439,2.392162031248996,0.4354163078885329,0.0,0.0,0.12334769095514221,0.9923635156211833
0.836518325279508,0.04257816259848221,0.07235947016038385,0.0,0.0,-0.36572893235820453,-0.012853794388080896,0.44118329647340276,-1.4079402253816002,0.18632124952579798,1.0150324710105596,-2.036953938634772,0.05925377384808502,1.3844520457481084,-1.8063789135531376,-0.09915614765333501,1.2533345661665263,-1.838814112700914,0.566268801689148,-0.5121318733221606,1.1709811695312198,0.01878653605174469,-0.45155105151628194,-0.0049283714340019385,0.02029439852278876,-0.025318983868744812,0.836518325279508,0.04257816259848221,-0.36572893235820453,0.30327218770980835,0.27662021788434527,-0.1379403377054383,-0.31643014935414465,0.19312641083997273,0.09862781821937544,-0.23900441746556222,-0.3173095979723065,-0.15572527707868716,-0.2285341415634482,-0.27971984265520206,0.1657961284244867,-0.23446079927413638,0.13863133221017393,0.11203392962283798,0.32908483359062246,2.4082329618303397,0.4402935748037539,0.0,0.0,0.1197175055267141,0.9928079969815217
0.8284478052815096,0.03701722723778349,0.050276331603527076,0.0,0.0,-0.30621592419715016,-0.007947492560273666,0.47749448606842476,-1.4075760935482227,0.17515257000923143,1.0271771079615544,-2.0426274726265357,0.05554488556165447,1.4003569201419228,-1.8021276028532731,-0.09149059535641411,1.2377559040722095,-1.83339325064107,0.6010733905591464,-0.5349224209785463,1.1797052214020178,0.018213933088669646,-0.4428486377000808,-0.0058012843181036045,0.02053675780955114,-0.025535580751143004,0.8284478052815096,0.03701722723778349,-0.30621592419715016,0.3046061302486219,0.26507461188716885,-0.13946888298037605,-0.3188527376835643,0.1910410685956639,0.10147492289056567,-0.23738425972145377,-0.3218610808832734,-0.1547851906682436,-0.22728792349847204,-0.2768510511771699,0.1641741099508446,-0.23731656612004623,0.13146506879699538,0.11553691704714475,0.3294423913973704,2.424258771695589,0.4450246660332931,0.0,0.0,0.11667680805723457,0.993169936346029
0.8201942049463214,0.02986505316290028,0.027438047292985275,0.0,0.0,-0.13362346783512555,0.0016902508214117172,0.5359534248709685,-1.415918454527855,0.1508685424923894,1.0277767479419708,-2.039745032787323,0.06013824325054889,1.3992023169994354,-1.8073944002389908,-0.07785135507583603,1.2355078607797623,-1.824604406952858,0.6318372339010242,-0.5597413927316668,1.185893103480339,0.017538212938234203,-0.43405934795737255,-0.0062788865761831455,0.020806937478482727,-0.02576904790475965,0.8201942049463214,0.02986505316290028,-0.13362346783512555,0.30528324097394943,0.2475174840396926,-0.14254140948428082,-0.3202320877701923,0.1905769876054504,0.1071451609637429,-0.23649004664021997,-0.3205570494845486,-0.155810945256226,-0.22650389833516074,-0.2778571259890044,0.16102127937221936,-0.24011508202662546,0.12481245150212592,0.11809996127122602,0.33093218966594473,2.4401254653930664,0.44941398501396185,0.0,0.0,0.11534959578217768,0.9933249572787791
0.8139470574284188,0.025694615896679762,0.010261826805378627,0.0,0.0,-0.06617428848325319,0.01347401404851379,0.5973424331138016,-1.4284681097457286,0.12261522963250898,1.0244677709905723,-2.033351581347616,0.06772267377298144,1.3935087307503347,-1.8162566046965751,-0.06296904983096982,1.2371873667365627,-1.8158750534057617,0.6604536458065638,-0.5850640041263483,1.1911506354808807,0.01687628788089281,-0.42552359127684636,-0.006571813535533453,0.021072059918783217,-0.026008282248911108,0.8139470574284188,0.025694615896679762,-0.06617428848325319,0.3057036521403413,0.22959177572083359,-0.14631857361072564,-0.31984849868899157,0.1905877612600045,0.11366030089780658,-0.23582984093277948,-0.31749822223421925,-0.15752363047720594,-0.2256379966907947,-0.27983578727058395,0.15748981751998828,-0.24265798959200244,0.11845303150790752,0.12008985450885824,0.3327616509836823,2.455919736310056,0.45370568256629146,0.0,0.0,0.11469224480336485,0.9934010715627224
0.810111949955424,0.014681708903887314,-0.01344522951464838,0.0,0.0,0.04690227769483084,0.028855516428225626,0.663643616594765,-1.4480711700100644,0.08770752663871241,1.0146061127123083,-2.0210720222247276,0.08032154992810966,1.3802056728225007,-1.8311464033628762,-0.04600278273420931,1.245451293493572,-1.807245433330536,0.6854699520688303,-0.6112309525671753,1.1948484629392624,0.016237489891385574,-0.4174128753182137,-0.006555137788190654,0.021328704064025684,-0.02625718511837093,0.810111949955424,0.014681708903887314,0.04690227769483084,0.3056937140461646,0.2112457741491459,-0.15119169218930623,-0.317075578455612,0.19140891557253914,0.12165533189159333,-0.2355559671024155,-0.3115151350510036,-0.16038129974542423,-0.2245166601131966,-0.2834524695548773,0.15336846860591583,-0.24475430018501682,0.1125873892964152,0.12135766174616017,0.335234754575142,2.471592592565637,0.4578337206652289,0.0,0.0,0.11515815991743628,0.9933471690222055
0.8103811572942736,0.002056327552068346,-0.032503799976486836,0.0,0.0,0.13751024347761753,0.045465765422896036,0.7253432211123004,-1.4743506030032505,0.047895023305165874,1.0011153221130373,-2.0039053339707227,0.09579435814368067,1.3648829836594434,-1.850210534898858,-0.029606113308354713,1.256075664570457,-1.802069067955017,0.7056420696409121,-0.6372703596165301,1.197239455423857,0.01574778311738843,-0.409602253060592,-0.0061938334746580465,0.02157823172839064,-0.026501262364418878,0.8103811572942736,0.002056327552068346,0.13751024347761753,0.30516584295975535,0.19566699405179133,-0.1562970624683594,-0.31206968392178414,0.19251623916321992,0.13082357979357898,-0.23546139849963965,-0.30430524713283796,-0.16383726043152938,-0.22268437191572632,-0.2870433389483626,0.14932914830860444,-0.24606910541861718,0.10742815441557897,0.1218390828619525,0.33806919412198705,2.487330399061504,0.461691003096731,0.0,0.0,0.11652400515141684,0.9931878755922631
0.8168006054194916,-0.018953558494046202,-0.05761239873735557,0.0,0.0,0.17827844228645887,0.06258379555258291,0.7845608270482007,-1.5036542219550981,0.006006947228391437,0.9861165394908505,-1.9845852200922216,0.11247751876515757,1.3488989417490207,-1.87112116029388,-0.013628225969640964,1.2675629705190659,-1.7985176765605022,0.7235020195183,-0.6632606081272423,1.19904919203959,0.015332974383215372,-0.40192663826440517,-0.005672471058603976,0.0218241254701034,-0.02674319277713565,0.8168006054194916,-0.018953558494046202,0.17827844228645887,0.3043935620471051,0.1817113148799535,-0.16134639468772194,-0.305734810666509,0.19375537014535665,0.14058904604438915,-0.23517103104577292,-0.29666503757268836,-0.16749074061843583,-0.22029665944921958,-0.29055272427241097,0.1453747947998964,-0.24696664097760143,0.10260167816423169,0.1218781908299269,0.341014192076564,2.5031085422164514,0.46541658788919443,0.0,0.0,0.11829445984954814,0.9929785600751426
0.8252658790191366,-0.04288637455771644,-0.0837351342565143,0.0,0.0,0.2528724219847497,0.07939099961597657,0.8279176809285813,-1.5390471831748358,-0.0360676917786658,0.971793836668918,-1.962576177559401,0.12909944071189342,1.3385081557851088,-1.8945382362917849,-0.0028858420095946424,1.2751525342464447,-1.7998981616998972,0.7334852187257064,-0.6893871975572484,1.1999808393026652,0.015270171025277753,-0.3944975827869617,-0.004720849475186129,0.02205149059821116,-0.026981866501859925,0.8252658790191366,-0.04288637455771644,0.2528724219847497,0.30286134701026113,0.1740279928780003,-0.16602720871129312,-0.29821495967374895,0.194552472724552,0.15053809464968645,-0.2348990992192583,-0.2899526643252603,-0.17094477504373978,-0.21678522530539218,-0.29217836625948485,0.14271356418331377,-0.24712528744656884,0.09876127156488711,0.1208128236642814,0.34422400007275405,2.5192661348142122,0.4686296433210373,0.0,0.0,0.12080505056981639,0.9926762512303919
0.8316487404338778,-0.061588375893064824,-0.10338115848993053,0.0,0.0,0.28084502580683524,0.0952795151817171,0.8639529394476037,-1.5755569856417806,-0.07577143874215446,0.9591635289160829,-1.9417274045316797,0.14464002524159453,1.332242666106475,-1.9174914736496775,0.005112137449415101,1.2815628059600528,-1.8039982185551995,0.7407042144944793,-0.7151932771268643,1.2012406313105632,0.015339558533588914,-0.38683598037613065,-0.0036586765444984585,0.02227507710554882,-0.02721802977305886,0.8316487404338778,-0.061588375893064824,0.28084502580683524,0.30104415667684453,0.16901634708750715,-0.1701973043974984,-0.29049386167333974,0.19510420848740806,0.16005734752538242,-0.23423730806821677,-0.28437250246039286,-0.17400818074526964,-0.21283145346901422,-0.2930004530294264,0.14073945138263677,-0.2468215198805899,0.09525060598254263,0.11931903569084545,0.34713177794159067,2.5355671079535234,0.47166849398299265,0.0,0.0,0.1235924560243771,0.9923330614334396
0.840267937348029,-0.08498210058898803,-0.12950389400908785,0.0,0.0,0.33001057318880317,0.10955336611521876,0.8871199394527235,-1.6140297212098775,-0.11130816332603768,0.9495077337089337,-1.9229178930583752,0.15828007734135582,1.333227697171663,-1.9396294794584577,0.008286618088421079,1.285900382619155,-1.8128781287293685,0.7430649133105027,-0.7404360363357947,1.2030771625669379,0.015641281503791873,-0.3787656591126793,-0.002402201245882005,0.022492022400623875,-0.02744978073200113,0.840267937348029,-0.08498210058898803,0.33001057318880317,0.2987261006706639,0.1683281238471178,-0.17368443489472504,-0.2828202337808789,0.19518879072200568,0.16867281201462403,-0.23331941957920752,-0.2806691013836347,-0.17647410840476102,-0.20840887837586936,-0.2924201371460249,0.13996674158750091,-0.24575656416664401,0.09232141027932421,0.11719554247163982,0.34958337909955783,2.5521200832567716,0.47440116656453984,0.0,0.0,0.12686658704247616,0.9919197896464178
0.8466031572189279,-0.10459892647868232,-0.1491512220941085,0.0,0.0,0.38341362945735724,0.12146971678655398,0.9000678501631084,-1.6510761144914126,-0.13892136455366486,0.9439359722953093,-1.9107990672713833,0.16741481501805155,1.3440351117598384,-1.9590788389507092,0.006274969954239696,1.2928141998617273,-1.8265479065869983,0.7409258253480259,-0.7644094754206506,1.2055845707654953,0.01615687838363412,-0.3700033261587745,-0.0010906722286323973,0.02271273359656334,-0.027680683243823678,0.8466031572189279,-0.10459892647868232,0.38341362945735724,0.295864000916481,0.17042650240478893,-0.1763704959581152,-0.27575491520809636,0.1950833158013571,0.17535975791699146,-0.23194313793875532,-0.27968085093824174,-0.17782558866663906,-0.20397716965420185,-0.2915809758608427,0.1404742994841089,-0.24343712819197474,0.08998729547537798,0.11459723785302801,0.35139028239311326,2.568951429505097,0.47683787855662796,0.0,0.0,0.13066881019829202,0.9914260749250862
0.850997111333274,-0.1268205666096077,-0.15525547787547112,0.0,0.0,0.4061573001773895,0.13232052875192535,0.9082322865724564,-1.6873787704266998,-0.16268974464190625,0.9402836098482734,-1.9018308410519047,0.17436270651064423,1.3594536138208286,-1.9771941272835982,0.0018942026715530185,1.3011128039736495,-1.8424463868141172,0.7366898114743986,-0.7877784136094543,1.2084157466888428,0.016771317410625902,-0.36091376605786785,0.00024277773857311766,0.022934957971110153,-0.027911163523401082,0.850997111333274,-0.1268205666096077,0.4061573001773895,0.29276005178689957,0.1737132467691567,-0.17863235259990973,-0.26890040624042777,0.19488660395016355,0.18108736704675066,-0.2303480352608564,-0.27992267860578923,-0.17862666054527254,-0.1995800954312767,-0.2906607118481824,0.1415446044432927,-0.2405055943199198,0.08791563739300098,0.11180271175809833,0.35284822611995575,2.585911844906054,0.47913417729892227,0.0,0.0,0.13469448179215435,0.9908871765114043
0.8527096288711756,-0.14818682856894597,-0.14844657363076022,0.0,0.0,0.362009243392012,0.14238098459808446,0.905642993748188,-1.7187949952326322,-0.17207326818453636,0.9412713886091584,-1.900737400901945,0.17310105028905368,1.3858005898563484,-1.9891186983961808,-0.005342264316583913,1.3200821100096953,-1.8627891838550568,0.7281363775071346,-0.809351393266728,1.212386131286621,0.01755428132846167,-0.3509490513487866,0.0014628697658496824,0.023150037643254587,-0.028139634866659578,0.8527096288711756,-0.14818682856894597,0.362009243392012,0.2896537818014622,0.17916776966900563,-0.18066476371196566,-0.26291075166141314,0.19450517835577008,0.18327557092804816,-0.22926307635204707,-0.2835610079574134,-0.17772638212071962,-0.1960384947949242,-0.29144815859599876,0.1432608595886863,-0.23575861114653057,0.08642844242573168,0.10866258550349282,0.35340358967541674,2.603110278907575,0.48103552919469383,0.0,0.0,0.13828070236956572,0.9903930771931816
0.8506859643560912,-0.1649564385399746,-0.12891875383885393,0.0,0.0,0.30313807383408353,0.15157022444825424,0.900028131510082,-1.7468175448869405,-0.17667763797860395,0.9432448776144731,-1.900843055624711,0.16953032267721074,1.413883453921268,-1.9975189409757916,-0.012074839911962825,1.342315717747337,-1.8842674054597555,0.7189395772783379,-0.8298349505976628,1.2167413736644543,0.018366129186592604,-0.34118494077732686,0.002599638225020549,0.023359503106851327,-0.02836114109346741,0.8506859643560912,-0.1649564385399746,0.30313807383408353,0.28682218884166916,0.1847934296219008,-0.18242539642393224,-0.25741374226336505,0.1940263169197503,0.18432681410379348,-0.22861455474590375,-0.28807605184799595,-0.17642113538299192,-0.19297482643527275,-0.2927105753212037,0.14479135690487083,-0.23058352273748667,0.08508100758931932,0.10558361905460997,0.35361004953859376,2.6203393810673763,0.48277582934028224,0.0,0.0,0.14128232551639736,0.9899693452307898
0.8482345922972192,-0.1853132696918593,-0.10295319125840503,0.0,0.0,0.19459536437429137,0.15915315980581868,0.8888348756652128,-1.7685830059804417,-0.17247044304875947,0.9470357698829551,-1.9031595415190647,0.16170224468959,1.445166861540393,-1.9994212028227354,-0.017878365751944136,1.3705678817472962,-1.9078390661038853,0.708556570504841,-0.8483098855144101,1.2218061975742642,0.01923123180964276,-0.3317906940846066,0.0035827788554965347,0.02355861737343826,-0.02856980538681934,0.8482345922972192,-0.1853132696918593,0.19459536437429137,0.284497031647908,0.19089853566285372,-0.18382938674878843,-0.25298623839273243,0.19337011496004977,0.18329520867989121,-0.22879881183311795,-0.2943180255430207,-0.17437931285181646,-0.19075387263780705,-0.2948506991006777,0.14603178990285148,-0.2246344748359338,0.08401778414094789,0.10258400482340665,0.35324763591070407,2.637625027644007,0.4842191903214706,0.0,0.0,0.1432084924712851,0.9896925419968072
0.8463409198034811,-0.20084034828834457,-0.08321078494191031,0.0,0.0,0.08053240031456972,0.1657873515627887,0.8711344246801574,-1.7821775972843172,-0.1614777912434777,0.9528281822016366,-1.9051492198517448,0.15244474830596058,1.4747226285307036,-1.9930595755577085,-0.021508889959046748,1.3992154143358535,-1.9309991660871006,0.6984884338943581,-0.8649843397893405,1.2273794428298348,0.02001605481889688,-0.32388036815743687,0.004316538437514721,0.02373674698174,-0.028746915196901875,0.8463409198034811,-0.20084034828834457,0.08053240031456972,0.28270406119133296,0.19751696326303061,-0.18513219226604227,-0.24984326194157594,0.1921778048700149,0.1807160844301236,-0.22994612417291907,-0.30162711764206546,-0.17224206762278943,-0.18954801369179386,-0.29698988707424107,0.1467303063419007,-0.2188623084615309,0.08308107270987727,0.09981694168705241,0.3526030444555741,2.6549782627507263,0.4852851252806814,0.0,0.0,0.14400546919238066,0.9895768918293728
0.843527599879568,-0.2220639940088412,-0.05746025984224439,0.0,0.0,0.02534071555612631,0.17196560768704675,0.8503092045062461,-1.791820333192223,-0.14725517496270535,0.9595629537576125,-1.9069530461963855,0.14254144334087232,1.5033622886005205,-1.9827242297561543,-0.024108448605004135,1.4279611926329767,-1.9539106911734534,0.6886014585432252,-0.8807745011229267,1.233190837659334,0.020761680715766402,-0.3166844664435637,0.004929234151189269,0.023904742464717285,-0.02890865051334626,0.843527599879568,-0.2220639940088412,0.02534071555612631,0.2811686002502316,0.20435619467468888,-0.18636728759854554,-0.24722103781768642,0.19073154316567664,0.17738471979502274,-0.23151170972856755,-0.30945207356822435,-0.17004955842708452,-0.1886293243973518,-0.299027259423969,0.14716801133842292,-0.21317238897789392,0.08219784720980369,0.0971882200760788,0.35180604955442285,2.6723642317872303,0.48616736186178106,0.0,0.0,0.1442562304340792,0.9895403680401067
0.841397108741107,-0.23937880720306662,-0.034821229545693715,0.0,0.0,-0.14023597061941967,0.17704870198902325,0.8221866817850819,-1.7897633439616154,-0.12798160177312423,0.9668525190729843,-1.9057877377459878,0.13468926948936372,1.5222804232647542,-1.962637289574272,-0.025397465809395423,1.4489053425035976,-1.9717758517516284,0.6817639783809061,-0.8927727247539318,1.2390327955547131,0.02135907927233921,-0.3113184665378772,0.005144319399014897,0.024044053089853964,-0.029015023359342623,0.841397108741107,-0.23937880720306662,-0.14023597061941967,0.2804056507976432,0.21162231373032764,-0.18761241627462913,-0.24645263674234202,0.18877391691784007,0.17292070331383652,-0.23416270884327955,-0.3171646966896828,-0.16851015529450103,-0.18919174706504477,-0.30018678907799445,0.14733861853908709,-0.20894481252963049,0.08142285768852014,0.0952555262986371,0.3506822921146478,2.689850995415135,0.4864051624348289,0.0,0.0,0.14286839704614673,0.9897416941432065
0.8404422398369191,-0.24686398257937073,-0.025057096622492503,0.0,0.0,-0.1687516648230184,0.18143245558205398,0.7937123461773525,-1.7841325261090932,-0.10821121945781176,0.9732656580837149,-1.905337797968011,0.1282905423033395,1.5360513996136815,-1.941209008819179,-0.026356894718973255,1.4645403403984871,-1.9861398535339454,0.6765112912184315,-0.9032527227935037,1.2444923433818313,0.02189881028607487,-0.30699083797241516,0.005235654519454235,0.02416183430652477,-0.029091172827113616,0.8404422398369191,-0.24686398257937073,-0.1687516648230184,0.27977575106840386,0.21856519292243765,-0.18875847009858443,-0.2461970303841756,0.1871232675257848,0.16827131016055064,-0.23665757100268442,-0.32415267575863316,-0.1673074443338956,-0.19004892715989916,-0.3008017602233026,0.14745534687940756,-0.2056733335139375,0.08067079998023774,0.09365933653631388,0.34960873073123294,2.7073540969898824,0.48650116689111056,0.0,0.0,0.14119798803563208,0.9899813776908581
0.8397781735205112,-0.2520163890730024,-0.018619206783018757,0.0,0.0,-0.2239437587939546,0.18446264651260874,0.7645570824020791,-1.7715846206012527,-0.0874792710926974,0.9779824881177199,-1.9062724427173012,0.12470493769567267,1.5398601340620142,-1.917184585019162,-0.026678410799879773,1.4698995602758307,-1.9937274189371812,0.674325945345979,-0.9107942196883653,1.249211742689735,0.02232692670077085,-0.30467296038803304,0.005087473264307177,0.024237945700358404,-0.02910882543380323,0.8397781735205112,-0.2520163890730024,-0.2239437587939546,0.2794033669327435,0.22492658618817027,-0.18976196520941246,-0.24714825953272862,0.1860724244362953,0.1633224703936964,-0.2389412425469125,-0.32968085063201863,-0.16679916243524726,-0.191868395240999,-0.3005062997115666,0.14748496418751528,-0.2042728629959426,0.07997125346277599,0.09267533284227379,0.3486634418475946,2.724888820397226,0.48632272725042547,0.0,0.0,0.138980632466974,0.9902950993512387
0.8399687082617692,-0.25139772962388046,-0.01861920678301876,0.0,0.0,-0.2239434007735404,0.18602488542857923,0.7381007922323128,-1.7555618152806634,-0.06634491775184881,0.9808443000442103,-1.9093491489949979,0.1234736692062334,1.532026195996686,-1.894700197012801,-0.026044431093492013,1.4624710914335755,-1.993922802962755,0.6752818830703434,-0.9148738294055587,1.2537949877349954,0.02264047018252313,-0.3042071347958163,0.004773120778784354,0.024264233382908923,-0.02905980622591941,0.8399687082617692,-0.25139772962388046,-0.2239434007735404,0.2790309827970831,0.23023999836172043,-0.19051280972793364,-0.24886311392943922,0.1857603529096741,0.15821092726524977,-0.24081542439213122,-0.3325426461781868,-0.16690382563785244,-0.19476401010447225,-0.2989303765093707,0.14737546937471396,-0.20510575320711008,0.07935895570149859,0.09232750794726367,0.34754359917694405,2.7424223956308866,0.4860563566418071,0.0,0.0,0.136762583444926,0.9906038541059032
0.8407843819943164,-0.24867131966976413,-0.01861920678301876,0.0,0.0,-0.22394353491884308,0.1868651807308197,0.7129718661308289,-1.7378300428390503,-0.04501266032457352,0.9827938079833984,-1.9134793281555176,0.12340027093887329,1.5184663534164429,-1.8729732036590576,-0.02494053542613983,1.4487535953521729,-1.9904826879501343,0.6777827143669128,-0.9172508716583252,1.2583112716674805,0.022897666320204735,-0.3046521544456482,0.00437704473733902,0.024266017600893974,-0.028977997601032257,0.8407843819943164,-0.24867131966976413,-0.22394353491884308,0.27865859866142273,0.23507997105384174,-0.1911335019793585,-0.25091910273828577,0.18581100915075943,0.15301659475747145,-0.24242932506464931,-0.3340458121770606,-0.16731792968704956,-0.1982268345663278,-0.29670265444038657,0.1471939067536166,-0.20701746018552342,0.07878868505130568,0.09228739293710062,0.34634024414594045,2.759955406188965,0.48574674129486084,0.0,0.0,0.1345438472195576,0.9909076410924281
