vx,vy,vz,wx,wy,wz,base1,shoulder1,elbow1,base2,shoulder2,elbow2,base3,shoulder3,elbow3,base4,shoulder4,elbow4,arm_1_joint,arm_2_joint,arm_3_joint,arm_4_joint,arm_5_joint,arm_6_joint,arm_7_1_joint,arm_7_2_joint,com_vx,com_vy,com_wz,height,e1x,e1y,e1z,e2x,e2y,e2z,e3x,e3y,e3z,e4x,e4y,e4z,arm_eex,arm_eey,arm_eez,com_x,com_y,quat_x,quat_y,quat_z,quat_w
0.009998100716139645,0.006654968874192769,0.0032267264471752544,0.0,0.0,0.0075758647035764695,0.0636080875992775,0.6698708534240723,-1.6386432647705078,-0.13676175475120544,0.9091026186943054,-1.574276328086853,0.20435170829296112,1.1793606281280518,-1.5350993871688843,-0.13238883018493652,1.1883256435394287,-1.7019933462142944,-0.015535371378064156,-1.5155141353607178,1.5675941705703735,0.00841636024415493,-0.003067716956138611,0.002637270838022232,0.028680695220828056,-0.028748713433742523,0.009998100716139645,0.006654968874192769,0.0075758647035764695,0.2800000011920929,0.23557163606619758,-0.16019271492094508,-0.2825884570243494,0.1552421739845683,0.18196861456771676,-0.283885032895304,-0.3179796710040185,-0.19716342165440628,-0.2563835548716956,-0.28808880247898894,0.17627554639269113,-0.2510554383816276,0.05739486534780852,-0.0004222421208360523,0.25542932217557196,0.0,0.0,0.0,0.0,-0.9991762324109423,0.040581480814217745
0.010037750543508544,0.006663570549816778,0.003209625114530823,0.0,0.0,0.007575864703576469,0.06364120965536009,0.6696225968783334,-1.6385338514443213,-0.13642644372162402,0.9089679644011811,-1.5746257633170826,0.20425495125303333,1.1799210133968583,-1.5351248071497718,-0.1322990904918453,1.1882425810666692,-1.7018594437797598,-0.01506310348842768,-1.5159592356457807,1.5662053803469511,0.008447292735862652,-0.003163820595149226,0.0026190754685600933,0.02867648727416792,-0.028753782885036612,0.010037750543508544,0.006663570549816778,0.007575864703576469,0.2800645357210364,0.23563006687370625,-0.1602026222341253,-0.2825932818795364,0.15534150999728452,0.18186794021296018,-0.28389054456290286,-0.31813237487740836,-0.19712407216887562,-0.2563279295829448,-0.28809168030154947,0.17625587162340262,-0.2510885401678382,0.0573418000456435,-0.0003758544333789691,0.25597641383784486,-0.0001885095560820086,-0.00014887712626317955,0.0,0.0,-0.9991731551455387,0.04065717693727937
0.010154053123933556,0.006692201720770533,0.0031586061388061415,0.0,0.0,0.007633444165552914,0.0636724415641503,0.6694383533208962,-1.638451608235404,-0.13611640666155206,0.9088395625952906,-1.5750057289264345,0.20417279035052996,1.18047981454222,-1.5351595158544964,-0.13221948258828797,1.1881388049797723,-1.7017723929962056,-0.014599906055619253,-1.51657114892998,1.5646541934685418,0.008486978784703569,-0.003305059751408212,0.0025901128225428545,0.0286709284722405,-0.028758870712762712,0.010154053123933556,0.006692201720770533,0.007633444165552914,0.28012838619667413,0.2356733070026004,-0.16021186565374362,-0.2825962794697022,0.155444095619627,0.1817738758382798,-0.2838883912515769,-0.31828272986445244,-0.19708836296129173,-0.25626955793280415,-0.28808030864893225,0.1762383590664884,-0.25111748980912685,0.05727646342313816,-0.0003293885384603435,0.25660234079405564,-0.00037852678824553657,-0.0002982831609297869,0.0,0.0,-0.9991700486915734,0.04073344814374099
0.010386857597184175,0.006750328921737269,0.003056283165144002,0.0,0.0,0.007747643456934446,0.06369992468081065,0.6693810688569242,-1.6384232524257378,-0.13585649630767388,0.9087235615557472,-1.5754462464543797,0.20411957845391843,1.1810354738427489,-1.5352126471948304,-0.1321599694006395,1.187993946891503,-1.7017782646537627,-0.014154698362186451,-1.5175139079958,1.5627809198910758,0.008544026055191988,-0.003535817683543135,0.0025397950780246684,0.028662690474032956,-0.02876399498707896,0.010386857597184175,0.006750328921737269,0.007747643456934446,0.28019087996658865,0.2356864112434538,-0.16021979295360808,-0.28259567381476663,0.15555314616521146,0.18169291881179442,-0.2838711120517538,-0.31842846575097833,-0.19705987584376383,-0.25620583087671905,-0.2880406761418727,0.17622514134563663,-0.2511382041767714,0.05718693121036731,-0.0002827384726367295,0.2573846227712182,-0.0005715342446374113,-0.0004487381972631927,0.0,0.0,-0.9991668898104354,0.04081086015438883
0.010620628932920496,0.006808121751949287,0.0029536751692718632,0.0,0.0,0.00799250018987587,0.06368346937350779,0.669469235727451,-1.6384185144565249,-0.13559965219273662,0.9085469077897552,-1.575838568226603,0.20411443630320913,1.181500406073244,-1.535280995720985,-0.13212681626713516,1.1878404481298972,-1.7018948809412502,-0.013749974323499123,-1.5186032704858972,1.560604214668274,0.008617707371911747,-0.0038697296541009172,0.0024664044105166556,0.028652096542235987,-0.028769147763616287,0.010620628932920496,0.006808121751949287,0.00799250018987587,0.2802506375232799,0.2356603286151613,-0.1602154325349914,-0.2826020894770374,0.15567220179047936,0.1816140009435292,-0.28386182941048554,-0.31854558288351087,-0.19704577306025797,-0.2561448393299363,-0.287978093412773,0.1762171465480009,-0.2511449976052863,0.05707985156215076,-0.00023811054024948678,0.2583026388445163,-0.0007705965478617023,-0.0006012803649892343,0.0,0.0,-0.9991636248110182,0.0408907184396041
0.010929329463898615,0.006885146753870066,0.0028180045969536383,0.0,0.0,0.0081148889925297,0.06364506275561832,0.6696293226024449,-1.638425711017327,-0.13534446920724524,0.9083403266916339,-1.5762062268769181,0.2041332885722986,1.1819197955547562,-1.5353567836268636,-0.13210679575700887,1.1876828062454325,-1.7020667343331664,-0.013366270522843272,-1.519764954611759,1.5582759216327795,0.00869968135984952,-0.004256298428013821,0.0023814346266272882,0.02864031893694961,-0.02877430706566212,0.010929329463898615,0.006885146753870066,0.0081148889925297,0.2803090269733595,0.23561490028189824,-0.16020492887766674,-0.28261195191979976,0.15579602798742825,0.18153614598309667,-0.2838565429578705,-0.3186483665406472,-0.1970388535705985,-0.25608525032911345,-0.2879041137632639,0.17621174946906495,-0.2511448176169468,0.056961305556648176,-0.00019456563771053223,0.2592883246577681,-0.0009726862512582027,-0.0007548661390397598,0.0,0.0,-0.9991603032847911,0.04097179932397565
0.01123935272645361,0.006962454238045895,0.00268161146832896,0.0,0.0,0.008471048454336544,0.06354466725715854,0.6698617543150115,-1.6384902992504555,-0.13511662025179638,0.9081148049175339,-1.5764017817158027,0.20421624363668814,1.1821727064631928,-1.5354250237445703,-0.1321174381363312,1.1875438914203005,-1.702378791450654,-0.013181174573982322,-1.5209696468890914,1.5555203240989839,0.008801994545247731,-0.004988080603164314,0.0022546474371830487,0.02862403090518193,-0.028778133488841506,0.01123935272645361,0.006962454238045895,0.008471048454336544,0.28036335770715803,0.23555556260892213,-0.1601764626351363,-0.2826219090785138,0.15589650626492665,0.1814691724273916,-0.28387043164365733,-0.31870581760494543,-0.19705267706964408,-0.2560369361242757,-0.2878089911107616,0.17621191264022537,-0.25112455258975197,0.05682364340414596,-0.0001659290571695421,0.2604808226230799,-0.0011837531733576634,-0.0009115550564695775,0.0,0.0,-0.9991568289588976,0.04105643853039933
0.011471846009314937,0.007019919886453466,0.0025791259820023837,0.0,0.0,0.008595391066412366,0.0634313341755195,0.6700591082940965,-1.6385741161820073,-0.13493012946924107,0.9079227747533145,-1.5765318906547239,0.20430529612622805,1.1823791805529755,-1.5354864313298424,-0.1321347879883427,1.1874104426211158,-1.702743776292609,-0.013087196850636662,-1.5221724358181026,1.552675562016916,0.008907332803879009,-0.005870151039737984,0.0021121015759722494,0.028605854013722214,-0.028782296200726656,0.011471846009314937,0.007019919886453466,0.008595391066412366,0.2804162914320927,0.23550872607362494,-0.16014403199457117,-0.28262850088803887,0.1559759216663359,0.18141491559712186,-0.2838859086961712,-0.31875157004769666,-0.19706933256897322,-0.25599387192093387,-0.2877054778092519,0.17621296672428993,-0.2510974514937183,0.056677203652426,-0.00014374104248514536,0.2617267995976,-0.0013978957239969719,-0.0010693101153784002,0.0,0.0,-0.9991532963065252,0.04114231981555109
0.011794195114587737,0.007071759825320029,0.002442287818696376,0.0,0.0,0.008835922713393073,0.063292974293632,0.6701886069854633,-1.6386951296121481,-0.13482364302113553,0.9077955316377166,-1.5765353993281421,0.20440614363491136,1.1824958260427385,-1.5355346218851589,-0.1321651129514579,1.1872875674458958,-1.7032111459130408,-0.01316948061271402,-1.5233715428601975,1.549658317693928,0.009018522843518513,-0.0070429430311958275,0.0019390717267540076,0.028584023262530366,-0.028787109438304932,0.011794195114587737,0.007071759825320029,0.008835922713393073,0.28046652274643813,0.23548606996522087,-0.1601039364768415,-0.2826286015544939,0.15601461621492296,0.18138526304358443,-0.2839045363444188,-0.3187747071008836,-0.19709147777463148,-0.2559609805840977,-0.2875857279913638,0.1762157458234608,-0.2510571453400206,0.056518531803838416,-0.00013399961434989918,0.2630766287897154,-0.0016179878511559847,-0.0012291275463285763,0.0,0.0,-0.9991496571025725,0.041230604067994746
0.01204791769103821,0.007091220090494023,0.0023386472423614357,0.0,0.0,0.008991082185309788,0.0631427736390357,0.670263651433407,-1.6388430071357112,-0.1348665185122682,0.9078167912944052,-1.5764339202202406,0.2045066825695486,1.182539962682148,-1.5355950585947742,-0.13221731641948622,1.1871507519843594,-1.7037467648518965,-0.013420055214090636,-1.524390345851847,1.5466257293752377,0.009124765866404812,-0.008474658899659279,0.0017240559541614063,0.028557896676579576,-0.028792331082708882,0.01204791769103821,0.007091220090494023,0.008991082185309788,0.28051398294484053,0.23548245165574683,-0.16006005619323072,-0.282623076380149,0.15599116379985334,0.18139910892315583,-0.28391108573645285,-0.3187749972657987,-0.19711520638144572,-0.2559361735248793,-0.28744959636174444,0.17622324771427195,-0.2510082359951187,0.05636060480021006,-0.00013600978821387642,0.26445459421795703,-0.0018447535538314624,-0.0013900882327747876,0.0,0.0,-0.9991459459865344,0.041320438268165886
0.012397702560673879,0.007080215969271451,0.0022020590985383226,0.0,0.0,0.009066571953257642,0.0629869055427961,0.6703135819243105,-1.6390042993046294,-0.13498427563865714,0.9079123291393254,-1.5762803482529302,0.20460743232061399,1.1825479389037061,-1.5356622974344547,-0.1322803129285774,1.1870077448403276,-1.7043151199417625,-0.013753642884376865,-1.5253149655041278,1.5435877046329063,0.009228438301474457,-0.010034174927129044,0.0014880766979599956,0.02852966606416958,-0.028797752280163284,0.012397702560673879,0.007080215969271451,0.009066571953257642,0.2805600686361326,0.23548773663641234,-0.16001436451874954,-0.28261479639638204,0.15593669176011174,0.18143475519717697,-0.2839115054362197,-0.31876375521390987,-0.1971398073375107,-0.25591529310323474,-0.2873057687230245,0.17623307155201973,-0.2509550561038237,0.056199568523091624,-0.00014367165628849723,0.2658449585534567,-0.0020748379643406446,-0.0015515997637088267,0.0,0.0,-0.9991421955326413,0.041411026384444174
0.01275638308652309,0.007056773747572899,0.002064025842102301,0.0,0.0,0.009165319172219981,0.06283177205380178,0.6704509572294735,-1.6392131727813875,-0.13539290183142527,0.9082817781291552,-1.5759702960916813,0.20473992949564185,1.182431651441843,-1.5358120247021618,-0.13237037484677847,1.186908141478596,-1.7048853867806044,-0.014294739400080386,-1.5255531256630916,1.5407194715218255,0.00931447352463967,-0.011920068988063992,0.0011779344703177076,0.028497464811091854,-0.028803508697490165,0.01275638308652309,0.007056773747572899,0.009165319172219981,0.28060206530878207,0.23547355107859397,-0.15996859562449,-0.2826018136394214,0.15577381209487115,0.18155434142056254,-0.28388265165697457,-0.31870103044311454,-0.1971744912625736,-0.25589907432458786,-0.2871731716539193,0.17624910394216442,-0.25089403852902653,0.056073016757004254,-0.00016700750493480214,0.2671649043234644,-0.002315525017091192,-0.0017133624329631711,0.0,0.0,-0.9991383958833497,0.04150260078171639
0.013025339414736794,0.0070386607637393074,0.0019606452860296275,0.0,0.0,0.009202592986327175,0.06267109843308494,0.6706348609604291,-1.6394438967608767,-0.135895068513467,0.9087015378395183,-1.5756133930795144,0.20489792925799452,1.1822725806460284,-1.5360106861831357,-0.13245400376367888,1.186886713808815,-1.7054480642280323,-0.014891785975770663,-1.5255575028041866,1.5379457089724957,0.009391249101233963,-0.013891470812311109,0.0008447479531668975,0.028464649322648975,-0.028809582502049888,0.013025339414736794,0.0070386607637393074,0.009202592986327175,0.2806426296698167,0.23544858555719497,-0.15992115151956912,-0.28258759713875964,0.15558792626792578,0.18170103355859415,-0.2838451663313627,-0.31861646600737425,-0.1972160702900221,-0.25588079316336876,-0.2870628074996321,0.17626263883116974,-0.2508272953611419,0.055956941083842575,-0.00019459116283721944,0.2684438818999898,-0.002559925723295884,-0.0018752156631808552,0.0,0.0,-0.9991345723371836,0.041594547245921626
0.013384026887454525,0.007015258729582815,0.0018223070058248634,0.0,0.0,0.009272932324692883,0.06249997004766592,0.6709065683336066,-1.639715854753584,-0.1365737551510734,0.9092162387483071,-1.5751680779777117,0.20510405487062147,1.1820327735587255,-1.5363016912601137,-0.13252549298457653,1.1870128112351335,-1.7059964197594046,-0.015594415729177878,-1.5251207087663996,1.535350221515502,0.009450550828654094,-0.01602423406087312,0.0004680746316209735,0.028430674712629927,-0.028816255247032883,0.013384026887454525,0.007015258729582815,0.009272932324692883,0.28068049112022325,0.2354032812748449,-0.15987054147842866,-0.282571055499488,0.15535863292795907,0.1818988745405938,-0.28379139931893616,-0.31849069025160426,-0.19727065825521845,-0.2558586026375038,-0.2869943398044255,0.1762714834967109,-0.25074985616112294,0.055867046245656415,-0.00023046369328133792,0.26964602437219826,-0.0028113344529543645,-0.002037239790700326,0.0,0.0,-0.9991307110073238,0.04168719613981697
0.013656522810281495,0.006996658249143051,0.0017172038155113813,0.0,0.0,0.00934129984569173,0.062317506978975847,0.6711921603887673,-1.6400592127102334,-0.1373598101555101,0.9097764980072943,-1.574620665319814,0.20539023092129086,1.1817947234083341,-1.5366673173520389,-0.13253195113783714,1.1873686281626656,-1.7065603437039676,-0.01638144860981695,-1.5244205694070598,1.532798023031862,0.009485849854380092,-0.018271558136747995,5.2824191399067474e-05,0.028395055261934362,-0.02882388652921123,0.013656522810281495,0.006996658249143051,0.00934129984569173,0.2807155219500497,0.23536270273584284,-0.1598159976531335,-0.2825439284368939,0.1550983737608274,0.18212871883786927,-0.2837341499364356,-0.31835046154941876,-0.1973445678481994,-0.25581878207989706,-0.2869840108867327,0.17626095757546315,-0.2506579147080541,0.05578962825086412,-0.000272303962483191,0.27082741900710516,-0.003070050694248421,-0.0021994473137611514,0.0,0.0,-0.9991268125221338,0.04178052775350157
0.013952956459763716,0.006963688996751676,0.0016080603103513227,0.0,0.0,0.00936844088043591,0.062129269285290036,0.671479793202957,-1.6404375269909033,-0.13819658996274808,0.9103575554870119,-1.5740235651899503,0.20571605551162822,1.1815600299195155,-1.5370689174472885,-0.1325056033846516,1.1878371494728446,-1.707134071212487,-0.017208433278755056,-1.5235942150122368,1.5302662021361741,0.009509507532312765,-0.02057589895573239,-0.00038127892106871596,0.028358624191742215,-0.02883199976144621,0.013952956459763716,0.006963688996751676,0.00936844088043591,0.2807491792728437,0.2353258178140444,-0.15975946190486592,-0.28251143028146913,0.15482337717679798,0.18237368872127543,-0.28367516246375474,-0.31820398347788087,-0.19742797571783738,-0.2557699255162268,-0.2870017629642152,0.17624067973637456,-0.250558746155937,0.05571695807295233,-0.000316856419117524,0.27199924984369883,-0.003332322739977265,-0.0023617353251253904,0.0,0.0,-0.9991228939535393,0.04187413017490428
0.014214157037927728,0.006923729535932839,0.0015159281308213535,0.0,0.0,0.009086771182426954,0.06191293540216932,0.671506573689864,-1.640909550974033,-0.1390662755342138,0.9109100283392324,-1.5733099439800187,0.20617375837876492,1.1814741032235574,-1.5375356426175009,-0.13233713335638878,1.1886210873623022,-1.7078562134864346,-0.01806578031372304,-1.5225814972947909,1.527743322737265,0.009508116258270789,-0.02308512854096074,-0.0008640129731705536,0.02831966292438091,-0.028842114049616275,0.014214157037927728,0.006923729535932839,0.009086771182426954,0.2807798443624637,0.23537576147272662,-0.1596933164515584,-0.2824548506272667,0.15453711282619548,0.18263019321728913,-0.28362724383879806,-0.31808630956881406,-0.19754031108646178,-0.25567827232468937,-0.28707558546109574,0.17617887370961213,-0.25043341504255545,0.05565174606724616,-0.00036171035644528985,0.2731826116178586,-0.0036029042832353376,-0.002523718475232889,0.0,0.0,-0.9991190848222962,0.04196491801323297
0.014367579615072002,0.006885928127188703,0.0014666992945958082,0.0,0.0,0.008854930433234851,0.0616866294169586,0.6714047359540158,-1.64138129773556,-0.13993534995805498,0.9114256685212154,-1.5726050174476316,0.20668918634421074,1.1814888079694454,-1.538020009162442,-0.1321010149565319,1.1894954498982269,-1.7086581451780845,-0.01895521889947005,-1.5215758613292003,1.525256078915308,0.009495865103582407,-0.025710189502511253,-0.0013578451432337706,0.028280780019376103,-0.028851724298508376,0.014367579615072002,0.006885928127188703,0.008854930433234851,0.28080981639807656,0.2354627860294673,-0.15962405278386144,-0.2823940103214734,0.15426320832616724,0.182886544828356,-0.28357918409272437,-0.3179934156471203,-0.19766449980624504,-0.2555642623877665,-0.2871584324264574,0.1760979647622945,-0.2503001636755209,0.05558449826780209,-0.0004093563402938322,0.2743711141986718,-0.0038756626461251276,-0.0026853866992368296,0.0,0.0,-0.9991153649409638,0.04205338914861613
0.014572012182951968,0.006836306984844514,0.001400969172483946,0.0,0.0,0.008428049090314698,0.06144196210091546,0.671066077363571,-1.64185253405731,-0.14080329909420652,0.911873489818317,-1.5719161001627877,0.20731090179225742,1.1816888023542877,-1.5385368582386298,-0.13174033765024787,1.1905363086085992,-1.7096069907182014,-0.01990374668982605,-1.5205832647797246,1.5228344498064694,0.009463617978180015,-0.028548527283956546,-0.001872111943194131,0.028242041400615002,-0.02886040647507914,0.014572012182951968,0.006836306984844514,0.008428049090314698,0.28083851233424756,0.23561807172525792,-0.15954902790017117,-0.2823253049180089,0.1540122085412662,0.18314264151618087,-0.2835313631588291,-0.3179461166348576,-0.19781051822218773,-0.255409182684525,-0.2872579353402023,0.1759818981178967,-0.2501523311245175,0.05551551845068065,-0.0004622785605122165,0.27556920560928916,-0.004152429121352682,-0.0028464750593040614,0.0,0.0,-0.9991118171122234,0.04213759493268539
0.01472878995423173,0.006797778312979688,0.0013506402505331083,0.0,0.0,0.007970337541590412,0.061154419793778614,0.670542535365828,-1.6422845549231408,-0.14164324509817483,0.9120853049243056,-1.571312453122747,0.20802371813946924,1.182079412393122,-1.5391347952337073,-0.13122198665702103,1.1916952565212378,-1.7107138297701843,-0.02106897739205985,-1.519556323953923,1.520525743497298,0.0094103931055573,-0.03162373847409384,-0.0024001708085454967,0.028204040839368064,-0.028868381346532163,0.01472878995423173,0.006797778312979688,0.007970337541590412,0.2808658551649759,0.23582184708676857,-0.15946187531351477,-0.2822603413576754,0.153846334155892,0.1833905529618669,-0.2834852758891528,-0.3179361426399051,-0.1979735332041498,-0.2552112164248965,-0.2873591150540164,0.1758229228561672,-0.24999747886422813,0.055449466282349674,-0.0005340380310469802,0.27675964291125926,-0.0044334484608031365,-0.003006946641620524,0.0,0.0,-0.9991084554301825,0.042217227383084914
0.014929831146042946,0.006748887344272881,0.001286010214146538,0.0,0.0,0.007747067013881695,0.06084569813621124,0.6699308272976203,-1.6426989040118736,-0.1424681963336548,0.9121774763068897,-1.570752582294029,0.20877849075618207,1.182562572044014,-1.539774905115166,-0.1306262220312285,1.1929115817050806,-1.7118977356277056,-0.02234603730874174,-1.5185090663449077,1.518275136115567,0.009346819038959158,-0.03481704386688719,-0.002934374240220794,0.028166429083419327,-0.02887595596179466,0.014929831146042946,0.006748887344272881,0.007747067013881695,0.2808925379442689,0.23604878987587694,-0.15936874251426972,-0.2821969178873714,0.15372370786212694,0.18363409048692408,-0.2834400330867494,-0.31794369303513725,-0.19814401423499672,-0.25499249375410593,-0.2874608775463474,0.17564304140932527,-0.2498391312006679,0.055383644076961815,-0.0006154625797352405,0.27794526704389183,-0.004716542436922557,-0.003167117284860887,0.0,0.0,-0.9991051818351088,0.042294628857980784
0.015114997971152606,0.006722280484752567,0.0012250804661093073,0.0,0.0,0.00709599948030098,0.06046439394754852,0.6691444906212339,-1.6431212337225076,-0.14319491241402274,0.911736171117565,-1.5704094483548363,0.20955423875743112,1.1832979613502554,-1.5406449129117414,-0.12978426572060425,1.19428597920693,-1.7133062889911985,-0.024199185242888915,-1.5172570427792185,1.5163170815314222,0.009248317172438306,-0.03845876045275055,-0.003462682446877429,0.028131126413659363,-0.028880107966595448,0.015114997971152606,0.006722280484752567,0.00709599948030098,0.2809172955735418,0.23632693568905144,-0.15925463274989027,-0.2821325860062281,0.15379791031235687,0.18384883707807384,-0.28340135136750766,-0.3179759784663299,-0.19830958091157505,-0.254723387145764,-0.2875623499185991,0.17539695880182685,-0.24967437826314431,0.05533843614867615,-0.0007483680284305076,0.27907687755710964,-0.005005690244170244,-0.0033264072540047387,0.0,0.0,-0.9991021780930571,0.042365525250007946
0.015214569963987592,0.006748897726614646,0.001189277676127976,0.0,0.0,0.006850246954769114,0.06008244010826085,0.6683269963168458,-1.643590440686117,-0.14388366073569994,0.9111046687068555,-1.5701442980926308,0.21028488884436206,1.184128999710083,-1.541613232369391,-0.12883956860375884,1.1957286828316298,-1.7148154837973166,-0.026245473827791698,-1.5158987709339833,1.514533683757654,0.009136921701165254,-0.04229390331162703,-0.003969585985545344,0.028097270256620926,-0.028884598397768583,0.015214569963987592,0.006748897726614646,0.006850246954769114,0.28094154116291326,0.23661956970874795,-0.15913981434729232,-0.28205845894637976,0.15394246304506473,0.18405247374782294,-0.2833651942959619,-0.3180153091532308,-0.19845935697969966,-0.2544423422810017,-0.2876627662998815,0.1751234195597364,-0.24950569967749125,0.055304375261427896,-0.0008981317851870178,0.2801664226067005,-0.005296209058255557,-0.003486225664328109,0.0,0.0,-0.9990992736057663,0.04243396611713582
0.015309956145003125,0.0068297226520295405,0.001150774675728883,0.0,0.0,0.00640866040212916,0.05969931892800651,0.667453515649642,-1.644143880213667,-0.14450418574097973,0.9101314056639703,-1.570019274750012,0.21093450361650262,1.1851319074630737,-1.5427582055930322,-0.12771025910073477,1.1972941240208261,-1.7165055186956522,-0.02863881201952096,-1.5143495842114392,1.513064122440031,0.009002358033853089,-0.046476609004823956,-0.004438028011421029,0.028066013302128986,-0.028889696938829534,0.015309956145003125,0.0068297226520295405,0.00640866040212916,0.2809648666805869,0.23693832012534707,-0.15902369446005468,-0.28196692660177886,0.15421342513301262,0.18423611457010866,-0.2833336072149828,-0.31806732101252905,-0.19858102011296974,-0.2541399756781442,-0.2877615084983654,0.17480039119744953,-0.24933012394798237,0.055292813832973964,-0.0010784152552228672,0.28118051931229326,-0.005589191400252233,-0.0036469936173959268,0.0,0.0,-0.999096552105286,0.04249799490952123
0.015356984880398737,0.0069233878388331015,0.0011277728832803646,0.0,0.0,0.005927559025866187,0.059341858447398116,0.6663788417041702,-1.644834226409861,-0.14506402661736378,0.9089717560966543,-1.5700151856313616,0.211397378436671,1.1863782213838308,-1.5440375060843141,-0.1263834580079021,1.1989314908149258,-1.7185011134051638,-0.03148607130868723,-1.5122566399158248,1.5119686734756368,0.008856634659405123,-0.051147667853624235,-0.004827918828583804,0.028042721643343867,-0.028897612049375604,0.015356984880398737,0.0069233878388331015,0.005927559025866187,0.2809875721499424,0.23733127505193574,-0.15891292281580918,-0.28183927824676264,0.15456090282377563,0.1844013309000991,-0.28330174088111143,-0.31816042426064467,-0.19864651246159812,-0.2538266581651958,-0.2878219017567197,0.17442382908306064,-0.24914095240233142,0.05532923194620021,-0.0013004113223277105,0.2820890417726335,-0.0058831962406785294,-0.0038104321379464545,0.0,0.0,-0.9990940312563422,0.04255721687271228
0.015416585697061627,0.007042893829578937,0.0010985206037553155,0.0,0.0,0.005694768047477551,0.05899792514591409,0.6651986705376798,-1.6455904977433633,-0.14559732067504985,0.9077385517974828,-1.5700675049084145,0.21176721875699575,1.1877447126695775,-1.5453760271904453,-0.12496112872090115,1.2005964437587149,-1.7206481259141193,-0.03455414555516819,-1.5098873680870004,1.5110476861064066,0.008706309848258759,-0.056059057180513475,-0.005177904770478307,0.02802343376530897,-0.02890683223037112,0.015416585697061627,0.007042893829578937,0.005694768047477551,0.2810099775959181,0.23776212830591797,-0.1588050747347532,-0.28169325894480257,0.15494006714226627,0.18455832802614475,-0.2832686238103363,-0.3182749943738722,-0.19868407617074707,-0.25350849337780745,-0.2878608894036498,0.17402189425403278,-0.2489449497636339,0.05538891065102534,-0.001543256206943966,0.28294810757809996,-0.006177695877475026,-0.003975162681054649,0.0,0.0,-0.9990916061015038,0.04261411289136118
0.015477406094392021,0.007165073149486485,0.0010686432755244168,0.0,0.0,0.005019674334192698,0.05872865236245546,0.6634527116813915,-1.6465277431795262,-0.1461434743348384,0.9068226090213597,-1.5702161580924219,0.2117818799994936,1.1895362842803034,-1.5467020193202383,-0.1232627965259872,1.202111188197296,-1.7233480143067021,-0.03830008853801945,-1.5062950593513131,1.5104233570546912,0.008568110519507587,-0.061795979888247164,-0.005351676968170092,0.028020529263971635,-0.028917993750148172,0.015477406094392021,0.007165073149486485,0.005019674334192698,0.2810315129740926,0.23837691836973166,-0.15871495916115347,-0.2814809710496242,0.15524027430015808,0.1847153221987319,-0.2832088509305381,-0.318510530767437,-0.19862047430865712,-0.2531931611126336,-0.2877572267694452,0.17354674059671005,-0.24873999836746377,0.05553608340600644,-0.0018528615637181398,0.28372151065689216,-0.006473631669935964,-0.004143634107863943,0.0,0.0,-0.9990894657531042,0.042664263982600065
0.015523170554168674,0.007256141242456599,0.0010462665317845232,0.0,0.0,0.0047622073771449325,0.0584835647136573,0.6614868666901684,-1.64748893648186,-0.1467857639861587,0.9061262923599089,-1.5703991859551245,0.21165849973491374,1.1913794699131242,-1.54797782753938,-0.1214726706779243,1.2034760569566048,-1.7262248724899036,-0.04239302206059433,-1.5020693672583407,1.5098332986735659,0.0084473670822812,-0.06790173646287634,-0.005437537533974887,0.02802389693890242,-0.028928548691406746,0.015523170554168674,0.007256141242456599,0.0047622073771449325,0.2810527233269391,0.23905687641185178,-0.15863085483112555,-0.28125033759898965,0.15548032269557488,0.18489759885167253,-0.2831227444106226,-0.3187699100207566,-0.1985212965742007,-0.2528957582837623,-0.2875811402444923,0.1730492521698509,-0.24854098175536296,0.05572336754644957,-0.0021974885348481875,0.28448337533877477,-0.006770105176174003,-0.004313500705893909,0.0,0.0,-0.9990874328594789,0.042711842646464104
0.01543008483961623,0.007573834450852586,0.0010401410544466638,0.0,0.0,0.004310649950219875,0.05828089407026368,0.6591353752469056,-1.6484921306571705,-0.1475966613764731,0.9058151661149607,-1.5706425017158456,0.21129301590407454,1.1933131786000808,-1.5491656208998406,-0.11952155288433867,1.2045780668322672,-1.7294121084597287,-0.04709452360668441,-1.4967328182002841,1.5093033457762444,0.008357238593267514,-0.07465437089636826,-0.005369214622316344,0.028038265046057286,-0.028938039787263677,0.01543008483961623,0.007573834450852586,0.004310649950219875,0.281073363635364,0.23985151327690987,-0.15855721799909359,-0.2809879810845523,0.15561485450929685,0.185124224774588,-0.2829908388195256,-0.3190715173592011,-0.1983599154500813,-0.25262988823782456,-0.28727862309887997,0.1725118940180819,-0.24835288751292717,0.05598217752181879,-0.002603437937851462,0.2852249283979377,-0.007067521749651874,-0.004485814219603203,0.0,0.0,-0.9990855907732178,0.042754909768708375
0.01524208617326491,0.007967041654067662,0.0010533070804286115,0.0,0.0,0.0036556957474912057,0.058129908704517674,0.6566676247439929,-1.6495125761768161,-0.14881118396984652,0.9059719013287717,-1.5708679160815757,0.21074258016059863,1.1950413712719143,-1.5502679576009712,-0.11744169380840838,1.2053756529852848,-1.7326820508745693,-0.052764935031433265,-1.4897622918122566,1.5086588339517581,0.00832775740840491,-0.08214208136168906,-0.0050908464363357345,0.028066120923015494,-0.02894745509596479,0.01524208617326491,0.007967041654067662,0.0036556957474912057,0.28109432896911696,0.24068025398779885,-0.1584975727451606,-0.28070901641278734,0.15560585431982002,0.18546260386426772,-0.28278746685222034,-0.3193323043330218,-0.19815869188040744,-0.25242293621016026,-0.28688150380960836,0.17194601114994446,-0.24819852125737976,0.056339751925507865,-0.0031044791297746626,0.28597551191650405,-0.007359170295523119,-0.0046680751881693445,0.0,0.0,-0.999084027116205,0.042791433269595
0.014794108779933464,0.008730708849475091,0.001102465911199946,0.0,0.0,0.003333146799469879,0.058004113751769865,0.6541624565252522,-1.650543908944866,-0.15022661481927707,0.9063463779103836,-1.5710763299225161,0.21010800076011044,1.1966524492174186,-1.5513322609382987,-0.11530141677432411,1.2060334162424076,-1.7359791082023774,-0.05889964808753677,-1.4819879787880301,1.5079481417700749,0.008329160386483942,-0.08998461012672263,-0.004709870517003853,0.02810032679480594,-0.028956689565573762,0.014794108779933464,0.008730708849475091,0.003333146799469879,0.28111549591858115,0.24151962541331795,-0.15844471904086252,-0.28042103185925554,0.1555286149992567,0.18585656073783693,-0.2825497305264792,-0.3195675611701483,-0.1979401081375167,-0.2522454115819777,-0.28644342964137326,0.17136736012706016,-0.24805932293718339,0.0567474080385495,-0.0036547789604384267,0.2867308291302335,-0.0076477236970759095,-0.004855459468476726,0.0,0.0,-0.999082600259932,0.042824734183098484
0.014266325332220537,0.00960092769496236,0.0011632506479355988,0.0,0.0,0.0021910949688850627,0.05796085055542472,0.6520265336804741,-1.6516742746301944,-0.15240734485571816,0.9071713815999511,-1.5710175417413648,0.20935104027290471,1.1974466267048112,-1.5523643837679153,-0.11302269002635205,1.2064515212238236,-1.7390277873749702,-0.06635298339912558,-1.4713906393755203,1.5067561952859763,0.008465633908874236,-0.09890162614767987,-0.003986695556332597,0.02814962052358877,-0.02896165384617228,0.014266325332220537,0.00960092769496236,0.0021910949688850627,0.28113842760556496,0.24226350135467634,-0.15841493684119948,-0.2801216966886471,0.15527100733466892,0.18646879197192737,-0.28222171172634974,-0.3195816314445584,-0.19771282977325308,-0.2521891437433298,-0.28598943200939503,0.17076088965616817,-0.24798299661914922,0.057320921786795584,-0.004340451062248415,0.28756984753253273,-0.007918880322648076,-0.005066660406292986,0.0,0.0,-0.9990816616895113,0.04284662502140793
0.013871203708827155,0.010252439347679757,0.0012084516702884354,0.0,0.0,0.0017527611511754804,0.05796023328232285,0.6500858672513258,-1.6528987900522731,-0.15488938837243407,0.9081079207810779,-1.5707819653837474,0.2086355706189303,1.1977826492898416,-1.5534082555130824,-0.11071553486305594,1.2068717383698329,-1.7418808009000433,-0.0743667089799107,-1.4593078410065414,1.5053025780108151,0.008657181710504848,-0.10820861210759058,-0.0031274361410897,0.02820540297051404,-0.02896405795226561,0.013871203708827155,0.010252439347679757,0.0017527611511754804,0.2811620259444986,0.2429612032937046,-0.1583965843723857,-0.27980846138565996,0.15495003102135893,0.18716802334366034,-0.28186816106074475,-0.31946587654461506,-0.19750796539104598,-0.2521820566026531,-0.28557273584560106,0.17015051495911962,-0.2479280235724448,0.057990657528127626,-0.0050936089842239215,0.2884245182205618,-0.008183402296830745,-0.005286942723663463,0.0,0.0,-0.9990809105370457,0.04286413653006093
0.013343539300901855,0.011122541388512897,0.0012691188978661285,0.0,0.0,0.0010022805240766975,0.05803263099901628,0.6484795034731794,-1.6542845012357572,-0.15788731709022652,0.9092354222432079,-1.5702437062391499,0.20799113830063967,1.1973342551481003,-1.5544722428257833,-0.1083597068068565,1.2072955717976461,-1.7443988111195148,-0.08333989062765304,-1.444681756848457,1.5034009486236828,0.008943023353865084,-0.11818327387207311,-0.0020351836445347527,0.02827229488941047,-0.02896207872928189,0.013343539300901855,0.011122541388512897,0.0010022805240766975,0.2811867656723765,0.24358081253780775,-0.15839783644929012,-0.2794732370201218,0.1545204422608593,0.18801650118354865,-0.281470874930453,-0.3191281001434324,-0.19734116144889977,-0.2522591411195534,-0.28521922154479606,0.16953272275740877,-0.24791184999249033,0.05882597966604344,-0.005960513522721633,0.2893063397345182,-0.008436564943634425,-0.005522773463604035,0.0,0.0,-0.9990804808679713,0.042874150121294016
0.012927684319486312,0.011803025386559623,0.001318477744223501,0.0,0.0,0.00017584769709137548,0.05820746524821992,0.6470337266089932,-1.655863561886269,-0.16134650475226794,0.9106705892806085,-1.5691682924360237,0.20758680509240834,1.1960180565814844,-1.5554302306783279,-0.10588031982215458,1.2078037309966632,-1.7465175718269093,-0.09362824621216567,-1.4270109730278884,1.5006784408684546,0.00932191222306066,-0.12871306874608038,-0.0006999700398953111,0.02835317153558635,-0.028954164443800112,0.012927684319486312,0.011803025386559623,0.00017584769709137548,0.2812127907004132,0.24417563379892723,-0.15842600725501607,-0.27909863556292,0.1539072049186732,0.18900256004907626,-0.2810610483567777,-0.31857040657827157,-0.197258805556178,-0.25241342127818467,-0.2849614171600133,0.16888870064256142,-0.2479434971953536,0.05985756305073179,-0.006985157388916525,0.2902801953426862,-0.008677067147605372,-0.005775934097750876,0.0,0.0,-0.999080405473221,0.042875906981245424
0.012283068151317201,0.012732088070175574,0.0014268711909362632,0.0,0.0,-5.780953624276508e-05,0.05842648346552113,0.645644935785524,-1.6575246633299245,-0.16501853815061135,0.912263592017577,-1.567837919564855,0.2073044080862263,1.194296965263034,-1.5563319125431496,-0.10333602245422016,1.2083517457014763,-1.7484546899795532,-0.10454596864097075,-1.4078814303314926,1.497547313270953,0.009743378147632886,-0.13951062216054677,0.0007492959524361148,0.028440566295945404,-0.02894333109334611,0.012283068151317201,0.012732088070175574,-5.780953624276508e-05,0.28123950478214543,0.24476226145865004,-0.1584655941161401,-0.2787058980079478,0.15320273651572328,0.19005132069928948,-0.28064191449088605,-0.31791136782285667,-0.19721813750114062,-0.2526015626244647,-0.2847475390449251,0.16823077560515412,-0.24799674719971573,0.06100073823931939,-0.008103559188159644,0.29128996834572646,-0.008911323071076166,-0.0060374607557068345,0.0,0.0,-0.9990804302594171,0.042875329417489165
0.011529409133238154,0.0137460093298436,0.0015719774985475945,0.0,0.0,0.002742578321302261,0.05867242178060864,0.6439966111375182,-1.6592032413354656,-0.16915310699267677,0.9145549347736691,-1.565794654340552,0.20753658917926301,1.1915963608146514,-1.5569456439690301,-0.1004738400146465,1.2090075096027963,-1.7500550746917725,-0.117335020595749,-1.3843768987079594,1.4928600836120196,0.010249324155433868,-0.15114975115596851,0.0024898429932510356,0.02854357987342265,-0.0289221145837699,0.011529409133238154,0.0137460093298436,0.002742578321302261,0.28126986554805067,0.24542326870372863,-0.158511449212152,-0.2782921418878555,0.1521661467458638,0.1912387107407422,-0.28021162389292953,-0.31703701827809655,-0.19733647960272113,-0.2528500652244645,-0.28462353316211764,0.1674971406060981,-0.24811277418104213,0.06243739782725153,-0.009464047405615053,0.29255762051924894,-0.009122952243825734,-0.006325437699838374,0.0,0.0,-0.9990792539941863,0.04290272996465699
0.01086985279464946,0.01456578316158134,0.0017160837282259591,0.0,0.0,0.005366489630403064,0.05888173504163755,0.6422397916348989,-1.6607962670742265,-0.17342044668109627,0.9170591933215224,-1.5636208361427255,0.2080382351207253,1.188577052730842,-1.557514749917408,-0.0974129318140897,1.209748986583428,-1.7515201356586994,-0.1307602268237396,-1.359389300314372,1.4873503514584279,0.010776399841044575,-0.16318891807490551,0.004319037627991321,0.02865148190058918,-0.02889904579860252,0.01086985279464946,0.01456578316158134,0.005366489630403064,0.28130238388208734,0.24610373907666874,-0.1585473999001914,-0.27789045214961533,0.15104166373491693,0.19246277089002,-0.2797605279751592,-0.3160820808235711,-0.19753133789818678,-0.25309667157788857,-0.28454655205431384,0.1667151520156937,-0.24825712564256464,0.06400620010169782,-0.010942806419200656,0.2940057658666401,-0.009323665847214276,-0.006624812022751611,0.0,0.0,-0.9990769501849969,0.042956345387443855
0.009988547652625695,0.015660500674886512,0.0019081761973016587,0.0,0.0,0.009752729453813908,0.059029824331702806,0.6403016075991944,-1.6622462800685192,-0.17790973166491364,0.9199193708048571,-1.5612287801384126,0.20899032976403334,1.1850249863310949,-1.5580092580526468,-0.09401982532651629,1.2106337451294764,-1.752758983797675,-0.14524885512038377,-1.3319225455290518,1.4804656897615265,0.011338796779113333,-0.17589680510479344,0.00629641928541282,0.02876755566454974,-0.02887288067214841,0.009988547652625695,0.015660500674886512,0.009752729453813908,0.2813385088971797,0.24681788391908113,-0.15856704497430701,-0.27750995001287815,0.149770861419851,0.1937489139320513,-0.27927870205525307,-0.31499241592270216,-0.1978545204209582,-0.2533407099320413,-0.28454806714241426,0.16585194909074194,-0.24844991764757995,0.06578504517494872,-0.012603254493970036,0.29576793217771014,-0.009506132528685885,-0.0069432386803447025,0.0,0.0,-0.9990727560174512,0.0430537824551396
0.009300287387937636,0.016516278571992497,0.00205827539399156,0.0,0.0,0.014731279557555254,0.05893107306137181,0.6384517462461586,-1.663445016681748,-0.18247945836726454,0.9223229985109112,-1.5589054110866265,0.21041603161384595,1.1809729581711277,-1.558757023923349,-0.09012323572931671,1.2119670010253087,-1.7536571913917594,-0.16091334739787477,-1.3024499488356927,1.4716133907337317,0.01190787523159845,-0.18944628511699263,0.008376871856029516,0.028888086682098024,-0.028842471827496618,0.009300287387937636,0.016516278571992497,0.014731279557555254,0.2813787109299794,0.2474772059183669,-0.1585210161741416,-0.27720535462821383,0.14864729414464803,0.19505720217639227,-0.27878499825213293,-0.31371135665075345,-0.19830601451873614,-0.25354821148065815,-0.2847278107885151,0.16486324752390263,-0.2486952027981498,0.06775443684298404,-0.014469675119950488,0.29811175955102015,-0.009667837060987951,-0.007283281430214545,0.0,0.0,-0.9990664028039288,0.04320095818865555
0.008447485904671974,0.017574332348266497,0.0022441148757934575,0.0,0.0,0.017083071618923768,0.058718193197410375,0.6366444362089938,-1.6645313701373619,-0.18706360119301202,0.9244768091496205,-1.5566098938052286,0.21205701743996383,1.1767075421826152,-1.5596413012318964,-0.08598922133045707,1.2135307740845136,-1.7543961017723853,-0.17711755033307433,-1.2720351571204678,1.4618285390354642,0.012477241531514483,-0.2033787277720919,0.01050052180536242,0.02901031165665028,-0.028810226239714045,0.008447485904671974,0.017574332348266497,0.017083071618923768,0.28142083991293937,0.2481106795386986,-0.15844468268117756,-0.2769345744561049,0.1476020035787275,0.19636869552414263,-0.2782863404338943,-0.31234198544236574,-0.19881490184778924,-0.25373083274092945,-0.28499596888112205,0.1638149903658642,-0.2489603647182906,0.06987945303003354,-0.016488599404265225,0.3006877504322291,-0.009819727203489951,-0.007633536344631608,0.0,0.0,-0.9990590081753571,0.043371628787397476
0.007791209805466361,0.01837799501300939,0.0024271741409440106,0.0,0.0,0.023780513044345353,0.05822615545468042,0.6349736632116689,-1.6654146965718108,-0.19125186526935373,0.9252864892450755,-1.5543085620707313,0.21415470290504046,1.1722566109375665,-1.5612270068002227,-0.08118672011382627,1.2160966168314018,-1.7547113095353915,-0.19456694405150898,-1.2390360120158868,1.4493310739530012,0.012994284166535676,-0.21813140164485717,0.012645442338797875,0.02912973521914858,-0.02877586115551675,0.007791209805466361,0.01837799501300939,0.023780513044345353,0.28146847552501114,0.24868185340378615,-0.15829373087660292,-0.2767378552367989,0.1469593151741206,0.19758004827084732,-0.27789964918386606,-0.31078025569131656,-0.19943218810805552,-0.2538033098892583,-0.28559998906702744,0.16259613284688554,-0.24925202661259477,0.07230102638000407,-0.018774343600039576,0.30401811774084025,-0.00994354443962142,-0.008012892917461144,0.0,0.0,-0.9990486659304825,0.043609208918796744
0.007724848899090815,0.01843121965643135,0.0025466659525102964,0.0,0.0,0.026171357918876453,0.05767683854839146,0.6331394734798662,-1.6662214490391265,-0.19514349703020697,0.9254753353611734,-1.5519627820725408,0.21626471093036986,1.1680835765480195,-1.5630624550300956,-0.07612126110584143,1.219133001845955,-1.7550747194546181,-0.21227809016736565,-1.205196185400022,1.4357575746190627,0.013473063619844867,-0.2332506308819624,0.014745984739005171,0.02924756363234264,-0.02873823564224595,0.007724848899090815,0.01843121965643135,0.026171357918876453,0.28151792687857713,0.24928987837851344,-0.15812736676340713,-0.27655103778046963,0.14649519470679795,0.19871484318165114,-0.2775851163398535,-0.30924627569906515,-0.2000404774125241,-0.25381279672827606,-0.28631555176513246,0.16130773505245313,-0.24951779991181577,0.07492712405538729,-0.02123224481584538,0.3076050800646902,-0.010066135242681375,-0.008393015718750107,0.0,0.0,-0.9990372185939117,0.04387067202745662
0.008057212879588497,0.0179564929784589,0.002688929538598172,0.0,0.0,0.030074061776222943,0.05703402183099881,0.6310385299609012,-1.6669032057659738,-0.19855092015842465,0.9246507613050857,-1.5495444468203807,0.21839483372317064,1.164364167907894,-1.5653055714280812,-0.07062656217373456,1.222937477915079,-1.7555168123053224,-0.23041650857901416,-1.1699840698466204,1.4204276076099216,0.013889384055947699,-0.24896820784615195,0.016774086362913554,0.0293627881988783,-0.02869528795798753,0.008057212879588497,0.0179564929784589,0.030074061776222943,0.28157034216311155,0.24995856858393584,-0.15793576294041536,-0.276380878030062,0.14632386053374796,0.19972618227765976,-0.27739473625001226,-0.3077590421674684,-0.20063431631162218,-0.2537263818044135,-0.28721304571085055,0.15990658774207847,-0.2497434757256782,0.07782330246708105,-0.02391410815513504,0.31165278749069086,-0.01018672407410989,-0.008774389275318425,0.0,0.0,-0.9990239797219832,0.04417112111380427
0.008609999639618565,0.01720807793361628,0.0027890473404179605,0.0,0.0,0.03406824070067209,0.056373594141246486,0.6279224417353636,-1.667450603222687,-0.2013205783879197,0.9231617898749025,-1.5473445477901688,0.22023076399060704,1.1619647981336452,-1.567801840353332,-0.06487260783878748,1.2272812856123752,-1.7564714570973543,-0.24846836024482782,-1.133841680200308,1.4033122086684975,0.014186154375940362,-0.26498728030479995,0.018624829365903102,0.029467090314266666,-0.02864585416829026,0.008609999639618565,0.01720807793361628,0.03406824070067209,0.28162548406012106,0.25089795515652596,-0.15773756999767832,-0.2761772886107469,0.1463913353449051,0.20056196256487968,-0.277302876517217,-0.306593520754063,-0.20111492495246408,-0.2535101799257516,-0.28815251526445407,0.1584345888157269,-0.24988209812820833,0.08098741242476204,-0.026782832355484808,0.31615307913035695,-0.010323775388400427,-0.009136916563264876,0.0,0.0,-0.9990088734225098,0.04451146844452372
0.009283236320622203,0.01629452751396588,0.002911531885198271,0.0,0.0,0.03594049581526093,0.05570277004133935,0.6242932631265397,-1.6679355634138888,-0.20379326222526947,0.9213970987588768,-1.5452688980422564,0.22190818800622186,1.1602238104647438,-1.5704047711903617,-0.059013569114992274,1.2318160773923734,-1.7577041743585728,-0.26644218858056423,-1.0972953174738276,1.385392193826253,0.014423011058328937,-0.2811192262092693,0.020386032922655947,0.02956609313545011,-0.02859326632655907,0.009283236320622203,0.01629452751396588,0.03594049581526093,0.28168190405672827,0.25197385052292687,-0.15753561541057007,-0.27595301201650246,0.1465642537106826,0.20131553194429527,-0.27725185773738775,-0.3055930562362895,-0.20153576742214296,-0.2532319250379223,-0.2890868153988454,0.1569354694219074,-0.24997276099255591,0.08437268470423548,-0.029843628978281495,0.32076687038189916,-0.010468543547786922,-0.009490613994382372,0.0,0.0,-0.998992811258105,0.044870514312054126
0.00998294000559594,0.015345011108860319,0.003038809303469725,0.0,0.0,0.0412449475836603,0.054968110216944005,0.6186123986372212,-1.6682523464996544,-0.20545627496786567,0.919424651453159,-1.5438962190743262,0.222805710246899,1.1609842617239727,-1.5731171905594383,-0.053120770010372124,1.2358993139843013,-1.7603318843265507,-0.2835937478398317,-1.060119633706624,1.3657111137505344,0.014427904852184674,-0.29711415843675604,0.02179074419924877,0.029647200999643977,-0.02852991664619654,0.00998294000559594,0.015345011108860319,0.0412449475836603,0.281741945335529,0.25360738818742184,-0.15731112546895842,-0.2756396180598288,0.146923004292337,0.20182957218643988,-0.2772492060281624,-0.30527497116179986,-0.20169423655804122,-0.25278923459058056,-0.2896440556809233,0.15542505798313913,-0.24995222216864837,0.08804835105042393,-0.033045089378637815,0.3257548492088289,-0.010635177004807348,-0.009819363043862302,0.0,0.0,-0.9989742194663765,0.045282544556857776
0.01051008116783098,0.014632227295455434,0.0031341342317983694,0.0,0.0,0.04339228722628314,0.05416629780958963,0.6122813240793727,-1.66839578807754,-0.2069237575234983,0.9173069478281393,-1.5430327997911697,0.22329427901930457,1.1627078348358206,-1.5758746014345413,-0.047389402085502665,1.2394390642242943,-1.7635802286583304,-0.3002665201889589,-1.0229276646703682,1.3455320632697751,0.014309242577135763,-0.31307409803739333,0.0230213721601555,0.029721561863068367,-0.028463665289716833,0.01051008116783098,0.014632227295455434,0.04339228722628314,0.28180345642886706,0.2554024641552142,-0.1570677044998031,-0.27531571998962434,0.14741496967153742,0.20227820015067208,-0.2772207320603213,-0.30521840277613427,-0.2017239937019074,-0.252300624434595,-0.2899446266917297,0.15395840358273366,-0.24989121919455792,0.09192600645703998,-0.03640947505210007,0.33073774219226554,-0.010810691669533317,-0.010138024369742246,0.0,0.0,-0.9989544762866167,0.04571601805638109
0.011192795434524441,0.013715070988594277,0.0031636865347017813,0.0,0.0,0.046815587322609216,0.053257430559836776,0.6049136827456071,-1.6682628881211248,-0.20807952528831944,0.9149576761578554,-1.5429812437735948,0.22313089298721928,1.1659668195967707,-1.578703737898961,-0.041915388215308214,1.2421123869467101,-1.7678179900918232,-0.3161760090581523,-0.9857097336109852,1.324559146925907,0.013993606858905529,-0.32897825229087935,0.023974475994606146,0.029785166638309525,-0.028392788072760473,0.011192795434524441,0.013715070988594277,0.046815587322609216,0.2818673107048009,0.2574563319637423,-0.1567940208530095,-0.27497690194508384,0.14811871079554026,0.20262195883162296,-0.2771516170299665,-0.3055770531322119,-0.201549633387649,-0.2517392462627753,-0.28983922483500973,0.1525594355248999,-0.2497733419874677,0.09602094061254116,-0.039913301782836585,0.335804717574609,-0.011000364781326096,-0.010440603817419318,0.0,0.0,-0.9989329645938699,0.04618367945175184
0.01172259763173576,0.013011129815272995,0.0031135326263878604,0.0,0.0,0.04944758897732303,0.05232885702444402,0.5973943771931949,-1.6678997310215995,-0.20918503718688183,0.9121905409249683,-1.5438489101877149,0.22216474834904573,1.170498927167598,-1.5815884002903164,-0.03690307552382447,1.2434136619503866,-1.772841783977995,-0.3308597605100415,-0.9488771813827871,1.3033585020359728,0.013439672639680985,-0.34446776823309455,0.02456906250359228,0.029835861538780616,-0.028317339868353518,0.01172259763173576,0.013011129815272995,0.04944758897732303,0.28193000389025513,0.25952562280563923,-0.15651656163031707,-0.27465772493961577,0.14910872614436993,0.20293167885654226,-0.2769949680989443,-0.3062781254667245,-0.2011409344327381,-0.25115668101289046,-0.2892396868085625,0.1512819956073079,-0.24964712224122038,0.10028776048647538,-0.04347948494599373,0.3407443592575516,-0.011205874683472936,-0.010725596775894599,0.0,0.0,-0.9989100057551183,0.046677622072140136
0.012339971888781096,0.01220216607378559,0.002925505474110635,0.0,0.0,0.05056295369454498,0.05139057448246335,0.5898836803116254,-1.6674512832756812,-0.21028270447414193,0.9092116971944002,-1.5451163237526913,0.22082886889876935,1.1755597359382066,-1.5844929922347102,-0.03211822055730243,1.244069190633377,-1.7781999879235388,-0.3449625196872942,-0.9122504371924688,1.2821257026403543,0.012774982945931037,-0.3597541343445746,0.024996219340386806,0.029880549971189274,-0.02824019415666593,0.012339971888781096,0.01220216607378559,0.05056295369454498,0.28199185200985644,0.2615810077875638,-0.15623718985631618,-0.2743405628694241,0.15023162373291984,0.20322987969442152,-0.2767961365378888,-0.3071186080773599,-0.20062683682214866,-0.25056814893660123,-0.2884164292192328,0.15006597909715869,-0.24951392123360364,0.10470926276958986,-0.047183524397943204,0.3454886446686695,-0.011418692061315048,-0.011002508042092692,0.0,0.0,-0.9988862764793964,0.047182694508970786
0.0129767922338826,0.011370970957399572,0.0026896495947101302,0.0,0.0,0.05217195312356339,0.05041729353818317,0.583511929384014,-1.6670696971400472,-0.2115769932334055,0.9053921481506937,-1.5471182009517745,0.2185028511405791,1.181216147121967,-1.5873706772823462,-0.02815307946813185,1.2427990508559565,-1.7840609046436797,-0.3572755645985572,-0.876577468126412,1.26184120234227,0.011799473277974445,-0.37432330996798197,0.02494224215913939,0.029908293776914178,-0.028164302311437642,0.0129767922338826,0.011370970957399572,0.05217195312356339,0.28204702410921956,0.26332253706517544,-0.15595154972550274,-0.27407907047755775,0.1517350628439877,0.20356930971048165,-0.2765060237294658,-0.3081249422786843,-0.19985202569155872,-0.2500632365092545,-0.28701755427992953,0.1490614674843151,-0.2494133123260738,0.10920582997405953,-0.050812352592843515,0.34971608951174865,-0.011651268663297364,-0.01125803702954678,0.0,0.0,-0.9988615244020637,0.04770382656753413
0.013456893365002113,0.010745310465286699,0.002513320854045931,0.0,0.0,0.05284103572564731,0.049548712752809455,0.5777778721495762,-1.666913836594396,-0.21296698645057294,0.9012617328823013,-1.5492090410834192,0.2158756664135312,1.186757833365626,-1.5900818893573427,-0.024608562656696996,1.240777024486721,-1.7898775779160878,-0.3686513694740782,-0.8413141149802494,1.2422996559399087,0.010699227233511084,-0.3884902552470266,0.02468936460330182,0.029928226723966982,-0.028091037858452572,0.013456893365002113,0.010745310465286699,0.05284103572564731,0.28209943799364484,0.26490694231517925,-0.15569481356282103,-0.27379824604513553,0.15334616188302622,0.20393329811653205,-0.276194013660181,-0.30912663198183693,-0.19901011352320203,-0.2496242748277168,-0.28544266918379924,0.14816582975846126,-0.2493305760076266,0.11380019366654975,-0.054478023872610845,0.35347187236733424,-0.01189205559258093,-0.011504743798267122,0.0,0.0,-0.9988361777562034,0.04823162868262098
0.01409396329942689,0.009914607786399918,0.002277887507573517,0.0,0.0,0.053882901415467324,0.04884316507201867,0.5730367950945092,-1.6671094630388605,-0.21450600518076213,0.8966472544926125,-1.5514384092100515,0.2127795216921192,1.1921208764882696,-1.5925338792320867,-0.021719017934879195,1.2375842032816586,-1.7956253578198835,-0.3785677577225154,-0.8066885923379219,1.2239149948894577,0.00940474883134433,-0.40203087041842056,0.024126770749888164,0.02993599704823038,-0.028021864630531943,0.01409396329942689,0.009914607786399918,0.053882901415467324,0.2821475569433814,0.266247751723659,-0.1554831047787212,-0.2734966780832827,0.1551255062457056,0.20433612099546158,-0.27585014307308703,-0.3101247162625654,-0.19806269198131857,-0.2492907399507342,-0.28359192388612064,0.14743750682202797,-0.2492804469089966,0.11846215586851158,-0.058069489555953084,0.3566122765469743,-0.012145627174376441,-0.011737713112102059,0.0,0.0,-0.9988100441558556,0.04876982359387676
0.014608759490314743,0.009270168239144266,0.002096415866141565,0.0,0.0,0.05512086178291633,0.04836924344101208,0.569340791478253,-1.6678327225998744,-0.21611350674757224,0.8918627748553385,-1.5534711500142244,0.2094227651621671,1.1966684440638395,-1.5943167329634595,-0.019543046819283642,1.2328340167167202,-1.8011069289789905,-0.38659301860220485,-0.7725829542083226,1.207528069515356,0.007931886981522664,-0.41488321195512823,0.02322697449450524,0.029930580282371316,-0.027953453587005603,0.014608759490314743,0.009270168239144266,0.05512086178291633,0.2821905534939478,0.267347980224041,-0.15533376642313834,-0.27314112162129106,0.1569206215082471,0.20476159068198338,-0.2755151887662217,-0.31102553052558546,-0.197084261449609,-0.24913576875194735,-0.2814049876472405,0.14689111236256144,-0.2493087148974052,0.1231832632014124,-0.06148270657079221,0.3588180437332561,-0.012414495666955143,-0.011954364935623721,0.0,0.0,-0.9987830100740915,0.04932036888889854
0.015319933202010291,0.008791889136668276,0.0019644580831465475,0.0,0.0,0.05646931286614282,0.04798672868301404,0.5660946593188599,-1.6687907088522944,-0.2177470311922515,0.8870299974543936,-1.5553874945480552,0.20598510382759488,1.2007794504197653,-1.5957598994242266,-0.017705414419206193,1.2273444877374893,-1.8064249005893733,-0.39373945159800106,-0.7387168579453588,1.1920851733060491,0.006381774316510588,-0.4274343878230793,0.02217639058878357,0.02991902683830301,-0.02788561832584791,0.015319933202010291,0.008791889136668276,0.05646931286614282,0.28223141357802706,0.26834414868155654,-0.15520900170362645,-0.2727605178411143,0.15870855320547728,0.20519483289574492,-0.27518123787826015,-0.3118701323649323,-0.19610394530176106,-0.24906337031284817,-0.27906907726116703,0.14643051914290137,-0.24936366493636256,0.1279732322462258,-0.06486945598745804,0.3604774903612973,-0.012690602554845932,-0.012164286472178347,0.0,0.0,-0.9987549999555354,0.049884366928112114
0.016136461943259336,0.008503994527244435,0.001889639752822303,0.0,0.0,0.06993730649003368,0.04766685760661259,0.5637031761591866,-1.67029621617106,-0.21938376468700052,0.8824382180335537,-1.5566580639589553,0.20281205471330038,1.2029173782207823,-1.5958670929774341,-0.016927348187305777,1.2195283806564023,-1.8107767297117503,-0.39835033180729656,-0.7055164295554959,1.1795599252585596,0.0046787209083769795,-0.43934808841487716,0.020764021990483227,0.0298896629563314,-0.027822189208045103,0.016136461943259336,0.008503994527244435,0.06993730649003368,0.28226913181727364,0.26915443149625473,-0.15509957684783957,-0.2723305030679858,0.1603131759825592,0.20564268324008048,-0.2749106550320023,-0.3124353273221276,-0.19526003910221607,-0.24927974444389175,-0.2763283595037328,0.1462390768752479,-0.24959548068438844,0.13276590593617327,-0.06786935162990627,0.36092381025269765,-0.012989200620393227,-0.012365352143627287,0.0,0.0,-0.9987198679160533,0.05058285707372634
0.0168238763603291,0.008503639020756952,0.0018990379851938077,0.0,0.0,0.08063913220263018,0.047316564209509214,0.5616038807686543,-1.6719345890435597,-0.2210424885953833,0.8779451079016564,-1.557478657104825,0.20002262009270239,1.2039849402120448,-1.5952995635519092,-0.016480157089313406,1.2109194541937551,-1.8145060107211939,-0.4018165034135716,-0.6726307118899068,1.1681520770860196,0.0029408407285059293,-0.45112574950560635,0.0192400659778274,0.029854552507800544,-0.027758586570470523,0.0168238763603291,0.008503639020756952,0.08063913220263018,0.28230699916813995,0.2698944420091563,-0.15498191184966875,-0.2718983725647826,0.16181175387548444,0.20610659816544252,-0.2746824966505539,-0.31284008104328437,-0.1945477900642561,-0.2496132226496446,-0.27350329511772964,0.14613175295507902,-0.2499011319095548,0.13759088809770936,-0.07071968044016419,0.36081402771984894,-0.013298389605002719,-0.012567920247780398,0.0,0.0,-0.9986787536217446,0.05138819966216597
0.017737043181655362,0.008512897350675376,0.0019112589375286369,0.0,0.0,0.09691800178105157,0.04691999460626768,0.5599490400128716,-1.6737750672654017,-0.22273466271042025,0.8736020862656152,-1.5576147793123387,0.19781671174420606,1.2034243401264983,-1.5937056949474668,-0.016536269011913532,1.2011045489535235,-1.8172883171363166,-0.4035414281307451,-0.6402237091288469,1.158443935765516,0.0011499846141610269,-0.46269647727076646,0.017546371363053377,0.02981070080309506,-0.02769471998732762,0.017737043181655362,0.008512897350675376,0.09691800178105157,0.2823450933366814,0.2705288708179637,-0.1548517051804797,-0.271464920506548,0.1631505957742019,0.20659685308442866,-0.2745253718286898,-0.3130015053592382,-0.19403481085461535,-0.25012880184600267,-0.27054361299733565,0.14615299797784487,-0.2503322832946028,0.14241647565801382,-0.07326489979288674,0.3599712124210064,-0.013623688720016673,-0.012772773742525771,0.0,0.0,-0.9986284801709471,0.05235607501965989
0.018471394278048017,0.008510419819103917,0.0019208396841219333,0.0,0.0,0.11667454126750443,0.04645068485964864,0.5591603339518476,-1.6756441057128395,-0.2245109519302445,0.8692797642426202,-1.557065403701475,0.19676630033942677,1.2005472699267752,-1.591278601412805,-0.017050975621146647,1.190730754161041,-1.8186035712293331,-0.4035020514622631,-0.6086618270249973,1.1502965976727888,-0.000640484201253073,-0.4741208273292389,0.015747669609201022,0.02975705608525532,-0.02763111869985825,0.018471394278048017,0.008510419819103917,0.11667454126750443,0.2823834495256411,0.27092512331653107,-0.15470493688326836,-0.27109935729659623,0.1643699170569332,0.20712906932857306,-0.2744368841909868,-0.31269160944248486,-0.19387677029838618,-0.2508092504157452,-0.2676975034604389,0.14629247879804827,-0.2509052809239682,0.14718696982949175,-0.07543978447632788,0.35853517265716117,-0.013968374480137092,-0.012980758790676828,0.0,0.0,-0.9985667142464534,0.05352118458182601
0.019338407047012708,0.008521488183116979,0.00193263810353006,0.0,0.0,0.12572235280976626,0.04596563198622441,0.5587912885934715,-1.677532753688377,-0.22632559253865442,0.8649321394478714,-1.5561905195249006,0.19625519596090255,1.1966285521552067,-1.5885139455731283,-0.01774301764949057,1.1802102311345555,-1.8192349448300047,-0.4026928016003346,-0.5775106793282013,1.1428289733477086,-0.002426237586710694,-0.48547523953770644,0.01390864283796523,0.02969938212843149,-0.027567566166188093,0.019338407047012708,0.008521488183116979,0.12572235280976626,0.2824219269240463,0.2712063730214002,-0.15455556686421149,-0.2707635379738478,0.16554422936131472,0.20768085744333747,-0.2743796657529674,-0.31215994159299626,-0.19388231279320847,-0.25155728819077505,-0.26492754504786015,0.14647830727225086,-0.25152454953299036,0.15193137230991272,-0.07744172557336512,0.3567542198728227,-0.014321924768538287,-0.01319021579103182,0.0,0.0,-0.9984986369808675,0.054776563851248586
0.02031788818026923,0.008616909398477694,0.001974348853897578,0.0,0.0,0.15089430107729854,0.045632406469159476,0.5598458955751969,-1.6795486655811336,-0.228245033813803,0.8601268321875758,-1.5542811567351322,0.19735729534353988,1.1900258016266279,-1.585300358749876,-0.0185644947642448,1.1704976502680937,-1.8178298285343504,-0.4001660734015023,-0.5477661152414026,1.1368617939468997,-0.004148342834173043,-0.4966027645656727,0.012043882492654664,0.029635571487147936,-0.02750333931747099,0.02031788818026923,0.008616909398477694,0.15089430107729854,0.2824607550497823,0.27110705443002153,-0.1544515326297031,-0.2704972592096451,0.16668842088086738,0.20829498374342462,-0.27444761607102075,-0.31097229568103774,-0.19436275695038446,-0.2524113707252228,-0.26270472512725124,0.14670088158742542,-0.25230336411509297,0.15651697718444774,-0.07898851871186084,0.3545334588797014,-0.014699982651103066,-0.013404188927688056,0.0,0.0,-0.9984148455217714,0.056283179030125835
0.02117243627949375,0.008824063023909418,0.002056247735983396,0.0,0.0,0.15960981507641922,0.045446914864466496,0.561551404479366,-1.681640874619452,-0.230212776452903,0.8552204866537312,-1.551938982617935,0.1989967906035033,1.1826553560743396,-1.5820974575593167,-0.019154218219270644,1.1617460562878807,-1.8157114534570067,-0.39712565717281106,-0.5188894923901396,1.1312542969748478,-0.005816301662199858,-0.5076740604119013,0.010209721831867349,0.029571406668264594,-0.02744112952593589,0.02117243627949375,0.008824063023909418,0.15960981507641922,0.2825009008782022,0.27083599383211754,-0.15438922661982873,-0.2702505756145234,0.16779471138163338,0.20893611579177263,-0.27456138164062205,-0.3095617477531677,-0.19499768849653654,-0.25326598723063515,-0.26083855313513404,0.14686628391033546,-0.25311236769608214,0.16100208463276608,-0.08035127498655997,0.3522037694502308,-0.015090753799366873,-0.013624047848002224,0.0,0.0,-0.9983237402974526,0.05787667542718896
0.022425079901405544,0.009279745378782777,0.002219062923584925,0.0,0.0,0.17256228342721974,0.04548097226843738,0.564224225962722,-1.683846469693536,-0.232252300285653,0.850163987018918,-1.5489536027780315,0.20143491584782636,1.1741440304173718,-1.5789104364062316,-0.019399529985533466,1.1544225955969534,-1.8125330965790973,-0.3933218434553018,-0.491302726652798,1.1261813280566426,-0.007403792894676641,-0.5186617934463809,0.008421035702246532,0.029506715502114905,-0.027381917305490715,0.022425079901405544,0.009279745378782777,0.17256228342721974,0.28254300495922163,0.27031030492268054,-0.1543886720140736,-0.2700324850630904,0.16884406193603377,0.20961792666081186,-0.27474606851423405,-0.3078206964247399,-0.19586305228965087,-0.2541191743933295,-0.25950820204119823,0.14694577129111447,-0.2539845018396825,0.1653348676416393,-0.08144212702521607,0.34980471670478314,-0.015500418273044516,-0.013852653696808041,0.0,0.0,-0.9982223805923356,0.05959931949754367
0.023518435909104334,0.009729508808877234,0.0023847083317360407,0.0,0.0,0.18460155409939066,0.04583776512202001,0.5676563706173993,-1.6863568501184452,-0.2341754570503363,0.845439414049955,-1.5453512596604009,0.2044576288469686,1.1654124059933144,-1.5760173229563157,-0.019035000429057432,1.1492013723258203,-1.80859272352001,-0.38876066031872025,-0.4654481999026047,1.1212698341216016,-0.00883551941397007,-0.5295137142975059,0.0067313001522381725,0.029440738060730415,-0.027327733026854945,0.023518435909104334,0.009729508808877234,0.18460155409939066,0.2825896633951456,0.269605892828524,-0.15447510650167734,-0.2697780523062365,0.16969425397723567,0.21028579113123647,-0.27501783905096705,-0.3059483944196351,-0.19688021802479017,-0.25487084323385206,-0.2588384519815188,0.14686937657343255,-0.2548718939633279,0.16949732471518955,-0.08223865834699357,0.34756924502990366,-0.01593721787376492,-0.014099332166448137,0.0,0.0,-0.9981106584630347,0.06144195197491139
0.02479647039989502,0.010280148465851693,0.0025800960575986243,0.0,0.0,0.19007402854897754,0.04631592018292254,0.5713736000877099,-1.6890177510728772,-0.23600036175859054,0.840898973429763,-1.541481334091033,0.20768959300230014,1.1567017164006328,-1.5732514334205012,-0.018406331089118978,1.1449083365850001,-1.8043658413342982,-0.3838900558700497,-0.4403960186763097,1.1164119555646141,-0.010193779883318703,-0.5402818890225968,0.0050906954948859075,0.029374328141894515,-0.027275869929100444,0.02479647039989502,0.010280148465851693,0.19007402854897754,0.2826383932924911,0.2688387966683766,-0.15459364830224132,-0.2695011110187253,0.17044755638609674,0.21093498108849057,-0.27533217956044675,-0.30404500909209614,-0.19795138635602832,-0.255561412824614,-0.25845125045678685,0.14672431122567725,-0.25575981687788374,0.17357878762555012,-0.08288473073065748,0.3453599227033071,-0.016386319283120985,-0.014354278727265813,0.0,0.0,-0.9979920702741714,0.0633389901235677
0.026147527397286617,0.010863915285505154,0.0027866646547441976,0.0,0.0,0.20521434244273595,0.0468764218107966,0.5752787894050547,-1.6922149402183175,-0.23709974012918922,0.8372006168301473,-1.5369996840521793,0.21093563505467156,1.1492599632916034,-1.57077380874813,-0.017177516682035963,1.1429094668202753,-1.799945056038415,-0.37851185026584855,-0.4177133400968256,1.1115045387472882,-0.011322138374733852,-0.5505981765337439,0.00362756385486697,0.029308244023447068,-0.027230786384652126,0.026147527397286617,0.010863915285505154,0.20521434244273595,0.2826928672374495,0.2680726531685433,-0.1547298676285327,-0.26912457392137873,0.1708453106760599,0.2114002101502084,-0.2758242667992243,-0.30243191671746456,-0.19899530200194004,-0.25607326538817815,-0.25868601801479374,0.14642196578938016,-0.25658196917539816,0.17742032160022866,-0.08325075854506951,0.34351555179618076,-0.016869132213244504,-0.014632633112170954,0.0,0.0,-0.9978599881615396,0.06538687961855978
0.02716933599304564,0.01127708879517239,0.0029410641865429406,0.0,0.0,0.21187518059453742,0.047339732789953286,0.578933467000923,-1.695637308111127,-0.23764633767356808,0.8341106166375564,-1.5325104122193867,0.2139314501077537,1.1428983147512346,-1.5683127417660399,-0.01590780448793564,1.141460125478322,-1.7956204046338997,-0.3730100241283442,-0.39609166779774135,1.1065119680942304,-0.012342781078495442,-0.5606774583758924,0.0022524212949577905,0.02924230454752109,-0.027187732398359966,0.02716933599304564,0.01127708879517239,0.21187518059453742,0.28274985987868084,0.2673981629282386,-0.15483654048134424,-0.26869437250384054,0.17105680854558236,0.21171052619988667,-0.2763928872934307,-0.30111291616116503,-0.19995291222492945,-0.2564950956661199,-0.25904669324188906,0.14610643320489347,-0.2573581431221566,0.18115546588254136,-0.0834942981449206,0.34180977016621983,-0.017366570008031077,-0.014921603208695284,0.0,0.0,-0.9977192098385148,0.06750095050597103
0.02817425864170112,0.011820204672807262,0.003018862749105955,0.0,0.0,0.2215476370489865,0.047661917621657356,0.5822243878505374,-1.6993866478836777,-0.2373902671689155,0.8319039832825629,-1.5280100731241624,0.2165639218467994,1.138105037228373,-1.5658757174575089,-0.014578706466111556,1.1408087295173799,-1.7914353449072613,-0.3673286942027559,-0.3760106347551281,1.1013957494057265,-0.013207014556349128,-0.570412595000043,0.0010050437006874327,0.02917657510046191,-0.027147625441719222,0.02817425864170112,0.011820204672807262,0.2215476370489865,0.28281050980491124,0.26685568849608365,-0.15490062376154812,-0.26818814871907176,0.17099548478711588,0.21179448067298387,-0.27707471422828717,-0.30022817780985517,-0.20078327812724064,-0.2567978478297399,-0.2595912831146483,0.145772709431361,-0.2580676997825019,0.18473953347802813,-0.08357982860189686,0.34036033469205906,-0.01788524390767085,-0.015225987900173505,0.0,0.0,-0.9975672145043463,0.06971120818089135
0.028736027009489434,0.012208252163216405,0.0029855326518127274,0.0,0.0,0.21481182370376348,0.04772803422388614,0.5847591447750194,-1.703433771261433,-0.23590238767382282,0.8311064883366527,-1.5238049638351339,0.2185045135701263,1.1357042969473257,-1.5634523666145017,-0.013702668349614876,1.1404298451922883,-1.7876895386100615,-0.36145918121273884,-0.3577618194906503,1.0961445517988013,-0.013878509364772166,-0.5795544521920634,-7.995483996784639e-05,0.029109273637151156,-0.0271083963534876,0.028736027009489434,0.012208252163216405,0.21481182370376348,0.2828706143886451,0.26654878683170335,-0.15489040714409302,-0.2675958564954023,0.17054782584775097,0.2115187138393763,-0.27788890751511247,-0.3000176013956495,-0.20138232672691775,-0.25695281518881274,-0.2601330703095968,0.1455534644323569,-0.2586559133367479,0.18814075459753798,-0.08349035853007014,0.33921689153397927,-0.01841682729455049,-0.015546558706102357,0.0,0.0,-0.9974151649910289,0.07185393966873703
0.028962085021244997,0.012624571473791509,0.0027892723579545082,0.0,0.0,0.20978627156446603,0.047657520128976574,0.5869698480471669,-1.7075853547793907,-0.23387952998980577,0.8309369019213939,-1.519792926391499,0.22011261998406992,1.1343568883486241,-1.5610387461297464,-0.013093294313289981,1.1401259643119455,-1.784131396536859,-0.3555109144857265,-0.3403476332658088,1.0908620653536496,-0.014465652562477848,-0.5884068564280568,-0.001092445274077412,0.029041568917416084,-0.02706946292579574,0.028962085021244997,0.012624571473791509,0.20978627156446603,0.28292993111098375,0.26634017346137734,-0.15484149087037977,-0.2669735044265097,0.16993646538959342,0.2110819072041454,-0.2787496022517027,-0.3001040335550478,-0.20187226215618198,-0.25704724881060387,-0.2606636115159296,0.14540199065408208,-0.2591868827804129,0.19145787000502457,-0.0833031878234315,0.3381719666158495,-0.018952820400063627,-0.015874032268688186,0.0,0.0,-0.9972622304615896,0.07394622163961706
0.029069063635360576,0.013068711820958197,0.002533522428281587,0.0,0.0,0.17801136706106516,0.047020516889607344,0.5884436698967979,-1.7117542316449568,-0.230572748504229,0.8324236485782086,-1.5168529444892935,0.2206224338120262,1.135671137163303,-1.558684068238175,-0.013779956022364984,1.1395952237532443,-1.7809944992897495,-0.3494015622058971,-0.32530154657843924,1.0857610270480982,-0.014844305107007492,-0.5962662132794425,-0.001912275460492448,0.028975519482921434,-0.027030435647040406,0.029069063635360576,0.013068711820958197,0.17801136706106516,0.28298218528296326,0.2663328648406899,-0.15463902508077504,-0.2663543184585591,0.1689883151743132,0.21024079767897122,-0.27963971933698467,-0.3009372327385507,-0.20201678046074809,-0.25702816444509086,-0.26106386800928866,0.14558588347632226,-0.2595501204668659,0.19448418513294116,-0.08291122980754179,0.33742581796178683,-0.01948816273611464,-0.01621688090439811,0.0,0.0,-0.9971290177156955,0.07572134460858598
0.029162010996609422,0.013372166083931616,0.0023419775018754248,0.0,0.0,0.16376074237053337,0.046130767304625286,0.5898565553978785,-1.7158268418088056,-0.22674429296647142,0.834403599268638,-1.5144642759489533,0.22060708421588743,1.1378571147086636,-1.5563092015733655,-0.015233328578456145,1.1387587505699004,-1.7778956706091862,-0.3431996213109701,-0.3112875147153867,1.0809308794520844,-0.01514692135130199,-0.6035857720663084,-0.0026552076420227975,0.028911302616232194,-0.026990512898504335,0.029162010996609422,0.013372166083931616,0.16376074237053337,0.283031272008115,0.26633190868668566,-0.15437082070458513,-0.2657751570691166,0.1679770272257335,0.20922920751193438,-0.2805254546442539,-0.30202350181176746,-0.20200539646874657,-0.2569973811237659,-0.26137847363676414,0.14596979675856586,-0.25985186736272015,0.19736056592278306,-0.08240072300878754,0.33671428056105474,-0.020023309881955186,-0.016566372482768644,0.0,0.0,-0.9970036788493379,0.07735414895715749
0.02927250818606626,0.013808442776990216,0.002086562598312136,0.0,0.0,0.14354048632131133,0.04488239114816556,0.5911829771611514,-1.7197628573283252,-0.22217562424656526,0.8370833664932508,-1.512857876368017,0.21984657030177596,1.1412800046421538,-1.5539056886762581,-0.01777460166071887,1.1374884675813202,-1.7748508581379117,-0.33686630467840484,-0.2987378849679191,1.0764851038087935,-0.015341648250668243,-0.6101394011670311,-0.003289027789595147,0.028849686014672252,-0.026949319550955055,0.02927250818606626,0.013808442776990216,0.14354048632131133,0.2830758643830383,0.26634046574045767,-0.15400946555985023,-0.26525314189464083,0.16687778281675075,0.20797728435151722,-0.2814049703249015,-0.30346835914992903,-0.2017723890020595,-0.2569476986538036,-0.26157070492880036,0.14663814713524898,-0.2600661548745533,0.20002026551972876,-0.0817378429854844,0.33608119278714516,-0.02055818006871331,-0.016925289858157604,0.0,0.0,-0.9968916172204362,0.078785173196632
0.02937539458272958,0.014117291170143178,0.0018885271661231442,0.0,0.0,0.11774089898773175,0.043235829762564404,0.5931155013558048,-1.7232864959127951,-0.21698978383269082,0.8400415270120506,-1.5119209393558886,0.21813463584688686,1.1452446719944078,-1.5513415240601405,-0.021867461052516985,1.135637812166406,-1.77164362500978,-0.3304135981422142,-0.28789324328403343,1.0722914822149596,-0.015423806377955332,-0.6157621937310136,-0.0038049844962438502,0.028790212742634266,-0.02690957937914653,0.02937539458272958,0.014117291170143178,0.11774089898773175,0.2831147345120475,0.2661465873676228,-0.15354944868077308,-0.26489549280721003,0.16580336220696135,0.2065250592910224,-0.28228058539594014,-0.30509943635617803,-0.2012831732661767,-0.2569915805924467,-0.2616388138936261,0.14771324757558826,-0.2601812155406873,0.20244713207870454,-0.0809214218826979,0.3356148851373386,-0.021092912894767404,-0.017295779035295417,0.0,0.0,-0.9967981638576042,0.07995886773903688
0.029579524118886938,0.014097601188789478,0.001757691970606657,0.0,0.0,0.10664847083313757,0.04143314446078848,0.5953657233075008,-1.7266136851886775,-0.2115581005111636,0.8430907596277711,-1.5112392442338418,0.21602306649988925,1.1493576709056061,-1.5486796238278382,-0.02663259033188732,1.133564143372862,-1.7683329138179753,-0.32390814299551424,-0.27779682090618457,1.068198020426219,-0.015458976531138756,-0.6209617043101548,-0.004270673363825824,0.028731834180903113,-0.02687053760551166,0.029579524118886938,0.014097601188789478,0.10664847083313757,0.2831514054696832,0.26584912892750956,-0.1530520780319591,-0.2646134791001694,0.1647430923159658,0.20499014791268008,-0.28314888385058773,-0.3067923766507161,-0.20068753140920276,-0.2570779599625778,-0.26166573802963805,0.14896666283138257,-0.26025049368929287,0.2047721085875252,-0.08002434434210105,0.33521359897482284,-0.021628156041838986,-0.017670065102061174,0.0,0.0,-0.996712322073755,0.08102189226587726
0.029858109758042362,0.013797875452281522,0.0016925243923326947,0.0,0.0,0.08009762402053777,0.03938549787006119,0.5988640497194841,-1.7293071290790636,-0.20570456811645677,0.8461135533832064,-1.5108901670315122,0.2130354310842168,1.1531032155824188,-1.5455390030905705,-0.03305100124554356,1.1311831146278637,-1.7644871929347914,-0.31726432666682547,-0.2696208241801933,1.0642738198273933,-0.015393723708721213,-0.6249510301839586,-0.004619519526276418,0.02867755491361522,-0.026833796111129272,0.029858109758042362,0.013797875452281522,0.08009762402053777,0.28318504219087176,0.26515845254033704,-0.15249960400243448,-0.26456677555941105,0.1637468638283948,0.2033212966778886,-0.28402994299324313,-0.3084759917087845,-0.199881640509497,-0.2573657361020383,-0.26170352236961103,0.15065613868892372,-0.26022876414021934,0.2068427096812256,-0.07897004982109147,0.3350351798701695,-0.02216948303800302,-0.0180433763178603,0.0,0.0,-0.9966471057362196,0.08182020916385249
0.030139209667272394,0.013269922291983174,0.0017180338801964234,0.0,0.0,0.07025113082462321,0.03729054321778697,0.6028684255660781,-1.7317678748361216,-0.19970839335614393,0.8490432348827388,-1.5104944961983084,0.20980387666081415,1.1562679750007272,-1.5421195406241703,-0.04000696029839112,1.1287297802483476,-1.7603950328474876,-0.31067913490653826,-0.26237312979346145,1.0605067714748766,-0.015298748882674929,-0.6283013212600811,-0.004919810889401296,0.02862666684809147,-0.02679901695716501,0.030139209667272394,0.013269922291983174,0.07025113082462321,0.2832191064453765,0.26431174295102455,-0.15193817411590835,-0.2646021779886904,0.16277159551724124,0.20160804496890886,-0.2849288483452512,-0.31005104301608283,-0.1990290151076149,-0.25776549616230965,-0.2617640301656756,0.15249079477230607,-0.26017373660540555,0.2087665100096859,-0.0778577139021705,0.33492917181448145,-0.02271647672575193,-0.01840937493256475,0.0,0.0,-0.9965893801803033,0.08252034483591829
0.030507907325786697,0.012578173561768432,0.0017520940343809803,0.0,0.0,0.05659734406010222,0.035129988053501024,0.6075745232953322,-1.7339059458482986,-0.19351442118219073,0.8518438007207525,-1.510034215530293,0.20623408788002573,1.158627378860576,-1.5383134176267073,-0.04770831943758392,1.1261761820556333,-1.7559611437304707,-0.3041752358811013,-0.2564126813171693,1.056957640903908,-0.015162559544930121,-0.6307654840834189,-0.005152772930794517,0.028580481249014,-0.026766958915247212,0.030507907325786697,0.012578173561768432,0.05659734406010222,0.2832537635460796,0.26324819756079926,-0.15136348847727477,-0.2647510487594717,0.1618253300327843,0.19983490616697808,-0.2858568958281583,-0.31147573329991834,-0.19811173090757797,-0.2583267712042822,-0.26185637388019534,0.15452587391386746,-0.2600734146033701,0.21048636060592865,-0.0766774270535439,0.33493422434861897,-0.023271328225831864,-0.018765233407084577,0.0,0.0,-0.9965425162400915,0.083084374739581
0.030809434024126548,0.012011375334267294,0.0017799237030463597,0.0,0.0,0.03888886238497414,0.0330046605093767,0.6127817800781071,-1.735538321453453,-0.18741647524121618,0.8543427260530075,-1.5096230786918794,0.2026787789776021,1.1595921780439031,-1.534070994629956,-0.05602509028359555,1.1239037297716077,-1.751033764157519,-0.2978117477973835,-0.2520365002971367,1.0538427581723104,-0.014989578996428705,-0.63197788336133,-0.005303451544511439,0.028541606469642395,-0.026741325686491974,0.030809434024126548,0.012011375334267294,0.03888886238497414,0.28328919020675175,0.2620041208245257,-0.15080216125068707,-0.26502153440396753,0.1609808161793565,0.19808386882535667,-0.2867599352009239,-0.3125930131237346,-0.19723469141483935,-0.25907023771969384,-0.2621082620339734,0.1567279149064807,-0.25992969934852533,0.21192510911284412,-0.07542481772053054,0.33500724580673413,-0.023836630384043964,-0.019107633020303796,0.0,0.0,-0.996510130316197,0.08347191250472293
0.031154962958703732,0.011360539559809455,0.001812151214419799,0.0,0.0,0.031016648504042395,0.030933930319827666,0.6181562050877002,-1.7369236826096606,-0.1813773640850246,0.8567161720071063,-1.509254533972516,0.19918127357959745,1.1599716708164087,-1.5296519418690828,-0.06453607406392199,1.121833062811986,-1.7459077547060562,-0.29151772432679296,-0.24836854086626295,1.0509356148290954,-0.014800822443560064,-0.6326230400360671,-0.005416441708803177,0.028505746725221607,-0.026718682640750935,0.031154962958703732,0.011360539559809455,0.031016648504042395,0.28332496049420147,0.2606926411474885,-0.15025626409176895,-0.2653375869344414,0.16018237257945792,0.19634379742519548,-0.2876399096674908,-0.3135809487947046,-0.19638476501688548,-0.25987868641294937,-0.26244835663302707,0.15898604896271612,-0.2597542170998435,0.2132319166954736,-0.07413497228994986,0.33510476180984694,-0.024406603181222144,-0.01944401301443577,0.0,0.0,-0.9964841921927388,0.08378099253401561
0.03129909143948863,0.01068602201534247,0.0018363581007749263,0.0,0.0,0.009617163090331352,0.029302441933811096,0.6235696227358493,-1.7374716801131331,-0.17561878964004896,0.8588128549940635,-1.5091567207502838,0.1962245628237724,1.1590189585749735,-1.5248821509764499,-0.07298220731568024,1.1208845752997687,-1.740396774455205,-0.2854651552718757,-0.2466552341544388,1.0487029528457845,-0.014573508292286586,-0.6316457312779138,-0.005418692249804735,0.028476328020227835,-0.026705169325206904,0.03129909143948863,0.01068602201534247,0.009617163090331352,0.28336167625532854,0.25929110040190545,-0.1498307341545968,-0.26576249640841715,0.15951587777067347,0.19467481559102676,-0.28844104377679036,-0.3142612327330238,-0.1957075931254317,-0.2607828704677637,-0.2631558204342396,0.16122993360646043,-0.2595335407883458,0.21416414647240742,-0.07277930668047429,0.3352402346420824,-0.024989458057254357,-0.019763756543397907,0.0,0.0,-0.9964761302298156,0.08387682565650369
0.031049841659778688,0.010202450922186884,0.0018377007053996253,0.0,0.0,0.0025969477300676947,0.027977500635905546,0.6288806148023414,-1.7374397524251233,-0.1701013705874449,0.8608607573797239,-1.5093795613154468,0.19360366523665867,1.1575926990317018,-1.520168148431202,-0.08103326178037087,1.1206098954949604,-1.7348846997190641,-0.2795581603610275,-0.2457192248146006,1.046790093383533,-0.014329717482046391,-0.6299109778948278,-0.005367499701178713,0.02844992200000174,-0.02669747473809543,0.031049841659778688,0.010202450922186884,0.0025969477300676947,0.28339841481823247,0.2578601528967509,-0.14948837665665526,-0.26625124716948123,0.15891941935998755,0.19306446913415987,-0.289157260370266,-0.3147961381984705,-0.19512395514109304,-0.2616849121937334,-0.2640463716810297,0.1633715222743256,-0.25928867511298004,0.21492929756154047,-0.07140332149636397,0.3353585421046786,-0.025569498813992383,-0.020074720913231776,0.0,0.0,-0.9964739516564771,0.08390270359246452
0.030316879100179668,0.009587195228320172,0.0018214719407522175,0.0,0.0,-0.006917291510335023,0.027068011312676752,0.634052793251588,-1.7366218734907624,-0.16491078055344968,0.862842549213627,-1.5100369721451061,0.19143788286503527,1.1555246582767307,-1.5155297537778047,-0.08854888052048304,1.1212484024515088,-1.729371141667334,-0.2738484567243781,-0.2458366579657433,1.0453106504958747,-0.014063596462943409,-0.627149687717425,-0.005243877702136367,0.028427598960447633,-0.0266976660592544,0.030316879100179668,0.009587195228320172,-0.006917291510335023,0.28343518428354453,0.25638781844326736,-0.14925929569010324,-0.2668291785048658,0.158418070591429,0.19153660477144563,-0.2897638978392464,-0.3151328009312151,-0.19466948601210005,-0.2625873256506389,-0.2651857283805903,0.16537169521967227,-0.25901999040151963,0.21546980371836708,-0.07000609064698451,0.3354545996613068,-0.026145725698529076,-0.02037378721214181,0.0,0.0,-0.9964797530670595,0.08383377438367119
0.02946718231654448,0.00910204896545759,0.001797012534718312,0.0,0.0,-0.014213115358503782,0.026939620657655216,0.638874363579206,-1.7347363113556933,-0.1603144684293926,0.864909973320545,-1.5113215006437877,0.18984449429800046,1.1531344356152835,-1.5114916555033433,-0.09488347842789341,1.1232071370886476,-1.7239762392620113,-0.2685146999839168,-0.24726098975879235,1.044307788746469,-0.013768883465770505,-0.6231546181960393,-0.005012665368966606,0.028409173474615853,-0.02670989856873983,0.02946718231654448,0.00910204896545759,-0.014213115358503782,0.28347127369586256,0.2549009439224559,-0.1492427118934074,-0.26749832345672053,0.15799804024473607,0.190165625013339,-0.29019489796633635,-0.3152566038391985,-0.1943614560622011,-0.26339845025446684,-0.26666381665448036,0.1670576575710516,-0.25876164912143773,0.21573320425186507,-0.06862102005839235,0.33554876113819787,-0.02670105625469013,-0.020655428853210988,0.0,0.0,-0.9964916583930462,0.08369214272006949
0.028505635606527694,0.00854955823199817,0.001769707906965068,0.0,0.0,-0.017431083807208977,0.0271567015489876,0.6435375373635517,-1.7323983051632874,-0.1559662776405379,0.8669801978456895,-1.5128819574445687,0.1884785928582185,1.1506794775092362,-1.507779965864732,-0.10066481894694723,1.125713751220063,-1.7186918634696295,-0.2633590567231978,-0.2492507824161709,1.0434970191661144,-0.013462352447661774,-0.6186698425136156,-0.004732403357281977,0.028392779153315412,-0.026727494477425645,0.028505635606527694,0.00854955823199817,-0.017431083807208977,0.28350706478493326,0.253405987565729,-0.14932041641364116,-0.2681989784696318,0.15762502967595868,0.1888603032475478,-0.29054881522908915,-0.3152955319052678,-0.19410816564959188,-0.26415916134840517,-0.2682755913500869,0.1685956638203029,-0.2584963576751708,0.21587312127889452,-0.06724729542019325,0.3356529810409274,-0.02724717326162246,-0.020929370394239092,0.0,0.0,-0.9965062317017488,0.08351844215250089
0.027470088600189423,0.007955898999269627,0.0017402356102966257,0.0,0.0,-0.026114290345402486,0.028312491690552482,0.6477476590431777,-1.728965676870922,-0.1521919922740667,0.8688191007447723,-1.5151823583065263,0.18755590125618365,1.148578354976321,-1.5053700800710077,-0.10473232916337534,1.1294635206260937,-1.7141032346943081,-0.25876801125955257,-0.25269143053349236,1.0430808475353575,-0.013129349579197046,-0.6132358024584367,-0.004308893832834372,0.02838399740023501,-0.02675992061677795,0.027470088600189423,0.007955898999269627,-0.026114290345402486,0.28354206201214116,0.25191618866194904,-0.14965560524142854,-0.2689724670696689,0.1574508712566557,0.18770850993629176,-0.29073088759623816,-0.31517440322900736,-0.1939446973535969,-0.264718520969143,-0.2701043551340897,0.16967232524385556,-0.25824720074332325,0.2157233481558355,-0.06593963267740797,0.3358585293373235,-0.027768450695396272,-0.02118243458337032,0.0,0.0,-0.9965280079715457,0.08325820877404841
0.02669354990104272,0.007514328776180047,0.0017178588665581196,0.0,0.0,-0.030238873570221408,0.029869225126184885,0.6517077422382048,-1.7251574441090527,-0.14852561156621713,0.8705291264009156,-1.5177974672925552,0.18669892272493183,1.1470586585518499,-1.5036856524096238,-0.10810228822215293,1.1336158157995084,-1.710042528258074,-0.2544616800826668,-0.25664056467529917,1.0427412506717963,-0.01278698518747251,-0.6074547271600506,-0.0038159763934278216,0.028378453749488265,-0.026798118355890247,0.02669354990104272,0.007514328776180047,-0.030238873570221408,0.2835766742093451,0.2504471020796555,-0.15010225931223048,-0.26975073133429206,0.15737084470787782,0.1865834688156992,-0.2908579291324513,-0.3150745275971042,-0.19377479009595977,-0.2651465557095983,-0.271952253109886,0.17055757926878562,-0.2579750634926537,0.21546868047149878,-0.0646811654569088,0.3361156143728065,-0.028277935622722513,-0.02142552793926041,0.0,0.0,-0.9965531387552965,0.08295686612310446
0.02493129145249386,0.006991957128488107,0.001661949509741689,0.0,0.0,-0.035702608935416595,0.03195707825006257,0.6553366056224644,-1.7208516573745931,-0.14500216949706107,0.8720684315534246,-1.520829462365016,0.18592899267705496,1.1463091629463553,-1.502962221235237,-0.11054821847469216,1.1383013269245226,-1.7066811475177739,-0.2505325028960336,-0.26126327770668395,1.0425030905128325,-0.012432219816884336,-0.6012139428381952,-0.0032311160017379926,0.02837719953300169,-0.026843961590788508,0.02493129145249386,0.006991957128488107,-0.035702608935416595,0.2836107763668035,0.2490072922042385,-0.1506973299323436,-0.270537871557816,0.15741504251963803,0.18549414375295076,-0.29091391240514025,-0.3150036121863036,-0.19359714976012005,-0.26540100278893747,-0.2738221737909403,0.17118926899987563,-0.25768051748460213,0.2150783167789228,-0.06348783345741035,0.3364403191205967,-0.02877179930774158,-0.021655413178389506,0.0,0.0,-0.9965826930066588,0.08260106536598337
0.022935555451672116,0.006620070074508377,0.0015965144106205862,0.0,0.0,-0.04545753891458559,0.03442458795921116,0.6580324262980647,-1.7160469873639561,-0.14126637458001204,0.873448174071792,-1.5241417264778343,0.18495772543969569,1.147366783362907,-1.5033554818806232,-0.11208886780694828,1.1430134181208258,-1.7045890336868748,-0.2472484267798046,-0.2667418142293124,1.042205796545784,-0.012071531303476964,-0.5947055218603786,-0.002516329241604008,0.028380464956214362,-0.026898266947609467,0.022935555451672116,0.006620070074508377,-0.04545753891458559,0.2836431521897348,0.24776084559959105,-0.15140026465302125,-0.2713165156365278,0.15755625365621714,0.18434005346854254,-0.2909647366264118,-0.315229366630981,-0.19331039301249547,-0.2653892174311804,-0.2754720625669526,0.17156958476288683,-0.2573412425827979,0.2145404257148828,-0.06242722351856622,0.3369570667412672,-0.029215533355088447,-0.021865574874283884,0.0,0.0,-0.996620138451768,0.08214803486620154
0.019855102297693807,0.006284156556152209,0.001493328869743571,0.0,0.0,-0.05004452135306442,0.03699908210527178,0.6602810237231671,-1.7110121130143237,-0.13740147840256658,0.8747477203407543,-1.5275684555104916,0.183865463873684,1.1492523122953888,-1.5041775719431423,-0.11330566410250312,1.147625894354494,-1.7030542072833785,-0.24424791536075155,-0.27253639658025447,1.0418441823664928,-0.01170770799578636,-0.5881297300325944,-0.0017453374141114632,0.028385658817203254,-0.026956120268410485,0.019855102297693807,0.006284156556152209,-0.05004452135306442,0.2836746369432283,0.24660353522405828,-0.15213720502710612,-0.2720933696861054,0.15774142775321517,0.18314821880548682,-0.29101610556727575,-0.31560713464519985,-0.19296750734501383,-0.26526482607965113,-0.2769945055056172,0.1718587188872682,-0.25697879284938985,0.21394671267617413,-0.061430402403567605,0.3375598418000643,-0.029633480430449416,-0.02206686146607335,0.0,0.0,-0.9966611242431396,0.08164927080140526
0.016282483554489538,0.00594521113274694,0.0013732220102466441,0.0,0.0,-0.06432361473555434,0.03948943914483059,0.6610879470037934,-1.705286172812417,-0.13296413431631635,0.8757674912078268,-1.5312504860378753,0.1822430604456255,1.1535877437399538,-1.505773230687084,-0.11410813888647413,1.151274485076034,-1.7030235600951533,-0.242014805842566,-0.27881108614422334,1.0410694099912707,-0.01133208750003336,-0.5816852278357384,-0.0008278925990648253,0.028395708212816475,-0.027022504235224037,0.016282483554489538,0.00594521113274694,-0.06432361473555434,0.28370288534452454,0.24576108395253798,-0.152857647235355,-0.27292185549078385,0.1580554783872813,0.18178824809303767,-0.291116495394932,-0.3165325268563024,-0.19241977723173725,-0.26486630200668043,-0.277982849666873,0.17203034925224406,-0.2565766604972289,0.21329971104481163,-0.06062028831858051,0.3384313096235531,-0.029958237468846294,-0.022242848961395306,0.0,0.0,-0.9967134378198668,0.0810081654483215
0.01360496376317562,0.0056971937870767325,0.0012832675004154082,0.0,0.0,-0.07124099138550674,0.04179190879300138,0.6612601972266332,-1.6992466481740043,-0.128277656365961,0.8766964786004701,-1.53488677380069,0.18021116410725868,1.159096854645134,-1.507436505100071,-0.11501959206273893,1.1539512136638566,-1.7034832591178433,-0.24018220293441875,-0.28534188526588805,1.0400689192266273,-0.010947249611002083,-0.5755288332900744,0.00015050567836570242,0.028407087124534103,-0.027093414992294056,0.01360496376317562,0.0056971937870767325,-0.07124099138550674,0.2837295658236382,0.24505286895129766,-0.15353225893932299,-0.2737882521323012,0.15838880397737187,0.18035851131549369,-0.29125156931082724,-0.31777712397892866,-0.19173786532681422,-0.2643749828626608,-0.2786191325186004,0.17223228339129615,-0.2561862674017725,0.212626502553356,-0.059908540764802835,0.3394776413827706,-0.03023782947519482,-0.022406723087766027,0.0,0.0,-0.9967708959100716,0.080298076356992
0.010032662985769072,0.005360790973115977,0.001162815614035029,0.0,0.0,-0.08019812886413513,0.04385108835745179,0.66061062720798,-1.6928010718934487,-0.12326858200182848,0.8775079130326342,-1.5384638305478449,0.17764902694913365,1.1661257299800847,-1.5091873331357968,-0.11607215828543542,1.1553695053862245,-1.7045778936187692,-0.23886820473926978,-0.29220431343021014,1.038776152085938,-0.01055047637939253,-0.5697455012158259,0.0012078308750369045,0.028420187589156147,-0.027170187362388475,0.010032662985769072,0.005360790973115977,-0.08019812886413513,0.28375421604454115,0.2445219489038321,-0.15414581183081366,-0.27470678841218027,0.15874720618052202,0.1788377506965531,-0.2914326392774144,-0.31943269663576856,-0.1908827555500891,-0.26375889350011267,-0.27880038144649255,0.1724739711290496,-0.25581453463046994,0.21192054019943657,-0.05932204083279283,0.3407517218112074,-0.030458938555429447,-0.02255491195434092,0.0,0.0,-0.9968349729162165,0.07949865892658872
0.0071217288130120135,0.005110706536859562,0.001082864383723792,0.0,0.0,-0.0924481566917939,0.04543776050109992,0.6593927841058513,-1.685903096359048,-0.11800986343382186,0.8779921515675999,-1.5420768804998206,0.17438088197436108,1.1743368054396355,-1.5108105288255935,-0.11786556968952987,1.1548000006067674,-1.7059768142316165,-0.23824965653803523,-0.2994829268263491,1.0370819392620316,-0.010138890280969589,-0.56467805852826,0.0023439427456449806,0.028435431533311836,-0.027256935322344703,0.0071217288130120135,0.005110706536859562,-0.0924481566917939,0.2837760784481996,0.2440936019509974,-0.1546355981311357,-0.2757244168261505,0.15921060724644084,0.17724634096430314,-0.29164355865229075,-0.3214420696381761,-0.1898195437744551,-0.26309158488060164,-0.27839193570893656,0.1729202147433295,-0.2554840384285893,0.2111809321634893,-0.05890254515996081,0.34236075181356457,-0.030600077303864014,-0.022682049005423616,0.0,0.0,-0.9969080419803348,0.0785770693964542
0.0043072387072394655,0.005051327151675762,0.0011606154425830573,0.0,0.0,-0.09688339280509344,0.04686245672254755,0.6580609141180179,-1.6788783281441502,-0.1126853857414434,0.878299168292308,-1.5457195647610915,0.17084191124511242,1.1828974041362736,-1.512359922364254,-0.12002115659165705,1.153399967907259,-1.7073849871654638,-0.2379136156515787,-0.3069074173901706,1.0352138612894404,-0.009722711224633971,-0.5599209030202571,0.0035103580964441763,0.028451610750349975,-0.02734753678884082,0.0043072387072394655,0.005051327151675762,-0.09688339280509344,0.2837975306198901,0.24367737496499248,-0.15508468062782474,-0.2767720531290289,0.15973173999724388,0.17563723027312012,-0.2918547291256241,-0.3235549243169243,-0.18868184207428823,-0.26240465003213564,-0.2777591640574369,0.1734662697155268,-0.2551747088686012,0.2104228375946253,-0.05855018039906677,0.3441038141352207,-0.03070826252809907,-0.022801445734580893,0.0,0.0,-0.9969837022425494,0.07761119418447017
0.0015777855242411973,0.005154794417693433,0.0013748346359129802,0.0,0.0,-0.10358429406970306,0.04810531477400121,0.6571905840963326,-1.6719176929269062,-0.1074317335682427,0.8779324045117269,-1.5495217494516564,0.16678866844049234,1.1914436017106844,-1.5136071483560856,-0.12337311672284301,1.149979297746748,-1.7081097788458703,-0.23821663256459588,-0.3145190905404571,1.032886035490356,-0.009304915042281548,-0.5559856035565369,0.0047348437224508585,0.02847030316323242,-0.02744563083920703,0.0015777855242411973,0.005154794417693433,-0.10358429406970306,0.2838225030659029,0.24313234004358103,-0.15548680759640096,-0.27784626454933165,0.1604830976420918,0.17405020916303726,-0.2920475061704742,-0.32571380824361046,-0.18741716512347448,-0.26179127049715034,-0.2767083320910274,0.17434630353734146,-0.25495263100038607,0.20966406143219224,-0.0583583706975935,0.3461609794897298,-0.030739022718880002,-0.022908330488724996,0.0,0.0,-0.9970635603829214,0.07657843401723635
-0.0001515078651165608,0.0053994324743247115,0.0016608094209003001,0.0,0.0,-0.10320845161258133,0.04943093770002361,0.6570299189762782,-1.6651770108498183,-0.10236133222511944,0.8773592608487046,-1.55322422837251,0.16267084600341394,1.1994159301655405,-1.5146037036140494,-0.12724206351593845,1.1458223534110408,-1.7082571303284408,-0.23875839028182447,-0.32225515098379776,1.0303859762697412,-0.008899956866598764,-0.5523784008602167,0.005959167509283513,0.02849002907540174,-0.02754531390089917,-0.0001515078651165608,0.0053994324743247115,-0.10320845161258133,0.2838525240053266,0.24240456282223025,-0.1559144159853031,-0.27890193707730154,0.16127815625098804,0.1725199970366445,-0.2922253256939471,-0.3277517530125013,-0.1861553451773758,-0.26125661630339553,-0.2755637371842498,0.1753733018033451,-0.2547809458448889,0.2088844596332375,-0.05822274875723528,0.34835008132909145,-0.030739146791048496,-0.023014856752433234,0.0,0.0,-0.9971420647635197,0.07554933936934646
-0.0024567587283730427,0.0057257836177736126,0.0020429892027939993,0.0,0.0,-0.10273276144442835,0.05086132629005703,0.6577675638582883,-1.6587147504691309,-0.09752289395804364,0.8765248768281616,-1.5568004974582852,0.1584712771961352,1.2066618420133657,-1.5152829541455979,-0.13176542380512168,1.1407334164485035,-1.7076735448517255,-0.23960235154868773,-0.3301486636968268,1.0276679000598472,-0.00851124933226996,-0.549186510527694,0.00718328643640218,0.02851106321451648,-0.027647008369332995,-0.0024567587283730427,0.0057257836177736126,-0.10273276144442835,0.2838889354427389,0.2414453196524639,-0.15637376539379963,-0.2799340879489093,0.16212898856957875,0.1710612046109899,-0.2923879423084942,-0.3296418739592196,-0.1848954409437887,-0.2608301685496272,-0.27429883678439754,0.17658756835115275,-0.2546716802838576,0.20807991075474733,-0.058157897479907295,0.35070755766633777,-0.03070049096623923,-0.023120929230779613,0.0,0.0,-0.9972191524930897,0.07452490792321742
-0.004378289340656125,0.005995595427333595,0.0023614140164926467,0.0,0.0,-0.10205972441556221,0.05269040489856832,0.6598708511598959,-1.6529537163324803,-0.09320334490113603,0.8759871141222499,-1.560116927495739,0.1545653479211282,1.2122118773076358,-1.5153631791972475,-0.1369694853889063,1.1350487346617166,-1.7058572669157246,-0.24063538144898897,-0.338370964831154,1.0246956564436023,-0.008145584581082294,-0.5464469058401632,0.008349994106855788,0.028532817603507697,-0.027747623766178654,-0.004378289340656125,0.005995595427333595,-0.10205972441556221,0.2839342435734384,0.2401686074893807,-0.15694480153995913,-0.28085513304026566,0.1628443641808597,0.16975763718183812,-0.2925014843134486,-0.3311741012879079,-0.183757770750396,-0.2606124709777629,-0.2730925108705279,0.17800149065637472,-0.25464684902926016,0.2072340247096824,-0.058132676199127965,0.3532929855735521,-0.03060792587172465,-0.023226737588544023,0.0,0.0,-0.9972946930475258,0.07350710999108351
-0.006491550684729028,0.006295020953062226,0.002711841324032349,0.0,0.0,-0.1017700318627962,0.05469723835887525,0.6625325619774377,-1.6475025463424273,-0.08912862392279924,0.8756329297219347,-1.5633050995385087,0.15082503955236218,1.2170176866070537,-1.5151806077701133,-0.1423794650191429,1.129184318868906,-1.7035320933233171,-0.24168832490108158,-0.3467414295113327,1.021648062955613,-0.007790969940990009,-0.5438870511599035,0.009484834106476518,0.028554360351006457,-0.027847981892976183,-0.006491550684729028,0.006295020953062226,-0.1017700318627962,0.2839833920033986,0.23875802407122884,-0.1575676183382979,-0.28171800259837654,0.1634810476316617,0.1685278634457796,-0.29258847473342214,-0.3325488572301221,-0.18268373787568473,-0.26047720767808547,-0.2719244962054813,0.17948054620672918,-0.2546526878038588,0.20635110765638437,-0.058103004110446166,0.3559624401074563,-0.030492089838789614,-0.0233324841914961,0.0,0.0,-0.9973689848006443,0.07249212479802401
-0.00811837169704648,0.006734371805829767,0.003037066667671562,0.0,0.0,-0.10100664619343194,0.05720511191343303,0.6665094642831175,-1.6429105521048475,-0.0858131871127442,0.8760595915701566,-1.5660680724470408,0.1477296377388423,1.2197866743843027,-1.514279236729513,-0.14786920526483718,1.123253944736199,-1.6999813158240094,-0.24246703558320168,-0.3555376021654014,1.0185829144996283,-0.007471487101092433,-0.54172148360502,0.01049766986124568,0.028572572782735697,-0.027948763390265457,-0.00811837169704648,0.006734371805829767,-0.10100664619343194,0.2840427172263997,0.23706133208836705,-0.158330073731083,-0.2824215426260968,0.1638099890948342,0.16752435156424383,-0.2926103361190399,-0.3335022778556859,-0.1818278955354911,-0.2605688395270483,-0.2709534476993699,0.18100446902246597,-0.25477784547439786,0.20540406436851033,-0.057989288185985595,0.3587951039234434,-0.030314581843730586,-0.023438344090776955,0.0,0.0,-0.9974416978895244,0.0714846788568194
-0.00832999627454643,0.007232875048638423,0.0031954940133444025,0.0,0.0,-0.09426694489635841,0.0597533606142806,0.6709146719650935,-1.6386552561049492,-0.08281645113789793,0.8768052062732261,-1.5687525752406792,0.1450821628306536,1.221511388785087,-1.513156984476435,-0.15313730823913682,1.1174943999156055,-1.6959612857575384,-0.24289454289730764,-0.3644652890679021,1.0156358552459102,-0.007167751988358543,-0.5395618525127436,0.011414486133562244,0.028584232203812406,-0.028050290445653384,-0.00832999627454643,0.007232875048638423,-0.09426694489635841,0.2841048746701055,0.23527116341042148,-0.15910506612235792,-0.2830663082346987,0.16402908890767368,0.16661531344954406,-0.2925907638265172,-0.3342104896693298,-0.18111222314527192,-0.26075270587596494,-0.27010706390821454,0.18248284575706758,-0.2549601730081712,0.20441533614290028,-0.0577747042042938,0.3616154517137206,-0.0301322599735436,-0.02355279765973155,0.0,0.0,-0.9975086411360948,0.0705443892795285
-0.007422040708016848,0.008102986195638288,0.00330726772346801,0.0,0.0,-0.08592660823106825,0.06235157355866179,0.6758499075502358,-1.634816624174182,-0.0802141074466225,0.8779455251341698,-1.571339971267137,0.14298899746781224,1.2219438148824961,-1.511761391722916,-0.15813113509008553,1.1119462563687523,-1.6913605556392028,-0.2428874360434961,-0.3735557248528373,1.0128349313799967,-0.006883504687989715,-0.5374095677929437,0.012212478296343721,0.02858778227420661,-0.028152740129188406,-0.007422040708016848,0.008102986195638288,-0.08592660823106825,0.28417053698693345,0.2333683410098351,-0.15989429593799007,-0.28364002464222593,0.16411288427384585,0.1658229248689241,-0.29252217884729986,-0.33461606820828543,-0.18056920232747797,-0.26105523907616324,-0.26941663491104173,0.18390430772634744,-0.2552181799086493,0.2033825222294985,-0.05743856829310616,0.36442047428533797,-0.029943980932885767,-0.0236778858949074,0.0,0.0,-0.9975688892876646,0.06968723789457491
-0.005960894055316724,0.008952501743787906,0.003341770412138011,0.0,0.0,-0.06300407853036041,0.06473492225944597,0.681308279901543,-1.6314599097975149,-0.0781238431598516,0.8791470007608401,-1.5739434405461254,0.1418740883369574,1.2208159033884138,-1.510335332595262,-0.16225309299942633,1.10707811781224,-1.686160410810637,-0.242102750595784,-0.3829207500355356,1.0107156926353507,-0.006637325479130216,-0.5349947346136874,0.012787171433235977,0.028576193664898008,-0.02825785089509199,-0.005960894055316724,0.008952501743787906,-0.06300407853036041,0.2842371653790442,0.23136368709289867,-0.16062123864758185,-0.28415958097520005,0.16418086794218353,0.16518110036729358,-0.2923862551180929,-0.33459485042693937,-0.18031246786252492,-0.26144540297422464,-0.26901465182682566,0.1851112973256625,-0.2556036326504147,0.2022548716763629,-0.05688270901871294,0.36701356513268385,-0.0297931976891404,-0.023832491930299158,0.0,0.0,-0.9976125970965545,0.06905871497694928
-0.004369624533991954,0.009878374558550717,0.0033793783427882307,0.0,0.0,-0.05318100187404254,0.06701539774369072,0.6869544074839393,-1.628270223236724,-0.07625077644850584,0.8802738029684797,-1.5765792103421767,0.1411758759777818,1.2190558522339636,-1.5089545253939276,-0.16595152020454407,1.1025902132859966,-1.6807515601183745,-0.24093785121936928,-0.3924449934255356,1.0089602370390156,-0.006407469173505803,-0.5324130326309461,0.013259508912670331,0.02855807806571458,-0.028364699096387665,-0.004369624533991954,0.009878374558550717,-0.05318100187404254,0.284304207803419,0.22931609990531013,-0.16131957149577877,-0.284652678176831,0.1642765731364368,0.16460363231106126,-0.29222058352181207,-0.33438836886497103,-0.18017628235228855,-0.26186519059767066,-0.2687504093907074,0.1862142196334648,-0.256035801120271,0.2010616836643932,-0.05621736270892605,0.3694861044439766,-0.029658477640892036,-0.023999716817782627,0.0,0.0,-0.9976491821397075,0.06852816483733264
-0.002623163102427025,0.010896197217679213,0.0034204065399681682,0.0,0.0,-0.027317738142212066,0.06897221265623234,0.6929167177053106,-1.6253271622945797,-0.074938586294251,0.8807105970062665,-1.5794243148509288,0.1415624655533157,1.215810042899727,-1.507978040099944,-0.16829074919223785,1.0995378822288258,-1.6750287705619864,-0.2385420359221081,-0.40259164731774555,1.0085130601921337,-0.0062206356704935135,-0.5291261216938096,0.013429758451478993,0.028522584074795646,-0.028479042019220007,-0.002623163102427025,0.010896197217679213,-0.027317738142212066,0.28437234051275573,0.22719870644449916,-0.16192525540816047,-0.2851351860850406,0.16461358637684434,0.1641903192301299,-0.29197889096831253,-0.3336847793770672,-0.18035006804396586,-0.2623226392474684,-0.26893580820168245,0.1869610755795869,-0.25658122833265773,0.19969420508058158,-0.05520561343658339,0.3715425249850298,-0.029566025886459638,-0.024200016645177097,0.0,0.0,-0.9976678652591058,0.06825562708919038
-0.0013173486036125426,0.011658143189243917,0.0034508389114534803,0.0,0.0,-0.014055208863964337,0.07085707371166892,0.6987884142654855,-1.622561440371827,-0.07382094090016894,0.8805214066633442,-1.582389956752726,0.14238220803289608,1.2120707107070308,-1.5073994254105842,-0.16993633327668148,1.097292860082332,-1.6693033564010722,-0.23532709289317152,-0.4132208234111737,1.0089509907184833,-0.00604944853674645,-0.5253145814742017,0.013440466564048653,0.028480221254863596,-0.02860004771125797,-0.0013173486036125426,0.011658143189243917,-0.014055208863964337,0.2844410240650177,0.2251222941738732,-0.16250925979605207,-0.28557606867580293,0.16515714089206207,0.16383462549376715,-0.29171417531885296,-0.3327603208205685,-0.18064415893746422,-0.2627646084277716,-0.2693446222595616,0.1875221876240249,-0.25716025041366275,0.1981955205794346,-0.05396780052720536,0.3733148371493311,-0.029495169402368914,-0.02441721337678649,0.0,0.0,-0.9976774488756454,0.06811540211276837
0.00014577765607074876,0.012040620773054872,0.0033437630674176817,0.0,0.0,0.0019908140105812976,0.07265487948320061,0.7045504794824845,-1.6200102767688316,-0.07293867064802437,0.879574852501786,-1.585501434018948,0.1437260120507055,1.2077342767843462,-1.5073021850329917,-0.1707426926633656,1.0960245820499905,-1.6635747667927068,-0.23112110643578845,-0.4244337917974334,1.010459791893927,-0.005897191578159792,-0.5208683045918509,0.013258149247341504,0.028429547999829254,-0.028729114531470628,0.00014577765607074876,0.012040620773054872,0.0019908140105812976,0.28451037406921387,0.22309841285895943,-0.163066477302604,-0.285971512700412,0.16594976970761124,0.1635482182398722,-0.29142081843262146,-0.33156838508355757,-0.18108417341145677,-0.2631854704593731,-0.2700260517047602,0.18785614769639902,-0.25778094512932176,0.19654598347203636,-0.052463403019228624,0.3747413365609451,-0.029450440529308862,-0.024654853276458367,0.0,0.0,-0.9976760926269699,0.06813526400170276
0.0011686127211104234,0.01189106631803955,0.003144325025929151,0.0,0.0,0.013903294788250677,0.07445367585692633,0.7097485853521617,-1.617911194394899,-0.07221902484361756,0.8774739823885411,-1.5885694234963232,0.14539720833101533,1.2032108622909392,-1.5079395555009778,-0.17054606909119843,1.0959144554682225,-1.6584165384305403,-0.22530645252074158,-0.43686413624942727,1.0138261590227986,-0.0057406514107980955,-0.5152705883819784,0.012792853722911342,0.028366071828359724,-0.02887348280657058,0.0011686127211104234,0.01189106631803955,0.013903294788250677,0.2845747745877144,0.2212934464278705,-0.16361793021534363,-0.28626058622798434,0.16707811902583955,0.16331219754201187,-0.291141845461586,-0.3301716570000839,-0.18160823786700148,-0.2635366920724969,-0.27092885766477814,0.1879052652819327,-0.2583882642760878,0.19461391719175863,-0.05051755188480032,0.37561384062229924,-0.029435467618773848,-0.02489515916513117,0.0,0.0,-0.9976666099377414,0.06827397319135979
0.001962401000713592,0.011029125908685457,0.002766375573690083,0.0,0.0,0.01722904225849889,0.07625760048027809,0.7146363074347477,-1.616027668018469,-0.07151631255877897,0.8749357829958,-1.5915712078145687,0.14713209507449362,1.198727421312524,-1.5088516481770766,-0.1699997536688043,1.0962335479339498,-1.6535599727758625,-0.21879435745661682,-0.4498540127037357,1.0180512026652395,-0.0055796050797872875,-0.5091539525345667,0.012212378347930082,0.028297641820855587,-0.029023885039375134,0.001962401000713592,0.011029125908685457,0.01722904225849889,0.28463614707025103,0.21960364536733476,-0.16416805885961325,-0.2864928853626175,0.16832331823165597,0.16308265090422983,-0.2908758775280098,-0.3287278473799088,-0.18214629991155282,-0.2638488455280095,-0.27189949844241385,0.18785142894465037,-0.25897432063705006,0.1925417342512247,-0.0484002175024313,0.37620894696917523,-0.029431952776124815,-0.025132429642265277,0.0,0.0,-0.9976548321786859,0.06844586057986293
0.002752336188564364,0.009890967271597604,0.002306264718907047,0.0,0.0,0.01805180582906476,0.07809621695704111,0.7183936670322547,-1.6148129509599416,-0.07062167244269543,0.8714967102012378,-1.5941841670330739,0.1486918346693852,1.1948888609873367,-1.5103113995302444,-0.1688869223998697,1.0973882595164663,-1.6497592201968967,-0.21039897913500755,-0.46449556366709277,1.0248314634265516,-0.005394638916040024,-0.501548652280897,0.01135418267495579,0.028218482971041393,-0.029187918878191672,0.002752336188564364,0.009890967271597604,0.01805180582906476,0.284685429610662,0.21833311964526012,-0.16471778555097355,-0.28657220491185553,0.16977126900937317,0.16280267632283388,-0.29070159125665124,-0.32735210091540434,-0.182620473171578,-0.2640562041673879,-0.2729141466330771,0.18761841264624649,-0.25945557942140735,0.19007449821169295,-0.0457853939600775,0.3760357603753435,-0.029452977964542056,-0.02534291088806103,0.0,0.0,-0.9976424602096619,0.06862595417779736
0.0033449291054229845,0.009038343498860233,0.001961662865325453,0.0,0.0,0.01848469002026291,0.07995583527040165,0.721566862307939,-1.6139376747528178,-0.06949114094444567,0.8681284581254792,-1.5964097608655892,0.1499605827883586,1.1917940002159784,-1.5118578808419656,-0.16778780259942047,1.0986689985198463,-1.6466236378522527,-0.2010546433645605,-0.4801779069356473,1.0332353195088024,-0.005193308377075912,-0.4931580506315166,0.010358362596156993,0.028133901961197787,-0.02935850964046565,0.0033449291054229845,0.009038343498860233,0.01848469002026291,0.2847283976590073,0.21727885170904893,-0.16526820597117867,-0.2865728973405363,0.17113286240099976,0.16245771332515244,-0.290599546067812,-0.32616712869480236,-0.18300210971783715,-0.2641925343507623,-0.27384485247016493,0.18737346986048103,-0.25984854435725757,0.18734035721371728,-0.042945818365807145,0.3753674272555772,-0.029486835102906964,-0.025539416707302105,0.0,0.0,-0.997629757870847,0.06881036412165892
0.0041350173572409265,0.007900372014600315,0.0015015520105424176,0.0,0.0,0.01899676068499267,0.0818402972197373,0.724049033934638,-1.613463932235769,-0.06808156720143833,0.8648439817780615,-1.598177129790287,0.1508851092833801,1.189578881599759,-1.513506957348561,-0.16670490246291125,1.1000988187405887,-1.6442749032238186,-0.19058776036804934,-0.497091431345716,1.0435597700560655,-0.004972619979623576,-0.4838384948920882,0.009199742915346294,0.028042906932782805,-0.02953685676341489,0.0041350173572409265,0.007900372014600315,0.01899676068499267,0.28476389612527503,0.2164819066423514,-0.16581916105909483,-0.2864842742461666,0.17239385801375412,0.16203589671145963,-0.29058554736848463,-0.3252088553074261,-0.18327411296725354,-0.2642491241819314,-0.2746748763997512,0.1871152580050197,-0.26013918117597523,0.18429232247877358,-0.039850589922602694,0.37410893917338045,-0.029535871499136793,-0.025719390619521176,0.0,0.0,-0.9976166681295706,0.0689998802176803
0.004679727931844852,0.006906830723834824,0.0011049086015499365,0.0,0.0,0.019746782689847087,0.08354532108610913,0.725565615516381,-1.6135624375119306,-0.06629355171782854,0.8623396858272936,-1.5996316767378942,0.15111302889433484,1.1887919398762237,-1.5150439019171185,-0.16625585452022168,1.1012257577588895,-1.642996079969726,-0.1782221468103009,-0.5161405749769024,1.0567401767577105,-0.0046945910638310695,-0.4733119302948047,0.007830653070853427,0.02794568649424402,-0.029716267194223888,0.004679727931844852,0.006906830723834824,0.019746782689847087,0.284788459739429,0.2160474570009419,-0.1663089948060193,-0.2862988645686727,0.17337109437437026,0.16150591971548062,-0.2906377087973486,-0.32467588580230244,-0.1833346183714755,-0.2642197918002562,-0.2752248290773458,0.1870061486384478,-0.26024830240500146,0.18074286693209024,-0.036321886442716333,0.37207256946463746,-0.029607154816489095,-0.025875193360667903,0.0,0.0,-0.9976030234228636,0.06919687606793865
0.0044330106187389,0.005634400324809322,0.0006286589891324468,0.0,0.0,0.018641206607512516,0.08516853407725396,0.7266908868047215,-1.6139132448490834,-0.0643686951706873,0.8602019384403357,-1.6009783536795803,0.15106062601076675,1.1885523012020445,-1.5165124339545333,-0.16612920895118843,1.1021850269112812,-1.6421018078823217,-0.16504903017674477,-0.53597119550577,1.071022483326445,-0.00438913651085739,-0.46234908269955777,0.0063835790118314676,0.027846726632658265,-0.029894204391479096,0.0044330106187389,0.005634400324809322,0.018641206607512516,0.284808092469337,0.21576289828788586,-0.16677082301462193,-0.28607194421494464,0.1742209917382723,0.1609366668179542,-0.2907095387440137,-0.32431120646132067,-0.18331079404336917,-0.2641614104932841,-0.2756575634105289,0.18697613793869328,-0.2602836867378024,0.1769966070501309,-0.03269122217004505,0.36967014182751207,-0.029683125174085567,-0.02601886184998607,0.0,0.0,-0.9975901069571472,0.0693828401063807
0.003493076018386707,0.00405892426286586,5.9864665037656646e-05,0.0,0.0,0.009817002510335618,0.08655397673981303,0.7268685402486148,-1.6149639851294908,-0.062184519115710386,0.8591715341446383,-1.6021462406888105,0.1503380183005493,1.1895007887142617,-1.5177151212756266,-0.1670690858924149,1.1025423387553068,-1.641924942099808,-0.14975456163387146,-0.5573279893638307,1.0877312157778134,-0.003999002459115224,-0.4505602443378242,0.004779532345499344,0.027746971109069433,-0.03006027003862714,0.003493076018386707,0.00405892426286586,0.009817002510335618,0.2848136060989943,0.21585336212754555,-0.16715249687599806,-0.28573739436696655,0.17471239367544694,0.16029230768106223,-0.29081222960035946,-0.32433505430704906,-0.18308925245320998,-0.26405805906903923,-0.275790084419044,0.1872189874777716,-0.26014132446082927,0.17287342384092724,-0.028680175676604174,0.36652620479912495,-0.0297515689201603,-0.026122946154651227,0.0,0.0,-0.9975832908349278,0.06948077321789005
0.002161342716616989,0.0027204349868648558,-0.0004055716047349223,0.0,0.0,-7.610400886131234e-07,0.08782209183445715,0.7267925591276796,-1.6161628753546902,-0.060050306729222284,0.8587753324700682,-1.6031257362173708,0.14936896853598972,1.1906338162070154,-1.5186699512820916,-0.16855165082336274,1.1024866104125977,-1.6418035578407697,-0.13358621344270302,-0.5793421114451136,1.1052023460400986,-0.0035606385364928446,-0.43883120383592245,0.0031394912211236753,0.027648112574129694,-0.030215143819883366,0.002161342716616989,0.0027204349868648558,-7.610400886131234e-07,0.28481048705593853,0.21603861800965452,-0.16749734321463022,-0.28538649460829024,0.17498504530574122,0.15966344505857138,-0.2909222129142691,-0.32446077959943337,-0.18280173067735225,-0.26398050006350593,-0.27579679370676485,0.18760747194607924,-0.2599498251456971,0.16859591386030082,-0.024620826432933465,0.36315539250539947,-0.02979899231569479,-0.026199020445346832,0.0,0.0,-0.9975832913637044,0.06948076562588129
0.00038199175585875567,0.0009345115875333267,-0.0010273775598354518,0.0,0.0,-0.011356246603132497,0.08895450275416344,0.7264232175462197,-1.6175331197329015,-0.057973883646046526,0.8591126663572837,-1.6038873331658792,0.14811487735917903,1.1919802875326784,-1.5193381029487456,-0.17066190306772325,1.101953148841858,-1.6417463449823777,-0.11640711288724145,-0.602116516772533,1.123555285818625,-0.0030664906668282925,-0.4271713271237058,0.0014578179525048703,0.027550291520037105,-0.03035707279239725,0.00038199175585875567,0.0009345115875333267,-0.011356246603132497,0.2847973832348049,0.21633327041725628,-0.16779969389914473,-0.285016683040623,0.1750051390624865,0.15905245969414347,-0.2910417370276933,-0.3247042532294332,-0.1824379283407526,-0.2639324741144744,-0.2756579583714765,0.18816422256201296,-0.25970082776478487,0.16414414139248887,-0.020503359725847617,0.35952923839123807,-0.029822103016628514,-0.02624269761145115,0.0,0.0,-0.9975911753381571,0.06936747715921533
-0.0011296055090286522,-0.0005822397858356309,-0.0015556662274693323,0.0,0.0,-0.02828363293906903,0.09000769980101779,0.7259429851234359,-1.6188483906272273,-0.05627373360947472,0.8604266233492218,-1.6038127725556393,0.14674996684661645,1.1929868499704654,-1.5192774126193667,-0.1734846511343182,1.1008480431249477,-1.6412435093982107,-0.09838898024903017,-0.6259310707549925,1.1425422798067135,-0.002511806179763077,-0.41572728283053256,-0.0001806105337037215,0.027455723969478332,-0.03046947711416139,-0.0011296055090286522,-0.0005822397858356309,-0.02828363293906903,0.2847693919535451,0.216652665311384,-0.1680793570180856,-0.2846622026668094,0.1746030201706914,0.15855670717862105,-0.2912189066567371,-0.3249994187330064,-0.18205880011818504,-0.26399087073126126,-0.275440838356591,0.1889217557950826,-0.2594427306900301,0.15949815514577007,-0.016389754368466344,0.35579845254411613,-0.029808951454274608,-0.02623815588878105,0.0,0.0,-0.9976107550789292,0.06908531935837624
-0.002731916119796342,-0.00218715753595897,-0.0021147997987344684,0.0,0.0,-0.03538396618987297,0.09103592470188271,0.7254819998005092,-1.6201174963240657,-0.05480705066615302,0.8621114692431969,-1.6033641811985297,0.1453734406288838,1.1937230457395516,-1.5189066901302977,-0.17652963251875559,1.0995467989236716,-1.6405058971187412,-0.08007597803269419,-0.6501341190114123,1.1617034313662744,-0.0019308245684576382,-0.4043489988618247,-0.0017862605656053692,0.027364402821900058,-0.030570670012259646,-0.002731916119796342,-0.00218715753595897,-0.03538396618987297,0.28473515658570614,0.21695967383062187,-0.1683519985349386,-0.2843180544276007,0.1740314746786885,0.15813120184691193,-0.29141467636304236,-0.3252812937650217,-0.1816847905264208,-0.26410556456580087,-0.2752116567508908,0.18974379357380514,-0.2591911723048014,0.15478398877433847,-0.012404482824842427,0.35196655745075156,-0.029780560354358398,-0.026213402116058656,0.0,0.0,-0.9976351377532877,0.06873232078126487
-0.004562540569895924,-0.0036058170505762397,-0.002455876377605026,0.0,0.0,-0.05371849223721063,0.09203166294617943,0.7253256132138656,-1.6211778317521883,-0.05423640342266766,0.864603773059461,-1.601859461541144,0.14410207460590654,1.1932657725058946,-1.5177186819530972,-0.1798514422254275,1.097908248437331,-1.6389765451418472,-0.06122277034509058,-0.6751550420018656,1.1809584582412007,-0.0012784322830004427,-0.39304450064297464,-0.0032505269862411748,0.027288758239690087,-0.03064745916491187,-0.004562540569895924,-0.0036058170505762397,-0.05371849223721063,0.28468479996159574,0.21714855790006676,-0.16861862904570213,-0.2840187178466519,0.1730519536502318,0.15797379101359502,-0.2916423090872159,-0.3253933845785538,-0.1813688438779507,-0.2644146172154235,-0.2750329009215057,0.1906574802038596,-0.2590081392020766,0.1499620057388642,-0.00851613284785589,0.3481355259758634,-0.029712705116644,-0.02613651003038523,0.0,0.0,-0.9976719157770715,0.06819639631027263
-0.006002814094527523,-0.004164045091674553,-0.0023238535895447887,0.0,0.0,-0.05885976551349415,0.09301637323110698,0.7254764889710702,-1.6220325863601377,-0.05424176596555135,0.8671829732472465,-1.5999319201347812,0.1430238816362099,1.1919849662972777,-1.5162248563446454,-0.18299592671378354,1.0964727585747738,-1.637034082572732,-0.04228968660803411,-0.7008846106145211,1.199923393710348,-0.0005915784120759561,-0.38178282056078794,-0.004568568724613885,0.02722061281686261,-0.030712869630864004,-0.006002814094527523,-0.004164045091674553,-0.05885976551349415,0.28463692153060194,0.2172192524061957,-0.1688854720402148,-0.2837613953306134,0.17197783198579825,0.15798720610426817,-0.29185998448310346,-0.32533579980713273,-0.18112181716542058,-0.26482473724562366,-0.27498654123406985,0.19153068845880739,-0.2588749308817828,0.14508641524363375,-0.00481035205092591,0.34440558539124366,-0.029619382769369436,-0.026045677058348718,0.0,0.0,-0.9977118831956928,0.06760915714682598
-0.00801237236326458,-0.004280658586555354,-0.0016658598144578263,0.0,0.0,-0.06467431187773469,0.0939886114191289,0.725974863807627,-1.6226548388500341,-0.05489856814778092,0.8698604490933003,-1.5975261874646949,0.14216415819105685,1.1897727835098368,-1.514385165784183,-0.18593986482428226,1.095266920608162,-1.6346244115957478,-0.023266266862667858,-0.7274156236808574,1.2185602496134356,0.00013424987098415364,-0.3705695657522085,-0.0057212373104271585,0.027160948586193907,-0.030765411344000557,-0.00801237236326458,-0.004280658586555354,-0.06467431187773469,0.28459184581801394,0.2171565125455671,-0.16915276583483382,-0.28355176407759874,0.17079599359878445,0.15819420031513934,-0.29206554892803677,-0.3250856207096659,-0.18095260925264284,-0.2653492217571739,-0.27509026735194314,0.19235838685240889,-0.2587988509288234,0.14016449691128716,-0.0012878226663572932,0.3407989147078117,-0.029497258333901828,-0.025939077607687287,0.0,0.0,-0.9977554002930241,0.06696387971217903
-0.009775952568300102,-0.004029582862054733,-0.0008330274148274363,0.0,0.0,-0.06525581138352672,0.095051274253618,0.7269107447374588,-1.6230495536087344,-0.05640588980793155,0.8720835407308284,-1.5946176828153982,0.14182536654024316,1.1863350652208264,-1.5126071120268547,-0.18821624611448123,1.0952019971489106,-1.6319617993079576,-0.004938368666791884,-0.7555137956702472,1.2360855692985075,0.0009315657748172033,-0.3593880654181409,-0.006561739520238558,0.0271150473280241,-0.030801002036205075,-0.009775952568300102,-0.004029582862054733,-0.06525581138352672,0.2845702871380236,0.21693467445827064,-0.16944993091813496,-0.28337841262552127,0.16966614264649718,0.15865432381211877,-0.2922512996691769,-0.3244761425337196,-0.1809431842039433,-0.2659584119365144,-0.2755617265968554,0.19300165370853128,-0.25875239174658954,0.1351783792812905,0.001918696307880238,0.3377035445955517,-0.029324642663834076,-0.02583315951012125,0.0,0.0,-0.9977988856779069,0.06631277207240885
-0.011626091977416875,-0.0037645572303901605,4.024813639313951e-05,0.0,0.0,-0.06549820813879441,0.09615323977582409,0.7279863565560155,-1.6233427904596265,-0.058212578734195504,0.8740701269383399,-1.5915853665179054,0.14170218219093028,1.1824545124233168,-1.510921345461135,-0.19020228152907137,1.09566906914615,-1.6292948626831874,0.012960251686382237,-0.7843184847159678,1.2530860740866439,0.001768815774945618,-0.3481740675516575,-0.0072617287803816355,0.027076883766575147,-0.030831161023886413,-0.011626091977416875,-0.0037645572303901605,-0.06549820813879441,0.28455852472142085,0.21665819733245842,-0.1697598993758213,-0.2832196326693931,0.16858398458814638,0.1592038553339588,-0.2924206768583879,-0.3237205748814975,-0.1809979052024463,-0.266588212316085,-0.27618465532907094,0.19356187824067334,-0.25870308110841794,0.13021166847625165,0.004868136569803362,0.3347503817446025,-0.02913098929187395,-0.025727564375222528,0.0,0.0,-0.9978421053267358,0.0656592174573192
-0.013693034545259712,-0.00346754126837239,0.0010154441299051187,0.0,0.0,-0.06612073101931837,0.09736192406423942,0.7292676668039104,-1.623351597945962,-0.06058995335694131,0.8752801538313796,-1.5885431318475096,0.14212718816011544,1.1776809980405256,-1.509711784004365,-0.1913992672558599,1.0977050306012968,-1.6269799974940766,0.02925587084844436,-0.8151289336633367,1.2685179358360754,0.0027450269538184307,-0.3367123413805992,-0.007563540705748458,0.02706577818865744,-0.030853240156933765,-0.013693034545259712,-0.00346754126837239,-0.06612073101931837,0.28457189706347935,0.21628298844039276,-0.17010486473037284,-0.2830984186764218,0.16772945407255718,0.15992233863798438,-0.2925410858909936,-0.32261291902076106,-0.1812104485517876,-0.26722466301101744,-0.2771859557096416,0.1938859555391749,-0.25860179252895626,0.12520466394474403,0.007381275370998074,0.3324681444953264,-0.02888334027472758,-0.025622938553358884,0.0,0.0,-0.9978853015554332,0.06499942260991273
-0.015239900567481892,-0.003249318607483042,0.0017458210455484346,0.0,0.0,-0.0664606458090041,0.0986920190637544,0.7300462138732807,-1.6232462585372414,-0.0629154739388884,0.8763030981457474,-1.5855541453265503,0.14283796089807616,1.1730257448734052,-1.5086934534495309,-0.19218411111591646,1.1005030594416114,-1.6252508959514183,0.04446375401278098,-0.8472295621497525,1.283100751422396,0.003806173829549334,-0.32466551461475784,-0.007659113809666375,0.02706315945958931,-0.030869783233576174,-0.015239900567481892,-0.003249318607483042,-0.0664606458090041,0.28459914248661705,0.21604003569288166,-0.17048475913833594,-0.2829686670175197,0.16693733328205584,0.16062651077061843,-0.2926601744352178,-0.32149667330548864,-0.1814954525956585,-0.26779011674597086,-0.27829475851229546,0.1940786078292442,-0.25843328829284296,0.12020340715336467,0.009566171226863965,0.3304265520362552,-0.028605888997698385,-0.025518982158661288,0.0,0.0,-0.9979282802076085,0.06433620723888511
-0.016956813228689544,-0.003374360345740803,0.0023835032378266567,0.0,0.0,-0.06683656687513606,0.1001563800261325,0.7302687640158122,-1.6230146860916344,-0.06518365005218749,0.8771191511378192,-1.5826240449943798,0.14386475806268273,1.1685012746977326,-1.5078866017744845,-0.19251317455864594,1.1041438451549352,-1.6241695800883658,0.0584687291325742,-0.880756977420526,1.2967446218400998,0.004961249593570355,-0.3119716354264506,-0.0075266110404525795,0.02706992618689601,-0.030880204083135465,-0.016956813228689544,-0.003374360345740803,-0.06683656687513606,0.2846417299053013,0.21594335146327895,-0.17090330970076614,-0.2828297474481025,0.1662147937784396,0.16131472357242205,-0.2927789878868787,-0.32037172177075296,-0.1818610162429475,-0.26827724447285434,-0.27952128485319117,0.19412570606364063,-0.2581901019216698,0.1152129175220344,0.01142218427012984,0.32865672541923496,-0.028295479927387006,-0.025415766071653204,0.0,0.0,-0.997971057426158,0.0636692118666173
-0.018170388750939077,-0.003798427636982643,0.0026822740199577977,0.0,0.0,-0.07532267159869092,0.10167878901198409,0.7288576748547138,-1.6225649586459934,-0.06708925622421626,0.8785551854428029,-1.5800467281533568,0.1452101885572376,1.1651078346591668,-1.5072646685094642,-0.19225550052903642,1.1081263935005905,-1.6248043859565018,0.0703857789853677,-0.9159026027925868,1.309364828487371,0.0062338518050668226,-0.29830270025554095,-0.0071057659892627785,0.02709575464961513,-0.030883893689403197,-0.018170388750939077,-0.003798427636982643,-0.07532267159869092,0.2846944826161301,0.2162972786969251,-0.17133801179399477,-0.28268181720336505,0.16536231350244107,0.16189332152817346,-0.29287050394708686,-0.3195293563546233,-0.1822902192746783,-0.26856245330852047,-0.2805241322264553,0.19398066629438232,-0.25782483422497465,0.11023532219440017,0.01283853085911096,0.3271543835534966,-0.027950268145025572,-0.025298907140257374,0.0,0.0,-0.9980187316777995,0.0629174953430005
-0.019065328876762662,-0.0046793247244195525,0.0026389306423652004,0.0,0.0,-0.08024762249535973,0.10320203316291708,0.7267637220805123,-1.6219776572797122,-0.0688078751500021,0.8803431495724109,-1.577756072050773,0.14666843514314434,1.1622766904382897,-1.5067238815678845,-0.19180573083010297,1.1121272464726595,-1.6261458684934065,0.08134989480444255,-0.9515971361390699,1.3216006403801426,0.007542386382268189,-0.2842670631088665,-0.006578490163055837,0.027130207071868365,-0.03088456702312367,-0.019065328876762662,-0.0046793247244195525,-0.08024762249535973,0.2847490208660996,0.21683351014858446,-0.17177343765960518,-0.2825393892318161,0.16444949027089634,0.16241433646441295,-0.29293080358181034,-0.31882966295059506,-0.18273926406024346,-0.26875377727576716,-0.281398465241386,0.19377150730997908,-0.25741129687747544,0.10536110584729495,0.014008991767577098,0.325625797504457,-0.027593499862107653,-0.025173754262544163,0.0,0.0,-0.9980689001257851,0.06211658878033776
-0.019977305194871238,-0.005777819727813145,0.0025014949324955738,0.0,0.0,-0.09751961042269977,0.10465009490515563,0.7229055418264145,-1.620881805483927,-0.0699264348653339,0.8833466098212556,-1.576665519067905,0.14835089775139856,1.1611937992524781,-1.50640545155378,-0.19103515633200638,1.1157642370902452,-1.6292778965610786,0.08958736492083386,-0.9882889093968696,1.3329869300727077,0.008900201318460537,-0.2694189479487053,-0.005822776619894985,0.027189106017901195,-0.030876778797465282,-0.019977305194871238,-0.005777819727813145,-0.09751961042269977,0.2848000398418247,0.21782033431247952,-0.17219170241316725,-0.28244586822719747,0.1633679887612224,0.1627460166313022,-0.29285938867112205,-0.31858415830061854,-0.18321459600032236,-0.26868046575050036,-0.2818343621762977,0.19345097137045886,-0.25689315414929104,0.1005918869062448,0.01470747291877145,0.3242285116664193,-0.02721674822195864,-0.025018619654712658,0.0,0.0,-0.9981290013955831,0.06114324634050886
-0.020657953536071794,-0.00660965151128526,0.0023985619112945607,0.0,0.0,-0.10723140442580535,0.1058823830329332,0.7184635824805138,-1.6194537269989115,-0.07072530336828041,0.8868014676458884,-1.5765355921431676,0.1500185629065405,1.1609839448992838,-1.5064522748025473,-0.19025878068184693,1.1190098628101732,-1.6330584151632834,0.09602875062483275,-1.0250654508603505,1.3439768320762073,0.010234784903692336,-0.2543861677982661,-0.004988639209194459,0.027260590432174256,-0.030865941634214165,-0.020657953536071794,-0.00660965151128526,-0.10723140442580535,0.2848490806633994,0.21893524403592754,-0.17255291958142735,-0.2824155115487519,0.16230928195083044,0.16297370733085234,-0.29267851325220867,-0.31851473458816637,-0.18366590851630607,-0.2684748151525883,-0.28203743372941015,0.19312354098393197,-0.2563428441377418,0.09600609441343748,0.015104665870870119,0.3227760630697131,-0.026828591555556988,-0.024846834149336652,0.0,0.0,-0.9981939923041665,0.06007290344131357
-0.021572782115256612,-0.00770338258490561,0.002261126201424935,0.0,0.0,-0.11773375861057934,0.10688133457763084,0.7133903271399887,-1.6176663801174036,-0.07117845928108933,0.8907444647094548,-1.5774444817696642,0.15167022616471224,1.1617181885162455,-1.5068940812309317,-0.18947613169282873,1.1218322683500763,-1.637540208413297,0.10052785899915159,-1.061933660267184,1.3545380822764148,0.011544246214048197,-0.23915369178624735,-0.004069694592898709,0.02734568471326524,-0.030851807364031373,-0.021572782115256612,-0.00770338258490561,-0.11773375861057934,0.2848959823182765,0.22018931961945337,-0.17285246019299297,-0.28245241112394814,0.16127684895959163,0.16308881605563433,-0.2923801403434785,-0.31863580502714123,-0.18409057746582067,-0.2681263762706372,-0.28198986600945997,0.19278869572626545,-0.2557578840831122,0.09160846571690599,0.01520999109186922,0.32128601357191044,-0.026428101546812372,-0.024657042440802055,0.0,0.0,-0.9982640265808341,0.05889765050169411
-0.022282343789148024,-0.008667804944337512,0.002130718539225529,0.0,0.0,-0.13421568651167703,0.10747636024583906,0.7086775738920941,-1.615402627311297,-0.07115694680469949,0.894830114889465,-1.5798563541181936,0.15294875734604446,1.163482279585512,-1.5082581539282063,-0.18884158204465903,1.1243317551260827,-1.642393571418404,0.10180092627970165,-1.0984099167305355,1.3648331245319956,0.0127289745669137,-0.2238890494676243,-0.0031047842259074934,0.027452179699536138,-0.030843196886797878,-0.022282343789148024,-0.008667804944337512,-0.13421568651167703,0.2849395257114564,0.22127575376575492,-0.17304707936639635,-0.2826234901310177,0.1604529775461281,0.16305020836502546,-0.29192923827759315,-0.31886541569033244,-0.18438500461184104,-0.2676371236598061,-0.2817821375284771,0.1924905416989269,-0.2551399320268428,0.08746625198549732,0.014903792323191764,0.31967623302111253,-0.026007900914589828,-0.024439366209326973,0.0,0.0,-0.9983421773374423,0.057557770536522085
-0.022595908836086386,-0.009716276205532032,0.0019295953664205672,0.0,0.0,-0.13948880373571848,0.10797762568265,0.7042306095561726,-1.6130018370263528,-0.07096446585535203,0.8989143045556626,-1.5827774069453246,0.15404308452302176,1.165625981836511,-1.5099731147689308,-0.1882628119931925,1.1268044594150262,-1.6472808142636446,0.1018651862372488,-1.1346131351170123,1.3751139756817146,0.013842020180676408,-0.20865031146763155,-0.002140749786549166,0.027567846175508212,-0.030836327557745798,-0.022595908836086386,-0.009716276205532032,-0.13948880373571848,0.28498121105984553,0.22226775222068873,-0.17321825010404168,-0.28283232227050137,0.15971667185781435,0.16295679657408588,-0.29142807611010985,-0.3191320931712412,-0.1846180561979624,-0.2671012770102423,-0.2815600625912907,0.1922069086517551,-0.25451085302016135,0.08353054477465915,0.014459037484899896,0.31789151568133545,-0.02558255911923495,-0.02421019581965352,0.0,0.0,-0.9984214927390531,0.056165138980696985
-0.022606656965836615,-0.010942651690878994,0.0016476758974509622,0.0,0.0,-0.14820210791158941,0.10846503143942596,0.7008212172745059,-1.6104357794627246,-0.07041348776961333,0.9028087530360126,-1.586652486116294,0.15457520348913717,1.1685963245046218,-1.512489907693543,-0.1878096113268961,1.1295372863743929,-1.651885983927938,0.09922928638106224,-1.1697779909876371,1.3856536726023527,0.014710235040659875,-0.19359833522130973,-0.0012401356393058794,0.027707913402943003,-0.030832231494804355,-0.022606656965836615,-0.010942651690878994,-0.14820210791158941,0.28501670952611324,0.2229336898514034,-0.1733916543093855,-0.28309713378071927,0.15919837336140658,0.1627506427673272,-0.2908461514144728,-0.3194718656147555,-0.18467547429572367,-0.2664842131184744,-0.2814617013239732,0.1919568588547889,-0.2538681489863953,0.07990081137595186,0.013723911614718656,0.3157857396344354,-0.025153355272924338,-0.02395179925248927,0.0,0.0,-0.9985036341985984,0.05468539560240556
-0.022291320582106623,-0.011921748749332016,0.0013858679957026723,0.0,0.0,-0.14835169909996831,0.10907493839227914,0.6981488246245672,-1.6077965665983673,-0.06991307149897485,0.9068364088967342,-1.590662669415442,0.15483004054767174,1.1717825483955793,-1.5151725703437857,-0.18752884504779074,1.132570704357736,-1.6560847623236228,0.09536590574671755,-1.2035835921364344,1.3962436942446153,0.015413181881276557,-0.17901284582662894,-0.0004154164187810114,0.027856288146502622,-0.030826009747465986,-0.022291320582106623,-0.011921748749332016,-0.14835169909996831,0.28504711809574357,0.2233736336535295,-0.1736035850632256,-0.28337848373357977,0.15866544037630675,0.16255812341285558,-0.29023368276036743,-0.3198378565589259,-0.18465243437106402,-0.2658663042728104,-0.2815205446097196,0.19175384381297772,-0.25321477126066094,0.07658482892429153,0.01289447392866543,0.3134599593446298,-0.024731501868157178,-0.02367635533813662,0.0,0.0,-0.9985836621468162,0.05320403831903492
-0.021882344187442577,-0.013206889548495662,0.001035935726742543,0.0,0.0,-0.14851005420254054,0.10981438683983465,0.6962557879070307,-1.6050799941056526,-0.06946612289487915,0.9110049277344007,-1.5948157214478358,0.15479165995681046,1.1751970604762134,-1.5180306354625113,-0.18743042317812875,1.135921988711261,-1.659853793630664,0.09020449946190681,-1.2359518204759434,1.4068869328338829,0.01594136254049388,-0.1649206528727639,0.0003290460976278296,0.028013447849642513,-0.030817540149960743,-0.021882344187442577,-0.013206889548495662,-0.14851005420254054,0.28507214424594135,0.22357369193375148,-0.17385652508075167,-0.28367832333809373,0.15811716972646458,0.16237991964969828,-0.2895888604184767,-0.3202312607380912,-0.18454482069878353,-0.26524734654167664,-0.2817448888151235,0.1916002282701589,-0.2525505081245821,0.07358164278196999,0.011973028624849181,0.3109298880798666,-0.024317421344102624,-0.02338288434399854,0.0,0.0,-0.998661574292428,0.05172098250970903
-0.021521992685117036,-0.01432844281121781,0.0007327270987858568,0.0,0.0,-0.1487625896854271,0.11072317410835485,0.6952165643240781,-1.6022525749750585,-0.06922085195679792,0.9157882190790753,-1.5987849503555553,0.15449566384089872,1.178713892530275,-1.520702995709925,-0.1876651586702206,1.1396170446536686,-1.6627772150423703,0.08339935441145152,-1.2655780499413514,1.4172704315825597,0.01614843250796099,-0.15203465951369097,0.0008391144672946303,0.028172502162922552,-0.030807923863098125,-0.021521992685117036,-0.01432844281121781,-0.1487625896854271,0.28508855552481327,0.2235063918830973,-0.17416288365838947,-0.2839996751028747,0.15735911307026004,0.1622605920567587,-0.28892067413580197,-0.3206887106564086,-0.1843689055418091,-0.2646628009409384,-0.28221826361216873,0.19154130507560116,-0.25189399792583067,0.07099905251239638,0.010943900139864678,0.3083032160586965,-0.02391546375224454,-0.023060485170591595,0.0,0.0,-0.9987374107303928,0.050235290459502806
-0.021156775788502863,-0.015470745134657713,0.00042403554356279527,0.0,0.0,-0.14886691291995105,0.11164362998616777,0.6944540103009883,-1.5993545535426812,-0.0690632979541817,0.9207540230463016,-1.6026246123665933,0.1541767595398346,1.182200287012446,-1.5232402046254818,-0.1880228557442659,1.1433710075864856,-1.6653683145574276,0.07599135978309887,-1.294042488072543,1.4274939930679016,0.016219804275955926,-0.13966199275631216,0.0012530299441126393,0.02833181997173585,-0.03079825484712652,-0.021156775788502863,-0.015470745134657713,-0.14886691291995105,0.2851014533298928,0.223347187492667,-0.17447541456829344,-0.28433852651104347,0.15652930612924407,0.16216739363901997,-0.28824967836676807,-0.3211624085011744,-0.18418915915366843,-0.2640932983954302,-0.2827668764448192,0.1915182333650675,-0.25124734628310513,0.06865651355361192,0.009907104311436968,0.30562213036527686,-0.023518397416544434,-0.022726255475274664,0.0,0.0,-0.9988110877870298,0.04874844524382878
-0.02059973002414249,-0.016467568360703573,0.00016995824423382544,0.0,0.0,-0.14913301606966425,0.11242821680119373,0.6941811572385315,-1.5962059129804573,-0.06914202828935329,0.9259823760730308,-1.6059813387441955,0.1540367437789104,1.1854024169429036,-1.5252665709329132,-0.18865255521447866,1.1470390750257762,-1.6671599577737335,0.06726195933234769,-1.3194605356094822,1.4371599587018058,0.015936344636966717,-0.12864159862667118,0.0014235748559386545,0.02849033458670914,-0.03078964763264728,-0.02059973002414249,-0.016467568360703573,-0.14913301606966425,0.2851055169465558,0.22300823387288904,-0.174756215597468,-0.28474954553017423,0.15554552356537782,0.16214585601668752,-0.2876018747387678,-0.32165666912593494,-0.18406776342020686,-0.2635688831621315,-0.2834379487695124,0.19157966582511426,-0.2506492342747777,0.0667020605608396,0.008801275216915568,0.302986865521915,-0.023133477146093477,-0.022362185854639782,0.0,0.0,-0.9988826771023765,0.047258833933872375
-0.019984573156347957,-0.016854807265758328,0.00010238047814248308,0.0,0.0,-0.14191985633441548,0.11296986948523745,0.6942509148744929,-1.5928239134334077,-0.06935545752112497,0.9308989384030336,-1.6090023365596797,0.15425730531647702,1.1882900103626635,-1.5269616090211293,-0.18941469180503948,1.1505809054278688,-1.6683459377928869,0.0580022130536553,-1.3431562185287476,1.4465303621036094,0.015481052157662859,-0.11822107904309394,0.001456843920352075,0.02864592407373774,-0.030776775385809425,-0.019984573156347957,-0.016854807265758328,-0.14191985633441548,0.28510825165966214,0.22253455503312933,-0.17497381571182377,-0.28523871084114216,0.15460157677765912,0.16216649669886596,-0.28699072905567213,-0.3221273897230178,-0.18405091535104026,-0.2630563387751857,-0.2841850031323661,0.19168715806254158,-0.2501030723324976,0.06499056406912737,0.007692969879305789,0.3003373681767962,-0.022760278289050064,-0.021992700511977176,0.0,0.0,-0.998948740834027,0.04584117348096625
-0.018929555262474265,-0.016867607868587015,0.00017200340360623567,0.0,0.0,-0.13446093762859276,0.11326030619292451,0.694674963119046,-1.5892005994815954,-0.0697081776573354,0.9354930808080123,-1.6116761605211551,0.15485073656043752,1.1908523444361334,-1.5283140236099295,-0.19031378041777836,1.1539921952574046,-1.6689056070058939,0.04819404097561465,-1.3650708198547363,1.4555951272881271,0.014848068900306351,-0.10842088427419627,0.0013481572789183795,0.02879848871255081,-0.030759492707782544,-0.018929555262474265,-0.016867607868587015,-0.13446093762859276,0.2851096121656815,0.2219206189517285,-0.17512566146054298,-0.2858080590129713,0.15369788677389612,0.16223059245436255,-0.2864182066067065,-0.3225743786508705,-0.18414169422185447,-0.2625563274038021,-0.28501132064447743,0.19184216455694145,-0.2496101131012917,0.06350866833804818,0.006576394769817345,0.297686672550144,-0.022399200439053094,-0.02161761482039954,0.0,0.0,-0.9990094762684387,0.04449793619775959
-0.01787927168025678,-0.016617947151744854,0.0003182072967483629,0.0,0.0,-0.10995033987356365,0.11310912828717455,0.6955201929847666,-1.585393099976866,-0.07031341287113677,0.9387078149206687,-1.6137367430949372,0.15628653104673296,1.1927729004981533,-1.5291825588917571,-0.19104536437748262,1.157617509765113,-1.6685415066328624,0.038173973735346825,-1.384657791796947,1.4641785589640572,0.014013902815496356,-0.09932049913894404,0.0010313525445909285,0.028942934918723653,-0.03073325903223665,-0.01787927168025678,-0.016617947151744854,-0.10995033987356365,0.2851151317958064,0.2211530392684527,-0.17515585319755464,-0.28647367158799436,0.15309915987336217,0.16237582953514423,-0.28594924170394764,-0.3229379044748033,-0.18447059543914243,-0.262054228851458,-0.28606696607297993,0.19196841432175962,-0.24921250179001478,0.06227422432276078,0.0054790812794643625,0.2950697951257507,-0.022066081042757767,-0.02125334877195774,0.0,0.0,-0.9990577980452062,0.043399494986275815
-0.01681563776881996,-0.016369376385056165,0.0004661913286116427,0.0,0.0,-0.1000124106095534,0.11284213220613114,0.6965289273918075,-1.5816164872790344,-0.07107433899237006,0.9413425058326466,-1.6155930297486734,0.15805263942320077,1.1944189723706085,-1.52991579683035,-0.19161119322048736,1.1614093704511657,-1.6679268259330085,0.02813420614740183,-1.4032910838223145,1.4725748716584788,0.013116670413030265,-0.09046023601553577,0.0006381039220164632,0.029082804343244374,-0.03070344497143422,-0.01681563776881996,-0.016369376385056165,-0.1000124106095534,0.2851223404575514,0.2203371945260747,-0.17515217338632205,-0.2871505274165328,0.1526377377037028,0.16256846638791972,-0.2855110163791416,-0.32325120801057994,-0.1848917083701358,-0.2615498449623807,-0.2872138887055183,0.19205401114582848,-0.248844615427408,0.06116969199656236,0.00441139731413788,0.2924471710530476,-0.02174436612267222,-0.02089338332739652,0.0,0.0,-0.9991007032733137,0.04240029149392869
-0.015612543109193452,-0.016077815850236588,0.0006344769425042918,0.0,0.0,-0.07516427942598626,0.11245452672643148,0.6979270621434154,-1.5781991825807815,-0.07236698529864319,0.9424714394063758,-1.6170570058310592,0.1606146423208634,1.195340607790339,-1.530473461087118,-0.19150114439477856,1.1658308001972686,-1.6670168622228123,0.01822210975841375,-1.4195133279634005,1.4805248095685204,0.01211119660695126,-0.082083801845176,7.493330803292784e-05,0.029207796358422147,-0.03066480928569432,-0.015612543109193452,-0.016077815850236588,-0.07516427942598626,0.28513377944895085,0.21945005506082627,-0.17510762670176902,-0.2877915659757736,0.15255244495522624,0.1629201898114725,-0.2851228694395609,-0.32339672548409165,-0.18553611247798066,-0.26103868105543027,-0.2885864577374447,0.19196460672953386,-0.24854074620832475,0.06028512775928198,0.0033862378735001492,0.2898222022152691,-0.021451349376432043,-0.020543940265306686,0.0,0.0,-0.999132290917441,0.041649312672191234
-0.014705199267798567,-0.015865544557495097,0.0007602342423182472,0.0,0.0,-0.06042824417970311,0.1121777816106809,0.6993696113560824,-1.5752069394060428,-0.07399306048782882,0.9431446574678357,-1.6184541199031293,0.16348527676907165,1.1959835802948715,-1.531152388393479,-0.19071814527847622,1.1705919872194328,-1.6662305469480936,0.008694615677599053,-1.4341253298241021,1.4883283132674712,0.011090191924982014,-0.07401667790324888,-0.0005565212020688074,0.029317740082190742,-0.030619999856356807,-0.014705199267798567,-0.015865544557495097,-0.06042824417970311,0.2851477195352516,0.21860468046957382,-0.17508658831382282,-0.2883474401334772,0.152589484348964,0.16336804989530104,-0.284722509295334,-0.3234396488448047,-0.18626374616802052,-0.26051033579423566,-0.2900269603799695,0.19169830951238093,-0.24828347296402437,0.05955350466873868,0.002421513519489192,0.28714010926403394,-0.021175554916012605,-0.02020052686683683,0.0,0.0,-0.9991572764455755,0.04104554696748204
-0.013559518698940733,-0.015278807383378478,0.0009080282593734723,0.0,0.0,-0.04552664711366119,0.11201314248094622,0.7008570740686967,-1.572644533726993,-0.07595631095186976,0.9433570396180121,-1.6197836207063405,0.16666801053805638,1.1963447588402152,-1.5319539412556078,-0.18925463463236022,1.1756967490151424,-1.6655692694171162,-0.00044395472079314727,-1.4471089967945279,1.4959837374271163,0.010053481862899042,-0.06626233958557949,-0.0012570268430765837,0.029412466432624216,-0.030568947315516088,-0.013559518698940733,-0.015278807383378478,-0.04552664711366119,0.2851641888186436,0.217802444773521,-0.17508964954395606,-0.2888178816468061,0.15274995761788163,0.16391286398775207,-0.2843093207532784,-0.3233789369190758,-0.18707531068401986,-0.25996395815973883,-0.2915355358747599,0.19125358492619904,-0.2480717700692522,0.05896439873638829,0.001512124034756544,0.28440478599727187,-0.020917176250243346,-0.019863210881016398,0.0,0.0,-0.9991758595604486,0.040590659906418795
-0.012601942150911,-0.014548583761666607,0.0010225946871222913,0.0,0.0,-0.027895810207561846,0.11199192702770233,0.702084094285965,-1.5707228183746338,-0.07846127450466156,0.9434730708599091,-1.6211077570915222,0.17005163431167603,1.1965839266777039,-1.5331649780273438,-0.18646544218063354,1.1810814142227173,-1.6657541990280151,-0.008355536498129368,-1.4575719237327576,1.502968966960907,0.009080907795578241,-0.05909205228090286,-0.0020076693035662174,0.029479333199560642,-0.030512496829032898,-0.012601942150911,-0.014548583761666607,-0.027895810207561846,0.2851840406656265,0.21716561955608876,-0.17512151863233943,-0.28915846914201887,0.15293753271393332,0.16461062292947587,-0.28383553076422285,-0.32320149721633185,-0.1879348569734648,-0.2593746071383231,-0.29295764686329184,0.19045907089780953,-0.24793371713983045,0.05854486649384149,0.0007343554738285872,0.2817677872193521,-0.020684534683823586,-0.019547393545508385,0.0,0.0,-0.9991871437771523,0.04031193012566168
-0.011702883253968415,-0.013522732560957196,0.001117044547260804,0.0,0.0,-0.022216983283664327,0.11198783765903256,0.7031996558176591,-1.569088753437836,-0.08115525953721688,0.9435820155495765,-1.622404315327638,0.17346179665335082,1.1968342193821133,-1.534562617340344,-0.18315804784729967,1.1864785604028896,-1.6663603974668773,-0.015700823396144443,-1.466995785700395,1.5096743826898154,0.008144109453630907,-0.05214326773713883,-0.002767431255955043,0.029534608938249968,-0.03045520233927957,-0.011702883253968415,-0.013522732560957196,-0.022216983283664327,0.2852050926061285,0.21660121430374268,-0.17515268858516994,-0.28944667876567864,0.1531223805572798,0.16536060279984274,-0.28334124103126257,-0.3229895938062071,-0.18879639813400206,-0.2587644063520582,-0.2943000546486007,0.18952903221466977,-0.24781875873697992,0.058199147360112245,1.9433608783630835e-05,0.279168783639425,-0.02046161725017048,-0.019242551252745935,0.0,0.0,-0.9991960752122732,0.040089939890069134
-0.010690712324558198,-0.012279494398176867,0.0012204201029444865,0.0,0.0,-0.011642976083093944,0.11192538416725677,0.704022081706348,-1.5682426619049687,-0.08424633816384638,0.9437521146047836,-1.6235692665080896,0.17680287721173085,1.1972617763000848,-1.5364775653653497,-0.17860259930759456,1.1916577920017628,-1.6682126906094135,-0.021460501014586426,-1.4737796983462854,1.5156602511469952,0.007320861219609721,-0.04571056255958206,-0.0035223498652945644,0.029560175486809056,-0.03039911391226037,-0.010690712324558198,-0.012279494398176867,-0.011642976083093944,0.28522872244751696,0.2162345921308759,-0.1751519238459131,-0.2896087452199432,0.15326723036534212,0.16622232270963694,-0.28281213103317815,-0.32272301703083467,-0.18962723433823075,-0.2581032834232022,-0.295343216751873,0.1882736349447068,-0.24777537341878741,0.05800396386866463,-0.0005370085526437509,0.2766702155303505,-0.020261259243242288,-0.01897071968864074,0.0,0.0,-0.9992007361018908,0.03997360345828157
-0.009931925168135918,-0.011348972580741667,0.0012978436362817705,0.0,0.0,-0.005256208176235038,0.11151550585191519,0.704631623005707,-1.567981867982237,-0.08739096421323377,0.9438036204184461,-1.6244525677405748,0.18002088217927315,1.1977614828404164,-1.5386173149083286,-0.1735460547192783,1.1963465933831747,-1.670686932218155,-0.026310603753132433,-1.4790175785154305,1.5210862399747709,0.006583009671494844,-0.03979290901814514,-0.004239717267153669,0.02956876108710398,-0.030344244517735985,-0.009931925168135918,-0.011348972580741667,-0.005256208176235038,0.28525390941024625,0.2160139132070174,-0.1750394124687612,-0.28971685319260454,0.15339957830015138,0.16710067900241,-0.28231567817491043,-0.32243141075481035,-0.19041901704447425,-0.25743227417027076,-0.29613209604213564,0.18689518767500127,-0.24778317682771542,0.05788516977222239,-0.0010023360986679709,0.27431197151217357,-0.020074592428219393,-0.018718780799700102,0.0,0.0,-0.9992028358174219,0.03992108333227459
-0.008919199220058105,-0.010106247110530306,0.0014012191919682284,0.0,0.0,0.001059595624811374,0.11076206298882527,0.7050306451000623,-1.568299868362862,-0.09058854271401506,0.9437378506932482,-1.6250573484689597,0.1831171790625426,1.198332537340638,-1.5409793681746362,-0.1679939818162244,1.200550413771764,-1.6737762117545878,-0.030261237999336967,-1.482726604346461,1.525958570057914,0.005929605957220642,-0.03438458431687112,-0.004919950697171032,0.02956055441633767,-0.030290580610900914,-0.008919199220058105,-0.010106247110530306,0.001059595624811374,0.28528063619296823,0.215937833916821,-0.1748164422050484,-0.28977181963939813,0.15351961231844388,0.16799577356230605,-0.2818513913847884,-0.32211508563131414,-0.19117211828760902,-0.25675164367533065,-0.2966701149332856,0.18539564137268735,-0.2478413576572595,0.057835470189469246,-0.0013791307230048909,0.2720931931618521,-0.019901464680747293,-0.018486513556199978,0.0,0.0,-0.9992024127592771,0.03993167083956485
-0.008097070902529362,-0.009025130687348207,0.0014899586071107083,0.0,0.0,0.01170463534662068,0.10907021824945534,0.7051888084251609,-1.5696770112786518,-0.0938171323813849,0.943013259628475,-1.625036520445907,0.18594639513316577,1.1987427193046416,-1.5436395246710555,-0.16213072466370226,1.2036012443120048,-1.6774535371153148,-0.03289240786193207,-1.4845561037127604,1.5300358381847408,0.005441390427967034,-0.029737208913636567,-0.005506437134322719,0.029533780048657584,-0.03024151456236039,-0.008097070902529362,-0.009025130687348207,0.01170463534662068,0.285309958177925,0.21608266839160029,-0.17430231508958263,-0.2897721151331914,0.15372750622831563,0.16890808008291297,-0.2814891088194986,-0.3216941428288195,-0.19185381912531385,-0.25610674936300326,-0.29678499621408977,0.1838326155111792,-0.24799431495313543,0.05786183320858506,-0.001628900465014366,0.2701072478466255,-0.01975122121656501,-0.01828735014236213,0.0,0.0,-0.9991977320583564,0.040048623564824026
-0.007601669717736377,-0.008010325642667415,0.0015678421762962966,0.0,0.0,0.01603701671847069,0.1070259483468612,0.7052200784619223,-1.5714888356676038,-0.09710080754136886,0.941999054595128,-1.6247151009988465,0.18866867657075798,1.199001547074158,-1.5463666771882334,-0.15627247075106462,1.2061716326131118,-1.6812501193693021,-0.03501602337264376,-1.485761944079559,1.5337884842149363,0.005016919372340772,-0.025450101284772698,-0.006044562690385043,0.029500446282327175,-0.030193908652603227,-0.007601669717736377,-0.008010325642667415,0.01603701671847069,0.28534023453725266,0.21632620046748588,-0.1736786173009758,-0.28974368252676547,0.15396987278124136,0.1698397635275112,-0.2811680425276389,-0.32121793098928586,-0.1925082594020166,-0.25548901647378114,-0.29674743947929777,0.18227965282780467,-0.24817385215959695,0.057905133672550825,-0.0018298191967481793,0.26823617825287904,-0.01960751311791023,-0.018100745044648644,0.0,0.0,-0.999191296604921,0.040208864557167726
-0.0073004536850436496,-0.006890822857262514,0.001649396031494499,0.0,0.0,0.026895158586886347,0.1041652875258618,0.7048678506140741,-1.5743983135927444,-0.10061884786458632,0.9402102756020206,-1.6235360435191417,0.1911269498351437,1.1986862677055716,-1.549138529188681,-0.15072532968233082,1.2075125187035376,-1.6850732844947969,-0.03593435598499825,-1.4857251388114572,1.5367251722604638,0.004744306300460487,-0.022180617355660234,-0.006438333522403409,0.029452934861183167,-0.03014902985536012,-0.0073004536850436496,-0.006890822857262514,0.026895158586886347,0.28537267186497683,0.21683741815090737,-0.17279961847529454,-0.2896316659225108,0.1542957541971124,0.17085095216241156,-0.2809581565920112,-0.3205734754661698,-0.19310616188136887,-0.2549757287185111,-0.2963769598905289,0.18082509983853606,-0.24842402837344615,0.057985684370773144,-0.0019164259392676817,0.26669925914593373,-0.01947388367964917,-0.017943540588021275,0.0,0.0,-0.9991804462288028,0.040477597186722745
-0.00731454910315564,-0.006092800038682425,0.0017035477513430153,0.0,0.0,0.03378970880394333,0.10092712018713847,0.704135759164823,-1.5779222349992537,-0.10441264877683375,0.9379920705452861,-1.6217930696954663,0.19342596068878307,1.1978546505006367,-1.5517654614960588,-0.14569959554496217,1.2080581484224973,-1.6886623793800406,-0.036079232974740465,-1.4854180788833822,1.5391643427362378,0.004561413423276985,-0.019750173309905375,-0.0067223182335596,0.02939908991524037,-0.0301010204141572,-0.00731454910315564,-0.006092800038682425,0.03378970880394333,0.28540621037851244,0.21754615052464238,-0.17180189961973658,-0.2894547297047425,0.15465384083869274,0.17194910844319788,-0.28080075084532785,-0.3198151623244556,-0.19367608175960283,-0.2545569127589191,-0.29584014653230145,0.17951652148893849,-0.2486981625381907,0.058062791721639,-0.0019324371700024947,0.26544106517471655,-0.01933874750522359,-0.017802394332751728,0.0,0.0,-0.9991667119261459,0.040815215039175796
-0.007332242437515728,-0.005029373760317668,0.001775473356246948,0.0,0.0,0.04045696808466107,0.09732389160050632,0.7030363270900393,-1.5820403435086245,-0.10847311926968158,0.9353585963281208,-1.6195047701765226,0.19557095954082163,1.196523717585826,-1.5542522516826656,-0.141178079099463,1.2078347390130062,-1.6920251206263601,-0.03547615287887968,-1.4848496737896195,1.5411223973203827,0.004465282932173883,-0.018131108492012746,-0.006900136146519413,0.029339120242019626,-0.030049983537037098,-0.007332242437515728,-0.005029373760317668,0.04045696808466107,0.28544081377503056,0.21844390839793537,-0.1706905048537818,-0.28921182411530894,0.15504359566327175,0.17313220364750162,-0.28069262806004,-0.3189467975499208,-0.19421939886796574,-0.25422868059087267,-0.2951432457853635,0.17834796582247261,-0.24899656288380773,0.05813925036761913,-0.0018802563350478196,0.2644524378063256,-0.019202154267254287,-0.01767677688758645,0.0,0.0,-0.999150117557502,0.04121944425668382
-0.007348696993170976,-0.004089177022101188,0.0018388582956066493,0.0,0.0,0.05190390989989,0.09362505746367786,0.7011395830836071,-1.5869850300302442,-0.1130513373837376,0.9323992689183894,-1.6162087993333802,0.19760962345656136,1.1942109061567574,-1.5559219473960415,-0.137585420936546,1.2064029334375521,-1.6948835429729232,-0.03344000885950634,-1.484295282587909,1.5423565014896776,0.004494441713787766,-0.017618718313290763,-0.00689220958508101,0.029270022851258716,-0.029990542855038736,-0.007348696993170976,-0.004089177022101188,0.05190390989989,0.2854772293127623,0.2196886769873768,-0.16953990569127944,-0.28881717233404985,0.15536246789496486,0.17447816321471293,-0.28065795330466514,-0.31796938062017366,-0.19477019822402722,-0.25409091906423653,-0.294222889700815,0.17743411102169743,-0.2493354150581391,0.0582001192690949,-0.0017000861667759181,0.2638879486973358,-0.019063024975409442,-0.017577745064142964,0.0,0.0,-0.9991285884679715,0.041738036681173304
-0.007365202959320499,-0.003167375138209822,0.0019014106700881994,0.0,0.0,0.05645097320976159,0.08992866151684878,0.6989264488220215,-1.5921618690426718,-0.11785811200837967,0.9293835187118326,-1.612520250698064,0.19962431170396358,1.191527453044917,-1.5571454755411853,-0.13430314016022135,1.2045214240182966,-1.6975220649834448,-0.03094064834333902,-1.4838188366601932,1.543316704314827,0.004564473918020327,-0.017501005290338666,-0.00681621991972995,0.02919926250590974,-0.02992893140388015,-0.007365202959320499,-0.003167375138209822,0.05645097320976159,0.2855143681068548,0.22105198720230934,-0.16838978702652277,-0.28836397813624254,0.15563406314053993,0.17589684526769617,-0.28064007539639485,-0.3169779317501091,-0.1953299055359512,-0.2540294020233407,-0.2932263085562515,0.17660545182784101,-0.24969303167336002,0.058251082526342424,-0.0014785249405290042,0.2634866591785817,-0.018922872578837725,-0.01748926346284031,0.0,0.0,-0.9991048677432817,0.042302047842623994
-0.007385420063931001,-0.002200425882205739,0.0019486418506450833,0.0,0.0,0.0675883092417357,0.0863249048390644,0.6959390640258789,-1.5977010618920295,-0.12327378970764635,0.9263861449372848,-1.6078866536185246,0.20161944007713525,1.1879777496293087,-1.5570154398079687,-0.13165543433403804,1.20160342502914,-1.6995800093516407,-0.027534101264638736,-1.4836885145046568,1.5436353491456716,0.00471554434977022,-0.018253651541351484,-0.006585786450379243,0.029128638146157633,-0.029864506520980955,-0.007385420063931001,-0.002200425882205739,0.0675883092417357,0.28555328573956584,0.22268554368250693,-0.16726354261155915,-0.2878045830450807,0.15574427524228387,0.1775043385013681,-0.2806578757666972,-0.31601449669426057,-0.1959258766326399,-0.2541695737804983,-0.29206572382920265,0.1759550157886624,-0.25012070895566557,0.05827315207771734,-0.0011767113908323482,0.26347398448044357,-0.018780180559362338,-0.017426600748510566,0.0,0.0,-0.9990760482998231,0.04297731626811497
-0.0074034894108946404,-0.0015897175312474332,0.001954012269142491,0.0,0.0,0.07140498012883914,0.08280112309343857,0.6927291322874543,-1.6032302811641823,-0.12900636080127445,0.9235625175021638,-1.6028088827261189,0.2036347962265847,1.184029802379992,-1.5561530638061114,-0.12919734608406985,1.1985385457941349,-1.701310960238412,-0.023922598439474963,-1.4841166758697306,1.5437710101172428,0.004902600510758446,-0.0194009027425075,-0.006260727632215752,0.029059343290008952,-0.029800893026310324,-0.0074034894108946404,-0.0015897175312474332,0.07140498012883914,0.2855923137808806,0.2243728458809203,-0.16616452962676562,-0.28721491757560225,0.15573018920327159,0.17921126598905562,-0.2806746506429041,-0.3150839990943422,-0.19654846638754603,-0.2544037611136932,-0.2909283347241202,0.17535614467861843,-0.2505639192613772,0.05826429542449919,-0.0008556176341329713,0.26363411057780756,-0.018636105557116082,-0.0173762025899135,0.0,0.0,-0.9990451056576364,0.04369069536551384
-0.007429652164511801,-0.0009376651691966583,0.0019197595999539963,0.0,0.0,0.07501424074634828,0.07935296981626702,0.6893087485492628,-1.6087500689013694,-0.13503860282217908,0.9209031936706312,-1.5973110779019808,0.20566928081664468,1.1797052549835818,-1.5545981486371698,-0.12691857010726157,1.195334768935338,-1.7027326890286183,-0.020117278767112036,-1.485072968390164,1.543733632004501,0.005123686654830744,-0.02092131297260326,-0.0058461861472401755,0.028991305681833085,-0.029738046822681923,-0.007429652164511801,-0.0009376651691966583,0.07501424074634828,0.28563144623033154,0.22610966585700792,-0.16509149548532104,-0.2865951002304885,0.15559783780262434,0.18101316116416594,-0.2806876252000816,-0.3141834310882913,-0.19719689479457062,-0.2547266631476042,-0.28981242753263103,0.1748059228787519,-0.2510221893262106,0.058225284412319486,-0.0005165477668616189,0.2639576292316756,-0.018490722734206072,-0.01733740243510712,0.0,0.0,-0.9990120503260419,0.04444010917355982
-0.007454378696923327,-0.00043927494279740045,0.0018683455934462303,0.0,0.0,0.0761144626499357,0.07614386276710745,0.6858862366452312,-1.6142307591918332,-0.14125761419734714,0.9182925440321033,-1.5916741518366255,0.2076652836079566,1.1747989278511712,-1.5524165798353668,-0.124581615396794,1.19270425914918,-1.7037025778085593,-0.01628330486182789,-1.486629890115469,1.5434376513397934,0.0053877218457676485,-0.022970481206906774,-0.005287659992057591,0.02892780942754857,-0.029676194396495017,-0.007454378696923327,-0.00043927494279740045,0.0761144626499357,0.2856691041648788,0.22783020247374658,-0.16409207352166316,-0.28593740121220934,0.15542782782344947,0.18287445284029816,-0.2806775954814733,-0.31324091627847905,-0.19786109932642143,-0.25516607547675474,-0.2889331751436591,0.1742380125798767,-0.2514736045040489,0.05814924286849647,-0.00017527368714588543,0.2645044758778109,-0.018343423611965753,-0.01731245625989149,0.0,0.0,-0.9989779355913102,0.045200488954479916
-0.007478691557011887,4.525600367154042e-05,0.001818386700329355,0.0,0.0,0.07654756647631072,0.07303796653579539,0.6825248503044947,-1.6196699178458862,-0.1474653158911924,0.9156415316482518,-1.5861298969928048,0.20961265800983317,1.1697056561508434,-1.5500909194050219,-0.12217242420719768,1.1904520224404815,-1.7044858976498547,-0.012498195520633328,-1.4883195217823824,1.543087312439144,0.005670282355315942,-0.02515926397086796,-0.004672365541251095,0.028866644373676118,-0.02961565522889563,-0.007478691557011887,4.525600367154042e-05,0.07654756647631072,0.2857061800540694,0.2295156821105477,-0.16312732732984456,-0.285261336371539,0.15528537555906147,0.18473573371407867,-0.2806439455930489,-0.3122701901619205,-0.19852144919334982,-0.25564048440490894,-0.2881891087671928,0.17364810948373458,-0.251913495547779,0.058061744178893315,0.00016133650417077174,0.26510293415779446,-0.018195352792089815,-0.01729297546057293,0.0,0.0,-0.9989430430398815,0.04596516901112751
-0.007506703048467704,0.0006056279398423595,0.0017606572016770627,0.0,0.0,0.07759908215517844,0.07020083709851203,0.6794355707680618,-1.6249560565756471,-0.1534762015478724,0.9127736923678609,-1.5811049754187565,0.21137513090300084,1.1642425084274086,-1.5476202404739072,-0.11948936312590665,1.1894228354396437,-1.704798885639882,-0.008951793793563822,-1.4901242688198217,1.5426997114347931,0.0060010503464997264,-0.0275501921872965,-0.0039190698052512605,0.02881222413290267,-0.029560145240702083,-0.007506703048467704,0.0006056279398423595,0.07759908215517844,0.28574183963289196,0.23109070877681315,-0.16224613464890553,-0.2845756492121312,0.15529527052603237,0.18653717988774812,-0.28056452551772726,-0.31121923928239703,-0.19914760308503932,-0.2561915704806066,-0.28785745684496844,0.17297951497281636,-0.25231838177863514,0.05796374873170085,0.00047683857423830994,0.26575460207533846,-0.018045373786015798,-0.017286787172091887,0.0,0.0,-0.9989070737279244,0.04674032580454396
-0.0075274784149873914,0.0010282460220774339,0.001717693853699187,0.0,0.0,0.07826855331734693,0.06761914044118565,0.676604423546951,-1.6302152604064686,-0.15919360283437198,0.9099873274364727,-1.5766373904759452,0.21300894687039743,1.158909570850782,-1.5452501953848257,-0.11675716399046396,1.1893815714240874,-1.705015369309675,-0.0056461163315196594,-1.49173693728927,1.5423209647204252,0.006352974144091847,-0.030006374288725404,-0.0031011011889016766,0.02875954312766158,-0.02950587108631262,-0.0075274784149873914,0.0010282460220774339,0.07826855331734693,0.2857766063421365,0.232576507392189,-0.16144257502138312,-0.28386223584721015,0.15537555374911058,0.1882480611105681,-0.28043869330384824,-0.3101801089015517,-0.19973734915930963,-0.25673419279405557,-0.2878061656011527,0.17228750945214957,-0.25264467426545256,0.05787173631878611,0.0007710832966868666,0.2663959385419146,-0.017894134531735172,-0.017289056148905083,0.0,0.0,-0.9988701847874941,0.0475221416036499
-0.007463917813868898,0.0015677469735223507,0.001725359451050512,0.0,0.0,0.07888765700143165,0.06527365044059366,0.6740119793271058,-1.635449556696335,-0.1646396099721026,0.9072763043762053,-1.5726851920953533,0.2145237897666509,1.1536970426572248,-1.5429732095475164,-0.11397952536408529,1.1902538705992218,-1.7051426124252729,-0.0025630441038000037,-1.49317198471735,1.541950405844106,0.006724461375566942,-0.032522898692412705,-0.0022233275434114658,0.0287084704477515,-0.02945273974597854,-0.007463917813868898,0.0015677469735223507,0.07888765700143165,0.2858105473870399,0.23397978931208605,-0.16071064310541705,-0.28312410888617484,0.15552118009762772,0.18987431521847803,-0.28027104285107896,-0.3091519175138704,-0.20029324727174055,-0.25726900168184436,-0.2880140779747551,0.1715743994971808,-0.25289813671015793,0.057785396033689596,0.0010457973827458277,0.26702774659173967,-0.017741729886639836,-0.017299145822657035,0.0,0.0,-0.9988323848718131,0.048310112101774404
-0.00734037478045718,0.0020343227694359254,0.001779218648104153,0.0,0.0,0.07708857782869104,0.06321729177096543,0.6716706582763851,-1.6405466930978252,-0.1691663979783955,0.9050034462605546,-1.5698703007410035,0.21577351655336036,1.1494517946403298,-1.540989149736878,-0.1114797066622132,1.1922943240044102,-1.705619946822224,8.898205905157313e-05,-1.4940279126167297,1.5416810796564857,0.007130295002282973,-0.03493975112902242,-0.0012959919013582851,0.02866159794514611,-0.029404993469033063,-0.00734037478045718,0.0020343227694359254,0.07708857782869104,0.2858456207201785,0.23528400443012815,-0.16006607585613566,-0.28237701180254543,0.15572826785771499,0.19121757838870931,-0.28006416849977706,-0.30833673465847006,-0.20075313031536707,-0.2577084273093265,-0.2884665359382733,0.17091481150756274,-0.25296883180775265,0.05772949677602557,0.0012837883319362308,0.267558193672082,-0.01759091943452422,-0.01732266038006184,0.0,0.0,-0.9987948465078972,0.04908008342766079
-0.007133645228491237,0.0024638439090450023,0.0018932275324054504,0.0,0.0,0.07573142316370356,0.061268808657690944,0.6693272098598864,-1.6455125832717692,-0.17324716572793544,0.9029701644142202,-1.5674550733310264,0.21692469116025326,1.1456680905898944,-1.5390900269450758,-0.10914786044983252,1.1946282498788514,-1.7062346943272841,0.0025558766702678004,-1.4946662283583776,1.5414460665427598,0.007547209595623842,-0.03726391474272585,-0.00035916882623360057,0.02861687347242896,-0.02936002968391716,-0.007133645228491237,0.0024638439090450023,0.07573142316370356,0.2858817161329641,0.23656403119779898,-0.15945637780886854,-0.2816314941783905,0.1559316190258316,0.1924264586228231,-0.27985534198549633,-0.3076333938904712,-0.20117555306048662,-0.2581017454757598,-0.2889705292329107,0.17029347870103692,-0.2529743603879032,0.05768398774157135,0.0015060904636858212,0.26804362574369295,-0.0174415514948184,-0.017351340139972284,0.0,0.0,-0.9987573910453564,0.0498364709050813
-0.0068748634275700524,0.0029582216681432643,0.0020392639124941496,0.0,0.0,0.07124739055795898,0.05957084344137431,0.6667926945542328,-1.6500181495743311,-0.1760919659129726,0.9016410574416986,-1.5659200645133153,0.21784770498739794,1.1431517272987621,-1.5373408458376892,-0.10733102549542513,1.1973671633125151,-1.707181749727902,0.004545627911918964,-1.4947961924860143,1.5412840231152989,0.007986489689640162,-0.0392650221818246,0.0005821967278701176,0.028578265757618734,-0.029323029738144584,-0.0068748634275700524,0.0029582216681432643,0.07124739055795898,0.2859213498214747,0.2378351606151306,-0.15892426311153673,-0.28092163755212207,0.15607230239394973,0.19326559951452726,-0.2796841114447298,-0.3072602288261957,-0.20150594335834088,-0.25837549462487486,-0.28951881494180925,0.16979515484040308,-0.2528414639164628,0.05766700931265418,0.0016879852515304587,0.26841066079317516,-0.0172971801007254,-0.017392318670781667,0.0,0.0,-0.9987216303661112,0.050548046835232854
-0.0066799971203036785,0.0033309342244266025,0.0021489099568172687,0.0,0.0,0.06834833147398622,0.05791379726373106,0.6639414121640608,-1.6539971244415181,-0.1780831278770562,0.9006602852136497,-1.5648327185803612,0.2185930167668618,1.1415180175896458,-1.5356807084691604,-0.10585917392433088,1.1999285157094866,-1.7083316353343478,0.00625578902861819,-1.4945797584200866,1.5410958080483763,0.008421402849607029,-0.0410998635644081,0.0014997035164961263,0.028544512933632672,-0.029292174933740756,-0.0066799971203036785,0.0033309342244266025,0.06834833147398622,0.28596328668946386,0.23912666945902275,-0.15841050163465595,-0.2802778035243148,0.1561839657137822,0.1938536679740301,-0.27956612965595173,-0.30712087060138826,-0.2017675692283598,-0.25857095052720025,-0.28998108367203995,0.16938439914268844,-0.2526605457612986,0.05766729662869387,0.0018462859195900537,0.26873212753837433,-0.017156014943982927,-0.01744129898764143,0.0,0.0,-0.9986868483433534,0.05123064459891058
-0.006421208670755068,0.0038256953838443743,0.0022949238351527295,0.0,0.0,0.06572685708103906,0.056293752344462676,0.6608036914527816,-1.6574999262022492,-0.17930238293921388,0.8999944965311345,-1.5641501741921342,0.21917764052448657,1.1406824520770336,-1.534101089375131,-0.1046992754126155,1.2023293075945554,-1.7096649312332972,0.007713129287648136,-1.494050091945085,1.5408839271372596,0.008852367186231306,-0.04278435798099379,0.0023956358895305912,0.028515150170498247,-0.029266876906106534,-0.006421208670755068,0.0038256953838443743,0.06572685708103906,0.2860073062197474,0.24043688863095986,-0.15791314659815525,-0.27969310612557685,0.15626925073156578,0.19421462497939881,-0.27949773230612185,-0.30719365126262865,-0.20196681093324284,-0.25869607132705275,-0.2903655598964891,0.16905278518404782,-0.2524368121402755,0.05768364682183555,0.001983324167773955,0.26901238246349546,-0.017017749044419134,-0.017497514962099944,0.0,0.0,-0.9986529603334279,0.05188703901053735
-0.006218416321645727,0.0042902262337463255,0.0024187359833879873,0.0,0.0,0.06097710879354254,0.05462454679428329,0.6571249881846792,-1.6599725724866727,-0.17918531436648144,0.8993936393084943,-1.5641607454159117,0.21936894843242313,1.1410740541931768,-1.5327707233044925,-0.10409721222099841,1.2041491662095858,-1.711101107149316,0.008795759309358256,-1.4931994644587472,1.5406356377889645,0.009258445589834416,-0.044197082819554645,0.0032242188142650174,0.0284925966629846,-0.02925161083522659,-0.006218416321645727,0.0042902262337463255,0.06097710879354254,0.28605508364286997,0.24177492029978176,-0.15741249763227527,-0.27926366705931666,0.15645211749810062,0.19418562559554092,-0.27953557229562676,-0.30756861387654794,-0.2020296405040326,-0.25872616487915756,-0.2905766604358285,0.16886724667391617,-0.25218957994398794,0.05771694110614253,0.0020890950997992453,0.26923716001648185,-0.016884690675659467,-0.017566884524070178,0.0,0.0,-0.9986211354572222,0.05249597906628925
-0.006147507481570447,0.004821125811772838,0.002508725495946329,0.0,0.0,0.058520319791892234,0.05296467822170095,0.653331622981385,-1.6620628449740826,-0.17862633535725955,0.8986875338842405,-1.5644063169524174,0.2193855282244266,1.141856266748185,-1.5315589884783598,-0.10367655104038699,1.2057443673178654,-1.7125396192473854,0.00975692758474175,-1.4922457549395978,1.5403489134455688,0.009650647208944669,-0.04549246088870421,0.004019498800071304,0.028472749272598918,-0.029239383063610368,-0.006147507481570447,0.004821125811772838,0.058520319791892234,0.2861040556590829,0.2430965156260498,-0.1569191679997141,-0.27888836171563786,0.156706379045781,0.19402829960691034,-0.27961227506874575,-0.3080321923939721,-0.20203535932230085,-0.2587299959626892,-0.2907275440450907,0.16872996107945543,-0.25194128729602633,0.05775491789023516,0.0021843879231612413,0.26944912284452904,-0.016752390615992097,-0.017642098822749704,0.0,0.0,-0.9985902436470936,0.053080366359307934
-0.006169883872685732,0.00551623226022358,0.002590226847053179,0.0,0.0,0.051584760077082854,0.05137605920133972,0.6494278299728495,-1.6632679668848946,-0.17714174581854134,0.8975050393366973,-1.5651558125579117,0.21894592366762608,1.1434259326665994,-1.530668859513814,-0.10362964938550988,1.2068032706343887,-1.7139190291398323,0.010468637820758289,-1.4910823074763253,1.5399283738744338,0.010002377174244638,-0.046486556680010484,0.004722743913931347,0.028459487695421948,-0.029232955343971315,-0.006169883872685732,0.00551623226022358,0.051584760077082854,0.2861554326627078,0.2443440143571584,-0.1564547873748176,-0.27865125758120907,0.15718910838350722,0.1936034348697324,-0.2797773998940563,-0.3086577679894572,-0.20189765728860715,-0.2586907192357981,-0.2907479592152336,0.16869297529521743,-0.25170501354751285,0.057800994582246336,0.0022568391922389375,0.2696455344328073,-0.016619732328409315,-0.01773257471070994,0.0,0.0,-0.9985627294056438,0.05359547967833648
-0.0062760597383790685,0.006103133892791951,0.002630504985784432,0.0,0.0,0.04537114464826788,0.04992543843468561,0.6457724813246887,-1.663995505579366,-0.17533002203742926,0.8959348575780856,-1.566111626241031,0.2181318759318166,1.1453537384935675,-1.5300208474165642,-0.10379750246569615,1.2075716033077881,-1.715323178960173,0.011100048689959245,-1.4899196200722815,1.5393910512028124,0.010323882315482875,-0.04729544741395337,0.005354743569639317,0.02844930138913977,-0.02923199292522349,-0.0062760597383790685,0.006103133892791951,0.04537114464826788,0.28620766473296505,0.24546415991597895,-0.1560345237471768,-0.27849164077101435,0.15782308376837206,0.19308438444262657,-0.27997610741613815,-0.3093378315860471,-0.2016497775575656,-0.2586491210402288,-0.29068718080768363,0.1687126716974077,-0.2514680175333283,0.05784386223731419,0.002322860850153042,0.26985590393464487,-0.01648339547291898,-0.01783506428485349,0.0,0.0,-0.9985383097439244,0.05404853350227453
-0.006419078434805154,0.00688524604993763,0.002684284176601714,0.0,0.0,0.0398770050636746,0.048596837176572524,0.6423368097951747,-1.664300760166757,-0.17322904271567424,0.8940218787065288,-1.567249868540156,0.21698674159562026,1.1475982153975723,-1.5295869176019758,-0.10415524394320162,1.2080830103598985,-1.7167492040851773,0.011660458013765378,-1.4887576047206084,1.538750467684445,0.01061866234912969,-0.04794057788664864,0.005923747241297038,0.028441834269754038,-0.02923586298305316,-0.006419078434805154,0.00688524604993763,0.0398770050636746,0.2862606528621392,0.2464726939338044,-0.15565297330317712,-0.27840150567911237,0.15859049061955655,0.19248174265348128,-0.2802029110575928,-0.3100657551005652,-0.20130455873143516,-0.25860467505819507,-0.29055477371158334,0.16878234736881134,-0.25123030440312444,0.05788397714226371,0.002383165612659701,0.2700786141909512,-0.016343805988963015,-0.017948176486780182,0.0,0.0,-0.9985166774149202,0.05444671637728089
-0.006547509707302353,0.007588850455440463,0.00273266294658625,0.0,0.0,0.029732980557443302,0.047731396510897056,0.6394629020418896,-1.6641737790715774,-0.1709992948594509,0.8919017106894679,-1.5684313902118863,0.21531644183517298,1.1502448556407185,-1.5294411242408241,-0.10478744980872878,1.2080534872592696,-1.7181816777126901,0.01198397012702471,-1.4878891822475715,1.5380179310004982,0.010859461363730017,-0.04832288537849516,0.00635927437098335,0.02843932850573887,-0.029246453783356104,-0.006547509707302353,0.007588850455440463,0.029732980557443302,0.2863150361000291,0.24727260560065145,-0.15540575569408505,-0.2783653020229571,0.15942690847861976,0.191842563030253,-0.28044643955188764,-0.3108508907777422,-0.20080860923467903,-0.2585712314842038,-0.290279247693602,0.168926150531241,-0.2510103081911078,0.05790617285556951,0.0024222944720795133,0.27032038641789735,-0.01619820881809964,-0.018080922906230763,0.0,0.0,-0.9985004446463845,0.054743602740158104
-0.006667890787783853,0.00825395012851914,0.002778341506151638,0.0,0.0,0.025807808446702996,0.047058036513376554,0.6368472064101456,-1.663905777387171,-0.1687629782913515,0.8898203800988678,-1.5696064937834773,0.21348780353597344,1.1529917852990579,-1.5293783101459477,-0.10549797797763108,1.2077993354541343,-1.7196155818516776,0.012191327663776057,-1.4871463759633519,1.537291044356839,0.01108012764695907,-0.04858528972672136,0.006746455376980291,0.02843859948017853,-0.029259128846078113,-0.006667890787783853,0.00825395012851914,0.025807808446702996,0.28636995938000265,0.247983317783551,-0.15521390184354422,-0.27834537027365286,0.16024987332535348,0.19120069857221372,-0.28068663910737784,-0.31164737504406215,-0.20026795190224345,-0.2585413084462767,-0.289944751619871,0.16909159335181378,-0.2508016595398258,0.05792226737519078,0.0024509073106727787,0.27055317212040664,-0.016050289916312133,-0.01822127934370265,0.0,0.0,-0.9984862832700416,0.05500129199917229
-0.006503332720468981,0.008976903493928086,0.0027958778726966393,0.0,0.0,0.016455271550272824,0.0468627949489043,0.6349116717808998,-1.6633434587677054,-0.1665797689117041,0.8880207528603957,-1.5707294840940693,0.21135321434512233,1.1558897347258241,-1.529467888726484,-0.10635080938571252,1.2069856096434113,-1.7210512021243973,0.012082997931405,-1.4867219696908989,1.536643157069315,0.011254023476160014,-0.04853306240683434,0.007023690085570587,0.028441876554299122,-0.02927594944434678,-0.006503332720468981,0.008976903493928086,0.016455271550272824,0.2864261697602752,0.24846850681762903,-0.15515936050147452,-0.27836243912456066,0.1609787062072061,0.19057265170704987,-0.28091323555500236,-0.31245568944485047,-0.19964215828049722,-0.2585260857424885,-0.289463483197563,0.16929809512829128,-0.25062821368980825,0.057924742464287055,0.0024506863527092924,0.2707385976073811,-0.015896843633795742,-0.01837978836449001,0.0,0.0,-0.9984772191397827,0.055165594883825206
-0.006036250184148964,0.00945297197346463,0.0027685782453365504,0.0,0.0,0.012933427570673813,0.046928580925368626,0.6336175439341756,-1.6626572136910969,-0.1644451009147119,0.8865634306965258,-1.571846061104896,0.20917539778571798,1.1586763538770228,-1.529612498795426,-0.10735798242108135,1.205787239458737,-1.7222792926250687,0.011767689269911116,-1.4864955692483275,1.536160133829053,0.011393802446756989,-0.04817522647196813,0.007235228524687109,0.028447379801897394,-0.029294229956381274,-0.006036250184148964,0.00945297197346463,0.012933427570673813,0.2864817944949105,0.24875838438936296,-0.15518016149390515,-0.27840828686265573,0.16160290299207936,0.18995600881312494,-0.2811197554664612,-0.3132203212718845,-0.19900738977711405,-0.2585227187958261,-0.28892039257198193,0.1695491760780986,-0.2504925056931264,0.057922732004386475,0.0024309864116153143,0.27083694551602183,-0.015752182935908333,-0.01854951285925888,0.0,0.0,-0.9984700759865831,0.05529473175038509
-0.004913898210158396,0.009992053799161824,0.0026732333154491643,0.0,0.0,0.009888500078348853,0.04722004696326768,0.6328779657015065,-1.661863823865084,-0.16235240098814033,0.8854020597950724,-1.572957093283634,0.20696020756391867,1.1613667187274703,-1.5298046881720524,-0.1084985966550424,1.204256312159084,-1.7233279563436572,0.011273430075946462,-1.4864403613461743,1.535819649296319,0.011504084550019281,-0.04755316642206786,0.007389967064154431,0.028454807761981584,-0.0293137726855258,-0.004913898210158396,0.009992053799161824,0.009888500078348853,0.28653691289008865,0.24887936830856106,-0.155266164628834,-0.2784794695686527,0.16213665402572694,0.18934934955243618,-0.28130917344604206,-0.31394711784136003,-0.198364931852127,-0.2585293539970044,-0.28832377639002554,0.16983882273095696,-0.2503888182270893,0.05791678475824576,0.0023944360376548326,0.2708600108924144,-0.015615118108064733,-0.018728934065907598,0.0,0.0,-0.9984646032853489,0.05539346519428864
-0.0036590948158573494,0.010433078167665305,0.0025587443937394316,0.0,0.0,0.008659502143200699,0.047671179743421166,0.6332483827667749,-1.6609311463848857,-0.16037286447998658,0.8844883737948117,-1.5741446338243932,0.20491582725272078,1.1635881734374387,-1.530040872977084,-0.10985926603710894,1.2021709800566602,-1.7239533278766095,0.010505615264777352,-1.4866086252583754,1.5357545574239437,0.011558962348323541,-0.046509698033332804,0.0074446084471606975,0.028465012738468663,-0.029332880530781393,-0.0036590948158573494,0.010433078167665305,0.008659502143200699,0.2865887238275285,0.24867023769965843,-0.1554008240700692,-0.27861984722309374,0.16260815714903226,0.18877136055475213,-0.2814625187982262,-0.31453105982605367,-0.1977778716815212,-0.2585591984333518,-0.28766052271239956,0.1701938886744922,-0.2503520721326331,0.057908801606230194,0.0023309215404239167,0.27074163530035655,-0.015512621674011616,-0.018924999819605947,0.0,0.0,-0.998459802743451,0.0554799270503198
-0.0024854291859563245,0.010845647181758448,0.00245167605028851,0.0,0.0,0.008185204719013456,0.04814809365760561,0.6340048255136349,-1.6599516312547977,-0.15844061000635157,0.8836062766561572,-1.5753772898808422,0.20295797568439633,1.1655898922241774,-1.5302999883690136,-0.11127431938212193,1.199914184192683,-1.7244159835296988,0.009651875432780703,-1.4868248009041651,1.5357928548083208,0.011593542943064798,-0.045336613069044636,0.0074637119639539866,0.028475993012871917,-0.029351058622334628,-0.0024854291859563245,0.010845647181758448,0.008185204719013456,0.2866392626658382,0.24834605317691005,-0.15554423902444348,-0.2787868184938692,0.16307717401147215,0.18820539898632313,-0.281600215212676,-0.31504742076939735,-0.19721850373213912,-0.25859803095987544,-0.2869823168112121,0.17056618532901988,-0.2503393059674162,0.05790181017622676,0.0022585776099589027,0.27057130554614994,-0.015423420544763738,-0.01912747264133404,0.0,0.0,-0.9984552582531248,0.055561652843360385
-0.0010971327916583615,0.011333581793326615,0.002324996178582062,0.0,0.0,0.007060338240337392,0.048633606341861244,0.6356146979651995,-1.6588711746587048,-0.15662578448353195,0.8827052636434568,-1.5767398008564175,0.20123555716252164,1.1670136259706227,-1.5306222134788565,-0.11277357463868674,1.1973130398948721,-1.724493675583961,0.008623156665305552,-1.4870984058252117,1.5360721165701847,0.011581575860513137,-0.043904528321835806,0.007403065394235137,0.028488377421694314,-0.029365914542503004,-0.0010971327916583615,0.011333581793326615,0.007060338240337392,0.28668679086954,0.24776769587325242,-0.15569336397469585,-0.27901703022375623,0.16357282653971814,0.1876697476510599,-0.2817026468616551,-0.3153867884594697,-0.19673343441566987,-0.2586639506733319,-0.28628464372469004,0.17096773986937955,-0.2503858711542004,0.05790006534655164,0.002167610777913738,0.27028162567291397,-0.01536568462998675,-0.019345116682800673,0.0,0.0,-0.9984513329239334,0.05563214702328858
-5.6964842480128255e-05,0.011699043003548747,0.0022301187851278548,0.0,0.0,0.0062919562666778365,0.049123443138079356,0.6376486292621434,-1.65778012483712,-0.1549101394894939,0.8817209211371889,-1.5779048044409527,0.1996890327474415,1.1680222449686704,-1.530915724351102,-0.11416245469410949,1.1946448827749931,-1.7242500397983014,0.007562336580665311,-1.4873932748032896,1.5364671277519841,0.011545475116062083,-0.04238700901701945,0.007297442027448906,0.028501154104835235,-0.02937762499255622,-5.6964842480128255e-05,0.011699043003548747,0.0062919562666778365,0.2867322625129815,0.2470666035195771,-0.15584509647837427,-0.2792700981634376,0.16406040115233897,0.18716648599079944,-0.2818179421541752,-0.315613984681747,-0.19630449812546524,-0.2587540411133174,-0.2856281443362424,0.17134643979956435,-0.2504836805680839,0.05790069134033603,0.0020716247372711168,0.26993990828502784,-0.015329444074640737,-0.019573134470155976,0.0,0.0,-0.9984478305972022,0.055694969034379954
0.001467829599569496,0.012167750833025487,0.0021917582958330684,0.0,0.0,0.005642396259636701,0.049616935369152355,0.6400410432943562,-1.6566801199176968,-0.153278337829065,0.8806661351415135,-1.578902843014506,0.19829120231954842,1.1686799422206495,-1.5311849613317707,-0.11545802787846368,1.1919200756405823,-1.7237347660448727,0.006474379300071077,-1.487706119582157,1.5369599889588836,0.01148897271928371,-0.040797266684122514,0.007153797038399532,0.02851426240131759,-0.02938667638539868,0.001467829599569496,0.012167750833025487,0.005642396259636701,0.28677599562094513,0.24626122409213083,-0.15599905570867512,-0.2795414289721518,0.1645411918606823,0.18669050788673391,-0.28194405772098874,-0.31574648815598516,-0.19592290563393622,-0.25886488752742576,-0.2850060777620399,0.1717060050893937,-0.25062481023105965,0.05790312373301903,0.0019714057641043005,0.26955419723459884,-0.015311374854071427,-0.019809921815891397,0.0,0.0,-0.9984446864769917,0.05575130532877098
0.0029508098876830802,0.01257945882472406,0.0022203780260673933,0.0,0.0,0.00888312675006808,0.0501836070778386,0.6427654439970951,-1.655652905870604,-0.15196691178435445,0.8795804491379117,-1.5793593777906174,0.1971802803493986,1.1688081942148656,-1.531329467792639,-0.11638855154082281,1.189338149640384,-1.7227963757194928,0.0054406628775216445,-1.4881332064635002,1.5374770300500344,0.011406196778227618,-0.039233431370066296,0.006955969580230394,0.028527125366182137,-0.02939054931845241,0.0029508098876830802,0.01257945882472406,0.00888312675006808,0.28681993284481483,0.24536810571250106,-0.15617387710781114,-0.27980647225872735,0.16494195164479677,0.18631598240955352,-0.282097261036662,-0.3157539290581413,-0.1956300752959557,-0.259004898526412,-0.28449875754808246,0.17197815216298393,-0.2508416705696279,0.05789948737433428,0.0018730938459730955,0.26917378971296185,-0.015333607239686202,-0.020063355402558446,0.0,0.0,-0.9984397300785139,0.055839998215833436
0.004449384853340887,0.012943559621247755,0.0023285014517357423,0.0,0.0,0.011205516334367857,0.0507676559406639,0.6455417463443424,-1.654653935624449,-0.15078676366966043,0.8785429912925566,-1.5796236831869854,0.19618377809556536,1.168790187611676,-1.5314244215920467,-0.11716214527419751,1.1868465202766776,-1.7217338469204486,0.004448341693254113,-1.4885887667636744,1.5379886579193525,0.011316350517456962,-0.037696345440493315,0.006742882042273176,0.028539567985790687,-0.0293924216081032,0.004449384853340887,0.012943559621247755,0.011205516334367857,0.28686481074198783,0.24446185202775994,-0.15635363255407062,-0.28006421741316384,0.1652965814362176,0.18598198588344667,-0.2822556005154828,-0.3157298520140387,-0.19537096803091156,-0.25914867725261326,-0.28403712394293057,0.17221188550244187,-0.25108200266926395,0.05789360398715906,0.001777571125517643,0.2688018074936978,-0.015372563897313288,-0.020323123532853673,0.0,0.0,-0.9984334666500085,0.05595187819230265
0.006254013702068352,0.013373544044685704,0.002471667608157369,0.0,0.0,0.01813779819624869,0.05137813378800482,0.6483380158475581,-1.6537219173956237,-0.1499271476328773,0.8777005516442676,-1.5794562693410272,0.19546265620113218,1.1685047677699352,-1.5314003621171786,-0.11754325254751533,1.184615648432866,-1.7204306969706644,0.0035814162931286212,-1.4890905786680695,1.5384676276437388,0.011213930483107398,-0.03624504354576136,0.0065013435544233585,0.028550578462547504,-0.029389562979090535,0.006254013702068352,0.013373544044685704,0.01813779819624869,0.28691307290288426,0.2435560831766091,-0.1565404201707601,-0.2803050377134474,0.16552188027170936,0.18574622391558643,-0.28242121303647255,-0.3156538250577799,-0.19519117518435686,-0.25929194362279956,-0.2836877343481975,0.1723475754400905,-0.2513728900664547,0.05788359556640393,0.0016912967295904713,0.26845835033142473,-0.0154526217328072,-0.020597741001554384,0.0,0.0,-0.9984233017880366,0.05613297111925576
0.0076069455414686385,0.0136949562461787,0.00257862844323109,0.0,0.0,0.022955821370445887,0.051942822467160706,0.6510748927225203,-1.652844469819293,-0.1492547212831126,0.8770308210545739,-1.5790666525795956,0.194912302814074,1.1680953094623232,-1.5313442737464136,-0.117674670663456,1.1826193284668378,-1.7190428292191269,0.0028055399881313304,-1.4896101887594133,1.5388815202969033,0.011110276471348417,-0.034880914544099126,0.006254883551807611,0.028559989577171787,-0.029383727368092378,0.0076069455414686385,0.0136949562461787,0.022955821370445887,0.2869636774463141,0.2426721698929591,-0.1567138869575476,-0.28053520641144164,0.16565898337150053,0.1855669338761282,-0.2825855985269665,-0.3155490495696843,-0.19505894300234078,-0.25942688565076866,-0.28341514362366427,0.1724191864462824,-0.2516826634220693,0.05787016368480276,0.0016124175645077631,0.2681526444861647,-0.01556118692727697,-0.02088273441631522,0.0,0.0,-0.9984103896965131,0.056362165909916266
0.009410398647506082,0.014126447560576941,0.0027218371029674726,0.0,0.0,0.026938065521681244,0.05246966499710244,0.653762679772089,-1.652012126557779,-0.14873701293996516,0.876503839788821,-1.5784933783063952,0.19450309482596864,1.167583329565573,-1.531261712512714,-0.1175997130472788,1.180816872807957,-1.717584939611038,0.002104918547474679,-1.4901445095971126,1.5392416247585476,0.01100560253948573,-0.033588836607116944,0.006004355766579202,0.028568078770033464,-0.02937543119035111,0.009410398647506082,0.014126447560576941,0.026938065521681244,0.2870162180406135,0.24180622245075095,-0.15687633094514739,-0.28075627209409715,0.16572319232986887,0.18543433741584972,-0.2827491128228047,-0.31542048989168425,-0.1949660304405765,-0.25955496437052783,-0.2832060780982682,0.17243766648047215,-0.25200820413427905,0.05785395936664308,0.0015396624535576999,0.26787813753231327,-0.015693314326614544,-0.021176303868125756,0.0,0.0,-0.9983951705940373,0.05663111630988125
0.010996448241854887,0.014484795922401011,0.0028425065062995247,0.0,0.0,0.03470586533424054,0.052904986795163006,0.6564413653124099,-1.6513445585366062,-0.14844297102633738,0.8761327850738627,-1.5776303726554717,0.194333378200563,1.166999864898272,-1.531229525604504,-0.1172295410261058,1.179452932921032,-1.71603590850062,0.0015336262349714205,-1.4907060717576301,1.5394580012199863,0.01091107892360063,-0.03246262419543807,0.005766769189812586,0.02857319436867365,-0.029362910158382164,0.010996448241854887,0.014484795922401011,0.03470586533424054,0.2870725509304328,0.24096100497183384,-0.15701161153928625,-0.28095504508583913,0.16569311153289357,0.18537006643828263,-0.28291617178348544,-0.3152615697991442,-0.19493617680288644,-0.2596523023336911,-0.28312951951366727,0.17237811121741925,-0.2523412951042951,0.05783158387497752,0.0014779476118826648,0.2676819343857025,-0.015871291467607428,-0.02148673323376868,0.0,0.0,-0.9983754561468678,0.056977614582690336
0.012228644605047957,0.014689530251719528,0.002915972231218311,0.0,0.0,0.036587030823108775,0.05331096653170235,0.6591141763949555,-1.6507614206947736,-0.14820392699849685,0.8757945691179109,-1.576662459629494,0.19422598528181947,1.1664223598953862,-1.5312214605760255,-0.11678538968999112,1.1782616648898028,-1.7144775094601932,0.0010072227079896178,-1.491270677355312,1.5396177692701352,0.01082293725503771,-0.031405522169282746,0.005538618910882691,0.028576907976811766,-0.029349040708835893,0.012228644605047957,0.014689530251719528,0.036587030823108775,0.2871299183008655,0.24012640061586285,-0.15713789002466755,-0.2811392642251509,0.16563594062276366,0.18532323911170792,-0.2830887184643422,-0.3150994780068864,-0.1949219803907634,-0.2597378344302874,-0.28310018704038403,0.17229792789437776,-0.25266914487117714,0.05780719525981362,0.001420396209749177,0.267516447526226,-0.016064398834519347,-0.021801976455788095,0.0,0.0,-0.9983545429076464,0.057342886705018435
0.013506464391045771,0.01482732386060068,0.002971496558029641,0.0,0.0,0.03963377960603134,0.053655281962964374,0.6617702421725997,-1.6504027483447286,-0.14805559603959922,0.8754998405507747,-1.5754561920294026,0.19422805289294096,1.1659003552174407,-1.531275952422379,-0.11621652363530739,1.1774810208570237,-1.7129289671878687,0.0005802531795413548,-1.4918332107915175,1.539642902828703,0.010752862244344396,-0.03051737130888353,0.005338168040467981,0.028577007553321404,-0.02933234653916935,0.013506464391045771,0.01482732386060068,0.03963377960603134,0.28718918981968156,0.23932232107364046,-0.15724468719854834,-0.28128740787993123,0.1655265258523585,0.18530661311565888,-0.2832793833348822,-0.31494059315898715,-0.19493399067475015,-0.25979585387817994,-0.28317794304240834,0.17218151404251208,-0.2529748685670176,0.05777865523253539,0.001372396962671147,0.26742390009205014,-0.01628994410420025,-0.022126456022562607,0.0,0.0,-0.9983317373417198,0.05773856784042614
0.014302805182262181,0.014837146478748616,0.002985817674022728,0.0,0.0,0.03907528878250095,0.053956618145008226,0.6643046472696651,-1.6502417746006242,-0.14789773063771677,0.8752555663153629,-1.5741532928991637,0.19420639330508724,1.1654944271849306,-1.5313729383801453,-0.1157018989574589,1.1768585911533176,-1.7114515916613124,0.0001844995461354202,-1.4923971303357375,1.5395821768965496,0.010699483028444267,-0.02974672280501997,0.0051648885999249885,0.02857502796780943,-0.02931359548421714,0.014302805182262181,0.014837146478748616,0.03907528878250095,0.28724877816318667,0.2385760561407264,-0.1573372035808952,-0.28139769112118507,0.16538595381286142,0.18528893059457952,-0.2834827813848553,-0.3148061177888237,-0.19493648925335158,-0.25984038194744413,-0.283284622035567,0.17207599389486902,-0.2532518989380555,0.05774738132803684,0.0013275403264420191,0.26737954293735117,-0.016532680826049133,-0.022453398406255577,0.0,0.0,-0.9983090996130463,0.0581286644418116
0.015362273199257868,0.014854077901687357,0.003005336695069416,0.0,0.0,0.03862398569615265,0.05422322362061315,0.6667407407056566,-1.6502405573057648,-0.14773216063544253,0.8750520632571022,-1.5727723076839575,0.19416556022311218,1.165182298461863,-1.5315042630138014,-0.11523110569523484,1.176364011412499,-1.7100317246161851,-0.0001860291215797479,-1.4929621699672417,1.5394520695577532,0.010659595363892164,-0.029071025700377125,0.005013565870389439,0.028571368251370903,-0.029293182299741163,0.015362273199257868,0.014854077901687357,0.03862398569615265,0.28730862252664247,0.23787670189630195,-0.157418151785917,-0.28147738647366694,0.16522012119487636,0.1852703596684248,-0.28369637573905226,-0.3146913805636977,-0.19493130248052928,-0.2598740229608847,-0.2834147399864775,0.17197928706110932,-0.25350570017498536,0.057713882768408276,0.0012852235898395251,0.26737411978360315,-0.016789309630457994,-0.022782330945034162,0.0,0.0,-0.998286573541516,0.05851424686979663
0.016333941015648543,0.01486849587985517,0.0030233055953204917,0.0,0.0,0.037720679191844894,0.05436475789987001,0.6687470236480636,-1.6505901213460321,-0.14740997137839362,0.8751084818536004,-1.5712536813428737,0.1940216076054029,1.1652343081147878,-1.531626364928764,-0.11502152606344862,1.1758401097867313,-1.7088819242163793,-0.0005126713631337195,-1.4935244109806598,1.5392677071910577,0.010647407657898112,-0.028565002767831676,0.004915548318171959,0.02856567218249676,-0.029270345170125864,0.016333941015648543,0.01486849587985517,0.037720679191844894,0.28736899163098945,0.23734261127797146,-0.15745946399373154,-0.2814887827613141,0.1649531425943071,0.1852088669085824,-0.2839425593672813,-0.31468176239764073,-0.19489092285659074,-0.2598802797634546,-0.28348726639574895,0.17194563250961784,-0.2537005858425204,0.05767882966989321,0.0012471615463220355,0.267413043091268,-0.017073548948954822,-0.02311528252200193,0.0,0.0,-0.9982644305495857,0.05889080318276859
0.017218000034632287,0.014880566997148502,0.0030392768399029046,0.0,0.0,0.03738150950255806,0.054446254500606715,0.6705872416496277,-1.6510575105679914,-0.1470262923296666,0.8752755930759762,-1.5697223500117359,0.19382924921560607,1.1654177600105338,-1.5317347297732462,-0.11492951409328704,1.1752719407113605,-1.7078300354464742,-0.0008278808387733958,-1.4940797394554086,1.5390744401304515,0.010644599682832724,-0.02811258501254472,0.004837050693322148,0.028559553205666926,-0.029246741855804552,0.017218000034632287,0.014880566997148502,0.03738150950255806,0.2874295547504553,0.2368704171518349,-0.15748230637335578,-0.2814779476202662,0.16465036682989428,0.18512947996643853,-0.2841954008636953,-0.3147121616647155,-0.1948350901700786,-0.2598790689253899,-0.2835299122761124,0.17194100274334692,-0.25387424215569176,0.05764381473788905,0.0012101479434817684,0.2674625043796335,-0.017368207579391115,-0.02344976546830379,0.0,0.0,-0.9982423465307949,0.059263965381101555
0.01821525385979588,0.014785959175662002,0.003032146284244474,0.0,0.0,0.03659773783767254,0.054373789653682066,0.6720382571220398,-1.6517810133479587,-0.1464973956146496,0.8757137476197825,-1.5682070327285151,0.19351375503027998,1.165898806296739,-1.5317993896119546,-0.11513187146226832,1.1745627590473866,-1.707000341591419,-0.001122544513352774,-1.4946122701536089,1.5388739445065491,0.010662278429223787,-0.027772279493760734,0.004803084754291296,0.02855285472742863,-0.02922153557281966,0.01821525385979588,0.014785959175662002,0.03659773783767254,0.28749056270458556,0.2365409053752354,-0.1574584115528789,-0.28142173350539046,0.16426809632596573,0.18500707563964264,-0.28445793438125994,-0.31483565764871074,-0.19474093932623818,-0.2598638383487853,-0.2834938996418111,0.1720098575320279,-0.2540000423981593,0.0576097287402476,0.0011748677352446824,0.26752925702884744,-0.017687004572093098,-0.023787813173644503,0.0,0.0,-0.9982205904080991,0.05962929552917818
0.018899628805138628,0.01459608087520146,0.002999476238384203,0.0,0.0,0.03519757388265727,0.054195786582543544,0.6733256398431406,-1.6526174049249431,-0.14587856189116535,0.8762704914048214,-1.5667574405670166,0.19314779691248132,1.1664907012209795,-1.531813325497928,-0.11556536684300277,1.1738274553478165,-1.7062219717358582,-0.0013925856441859457,-1.4951075179464866,1.5386978907873166,0.010690679886197084,-0.02750664479380486,0.004797981845702501,0.02854631688670824,-0.029196353041685667,0.018899628805138628,0.01459608087520146,0.03519757388265727,0.28755084060182506,0.23627213357346977,-0.15740335352093077,-0.28135000641422714,0.16386042844341472,0.1848569390470006,-0.2847200267680694,-0.3150006687761987,-0.19463182528353246,-0.259846466443292,-0.28344134681376404,0.17213713970036784,-0.2540936613680483,0.057578313025876855,0.0011419404755755986,0.26759519686288513,-0.018021227766903458,-0.024123736338427407,0.0,0.0,-0.9981995405095101,0.059980641265353955
0.01971058194059769,0.014168332324944329,0.0029138520660013096,0.0,0.0,0.034091446278671216,0.05393440831427605,0.6744837526907057,-1.6535429786515716,-0.1451886779309919,0.8769209206904341,-1.5653597712516785,0.19274197228802928,1.1671701665692682,-1.531787189461241,-0.11618146125302221,1.1730715152401252,-1.705484147839898,-0.0016431749654596374,-1.4955733122441592,1.5385411461727732,0.010727552284530347,-0.027300000040723166,0.00481568073116293,0.028539905949626992,-0.02917118927451388,0.01971058194059769,0.014168332324944329,0.034091446278671216,0.28761054175412093,0.23605137187274736,-0.15732371477670648,-0.28126606464844905,0.16343258667204583,0.18468476915720608,-0.28498150969384756,-0.3151984536508468,-0.19451089278760014,-0.25982730340900084,-0.2833756951698736,0.17231064885563524,-0.2541617640779244,0.057549002366505765,0.0011108713213401505,0.26766049549261395,-0.018367637661379468,-0.024457981116169664,0.0,0.0,-0.9981790342347053,0.06032093843990542
0.02041179032644512,0.013693099517187961,0.002815944436412865,0.0,0.0,0.030539060083940917,0.053525782571542974,0.6755020466426875,-1.654599058548076,-0.14434824623917572,0.8776798704326553,-1.5641306910738848,0.1923078734602704,1.1678706255535152,-1.5316647259180978,-0.11715757171779673,1.1723845085041635,-1.7047255223229427,-0.0018496038454691068,-1.4958879907659237,1.5384470624411666,0.010774451464214583,-0.02718577848984891,0.0048686978688476075,0.028534404083386363,-0.029146819569220477,0.02041179032644512,0.013693099517187961,0.030539060083940917,0.2876673946844651,0.23588659025245867,-0.15720116658910993,-0.28116935541134686,0.16299945611859884,0.1844655410228292,-0.28523739143008214,-0.3154213753196231,-0.19438349953008852,-0.2598166071778469,-0.28333218738534005,0.17257533686265533,-0.2541803715782615,0.05752959348291988,0.001083879177696907,0.2677041959081489,-0.018735666240521733,-0.02478128904164238,0.0,0.0,-0.9981605662402762,0.06062577012204712
0.021044160954141283,0.01326373223544555,0.0027278275697831256,0.0,0.0,0.029205334237661855,0.05308328323916299,0.6764859253128104,-1.6556823301635333,-0.14344989943424322,0.8784711014904433,-1.5629780676540912,0.1918726045913344,1.16855407641238,-1.5314981521376028,-0.1182490322963904,1.171764043353548,-1.7039422192829567,-0.0020393200793722395,-1.496136930964937,1.5383762797253244,0.010823422380341782,-0.027096266214479536,0.004932169147748379,0.028529291553735334,-0.029123043885217016,0.021044160954141283,0.01326373223544555,0.029205334237661855,0.28772317953157744,0.23573508330514303,-0.15706885503120882,-0.2810699412088659,0.1625688490484803,0.18422774340534362,-0.2854892971007088,-0.31564824860712015,-0.19425682274782102,-0.2598110837994754,-0.2833109294041158,0.172869101276463,-0.2541807558268794,0.057514362814578654,0.0010585181009334587,0.2677375976643959,-0.019111817202612073,-0.0251004951349741,0.0,0.0,-0.9981428177123469,0.06091728366610385
0.021805528944952468,0.012748128516000967,0.002621464281274411,0.0,0.0,0.026136079966592177,0.05258562445840578,0.6774098521110996,-1.6568049624462255,-0.14241679202790225,0.8793276116351953,-1.562015402237041,0.19144469859616067,1.1691718893563188,-1.5312216113877777,-0.11958484781668494,1.171339995108995,-1.7030841696182353,-0.002190434705191014,-1.4962250058282942,1.5383588795693928,0.010875358802560194,-0.027052980641390653,0.005016711002978304,0.0285251261228883,-0.029100950207286234,0.021805528944952468,0.012748128516000967,0.026136079966592177,0.28777650778725644,0.23560561303759556,-0.15692064980945147,-0.2809669620614079,0.1621497378877924,0.18394712482544948,-0.2857318313424582,-0.3158784800464242,-0.19413512602392297,-0.25982006786555134,-0.2833559274707963,0.17322395965818219,-0.25414015925717,0.05750929320543779,0.001037004048775451,0.2677449788436336,-0.019506666034260062,-0.025410266468088905,0.0,0.0,-0.9981268622310717,0.061178156990508305
0.022377317632170265,0.012359215919909267,0.0025418030735621655,0.0,0.0,0.023889622345702903,0.0521248689033841,0.6782868910555871,-1.6579114738726777,-0.14131551440930204,0.8802400195358584,-1.5611861480162448,0.19105501397944136,1.1697181079211652,-1.5308567089522445,-0.12103814559194871,1.1711237402570327,-1.7022034133840727,-0.002306203520388014,-1.4961861339991525,1.5383619638097366,0.010925410165382713,-0.02704126002804545,0.0051095807993622065,0.02852190448433761,-0.029080560405882413,0.022377317632170265,0.012359215919909267,0.023889622345702903,0.2878280381028284,0.23548772969479548,-0.1567829763502515,-0.28086054790863446,0.16173564957612044,0.18364382562769965,-0.2859635390060931,-0.31610609528937134,-0.19402624291690757,-0.25983816117240766,-0.2834607014481737,0.17360681256254978,-0.2540679096571745,0.05751154005245713,0.001018977138612146,0.2677388013834626,-0.019915233628711858,-0.025713125075019855,0.0,0.0,-0.9981122185181567,0.06141660398266459
0.023178024491206553,0.011765134840457258,0.0024607992612279968,0.0,0.0,0.02215473489566971,0.0516926128692275,0.679127719578327,-1.659005535528964,-0.14016159048816504,0.8811955960004921,-1.5604599242242392,0.19069484686291457,1.1702090357774055,-1.5304235667990358,-0.12258217223738663,1.17106795951024,-1.701305121383411,-0.0023946755709464106,-1.4960492241302592,1.5383808676828474,0.010974005739760878,-0.027053916314304274,0.005208882075053132,0.028519411715085076,-0.02906148646951922,0.023178024491206553,0.011765134840457258,0.02215473489566971,0.28787817991019893,0.235378800447013,-0.15665345332146116,-0.280751461072131,0.1613254415541468,0.18332293201515623,-0.2861866528277098,-0.31633171097868634,-0.19392723739647927,-0.2598632491038642,-0.2836117059064623,0.17401121443415318,-0.25397091170006014,0.057519436243140536,0.0010036418443298296,0.2677221528027376,-0.020334395911269534,-0.026010645140937507,0.0,0.0,-0.9980985873370773,0.06163773159137597
0.023945844521631628,0.011160614936912287,0.002403977333299834,0.0,0.0,0.018032998840201812,0.05140423362187091,0.6798119150952204,-1.6599054804584323,-0.13895830012007845,0.8823565278677332,-1.5598912351083436,0.19043086864204214,1.1706443176973587,-1.5298381067762439,-0.12424579497751775,1.1712963981116378,-1.70046788534062,-0.002409727912671214,-1.4957496915887667,1.5383813517205667,0.011016301698232658,-0.027100530146752427,0.005310708983495033,0.028518249312003186,-0.029044984708596396,0.023945844521631628,0.011160614936912287,0.018032998840201812,0.28792647007327754,0.2352913900379951,-0.1565658318956053,-0.28065388575166555,0.1608792203440869,0.18298368020354822,-0.28638835497659765,-0.3165720695683078,-0.19385659675636577,-0.2598915890699406,-0.28382759499508486,0.174441980209678,-0.2538259347962912,0.05753522396503356,0.0009952846684940643,0.26770305649907705,-0.020777406164713758,-0.02629422856457282,0.0,0.0,-0.9980874559771179,0.061817717695858775
0.024665224062706444,0.010551809920803488,0.0023759776513837543,0.0,0.0,0.016353997962478842,0.051178262237734445,0.680428572949147,-1.660703446241033,-0.13775040199292587,0.8836032136174656,-1.5593871014230203,0.19021060442764487,1.1710809725242972,-1.5291999146442286,-0.12593247046406636,1.1716202393474195,-1.6996705236050906,-0.0024016239249066225,-1.4954077837451192,1.5383747696076464,0.011055237694874705,-0.02715571204687925,0.005411376826615141,0.02851772445860325,-0.02902977649847533,0.024665224062706444,0.010551809920803488,0.016353997962478842,0.2879743390035309,0.23521107395900018,-0.15649655312484467,-0.2805644224711639,0.16041768891805464,0.18264117129906016,-0.28657838546046394,-0.3168234119106253,-0.19379796471996474,-0.25991685380859675,-0.28406176505444625,0.17487682246567746,-0.2536642980448826,0.05755298856157584,0.0009892448085717918,0.2676840827488232,-0.021229820763504742,-0.02657185348638352,0.0,0.0,-0.9980773329617387,0.06198094407140555
0.025542122800623027,0.009804688249458796,0.002345502776587849,0.0,0.0,0.012380392284134801,0.05110338965318347,0.6808820510870658,-1.6612395572182317,-0.13654547699745867,0.8850547303289376,-1.5590360908700316,0.19009785249129238,1.1715423988815923,-1.5284452634369767,-0.12765072691160564,1.1721516243563403,-1.6989809618700271,-0.0023447612625540496,-1.4949869577516646,1.5383518558220575,0.011085511191479313,-0.02722645835988474,0.005507342848651763,0.02851879406695398,-0.0290178496940624,0.025542122800623027,0.009804688249458796,0.012380392284134801,0.2880215091793329,0.23514594407084577,-0.15647169914048858,-0.28049744237937596,0.1599197084852994,0.18229548530168643,-0.2867401663973962,-0.3171051364739836,-0.19376824582752167,-0.2599313200478662,-0.2843316756882654,0.17531561031250614,-0.25346762680285595,0.05757433321229327,0.0009882195037156762,0.2676664058696519,-0.02170421444379644,-0.026835124827171337,0.0,0.0,-0.9980696518287502,0.06210450948552152
0.026199380548928515,0.009243753464383199,0.0023226784979749064,0.0,0.0,0.00942639476216827,0.05109434279819463,0.6812568606946292,-1.6615214235830627,-0.13535844929666327,0.8865954427911131,-1.5588384186661484,0.19007368425794896,1.1720566653565272,-1.527670822687597,-0.1293548756597826,1.172772286722324,-1.6983908782869377,-0.0022518725803234436,-1.4945666213963655,1.538299726959843,0.01110960428146708,-0.027313984980519186,0.005596269684649954,0.028521075019700415,-0.029008812902357753,0.026199380548928515,0.009243753464383199,0.00942639476216827,0.28806815911459444,0.23507274408342663,-0.15646742892106352,-0.28046455705219747,0.15942040964887644,0.18195150875276628,-0.2868753668615401,-0.31740584919991094,-0.19376052505457453,-0.2599274016530806,-0.2846071696155667,0.17574809010143702,-0.2532532768001783,0.057594690170799344,0.0009911261491922455,0.2676616628935968,-0.02219500526435823,-0.0270876732198584,0.0,0.0,-0.9980637931782513,0.062198591194983534
0.027076566965446677,0.0084954602553331,0.002292203623176226,0.0,0.0,0.007196416285557415,0.051134987915522304,0.6815722832743754,-1.6616113601914988,-0.13418493229870826,0.8882034893003886,-1.5587565018826683,0.19011638803570063,1.172610820939877,-1.5268814427740622,-0.13104837447804896,1.1734603447402083,-1.697875890955829,-0.00213178778504765,-1.4941466546698705,1.538225543578999,0.011129031770381352,-0.027414179088285306,0.005679882625305415,0.028524270418706355,-0.029001957786913286,0.027076566965446677,0.0084954602553331,0.007196416285557415,0.2881144163192519,0.2349934411875919,-0.15647869142164977,-0.2804574118304798,0.15892019993713125,0.18160883360112973,-0.2869902053362698,-0.3177209157795634,-0.19376938506486996,-0.2599094742403806,-0.2848868699196007,0.17617564365967983,-0.2530253449200228,0.057614312538010186,0.0009970035133911193,0.26766668251363873,-0.022698174318261207,-0.027332126837998835,0.0,0.0,-0.9980593145242985,0.06227041585927777
0.027859193911557854,0.007828735291439456,0.0022793776236915138,0.0,0.0,0.002497902249081986,0.051273314494814655,0.6818101990142925,-1.6613145402613902,-0.13300805353878323,0.8898195716358672,-1.5589483864355407,0.19027624314263364,1.1732991877818268,-1.5261886223850634,-0.132680235593111,1.174280281034892,-1.6975246659861314,-0.0019523192872136943,-1.49379220584895,1.5381118939226905,0.011136911809444427,-0.027548112325220305,0.005750473294932173,0.02852967323972875,-0.029000300238996544,0.027859193911557854,0.007828735291439456,0.002497902249081986,0.2881598472595215,0.23488973702699467,-0.15652066524084052,-0.28050416543908124,0.15846370202835927,0.18126022354554158,-0.28706856445168377,-0.3180546717915571,-0.1938041421071828,-0.2598506814401522,-0.2851715648169345,0.17658330390638474,-0.25277541431101824,0.057629207524605486,0.0010094787794064646,0.26769644999998427,-0.023227429429956755,-0.02755948002356412,0.0,0.0,-0.9980577587588099,0.06229534638591558
0.02844596626081039,0.007329437665561786,0.0023188306981281053,0.0,0.0,0.0010536425768683788,0.051450609235755555,0.6820252053689637,-1.6608980602065988,-0.13182607013107142,0.8914001078013606,-1.5592443278971935,0.19046373980357342,1.174047256476127,-1.5255604630348667,-0.134266540658154,1.1751474958138177,-1.6972473215736799,-0.0017522278260564573,-1.4934657900125388,1.5379890111468781,0.011140460589113051,-0.02769689381922652,0.005815365447056475,0.028536001939151512,-0.029000441931288114,0.02844596626081039,0.007329437665561786,0.0010536425768683788,0.28820559142419955,0.23477812017046612,-0.15657461650086482,-0.2805666238641718,0.15803564989776006,0.1809084422217324,-0.2871343039683737,-0.31839239074727854,-0.1938436978055267,-0.2597755328871308,-0.2854552147072128,0.17697733217454487,-0.2525185013382743,0.05764233921672862,0.0010241662859426732,0.26773414697816433,-0.02376495327350479,-0.027781415955732337,0.0,0.0,-0.9980571023331167,0.06230586234394571
0.02906957576644953,0.0068005656051215,0.0024112278983093316,0.0,0.0,-0.001954822062664825,0.05171873185458601,0.6821934784818816,-1.6602314838627041,-0.13062905755219037,0.8928655517981358,-1.559778505523733,0.19069977864723078,1.1749396052136518,-1.5251047651239689,-0.13572921888940295,1.1761204724343832,-1.6971492935347077,-0.0015066195679390858,-1.4932062913907453,1.537850024716166,0.011134143074936915,-0.027881439300191494,0.005866556443999081,0.028544526359678916,-0.029004549182601425,0.02906957576644953,0.0068005656051215,-0.001954822062664825,0.2882526004874466,0.23464963326611035,-0.1566562490685915,-0.2806609345439836,0.1576827494928408,0.18054879473610336,-0.28717435779208283,-0.3187363295104457,-0.19389000128757405,-0.25966299560234063,-0.28573385498919096,0.17733579247888356,-0.25224864587665585,0.057651423161126286,0.0010436495492652706,0.2677887170923154,-0.024319971480325595,-0.027991893845016536,0.0,0.0,-0.9980583201111648,0.06228635209160674
0.029461085141658738,0.006470059768752381,0.0025168461287583543,0.0,0.0,-0.003536900132536028,0.052074988141355916,0.6823100209636176,-1.659415422269962,-0.12941526496570377,0.8942457257501232,-1.5604538041473235,0.19094029834006457,1.1759970552169237,-1.5247962450821129,-0.13708931657691933,1.1771498150473474,-1.6972152130715799,-0.0012328115748178935,-1.4930129239223147,1.5376988421350517,0.011120740861800692,-0.028094002964512622,0.0059062572174249294,0.028554266918725615,-0.02901107068454859,0.029461085141658738,0.006470059768752381,-0.003536900132536028,0.2883020405401319,0.2345177699915356,-0.15676393341726239,-0.2807694819094429,0.15737965686520197,0.18018239685385198,-0.28720062530094403,-0.3190973697376323,-0.19393142207093297,-0.2595187455983382,-0.28599704130641834,0.17766480830776327,-0.25196937302391664,0.057656625147958,0.001066150833949721,0.2678575471001117,-0.024884893265146556,-0.028195897679800963,0.0,0.0,-0.9980605224929658,0.06225105172660088
0.02998406295922322,0.006027464732637453,0.002657867118016633,0.0,0.0,-0.004704258709880504,0.05249627509573165,0.6823883932708894,-1.6584890608819538,-0.12818909101438195,0.8955629819991605,-1.5612332308852432,0.19118412429054313,1.1771763275133684,-1.5245963223028502,-0.13837372376614776,1.178220748101305,-1.6974021036352887,-0.0009381960102375544,-1.4928683522563653,1.53753866045267,0.011102111103800718,-0.02832724023985384,0.005937479767673369,0.028564904822699175,-0.02901937357531298,0.02998406295922322,0.006027464732637453,-0.004704258709880504,0.28835327433259694,0.23438333888941604,-0.15689090148844578,-0.2808884512605766,0.15711338515915502,0.17981109532489137,-0.28721658632229424,-0.31947093352326866,-0.19396917492704518,-0.2593509358518563,-0.2862487459823994,0.17797195288274328,-0.25168308897539726,0.0576589489759775,0.001090876956048579,0.2679368995573216,-0.02545712254441428,-0.028395124542333148,0.0,0.0,-0.9980634498391323,0.062204100308660686
0.030471872053055616,0.005615305292812679,0.0027893373630197287,0.0,0.0,-0.007202036740340141,0.05305636736670598,0.6823337472125188,-1.6574049031974485,-0.12696620991966065,0.8967906464666329,-1.5621763875820494,0.19137998375316595,1.178655738798564,-1.5246059034494746,-0.1394848076989187,1.179229410302719,-1.6978768094274022,-0.0006292139323765746,-1.4927930283866473,1.5373631555762066,0.01107270314964472,-0.028576509814534416,0.005950811928475663,0.028577663929470434,-0.02903104981019993,0.030471872053055616,0.005615305292812679,-0.007202036740340141,0.2884083552248526,0.2342677173802309,-0.15705816487374485,-0.2810140751783152,0.15690203799477107,0.17943858721077893,-0.2872135016064362,-0.3198870214723627,-0.19398430447894538,-0.2591379768040084,-0.28643012932476114,0.17823162189187947,-0.25139518126303956,0.05765709929707145,0.0011173792715464164,0.2680301103185469,-0.026045037721027474,-0.028584052058524337,0.0,0.0,-0.9980679272128462,0.0621322192509871
0.030898378973201454,0.0052548713866290946,0.0029039487942750246,0.0,0.0,-0.008119488504937536,0.05365984531857025,0.682237353900935,-1.6562697543393845,-0.12575420737266538,0.8979943530671549,-1.5631650982287106,0.19155284262343542,1.1802296486476924,-1.524687146180428,-0.14053356357468857,1.180185879636931,-1.6984467930441736,-0.000316964974939416,-1.4927382837205925,1.5371812886039682,0.01103943199444337,-0.028830395948966882,0.005958240654244519,0.02859105588555736,-0.029043800278798045,0.030898378973201454,0.0052548713866290946,-0.008119488504937536,0.28846484782711773,0.23415769047750512,-0.15723818153822341,-0.2811418816645195,0.15670584685559252,0.17906875180394724,-0.28720328350968494,-0.32031508847941303,-0.193990045307121,-0.25891111173811326,-0.28657967575128396,0.17847443970996335,-0.25111012661726034,0.057653925909726775,0.0011443470741411593,0.26812806071112993,-0.02663872932277671,-0.02876917272806168,0.0,0.0,-0.9980729687413102,0.062051181035558865
0.03140507666914135,0.0049008370689163985,0.0029798872118819157,0.0,0.0,-0.010182138514196594,0.05435463426097128,0.682052933729735,-1.6550256789930715,-0.12457459047436714,0.8991515350421803,-1.564244265924364,0.19166957762017345,1.1820031040466872,-1.524925163128232,-0.14144328561605224,1.1810009659536733,-1.699222424686355,9.805826632778496e-07,-1.4927258243496786,1.5369845164702243,0.010997553918535677,-0.029093618060918463,0.005952944638420071,0.028605750693170815,-0.029058830737567588,0.03140507666914135,0.0049008370689163985,-0.010182138514196594,0.2885245131766236,0.23405949036353335,-0.1574449088565566,-0.2812747650523925,0.15653918604333372,0.17870716602206257,-0.28717815725520723,-0.3207675478966436,-0.1939741459098041,-0.25865621186861326,-0.2866530535670475,0.17868076773441652,-0.25083505636482917,0.0576479909980211,0.0011722129756512284,0.2682363798378771,-0.027245419906239784,-0.02894571516662836,0.0,0.0,-0.9980792817047051,0.06194955554174813
0.0317685854313822,0.004723143555617404,0.0029740692585114585,0.0,0.0,-0.011076683851183476,0.055090074771202674,0.6818767301988281,-1.6537507756444432,-0.12345212342955118,0.9002384491414832,-1.5653653696879444,0.1917367007508374,1.1838370089562948,-1.5252819573319198,-0.14224590011091043,1.1816606225583377,-1.700074231864622,0.0003100288969358428,-1.4927293406236892,1.5367857473808646,0.010950385405363252,-0.029359944814803623,0.005938829385344214,0.028621005844449838,-0.029075055989443058,0.0317685854313822,0.004723143555617404,-0.011076683851183476,0.288584043315593,0.23395498677089083,-0.15766362108465248,-0.28140854951214983,0.1564009924878828,0.17836186216142505,-0.2871420414166667,-0.32121266535305776,-0.19394218628241333,-0.25839223879687595,-0.2866706604592444,0.17886079428933285,-0.2505804723053161,0.05764110649406316,0.0011995613475739193,0.2683472608197885,-0.02786104868622436,-0.029119045054852567,0.0,0.0,-0.9980861375382563,0.061839001075090924
0.032228850447485594,0.0046228741463442,0.0028637931650921096,0.0,0.0,-0.011721788713152692,0.05585483131592706,0.6817064521296712,-1.652453640563376,-0.12237087022138121,0.9012746892919477,-1.5665167158082027,0.1917680460934671,1.185714507262979,-1.525724408210524,-0.14297127358665404,1.1822081904283306,-1.7009809733237196,0.0006126609299606954,-1.4927443777954819,1.5365855381792823,0.010899401673009531,-0.029628510493160096,0.0059183541054043595,0.028636665089718447,-0.02909214287096222,0.032228850447485594,0.0046228741463442,-0.011721788713152692,0.28864347594696405,0.23384586321641762,-0.15789106541112438,-0.28154286333240625,0.1562833547005842,0.17802836961551746,-0.28709790487243775,-0.32165228434686577,-0.19389862679403436,-0.25812154560181055,-0.28664807869680414,0.17902183220671333,-0.250340656745613,0.05763351884607068,0.0012265332777440245,0.2684599887479551,-0.028483123281008053,-0.02929005820004132,0.0,0.0,-0.9980933793184362,0.061722007102038456
0.03264922561143851,0.004589107990130711,0.00271638917842959,0.0,0.0,-0.012017254104864861,0.05662591875399522,0.681668138744047,-1.6511721851041652,-0.12141677612226279,0.9021391096531145,-1.567660254920089,0.1917242407798767,1.1875106552303238,-1.5263434024465163,-0.1435108041803309,1.1825140690643516,-1.7019304893160827,0.0009007870575925747,-1.4927832952281772,1.5363953665598926,0.010842104473670055,-0.029906892336454976,0.005885551214818185,0.028652165447605536,-0.02911096213747991,0.03264922561143851,0.004589107990130711,-0.012017254104864861,0.2886985950421967,0.2337004912527314,-0.15812070066857223,-0.2816787078332742,0.15621626390849275,0.1777325068329563,-0.2870439080598431,-0.32203288867811286,-0.19383521667863393,-0.25785958070715886,-0.28655308077053393,0.17913868841842084,-0.2501432355593744,0.057624944273492226,0.0012531208803311118,0.26857267668054435,-0.029117597242029742,-0.029461386044753485,0.0,0.0,-0.9981007894019157,0.06160206323876461
0.03301311552081198,0.0045608140728081465,0.0025883767028778144,0.0,0.0,-0.012125184183078008,0.05739760998911507,0.6816858007203812,-1.649923900229819,-0.12052224566472455,0.9029434953359949,-1.5687816043028096,0.19166012388347778,1.1892352416211327,-1.5270157708417649,-0.1439836575780939,1.1827510203291105,-1.7028674463297697,0.0011748276500893958,-1.4928320474272607,1.5362051769391003,0.010783473482893016,-0.030181975422689584,0.005848513447348303,0.028667469008906977,-0.02913036007409128,0.03301311552081198,0.0045608140728081465,-0.012125184183078008,0.28875213151410123,0.233542800950184,-0.15835056810593637,-0.2818105789067551,0.1561635928168845,0.17745456295051018,-0.28698678098331765,-0.32238208489332204,-0.19376755549454405,-0.25760553880783393,-0.28644207781207537,0.179239799974154,-0.24996217009866414,0.057615802694053815,0.0012788385989377983,0.26868572554011455,-0.029756607556553107,-0.02963282452308692,0.0,0.0,-0.9981082514285005,0.06148104122687982
0.03346169442513281,0.004524164706067295,0.002430886930267217,0.0,0.0,-0.012366103771588496,0.058169374929978576,0.6818342032848589,-1.6487701195198416,-0.1197704497299738,0.9036159075346569,-1.5698390039021537,0.19155599146881358,1.1907688899328246,-1.527798992675423,-0.1443085768478829,1.182848547129023,-1.7037553555213365,0.0014108754444442436,-1.4929035814016458,1.5360121999010943,0.010722590279109124,-0.030444562035118986,0.00580222267757526,0.028682229827914463,-0.029151009333213705,0.03346169442513281,0.004524164706067295,-0.012366103771588496,0.2888021301103118,0.23335876641114517,-0.15858006166240193,-0.28193084128740536,0.15613988446904076,0.17721934903775258,-0.2869237716515036,-0.3226548186419054,-0.19369279589272514,-0.2573737074641406,-0.28630309508721236,0.17930640203170875,-0.24981850016033838,0.05760533803786358,0.0013020875111868866,0.2687998622528509,-0.03040574906056362,-0.029804506732913478,0.0,0.0,-0.9981158466062966,0.06135761365466973
0.03379740785547881,0.004498831152147231,0.0023131852582000683,0.0,0.0,-0.012555275665924605,0.05891553100023495,0.6820925284152063,-1.6477193728389357,-0.11916887850169366,0.9042147299987358,-1.570812858991175,0.19144549030785593,1.192079206841104,-1.5286355586659988,-0.14450827910996122,1.1828788686918732,-1.704581141871894,0.0016093939705283087,-1.4929962430224322,1.5358090160677096,0.010664287651420239,-0.03068630977364995,0.005751492194643855,0.02869644263546739,-0.029172509814918843,0.03379740785547881,0.004498831152147231,-0.012555275665924605,0.2888493669913119,0.23315541772865894,-0.1588017735038597,-0.282040045108445,0.1561242449409791,0.17702900456296755,-0.28685440026961145,-0.32285373180870375,-0.19362119970142463,-0.2571673138913306,-0.28615781775634297,0.17934347519055152,-0.24970392177609896,0.057593393195220284,0.0013227444021601735,0.2689163323177593,-0.03106283180840665,-0.029976369425554407,0.0,0.0,-0.9981235423569361,0.06123229697505783
0.03407217628247383,0.00457115530669797,0.0021968711942627057,0.0,0.0,-0.01268859688757991,0.059643638914063504,0.6824283227824525,-1.6467412406166126,-0.11867317992368798,0.904761689221299,-1.5717278350919686,0.1913305006971295,1.1932321282841216,-1.5295097195862124,-0.14461973319517687,1.1828618265638415,-1.7053631464106924,0.0017814632980215552,-1.4931037946035397,1.5355986388737723,0.010607803715455449,-0.030913371067719183,0.005697632771010364,0.02871026922542377,-0.02919461020587275,0.03407217628247383,0.00457115530669797,-0.01268859688757991,0.2888946575206398,0.23293837653739394,-0.1590180352269494,-0.2821413394178732,0.15611428968353258,0.17687028094079146,-0.28678056436295674,-0.3230006270193828,-0.19355185426667526,-0.256978897062174,-0.28600812557965893,0.1793597565308374,-0.2496098185046179,0.05758038303714556,0.0013415727495343635,0.2690344455844072,-0.03172551124237931,-0.03014835931560738,0.0,0.0,-0.9981313038413452,0.06110564860940663
0.03420895791190935,0.004715678051631466,0.002115884883291397,0.0,0.0,-0.011771062926887909,0.060310217658145336,0.6829128927432451,-1.6459552493671443,-0.11845069726141506,0.9052592105913483,-1.5724762802156027,0.19127991560521543,1.1939583924792758,-1.530416091016475,-0.14456010194832847,1.182817458306383,-1.705995451283935,0.0018725618470035168,-1.493206197783451,1.5353712323528008,0.01055877217272884,-0.03110710801494202,0.005641309499128051,0.02872238174430876,-0.029217163350858145,0.03420895791190935,0.004715678051631466,-0.011771062926887909,0.2889372418390824,0.23270181214152943,-0.15921546442820483,-0.28222169457178653,0.1560911327210068,0.1767927642769081,-0.2866943620920696,-0.3230212721023776,-0.19350916990251266,-0.25683304194759304,-0.285878998614859,0.1793359329692335,-0.24955633763018076,0.057567140584676366,0.0013544563343204676,0.26915316555546853,-0.03239323697584189,-0.030324099122877896,0.0,0.0,-0.9981384897107448,0.060988157522204905
0.034179115320991445,0.004933055728526148,0.002080607134224976,0.0,0.0,-0.011098797810789977,0.06094624042110958,0.6834490787262885,-1.6452401028383499,-0.1183371460877809,0.9057350742736919,-1.5731519868709898,0.1912713334864418,1.1945131497095096,-1.53132760604756,-0.14443795192961723,1.1827820883501297,-1.7065661065530457,0.00193637950758406,-1.4933085689608683,1.53513995192995,0.010514246743647442,-0.031284853516009035,0.005584246550855417,0.028733803971901836,-0.02923960079932773,0.034179115320991445,0.004933055728526148,-0.011098797810789977,0.28897929291597146,0.23245884832338443,-0.15940378407885952,-0.2822948639227448,0.15606224713149802,0.17674772138889683,-0.28660412284805353,-0.3229927637047959,-0.19348143222730924,-0.2567024419187762,-0.2857637453366257,0.1792973155521259,-0.2495166450917101,0.05755375241793481,0.001365263551806709,0.2692708600273634,-0.033060724978278985,-0.03050217982506593,0.0,0.0,-0.9981452525153365,0.060877375773724075
0.03412417528599374,0.005211527991886113,0.0020411690609567494,0.0,0.0,-0.00938016678255502,0.06150901105079877,0.6840980042947219,-1.6446826533983219,-0.11847152290928284,0.9061604472214744,-1.5736582383213427,0.19136839485008444,1.1946766968541498,-1.5322460908217719,-0.14417701224552704,1.182779438943671,-1.7069952387937763,0.001941183794464841,-1.4934121106294977,1.5349016485598264,0.01048092161861542,-0.03142453810112589,0.005525649411153771,0.02874365085798422,-0.0292615926630745,0.03412417528599374,0.005211527991886113,-0.00938016678255502,0.2890204661244514,0.2322026015904275,-0.15957013120568395,-0.28235302339228696,0.15601997990757302,0.17677655976379192,-0.2865053486607879,-0.32285331586646904,-0.1934903373342404,-0.2566055371720847,-0.285683470279525,0.1792257731305544,-0.24950700633175213,0.057540105049765505,0.001371535877488048,0.269385445083267,-0.0337262876556824,-0.030686108826740884,0.0,0.0,-0.9981509585235002,0.06078374781648349
0.03408281596659508,0.005421477907321512,0.0020116317592203115,0.0,0.0,-0.00801492439407603,0.0620095760330258,0.6848240190704398,-1.644233120367831,-0.11880935608540608,0.9065271551977068,-1.5740027211656507,0.19157661647604618,1.1945231096856546,-1.533174540372503,-0.1438053840358785,1.1828765221090125,-1.7073140376366225,0.0019219738975067252,-1.4935175604468225,1.5346659317912672,0.010459546274786827,-0.03154151041635731,0.005466851187032338,0.02875200369014036,-0.029282560222000886,0.03408281596659508,0.005421477907321512,-0.00801492439407603,0.28906093967840973,0.23193726056697733,-0.15971802169840657,-0.2824021825204226,0.15596807035084442,0.17686639794977815,-0.28640313761334185,-0.3226231542515653,-0.19353539059738456,-0.25653174821949154,-0.28565018998654573,0.17912696370151662,-0.24951435092404567,0.057526430253415285,0.0013760091284051945,0.2694958643925526,-0.03439031056309709,-0.030874729356509735,0.0,0.0,-0.9981558270889199,0.060703746576584686
0.034027793199494394,0.005700554993799546,0.001972193685954859,0.0,0.0,-0.0070747103195232895,0.06246730127690622,0.6856031235832496,-1.6438579071288142,-0.11928730543027788,0.9068534618256076,-1.5742357973284369,0.19186139186756723,1.194151118697736,-1.5341098524580066,-0.14335752693598702,1.1830422890266317,-1.707556852158284,0.0018862259305463542,-1.4936243243665503,1.5344319963615212,0.01044640049725871,-0.031642841262705376,0.005407914480244453,0.02875932759836616,-0.029302822363456625,0.034027793199494394,0.005700554993799546,-0.0070747103195232895,0.28910093139482024,0.23166563272523852,-0.15985319699553088,-0.2824450492811474,0.15590951934214423,0.1769982012501033,-0.28629851244642773,-0.3223305754845536,-0.19360528692580725,-0.2564736411750841,-0.28564926071784613,0.17900937885346396,-0.24953337142708584,0.05751272410515012,0.0013792445746302804,0.2696034137357344,-0.035053273062878004,-0.031066580844305504,0.0,0.0,-0.9981601192051821,0.06063312979136494
0.033936008301118155,0.005952346612587751,0.0019302004135690607,0.0,0.0,-0.004923225169076131,0.06284223171888582,0.6863859467858436,-1.6436668354392852,-0.12006146750794162,0.9070694030531301,-1.5741632104720045,0.19231823136742485,1.1933747201957958,-1.5350492816643426,-0.1427366843559598,1.1834347632107318,-1.7076738288738584,0.0018503088379066255,-1.4937301586138323,1.534208951380429,0.010452579144363436,-0.03172261532921119,0.005350841528067252,0.0287641498991507,-0.029320670054262917,0.033936008301118155,0.005952346612587751,-0.004923225169076131,0.28913982742584793,0.2314156671421374,-0.1599630380194818,-0.282465330676287,0.15583254636377106,0.17721996520368383,-0.2861987396573351,-0.3219240940268664,-0.19372909613335082,-0.25644059899947147,-0.2857319266323585,0.1788475339964528,-0.24956758999723286,0.05749940219851443,0.001382614965518465,0.2697037668709918,-0.03571381384894353,-0.031265828208435306,0.0,0.0,-0.9981631031010113,0.06058398804766682
0.03374008069006359,0.006132519320789204,0.001880616549677916,0.0,0.0,-0.004239523458695171,0.06319210825850499,0.6871186074794539,-1.6435371881363376,-0.12093361332112511,0.9072684097610064,-1.5739769655586089,0.19282478794155505,1.192503835530889,-1.5359830356284276,-0.14205780105302798,1.1839159859106845,-1.707790144737935,0.0018305924139766887,-1.4938387778781403,1.5339880565668913,0.010464867226929473,-0.031800576654456604,0.00529427058532234,0.028767948145134337,-0.029337421197119174,0.03374008069006359,0.006132519320789204,-0.004239523458695171,0.289178139411363,0.23118776456284043,-0.16006502866707434,-0.28247570674215294,0.15574148250475703,0.1774715444271247,-0.2861012617715843,-0.3214923937379767,-0.1938679263286756,-0.25641181151885106,-0.2858382823604537,0.1786700551602714,-0.2496012978388034,0.05748593584489951,0.001387391826184389,0.26980331755697745,-0.036371952285302565,-0.031467103068060526,0.0,0.0,-0.9981656706763696,0.06054167063430932
0.03339205295820382,0.006325070560036115,0.0018065757799473616,0.0,0.0,-0.0027925453285180418,0.0634898308339535,0.6877095683309056,-1.6435395511204764,-0.12201579740183469,0.9074441298542407,-1.5735387394092226,0.19343313104754328,1.19145653231832,-1.5368999450798804,-0.14125395681234013,1.1845965969482524,-1.7079322818141656,0.0018564129385772175,-1.4939554233679035,1.5337708052372772,0.010490063440379681,-0.03187818815244124,0.005238699620502106,0.02876942053487237,-0.029351623716370373,0.03339205295820382,0.006325070560036115,-0.0027925453285180418,0.28921505208783505,0.23101721516098428,-0.16015051075914025,-0.28246371151398286,0.1556148815787418,0.17778721419899746,-0.28600936747946554,-0.3210147684555482,-0.19403727920185243,-0.25639049055499785,-0.2859928009454167,0.17845841060477197,-0.24963037810300098,0.05747204652993994,0.0013960865309985038,0.2699022022330626,-0.03702387633739704,-0.0316724454946566,0.0,0.0,-0.9981673609407645,0.06051379638189584
0.03304762240013636,0.006444975809236983,0.0017412356882282047,0.0,0.0,-0.0018252017136351935,0.06375351138162934,0.688093938883519,-1.643621827932012,-0.12323554605245592,0.9076660133448223,-1.5729471917120401,0.19408795322547823,1.1903923217882246,-1.537788732739903,-0.1403800595626735,1.1853921777449998,-1.7081480834308087,0.001908912648440608,-1.49408747805845,1.5335770101355226,0.010521134077227556,-0.03196299061079153,0.005184356910770371,0.0287692884683309,-0.029363482753002403,0.03304762240013636,0.006444975809236983,-0.0018252017136351935,0.2892504024425609,0.23091633875941092,-0.16022500112341448,-0.2824339555988575,0.15544851105181193,0.17814439437737256,-0.28591698255698134,-0.32053811367714247,-0.19421920769294346,-0.25636540502227984,-0.28616413003354774,0.17822673187877286,-0.24965022820132549,0.057458025218176834,0.0014067736784988743,0.26999514847169714,-0.03766728787614196,-0.03187961107582454,0.0,0.0,-0.9981684652733503,0.060495577804039344
0.032587787069595,0.0066050647485893215,0.001653993889789984,0.0,0.0,-0.001174278907758331,0.06399428514426188,0.6883392954032693,-1.6437578785339457,-0.12454786151647572,0.9079189600560489,-1.572252474375219,0.19477405104061105,1.1893167343715694,-1.5386585973253186,-0.13945902383967532,1.186265121370354,-1.7084134537101592,0.0019793647072659268,-1.4942299015570006,1.5333989986637295,0.010556157597109376,-0.0320526318462103,0.005130840690443978,0.028768076767657427,-0.029373764866750512,0.032587787069595,0.0066050647485893215,-0.001174278907758331,0.2892847015153642,0.23086235595709056,-0.16029208548313834,-0.28239228632957475,0.15525531574997012,0.178529502974585,-0.28582392242781873,-0.3200621175862616,-0.1944095570682009,-0.25633745784230805,-0.2863467103363985,0.1779816147812796,-0.24966370025294965,0.05744390269411562,0.0014188007406280793,0.2700840974889465,-0.038304971368520874,-0.03208800345259225,0.0,0.0,-0.9981691755913402,0.060483856518116774
0.03215112125301241,0.006756731967689396,0.001571132432694189,0.0,0.0,0.0003354940759063632,0.06413191166900148,0.6882396364372049,-1.6439842497742416,-0.12598884798236343,0.9082615593535788,-1.5714141926509422,0.19547605684539618,1.188391258252547,-1.5394857733841711,-0.13848474436758348,1.1872279848028349,-1.7088980786752381,0.0020916274304958017,-1.4944143455300556,1.5332889280863256,0.01059295667410397,-0.03215203499233963,0.005079100027230361,0.0287646552760329,-0.02938074847345784,0.03215112125301241,0.006756731967689396,0.0003354940759063632,0.2893165621981525,0.23091936180370765,-0.1603282028117921,-0.28233385947912515,0.15501083727668008,0.17895324319204128,-0.285728186362852,-0.3196367873943408,-0.1946007616163526,-0.25629058339012234,-0.286512333336391,0.17771895719350017,-0.24965282780162337,0.05742969656562142,0.0014339293225897254,0.27015397710897326,-0.038929360624927814,-0.03229927471620125,0.0,0.0,-0.9981689726659673,0.06048720531622802
0.031783605483004275,0.006884604350497615,0.0015014119996312194,0.0,0.0,0.0008798459516065402,0.0642263300266842,0.6880378231106188,-1.644235582959732,-0.12744738851617654,0.9086238113825753,-1.5705543044429497,0.19617364930626532,1.1875455595502917,-1.540305196838891,-0.13751221223165522,1.1882088496381005,-1.7094584823454786,0.002212445545416556,-1.49460307623716,1.5332068580909064,0.01062888275806936,-0.032251789165823254,0.005028342465626312,0.028760520853852264,-0.029386593791462433,0.031783605483004275,0.006884604350497615,0.0008798459516065402,0.28934754681267194,0.23100898033720518,-0.16035158513058986,-0.28227219441618034,0.15475664131177655,0.17938222237842005,-0.28563125950089774,-0.3192354180591959,-0.19478886073103652,-0.2562342498272259,-0.286668498612641,0.17745555199647986,-0.24963184226887303,0.0574161756386362,0.0014495815782985268,0.2702143213043289,-0.03954896990884873,-0.03251158871106654,0.0,0.0,-0.9981684404331045,0.06049598766318297
0.03142667778552455,0.006996352471701097,0.001399049022854371,0.0,0.0,0.002069394711151911,0.06422305407140079,0.6876248737309603,-1.6445373288737049,-0.12892860364193887,0.909022117421131,-1.5696636026337643,0.19685607733542487,1.1868881487206324,-1.5411118336971974,-0.13655489038100976,1.1892212093276466,-1.7101827011812454,0.002348413353398345,-1.4947952656137864,1.5331878826122156,0.010662078097987696,-0.032350586964780055,0.00497991975159353,0.028754874082569708,-0.029389979392790155,0.03142667778552455,0.006996352471701097,0.002069394711151911,0.28937661867813774,0.2311658432158221,-0.1603463130120517,-0.2822049681715802,0.1544862270325532,0.1798179714089833,-0.285532953140614,-0.3188894390070477,-0.1949685083862058,-0.25615716531791527,-0.2868024124507905,0.1771933678252192,-0.24958864841734038,0.0574046026619442,0.001466058344294037,0.27025238778174177,-0.04015814095435528,-0.03272618392119872,0.0,0.0,-0.9981671883186078,0.0605166436951443
0.031252846418755496,0.0070363635703172295,0.0013086469781486976,0.0,0.0,0.0020780195276831953,0.06413354959663928,0.6871033542908278,-1.6448751928022245,-0.13036537870464715,0.9093648855318159,-1.568801890283623,0.19750415328765078,1.1863905903476997,-1.5419170880477702,-0.13564972579479215,1.1902657555253715,-1.7110107377071508,0.002480116179025419,-1.4949707352875063,1.5332290462199474,0.010691339231327477,-0.03244588529103555,0.0049358690157532675,0.028748388220899857,-0.029391582180189606,0.031252846418755496,0.0070363635703172295,0.0020780195276831953,0.2894035087735861,0.23135848772619008,-0.16031604213773346,-0.2821371174908935,0.15423722442568286,0.18024079361854425,-0.2854380782188108,-0.31858860661559246,-0.1951353254082791,-0.25606508486120005,-0.28692537216496217,0.17694251823810406,-0.24952457795212538,0.05739603616575601,0.0014816806576860423,0.27026710461569026,-0.040763020015402954,-0.032941261118890466,0.0,0.0,-0.9981659305554217,0.060537385791170434
0.031180875077055675,0.007015187953304328,0.0011640007063842826,0.0,0.0,0.002083689546291028,0.06398735785444311,0.6865104600887171,-1.645236800981048,-0.13177293854071795,0.9096711425973265,-1.567959235818594,0.19812964593004062,1.1859981201639112,-1.5427214335275177,-0.1347788497805595,1.1913314613719914,-1.7119070247515735,0.0026090151736600322,-1.495135213304686,1.533309745708568,0.010718013988120244,-0.03253888303801518,0.004894692450761794,0.028741350734993915,-0.029392012932506584,0.031180875077055675,0.007015187953304328,0.002083689546291028,0.2894289645572637,0.23157459696995822,-0.16026934856663114,-0.2820687553507682,0.15400226054263025,0.1806551143538861,-0.2853452323153416,-0.31831748100179497,-0.19529366319248237,-0.2559630989230565,-0.2870410419106453,0.17669921064637642,-0.24944668871929865,0.05738945268910696,0.001496741501090442,0.27026647166471224,-0.04136507749407485,-0.03315665517877413,0.0,0.0,-0.9981646689275524,0.06055818445717811
0.0311766628227559,0.006965389251299586,0.0010163592012127354,0.0,0.0,0.0005782860477378511,0.06372259927275996,0.6858087942104212,-1.645659431515124,-0.13302642197016906,0.9098291113072594,-1.5672056282926725,0.19867570198222295,1.1858332069128152,-1.543514824553624,-0.13403661299071853,1.1924458910154816,-1.7129187703932691,0.0027098685828031337,-1.4952773119779241,1.5334620859798969,0.010738696452955273,-0.032634266570910515,0.004863141985897649,0.028733103554820855,-0.029389857333278497,0.0311766628227559,0.006965389251299586,0.0005782860477378511,0.2894500688018415,0.23182955233474928,-0.1601882903237101,-0.2819989729143809,0.15382684120080775,0.18102471582437357,-0.28526675681392605,-0.3181123880986555,-0.19542610477799838,-0.25584552060684257,-0.28714792486214474,0.17648598458595288,-0.24933530373530652,0.05738663599270836,0.0015086922584157487,0.27023879260833855,-0.041967183276510896,-0.03337059382524267,0.0,0.0,-0.9981643187113309,0.06056395670317939
0.031173232396871392,0.0069235368840038815,0.0008933246135711669,0.0,0.0,4.455506557154212e-05,0.06342582049585829,0.6850652332673937,-1.6461037381383397,-0.13421290157825352,0.9099370307170305,-1.5664860382176087,0.19918693157050432,1.1857440559656027,-1.5442887396620424,-0.13334325901013894,1.193560119843323,-1.713957873366823,0.0027976959581243106,-1.4954181413522503,1.533628976585081,0.010757944468508831,-0.03273333214073373,0.004836295243827689,0.0287246261754592,-0.029386957207282117,0.031173232396871392,0.0069235368840038815,4.455506557154212e-05,0.2894696189253122,0.23209912407538855,-0.16009789338896185,-0.28192719749715645,0.1536721490305018,0.1813748846052389,-0.2851943393538765,-0.3179324807250009,-0.19554793347548438,-0.25572502661035046,-0.28724942704617573,0.1762847885906614,-0.24921449113681549,0.05738441421507696,0.0015192726846775424,0.2702063811491967,-0.04256930937302992,-0.03358400410553753,0.0,0.0,-0.9981642917269212,0.06056440143594009
0.031168878390320502,0.00687102734961657,0.000738560053326065,0.0,0.0,-0.001109958740111244,0.06306468670400196,0.6842294171352514,-1.6465949524169001,-0.1352483809194309,0.90993792578678,-1.565841229970023,0.19961956353395577,1.1858163776013675,-1.545012886892229,-0.1327572478944023,1.1946653519700838,-1.7150495004333906,0.0028558363325443853,-1.4955594907671013,1.5338220252286667,0.010774427737365633,-0.03284175193949834,0.004820255593915514,0.02871574820238072,-0.029382531087370527,0.031168878390320502,0.00687102734961657,-0.001109958740111244,0.28948580178638433,0.23240092484156677,-0.15998865334448906,-0.28185071484959107,0.15356227520162527,0.18168128153569327,-0.28513651130906315,-0.31780781440099365,-0.1956462959052607,-0.25559992862660236,-0.28733854936193354,0.1761099349296371,-0.24907492528053643,0.05738311245021665,0.0015267577532986842,0.27016611299041987,-0.04317148097309491,-0.03379626542129773,0.0,0.0,-0.9981649639053011,0.06055332222041261
0.03116554392521792,0.00683200822173134,0.0006226485207580512,0.0,0.0,-0.0020821945492269676,0.06267179601244478,0.6833010527911603,-1.6470935792730959,-0.13615919814613842,0.9098762499806065,-1.5652823640196116,0.1999780315680792,1.1860030273463102,-1.545670146510105,-0.13225377256038204,1.1957282888009244,-1.716171693481855,0.00288119649002016,-1.4956877591625957,1.5340215271751352,0.010791367138642193,-0.032949566741117695,0.004812693398370839,0.02870683888936003,-0.029377038728120742,0.03116554392521792,0.00683200822173134,-0.0020821945492269676,0.28949916132744524,0.23273011045059985,-0.1598702056139999,-0.2817725412754275,0.15348578994733453,0.1819509975176364,-0.2850867299163121,-0.3177285757796631,-0.19572376195363442,-0.25547664207144466,-0.28741059219650783,0.17595592692246764,-0.24892524690249845,0.057382811130217135,0.0015309253629236814,0.27012233015162157,-0.043773697539163915,-0.0340075429353938,0.0,0.0,-0.9981662245268967,0.06053253847081533
0.03111829480339328,0.006731920200520457,0.0005414046897189717,0.0,0.0,-0.0027065661699892884,0.06225851098163015,0.6823132538155421,-1.6475969665002503,-0.13698995713419565,0.9097743910431062,-1.5647786903701373,0.20028887139070756,1.1862630988127434,-1.5462844507806253,-0.13180330185682182,1.196764063515119,-1.717313516059978,0.0028855051320271206,-1.495807626903457,1.534225173444556,0.01080859946899566,-0.03305699301246029,0.004810575439575935,0.028697909449770947,-0.029370861628011568,0.03111829480339328,0.006731920200520457,-0.0027065661699892884,0.28951070772721466,0.23307677177208386,-0.15974586915754535,-0.281693055715505,0.15343075554683497,0.18219716261806035,-0.285042100622812,-0.31767849416150007,-0.19578779743091185,-0.25535453662252505,-0.28747160451408754,0.1758153439171274,-0.248769040193575,0.0573831524793627,0.0015329627672510339,0.2700762899420366,-0.04437594298248324,-0.03421818865025604,0.0,0.0,-0.9981678625145015,0.06050552241929047
0.031043180553703368,0.006603774056151744,0.0005143650826183732,0.0,0.0,-0.004187394169768656,0.06182519789010086,0.6812078216731948,-1.6480514751184707,-0.13766858736740664,0.9095996536264483,-1.5643975850719734,0.20048522169157962,1.1866391133141998,-1.5467779444368093,-0.1314336955047294,1.19766361361382,-1.718437288031482,0.0028156117104843957,-1.4958789540617259,1.5344111747389673,0.010832172434076966,-0.033180255817886965,0.004821262341117699,0.02868909515040433,-0.029363828898726293,0.031043180553703368,0.006603774056151744,-0.004187394169768656,0.289520817515034,0.23345107037797055,-0.15961618575428285,-0.28161914406861405,0.15341849425204396,0.18239823037492447,-0.28500524170872166,-0.3176850234082959,-0.19582143534936286,-0.25524403343613566,-0.28749987728603965,0.17569694702299166,-0.24861680167011743,0.057385645034028605,0.0015282213102153128,0.270034691309575,-0.04497678984181593,-0.034425198469285996,0.0,0.0,-0.9981703952441124,0.060463725143365024
0.030946193172102204,0.006459650688676098,0.0005516229859933719,0.0,0.0,-0.0047089574736734864,0.0613896596251718,0.6800686769037438,-1.6484806297609471,-0.13830676594836602,0.9094031325122653,-1.5640562548733397,0.2006438850556444,1.1870350693696297,-1.5472268866212575,-0.1310720292713818,1.1985118397130263,-1.7195431706089301,0.002727799705110937,-1.4959095860487663,1.5345790906240475,0.010859568040792975,-0.033308376001831674,0.004835682314814338,0.028680337355440896,-0.0293565902158918,0.030946193172102204,0.006459650688676098,-0.0047089574736734864,0.2895312823305194,0.23383171479673814,-0.15948611809471253,-0.2815479771600522,0.15341955895571632,0.1825871991306298,-0.28496955140800095,-0.31770601692206213,-0.1958455735325413,-0.25513990875964154,-0.28751780867750154,0.1755815189382541,-0.24847005215868284,0.057389763864502785,0.0015218520956824138,0.269996730497045,-0.04557670637865196,-0.034630292389016826,0.0,0.0,-0.9981732413485309,0.0604167216569012
0.0308204183336609,0.0062732509007075435,0.0006044821051140459,0.0,0.0,-0.005828523573310498,0.06095143795113435,0.6788605117557833,-1.648851833087486,-0.13886380365630924,0.9091615352854633,-1.5637988328133654,0.2007227944047659,1.187464774455,-1.5475793292858457,-0.13071850357239678,1.1992484463141269,-1.7206056542044519,0.0026050856424458067,-1.495842634831499,1.534703039882967,0.010895858084370427,-0.03344661057395423,0.004857778789838088,0.028671707764217916,-0.029348950795579278,0.0308204183336609,0.0062732509007075435,-0.005828523573310498,0.28954288243447374,0.23422489681008798,-0.15935579176736608,-0.28148382399319116,0.153448478472198,0.18275181790928927,-0.2849359236957404,-0.3177557229763177,-0.1958499108869586,-0.2550504917292429,-0.28751430514407234,0.17547018622914717,-0.24833704074938182,0.05739774924603964,0.0015123168214063254,0.26996747759732465,-0.04617443619508472,-0.03483099835431016,0.0,0.0,-0.9981767610559135,0.060358542791603825
0.030725963532606492,0.006134715964835412,0.0006443127089694745,0.0,0.0,-0.006783462818937812,0.06053794345399676,0.6776156917514417,-1.6491522789001465,-0.1393808587485512,0.9089069350453831,-1.5636059197803471,0.20074240913327107,1.1878773182030493,-1.547849573545008,-0.13032267407682915,1.199895901968015,-1.721615509698855,0.0024565917583519925,-1.4956718795251527,1.5347734369687587,0.010941033382843806,-0.0335889044624047,0.004885692655690166,0.028663461140338208,-0.029341261871409095,0.030725963532606492,0.006134715964835412,-0.006783462818937812,0.28955546161472395,0.23461976781688623,-0.15923312570182105,-0.28142711257237263,0.15349230107812092,0.182903973118914,-0.284899977516323,-0.3178170379484602,-0.19584073868933924,-0.25497790082386845,-0.2874970421870923,0.17535025996800696,-0.2482231384592197,0.05740960122222972,0.0015004347735018122,0.26994889816546375,-0.04677030411642672,-0.03502794477663585,0.0,0.0,-0.9981808531586482,0.06029083170327929
0.030600234610419948,0.005947968785113452,0.0006970693201033273,0.0,0.0,-0.007382470173584592,0.060139959640550925,0.6763478791553702,-1.6494083404541016,-0.13987283383639867,0.9086441783697013,-1.5634534715006014,0.20072482996338967,1.1882790971122332,-1.5480682569862212,-0.12990030856340523,1.2004874356641067,-1.7225923530207385,0.0022919268953620164,-1.4954360107447477,1.5348102422368606,0.010991782159388267,-0.033733744649279036,0.004917255612152735,0.028655454741428363,-0.029333541894819112,0.030600234610419948,0.005947968785113452,-0.007382470173584592,0.2895686549428325,0.23501564818914558,-0.1591152663132878,-0.2813748498065014,0.1535454758427774,0.1830483043684819,-0.2848625537446372,-0.31788562677018367,-0.19582309807533008,-0.25491585496473446,-0.28747114673351615,0.1752249811521278,-0.24812117669498548,0.05742387804591523,0.001487078856392991,0.26993701152565003,-0.047365004121757204,-0.03522253294019091,0.0,0.0,-0.9981853013912301,0.060217141135221294
0.030423921908652157,0.005796975741087809,0.0007688399129276989,0.0,0.0,-0.008858285429167353,0.05981765297435273,0.6750301506695331,-1.6495581777303812,-0.14036212271491955,0.908418484582197,-1.5633705926421504,0.20063312501715333,1.1886041660436848,-1.5481656189732904,-0.12936140746878294,1.2009269775160207,-1.7234988788630339,0.0021158594563103292,-1.4950261844084567,1.5347295343475853,0.011054469585018673,-0.03389624921267465,0.004955056460961801,0.028648109269022143,-0.029326490282812374,0.030423921908652157,0.005796975741087809,-0.008858285429167353,0.2895833443875281,0.23541280872593376,-0.159019709638737,-0.28132995117752274,0.15359933637689296,0.18319041147316725,-0.2848151245448237,-0.3179570188334063,-0.19579023521541497,-0.25488290733850727,-0.2874183397844571,0.17507369273649748,-0.24805554840221938,0.05744364000870442,0.0014728842757274446,0.26995450619735484,-0.04795683515351893,-0.035411283273824916,0.0,0.0,-0.998190631681128,0.06012871879585246
0.030130951287559018,0.005749893688828661,0.0008844939254279428,0.0,0.0,-0.009085376338486491,0.05953259203558,0.6736971407928722,-1.6496688715563526,-0.14086659862691125,0.9082279361334423,-1.5632978029699134,0.20052427043450757,1.1888968564519946,-1.548228179448403,-0.12877046641887432,1.2013107330207056,-1.7243855035545042,0.001948090776451079,-1.4945669778241406,1.5346048214291566,0.011119648629811988,-0.03406382282108269,0.004993488235499136,0.02864110799843833,-0.029319777847236436,0.030130951287559018,0.005749893688828661,-0.009085376338486491,0.2895994085393496,0.2358094794185686,-0.15893500717094158,-0.2812864863824187,0.153644335081133,0.18333645046980857,-0.2847628726771216,-0.31802630848362473,-0.1957543152917809,-0.2548589420970851,-0.2873545689614028,0.17491054038256454,-0.24800372107307384,0.05746459987458135,0.001459431523107161,0.26998413120192416,-0.04854532655003488,-0.035598818587776804,0.0,0.0,-0.9981960904817826,0.060038029172225275
0.029626090117827242,0.005756196521821097,0.0010817842995558549,0.0,0.0,-0.009459235552169532,0.059330955197747115,0.672332410044318,-1.6496954372265196,-0.1414095479369964,0.9081206709746547,-1.563241091350581,0.20038222286525187,1.1891184757219866,-1.5482195151732272,-0.12806439959762878,1.201574671188457,-1.7252315234817914,0.00180266543772796,-1.4940069505832339,1.5343852787209837,0.01118949483830057,-0.03424177163799338,0.005032674668844316,0.028634882788330117,-0.029313827871076212,0.029626090117827242,0.005756196521821097,-0.009459235552169532,0.2896187241445452,0.23620497795097614,-0.15887456298471944,-0.281246455723505,0.1536669909706745,0.1834926674790944,-0.2846999528723998,-0.3180899776778879,-0.1957127386805034,-0.2548536867706246,-0.28726689560302576,0.17472092015862592,-0.24798186834874386,0.057487835043956104,0.0014479581888361685,0.27004030548995395,-0.04912581732309107,-0.03578408012454143,0.0,0.0,-0.9982017651545965,0.05994360718415251
0.029143834433885563,0.005814917980597424,0.0012688538772134828,0.0,0.0,-0.00916162352582951,0.05920810952482607,0.6709821548237895,-1.6496478935216097,-0.14202157793029047,0.9080806992598028,-1.563151432363779,0.20024540380343495,1.1892557284175949,-1.548174706481447,-0.12726256561359298,1.2017337283832115,-1.7260292324443791,0.001688897684716533,-1.4933904865444105,1.5341039707996702,0.011257842083105308,-0.03442396653578587,0.005069488118833946,0.02862969759051632,-0.029309090664422752,0.029143834433885563,0.005814917980597424,-0.00916162352582951,0.28964267991133186,0.23658729158910777,-0.15883707072200431,-0.28121063562236137,0.15366377608332027,0.18366873824464477,-0.28462900508196887,-0.3181372998014627,-0.19567511397053813,-0.2548605284046582,-0.28716069846375647,0.17450953052846604,-0.24798684557693992,0.05751207100962456,0.001439297624380268,0.2701141933682455,-0.04969429973537893,-0.03596922787743928,0.0,0.0,-0.9982072527729939,0.05985215544483149
0.028500278157461454,0.005891623884602827,0.0015186283412391146,0.0,0.0,-0.008979302672422114,0.05913353231329246,0.669640767494304,-1.649554949478815,-0.1426759276214062,0.9080819523574521,-1.5630415894041125,0.20011178779122013,1.1893412970856532,-1.5481077552641798,-0.12640206345775784,1.2018285341710853,-1.7267973455006644,0.0015945237679969536,-1.4927394486113683,1.5337848247297658,0.011325271043851472,-0.0346087626362807,0.0051048478492904436,0.02862514951735135,-0.029305096415665324,0.028500278157461454,0.005891623884602827,-0.008979302672422114,0.28966947829963374,0.23696153828698815,-0.15881362509246053,-0.2811772338185787,0.15364471047230807,0.18385695050983175,-0.2845530737707304,-0.31817461017277454,-0.19563990778906032,-0.2548747815259521,-0.28704318135067447,0.17428480652311956,-0.2480081160192898,0.05753696774571513,0.0014323607693940534,0.27019892698253406,-0.050255425674403276,-0.036154305924905226,0.0,0.0,-0.9982126230550208,0.059762523153019324
0.02787826112446454,0.005965775957321241,0.0017600421537491975,0.0,0.0,-0.008507163692659615,0.05915172128069321,0.6683940189396774,-1.6493662379732068,-0.1434710212801927,0.9081575620494433,-1.5628428195146906,0.20003807774726176,1.1892698755200277,-1.5480423089641853,-0.12542439579663658,1.2017623822161014,-1.7274642870730201,0.0015716772438995783,-1.4920340284405138,1.53340548196895,0.011382065113358852,-0.03480342620571188,0.005129384039432411,0.028621937485799293,-0.029303380919482883,0.02787826112446454,0.005965775957321241,-0.008507163692659615,0.2897034250449814,0.2372970564910061,-0.1588174779944575,-0.2811538909070584,0.15358811378433015,0.18408636491221975,-0.28446600270183614,-0.3181677504896368,-0.1956238395472553,-0.2548991845419457,-0.28690227074422936,0.17403428250720693,-0.24806953171241436,0.05756279660793378,0.0014319929518417686,0.2703018381399799,-0.050798050109172044,-0.03633922578504422,0.0,0.0,-0.9982177035385683,0.05967760335491907
0.02737453848997962,0.00602687650385739,0.001955472382923762,0.0,0.0,-0.008343704351214227,0.05919227219067964,0.6671900769208101,-1.6491613764090827,-0.14430813761365496,0.9082395522386436,-1.562602113557342,0.19999072295707343,1.1891426624067678,-1.5479909325606072,-0.12440973485276201,1.2016460567512768,-1.7280872844209607,0.0015783038665384264,-1.4913308484442283,1.5330184762109846,0.011433159776231987,-0.03500138303177469,0.005149608549830697,0.02861923519396942,-0.029302395430187252,0.02737453848997962,0.00602687650385739,-0.008343704351214227,0.2897398799857837,0.2376183481124089,-0.15882787351967378,-0.2811323701346889,0.1535224481548118,0.18432841168285335,-0.28437800440299593,-0.31814248211708757,-0.1956156658182843,-0.2549254720739505,-0.2867564064852679,0.17377572431993943,-0.248144543265375,0.05758830587121145,0.0014342394093918372,0.2704081534013177,-0.05133418213801097,-0.036524096641364516,0.0,0.0,-0.99822267938669,0.059594314813224344
0.026919218221915522,0.006081234835778964,0.0021506425918346728,0.0,0.0,-0.007998432974527266,0.05927683838061839,0.6660798682062418,-1.6489280138239764,-0.14523180484171686,0.9083286295801201,-1.5622691476105044,0.2000008909494285,1.1888971268730675,-1.5479737472214155,-0.1233181122615433,1.2014255831705645,-1.7286145163062434,0.0016487402616431276,-1.4906393533585056,1.5326196331305793,0.011471549877209353,-0.035206255546752246,0.005160539309437944,0.02861762518725739,-0.02930293247203699,0.026919218221915522,0.006081234835778964,-0.007998432974527266,0.2897816439402984,0.23790931382078315,-0.15885116371960098,-0.2811147196700889,0.1534389263102293,0.18459667785165063,-0.28428923473905676,-0.31807729817797425,-0.195624590397545,-0.2549551949472694,-0.28660103775579515,0.1735004649047543,-0.24824861240722274,0.057612779206431035,0.0014421190050666263,0.2705207254301424,-0.05185657169594863,-0.03670886588976688,0.0,0.0,-0.9982274428049556,0.05951447245064996
0.026737851861509388,0.006103786724739506,0.002250442868910463,0.0,0.0,-0.007263682643436318,0.059363020296464834,0.6650546293130657,-1.6487255208444276,-0.14620307577936442,0.908359350374081,-1.561872381491949,0.2000528830009819,1.1885622083740746,-1.5480083995217444,-0.12216362757170758,1.201137097889945,-1.729068808107568,0.0017900886826667248,-1.4899691399311858,1.5322340518836206,0.011496048795696873,-0.03541136328005951,0.005162571325598147,0.02861691545070018,-0.029304592401389308,0.026737851861509388,0.006103786724739506,-0.007263682643436318,0.2898259056894571,0.23817959099109792,-0.15887479124657314,-0.2810949563619565,0.15336210043223766,0.18487995117898479,-0.2842039795398089,-0.31797674793025343,-0.19564563764930942,-0.25498586907613574,-0.28644139662567525,0.17321121418810176,-0.24837415949383104,0.057636524430594915,0.0014561282245761434,0.27063046130052065,-0.05237442070005725,-0.03689356233249575,0.0,0.0,-0.9982317631139832,0.059441964220142515
0.026784937935062418,0.006098561587206421,0.002300269251702403,0.0,0.0,-0.006824144513483959,0.05945016876263107,0.664080220580901,-1.6485414945039174,-0.14720282393613923,0.908355161447653,-1.5614374491992413,0.2001298948022343,1.188173819708344,-1.5480740618385724,-0.12097153787644913,1.2008079270388456,-1.7294794661086679,0.001973857690623951,-1.4893116574959466,1.531856404054885,0.011512237810373508,-0.035616611724331886,0.0051592799863034245,0.028616744268610574,-0.02930692405808692,0.026784937935062418,0.006098561587206421,-0.006824144513483959,0.2898716616550548,0.23843749287456786,-0.1588986151737955,-0.28107386098165243,0.15328926971396972,0.18517219644285085,-0.284120673967433,-0.3178550323979765,-0.1956739338738487,-0.2550170737317278,-0.2862792089150269,0.17291349749837595,-0.24851234584545034,0.05765986705568754,0.0014738097668257186,0.270738496208559,-0.05288955348000033,-0.03707821522183067,0.0,0.0,-0.998235817195193,0.05937384330364063
0.026940027579834214,0.006080149204302885,0.002316958052199503,0.0,0.0,-0.005041912563674869,0.05951939773239546,0.6632154531926917,-1.6484569607165036,-0.14821260907505984,0.9082478332839556,-1.5609238035726867,0.20026006734611204,1.187725157545717,-1.548227726213084,-0.11967129905351853,1.2004203404356169,-1.7298115483866443,0.0022571665553638674,-1.4887377735752387,1.5315326996297645,0.011504819597923915,-0.035824689789106384,0.005144114077916281,0.028617608392198613,-0.02931101562692815,0.026940027579834214,0.006080149204302885,-0.005041912563674869,0.2899179164595252,0.23867579384630774,-0.1589166373296097,-0.28104198049546,0.15323409099111107,0.18546935664362688,-0.2840496868635464,-0.31769884597321396,-0.19571599180928057,-0.25504131734073743,-0.28611628072143297,0.1725903657950854,-0.24867733895732094,0.05768030670015116,0.0015002772830919689,0.2708350191845502,-0.053409347823202225,-0.0372627864047985,0.0,0.0,-0.9982388095036564,0.05932351305109159
0.027064182327470362,0.006066234281168898,0.002329996568244119,0.0,0.0,-0.00442237991353133,0.05958252545171136,0.6623748336862397,-1.6484168227886993,-0.14921167447863015,0.9081077171652109,-1.5603938094721543,0.20040253249790846,1.1872749328613281,-1.548406958179986,-0.11833736475482076,1.2000273446108671,-1.7301291535364702,0.002574646389174402,-1.488199900060692,1.531232943470846,0.011490391861122325,-0.036033055276278696,0.005125336995935878,0.028618789609246607,-0.029315569394286846,0.027064182327470362,0.006066234281168898,-0.00442237991353133,0.28996433997714277,0.23891244408578916,-0.15893252812199238,-0.2810038619435878,0.1531859924409223,0.185763972667743,-0.28398322134948945,-0.31753709665186736,-0.1957608414653447,-0.2550619840423869,-0.28595463560082923,0.17225886139371357,-0.2488480635719181,0.05769955445673653,0.0015297250831393032,0.2709261849810529,-0.05393076498036419,-0.03744733836126809,0.0,0.0,-0.9982414320386315,0.059279367080480205
0.027223871088599496,0.0060475843142862,0.0023470103940714804,0.0,0.0,-0.003121964928680393,0.0596328820758218,0.661581014226747,-1.6484726035354922,-0.15018428412059812,0.9078996313498324,-1.5598325649363882,0.2005690781262097,1.1868268251419067,-1.548638459020013,-0.11693378797913553,1.1996271410244423,-1.7304199437967083,0.002963732090472388,-1.4877395477870967,1.530984901741847,0.01146158404123263,-0.03624183029536433,0.00509912375948273,0.02862062450223321,-0.029321051696502922,0.027223871088599496,0.0060475843142862,-0.003121964928680393,0.29001111632225496,0.23914705822854904,-0.1589439327130013,-0.28095221153073013,0.1531530487227754,0.18605208522443306,-0.2839267636366513,-0.3173654789372308,-0.19581100562767514,-0.25507493129311,-0.28579607800276907,0.17191018067453134,-0.24903046328439907,0.05771614465401606,0.0015653932627501346,0.2710057422548542,-0.05445558912802064,-0.037631852514791814,0.0,0.0,-0.9982432822332055,0.0592482023041796
0.02734339607376322,0.006033875453912074,0.0023599889054398697,0.0,0.0,-0.0019465680863807483,0.05967066081978331,0.6608191310559343,-1.6486154010631895,-0.15111483188483543,0.9076573264678852,-1.5592671616765477,0.20075164275281382,1.1864151966651815,-1.548901150290598,-0.11549527453096113,1.199233491948787,-1.7306992523622193,0.0033941712455461755,-1.4873597481906813,1.53080005453737,0.011423377067025673,-0.03645192751748451,0.005070036038093817,0.028622975704203916,-0.02932744654483043,0.02734339607376322,0.006033875453912074,-0.0019465680863807483,0.29005822039290563,0.2393828079794648,-0.15895095837530832,-0.2808878999976992,0.15312971059126568,0.18632856274719165,-0.2838777561134904,-0.317197826387084,-0.1958638842214065,-0.2550786934398716,-0.28564137623572144,0.1715525882411413,-0.24921725456392788,0.057730305883614594,0.0016047719026728044,0.27107000025935063,-0.05498346027561885,-0.037816353954824834,0.0,0.0,-0.9982444353506797,0.05922877080779826
0.027377185309087195,0.006109777007813967,0.002355258536819449,0.0,0.0,-0.0012600531170486003,0.05970109319126846,0.6600759009386868,-1.648809022551415,-0.15202081253464594,0.9073950352284732,-1.5586993294274247,0.2009435636085152,1.1860248746487918,-1.549182058980801,-0.1140363555926604,1.1988436711714572,-1.7309718548051463,0.00384876374530314,-1.4870269970605838,1.530652117409162,0.011379680321270586,-0.036662796999784135,0.0050392694139990615,0.028625628467174185,-0.029334374384692052,0.027377185309087195,0.006109777007813967,-0.0012600531170486003,0.29010551587847255,0.23961917136489574,-0.15895541989969125,-0.28081610958602815,0.15311198596475145,0.18659826199891838,-0.28383299869285394,-0.3170324945956364,-0.1959183408460253,-0.25507704604429415,-0.2854889324360544,0.17118965884781803,-0.24940634007161577,0.05774303749003365,0.0016463206495106188,0.2711253221311188,-0.055513111086899825,-0.0380008479692792,0.0,0.0,-0.9982451815854051,0.05921619239297288
0.027324081301360135,0.006247980909770404,0.002335557001549582,0.0,0.0,-1.4818724004161422e-05,0.059721897362462625,0.6593903535164443,-1.649113303462931,-0.15284154079104434,0.9071093525662518,-1.5581273448547261,0.20115387579738694,1.1857097096891211,-1.5494758398740884,-0.11259469474922085,1.1984634699437442,-1.7312131764104703,0.004317693656072939,-1.4868317570462324,1.5306215526273586,0.011328039553341447,-0.03685556927183331,0.005010221570717707,0.02862899707342754,-0.029342419242848885,0.027324081301360135,0.006247980909770404,-1.4818724004161422e-05,0.2901524307343784,0.23985202358391675,-0.15895615359048318,-0.2807283347135128,0.1531006133092053,0.18684402112105783,-0.28380138147438794,-0.3168856226642333,-0.19597542878354088,-0.2550625125915363,-0.28534479645495975,0.1708310158028175,-0.2495950895856268,0.05775197629048057,0.0016892208930172786,0.2711481055474633,-0.056041974686836256,-0.03818849731711734,0.0,0.0,-0.9982451903604783,0.05921604446577389
0.02718277455332666,0.006432102542203846,0.0023025569299714448,0.0,0.0,0.00024666068477380385,0.059732893919384716,0.6587312165522735,-1.649445616158863,-0.15363003393547647,0.9068149848272337,-1.5575592341839066,0.20136470702670564,1.1854177593384814,-1.5497632842735956,-0.1111787241577302,1.1980780075060442,-1.7314440163989995,0.004779617608393599,-1.4866932598536446,1.5306307229419682,0.011276020999722833,-0.03703915152773761,0.004983403294928522,0.028632592009817995,-0.029350509929576975,0.02718277455332666,0.006432102542203846,0.00024666068477380385,0.29019893815853454,0.24008050729864078,-0.15895389690230208,-0.28063774412508674,0.15309252751296956,0.18708064953608822,-0.2837739174554389,-0.31674651958548866,-0.19603215432838364,-0.2550454625679618,-0.28520122764767675,0.1704786730154667,-0.2497816466244517,0.05775906522864959,0.0017314085443215096,0.2711602988866259,-0.05656886278282876,-0.03837822927724595,0.0,0.0,-0.9982450442947408,0.05921850674401601
0.026994553852793146,0.006674204820245849,0.002259221052962335,0.0,0.0,0.0007519664458649231,0.0597219606423938,0.6581285839912875,-1.6498339332190135,-0.1543507530485224,0.9065023906678962,-1.5570004242378592,0.20157526323459293,1.1851735127052205,-1.5500350274495631,-0.10982083621741137,1.1976795940591185,-1.7316531046924974,0.0052241730197464175,-1.4866750720363335,1.5307224496899035,0.011223765708906137,-0.03720291348911772,0.004961608066817357,0.028636653388806638,-0.029358617023833647,0.026994553852793146,0.006674204820245849,0.0007519664458649231,0.29024453301157727,0.24029929258446567,-0.15894504047322278,-0.28054217086515576,0.15309153936532202,0.18729801802003787,-0.28375533112624307,-0.3166239079840059,-0.19608785064597323,-0.255023750419467,-0.28505828685904083,0.17014094526901188,-0.24996393078346765,0.05776219554712888,0.0017718279979973305,0.2711505927575262,-0.05709124115239455,-0.03857252878080679,0.0,0.0,-0.9982445989632173,0.05922601321012235
0.026853613238791776,0.0068553655113941115,0.002226998541979275,0.0,0.0,0.0012170659345936009,0.0596729683496008,0.6575871970029485,-1.650249703618504,-0.1549847171010587,0.9061600857933095,-1.5564406110136302,0.20177725737526914,1.1849676186606388,-1.5502662746698264,-0.10854478385424453,1.1972646721257458,-1.7318317754156638,0.005623298740927008,-1.486759172990018,1.5308863668633788,0.011173858288550536,-0.03733409741180855,0.004948604170658045,0.028641189329776186,-0.029366649299759993,0.026853613238791776,0.0068553655113941115,0.0012170659345936009,0.29028930700065303,0.24050363619984433,-0.15892538377095575,-0.280448721026193,0.15309936455700346,0.18749101761078388,-0.2837500980474047,-0.3165201214234181,-0.19614100565723352,-0.25500156978581323,-0.28491663434352255,0.16982392836277727,-0.25014031827649535,0.05776209756047306,0.0018080039939514167,0.2711192007899274,-0.057609502376125964,-0.038771002434644125,0.0,0.0,-0.9982438780696535,0.059238162500693824
0.026665354072822264,0.007097674148167433,0.0021839751893251718,0.0,0.0,0.0014822542396072842,0.05960227574078028,0.6570807307358556,-1.6506811272377937,-0.15556921554891856,0.9058008405986249,-1.5558802257448234,0.20197436963551796,1.1847835923201286,-1.5504744320907848,-0.10731539212717302,1.196840337458873,-1.731993102787325,0.005996521568588375,-1.4869015964885686,1.5310914452443987,0.011125289566264854,-0.037446706137001115,0.004940612876050224,0.028645995854331342,-0.02937463891611203,0.026665354072822264,0.007097674148167433,0.0014822542396072842,0.29033361295325644,0.24069969442584613,-0.15889957626852116,-0.28035642875825156,0.15311222502274505,0.18767014477327257,-0.2837524407335358,-0.31642706922085545,-0.1961927092006812,-0.2549791134427641,-0.2847757140670667,0.16951862472870224,-0.2503131845453458,0.05776016005155015,0.001841757966619826,0.27107544379278997,-0.05812541610442554,-0.03897185608644614,0.0,0.0,-0.9982429998998176,0.0592529590063906
0.026457105046635482,0.007337002761782196,0.002158078171263234,0.0,0.0,0.0021852165071287563,0.059450497163222135,0.6566457840420256,-1.6511294649751393,-0.15600954376211104,0.9053708762930543,-1.555344968034117,0.2021296316345266,1.1846288698631644,-1.550593424963471,-0.10625268363912632,1.196389552730842,-1.7321122492719816,0.00627839706538108,-1.4871642285545401,1.5313943192462793,0.01108492775851448,-0.03748858705062994,0.0049465505512518776,0.028651509308975014,-0.029382046674621985,0.026457105046635482,0.007337002761782196,0.0021852165071287563,0.29037666600822604,0.2408771344665433,-0.15885107118356867,-0.2802734916456189,0.15315077069208022,0.18780835407670213,-0.2837746755955969,-0.31636001977483197,-0.19623434075511867,-0.2549658468732483,-0.28463563169094896,0.1692555589384322,-0.25047203160336257,0.0577550004985697,0.0018669077949697002,0.2709967373267735,-0.05863504141769154,-0.03917909386073983,0.0,0.0,-0.9982417048560372,0.05927477276305851
0.02623417252238471,0.007530638025248136,0.00217776470536335,0.0,0.0,0.002394604096416965,0.059277432676929746,0.6562253014753329,-1.651580158896094,-0.15640224551394483,0.9049268668930003,-1.554822797343235,0.2022673107633655,1.1844792138010063,-1.5506769410715808,-0.1052495299169681,1.1959422542744835,-1.7322209869455172,0.006518907776264942,-1.4874511725150499,1.5317207730856517,0.01104819949953848,-0.037512421057928326,0.004957370130320224,0.028657283033900614,-0.02938936139463178,0.02623417252238471,0.007530638025248136,0.002394604096416965,0.29041993608010697,0.24105059583240995,-0.1587966384365305,-0.28019308340173266,0.15319582787936137,0.18793291832566558,-0.2838024664165816,-0.31630146985854224,-0.19627189078556428,-0.2549571663304863,-0.28449837402794476,0.1690072963043592,-0.2506240244273509,0.057749378477723524,0.0018882992214329817,0.27090904630560864,-0.05914153298675616,-0.03938851242997503,0.0,0.0,-0.9982402851736982,0.05929867668282068
0.025891515774118443,0.007787518579943934,0.002239179491196619,0.0,0.0,0.0028211359700144106,0.059061631360310035,0.6558327954887544,-1.6520350691456123,-0.15669691142619857,0.90445577378241,-1.554328504024736,0.20236805981437633,1.1843390816810146,-1.5506862497969762,-0.10436984641639976,1.195504529364157,-1.7323089902032942,0.0066720777059961515,-1.487785140940007,1.5320940529740097,0.011019131550002817,-0.03750014965166182,0.00497829378426275,0.02866359775098378,-0.0293965040512333,0.025891515774118443,0.007787518579943934,0.0028211359700144106,0.29046377659644057,0.24121643214540173,-0.15873029336851063,-0.2801179299966815,0.15325387016964484,0.18802931172547918,-0.28384162207800157,-0.316260395194041,-0.19630089844292778,-0.2549582652511268,-0.28436743582494345,0.16878994796839447,-0.25076194655522366,0.057742918275364215,0.0019017793257221144,0.27080336472711075,-0.0596413667870048,-0.03960243410012066,0.0,0.0,-0.9982386118801604,0.05932683837497554
0.025594497605552897,0.007983376647306098,0.002312575210661195,0.0,0.0,0.0031340705578169086,0.05881554243348588,0.6554442688122691,-1.6524828948430568,-0.15692980602483622,0.9039864288080458,-1.5538690354200018,0.2024337368823538,1.184198903557438,-1.550629497374464,-0.10360941570877226,1.1950913703681638,-1.7323842964716405,0.006753827788985817,-1.4881037441676095,1.532478833758591,0.0109987697789083,-0.03746095464733623,0.005006394177150208,0.028670128828677154,-0.029403578421263486,0.025594497605552897,0.007983376647306098,0.0031340705578169086,0.29050950325975483,0.2413801911833286,-0.15865558287260995,-0.28004749601205364,0.1533173685133383,0.1881074962000754,-0.2838850169146116,-0.31623248949660226,-0.19632195463132962,-0.2549694333039794,-0.2842452660324279,0.1686022746917648,-0.25088419093812964,0.057737886068019634,0.0019089744548321961,0.27068821968327944,-0.060133007636306295,-0.0398204889048466,0.0,0.0,-0.9982367520449312,0.059358123848270654
0.025197725039706288,0.00824556109984406,0.0024105728472639818,0.0,0.0,0.0033082254597075304,0.05855259779315666,0.6550579567083576,-1.6529267778332601,-0.15712832354459186,0.9035180567094944,-1.5534289475255365,0.20247989562933877,1.1840586998318665,-1.5505359804870298,-0.10291535177286837,1.1946918828375388,-1.7324525365893473,0.00679583117465845,-1.4884137963288582,1.53287001504194,0.010983253185381025,-0.03740677607539516,0.0050384885812765805,0.0286767803157536,-0.02941061478833224,0.025197725039706288,0.00824556109984406,0.0033082254597075304,0.290556279604867,0.24154275007668008,-0.15857623560388762,-0.27997963069357346,0.153383919325778,0.18817555115983,-0.2839307574777556,-0.3162119103998635,-0.196338586655987,-0.2549862060761581,-0.28412797251476907,0.16843108906812085,-0.25099766731761947,0.057733656040856944,0.001912672511635382,0.27056780702025274,-0.06062008893029803,-0.04004084388881722,0.0,0.0,-0.9982347877981128,0.05939114773816814
0.024807636399527717,0.00850322851215697,0.0025070703669680112,0.0,0.0,0.003791199997418715,0.05826337485505429,0.65468610073096,-1.6533432886904518,-0.157278931080895,0.9031191650253014,-1.5530628553972947,0.2024841561113428,1.1839132456971495,-1.550365667615161,-0.10239120857827613,1.1943352386455408,-1.7325150362597217,0.006724201486564719,-1.4886560832094027,1.5332246534776368,0.010980525166546339,-0.03733802761807537,0.005076792961511538,0.028683628693172997,-0.02941740723014278,0.024807636399527717,0.00850322851215697,0.003791199997418715,0.2906059261736454,0.24169786917957908,-0.15848989433667346,-0.2799201412316222,0.15344211427930918,0.18822810958695776,-0.2839711988039682,-0.3162051841076792,-0.1963458154290781,-0.2550154872352499,-0.2840229611405537,0.16830213280001832,-0.25108703299216506,0.05773221637768996,0.0019064057682010645,0.2704523268796348,-0.06109469831489879,-0.04026749498842148,0.0,0.0,-0.9982325354435299,0.059428992772735334
0.02450394585793402,0.008703487056574291,0.00258255374911559,0.0,0.0,0.003954555009292722,0.057972198764749815,0.6543221357684808,-1.653746628921304,-0.15742665419242527,0.9027558001095817,-1.5527186833772084,0.202479643509692,1.1837622727323698,-1.5501774477478643,-0.10191499671880029,1.193994784515176,-1.732576844676229,0.006623269490047584,-1.4888589398172878,1.5335436219337002,0.010981155521917663,-0.03727254721542333,0.005115150989677083,0.028690390563851236,-0.029424110439999793,0.02450394585793402,0.008703487056574291,0.003954555009292722,0.29065656241954574,0.24184910051542233,-0.15840320272912334,-0.2798634711527483,0.15349332436254512,0.18827920112628516,-0.2840078626030398,-0.31620048239072646,-0.19635121092419294,-0.2550480509437565,-0.2839223163401947,0.16818500958669363,-0.25116907416456075,0.057731832625245644,0.0018976344818396596,0.2703466032191582,-0.0615650295161161,-0.04049630545629752,0.0,0.0,-0.9982301845107759,0.059468468381001074
0.024116162735047176,0.00895338931526526,0.0026530167400437565,0.0,0.0,0.0042891053353970735,0.057678051992950806,0.6539747771000702,-1.6541224150049607,-0.1575704471476926,0.9024669790027926,-1.5524189424194745,0.20245796492035756,1.1835994416435294,-1.5499537519160533,-0.1015355318984729,1.193687739788286,-1.7326374229968795,0.006463681910211998,-1.4889785927414094,1.533786078427462,0.01098852026770079,-0.03721497632913141,0.005153315085542684,0.02869695254395272,-0.029430629904288175,0.024116162735047176,0.00895338931526526,0.0042891053353970735,0.29070922832361,0.24199228166601233,-0.1583160466722393,-0.2798127223444308,0.15352957423960925,0.18832783362058672,-0.2840365366201914,-0.31619953624139246,-0.19635305074499024,-0.2550871981548753,-0.2838306543510266,0.1680918463436013,-0.25123638573903473,0.05773361071007807,0.001883861397677987,0.27026206389168245,-0.06202659013387343,-0.040729542731638736,0.0,0.0,-0.9982276329273325,0.05951128347040412
0.02383312945620771,0.0091302820319949,0.0026834491115290677,0.0,0.0,0.004637317488961933,0.05737978109977389,0.6536513626975501,-1.6544643264488885,-0.15772764494755123,0.9022613595796112,-1.55216592990312,0.20243120513506382,1.1834245456145114,-1.5497150213126367,-0.10122661797592303,1.193405381785143,-1.7327045442273954,0.006266556705204427,-1.4890174569699588,1.5339242659959218,0.010999220273388713,-0.03717321167456224,0.005186722629497316,0.028702872123994284,-0.029436741886822968,0.02383312945620771,0.0091302820319949,0.004637317488961933,0.2907626830891475,0.24212459372424097,-0.1582281849031051,-0.27976951908689157,0.15354862362175378,0.18837882833985686,-0.2840541412751037,-0.31619820712017804,-0.19635411483516224,-0.25512965153303496,-0.28374426068581615,0.16801607911303354,-0.2512921385540227,0.05773644276868843,0.0018669922987817754,0.27020998136496466,-0.062480292589272436,-0.040966515498073314,0.0,0.0,-0.9982248721268462,0.059557574391016846
0.023468547334493405,0.009348784032572183,0.0026818389860572282,0.0,0.0,0.004826432713043895,0.05707927038205549,0.6533409525084015,-1.6547878404591707,-0.157892122964731,0.9021009272776994,-1.551938295764411,0.20240168573472322,1.18324309707488,-1.5494681252729172,-0.10095602048923505,1.1931364312267942,-1.732775218934821,0.006049044686525856,-1.4890124445793613,1.5340058247515018,0.011011731670231827,-0.037140031438945925,0.0052175468737071995,0.028708442814348128,-0.029442632564612284,0.023468547334493405,0.009348784032572183,0.004826432713043895,0.2908165662880712,0.24225098245817234,-0.1581399517634943,-0.27973037879338064,0.15355832931271982,0.18843110828950077,-0.2840657298677806,-0.31619666673649743,-0.19635475580702602,-0.25517389884724984,-0.28366072821359856,0.16794975626598094,-0.2513416017760556,0.05773984325481554,0.0018484407211975975,0.2701755263198803,-0.06292972724959756,-0.041205517022601716,0.0,0.0,-0.9982219964579376,0.059605752973426865
0.023113473597169126,0.009557845403078366,0.0026653176986135563,0.0,0.0,0.00541054968067376,0.05678218313111555,0.6530655338460167,-1.6550574942723217,-0.15807416715077907,0.9020591986259358,-1.5517677604752098,0.20237522897304305,1.1830524958220103,-1.5492179905808212,-0.10075861390605069,1.192899726381238,-1.7328566656816726,0.005785677794542089,-1.4888637345909272,1.5339186215560707,0.011024096205630558,-0.037144245317318296,0.005236677206652676,0.02871324234460824,-0.02944840113288604,0.023113473597169126,0.009557845403078366,0.00541054968067376,0.2908699566485898,0.24236104969187766,-0.15805334869080656,-0.2797020692176634,0.15354183898069793,0.18848649689422253,-0.2840629636385524,-0.31619320264693473,-0.1963564495603832,-0.2552190210163102,-0.2835836733565269,0.16790140275848192,-0.25137808751898616,0.0577456320978519,0.0018262721942919986,0.2701942532210486,-0.06336786402951951,-0.04144951953683924,0.0,0.0,-0.9982187699979606,0.05965976218322355
0.022839924154243824,0.009718555580376499,0.002652576705752807,0.0,0.0,0.005609748319087429,0.056486663427328894,0.6527955456068052,-1.655311135237649,-0.1582624078697006,0.902052932137611,-1.5516240556768124,0.20235197106063765,1.1828678494331821,-1.5489702176727704,-0.10058647514189649,1.1926705029186786,-1.7329461626558496,0.005514656687342873,-1.4886690238178177,1.5337794723126712,0.01103579752059691,-0.0371627919125877,0.005250725157608922,0.0287176713834973,-0.029454069643362658,0.022839924154243824,0.009718555580376499,0.005609748319087429,0.2909231789960157,0.24246766067384826,-0.1579673843828703,-0.2796766297379403,0.15351918903489536,0.18854288798284544,-0.2840545357331053,-0.31619092863506,-0.19635877459348644,-0.2552627721480871,-0.28350710213186014,0.16785923505402864,-0.2514099401606097,0.05775224355589823,0.0018035792810517704,0.27022961864223305,-0.06380214854674852,-0.041695228359043206,0.0,0.0,-0.9982154216647932,0.05971575965002185
0.022480279349477418,0.009930400664941092,0.002635845401943726,0.0,0.0,0.006014792822908279,0.05619437392526025,0.6525359037738518,-1.655532468085321,-0.15846327047220013,0.9021182364265391,-1.5515356943911354,0.20233544807306073,1.1826962824635858,-1.5487276179678489,-0.1004657481340754,1.1924561158122633,-1.7330524969420977,0.00522892580886415,-1.488381097780778,1.5335352972849903,0.011046084669112359,-0.03721065129209685,0.005254321659746386,0.028721335575284574,-0.029459528449997805,0.022480279349477418,0.009930400664941092,0.006014792822908279,0.2909760597168199,0.24256752344337976,-0.15788269818174927,-0.2796570259118528,0.15348431298295773,0.18860130387273333,-0.28403452703384685,-0.31619128061274676,-0.19636241637189022,-0.2553035606127092,-0.28343133128499387,0.16782966840656366,-0.251432388938181,0.057760540020520945,0.001779898253706462,0.2702986559879689,-0.06422860005357922,-0.041944406826624134,0.0,0.0,-0.998211828079909,0.05977580013154227
0.022211174397254545,0.010088355501329908,0.0026233144254497742,0.0,0.0,0.006398705316426128,0.05591191903956784,0.6522935792903772,-1.6557280589270111,-0.1586678539646552,0.9022361480149647,-1.5515095351526402,0.20233076640823544,1.1825627200555482,-1.548500416662869,-0.10040166816555414,1.192250527791529,-1.7331776462945363,0.0049311210520115376,-1.488039768782238,1.5332272352788272,0.011053768730403594,-0.03727516106911154,0.005247150763444252,0.028724144869202734,-0.02946521469310626,0.022211174397254545,0.010088355501329908,0.006398705316426128,0.29102861281209347,0.24265942093042725,-0.15780108547698862,-0.2796417046176069,0.15344412814119923,0.1886591914061029,-0.28400408544431666,-0.3161992041454552,-0.19636791189363456,-0.2553368782006956,-0.28335441595514477,0.16781405688201906,-0.25144513147947806,0.05776970237763545,0.0017556846800593393,0.2703882828649886,-0.0646475307993441,-0.04219691566622898,0.0,0.0,-0.9982080011590974,0.0598396726424835
0.021865827116415444,0.010216307825608627,0.0026357903976564905,0.0,0.0,0.0066021461320979824,0.05563467565998935,0.652060431522011,-1.6559100087057024,-0.15887440921076193,0.9023819369757735,-1.5515163376827368,0.20233235963238966,1.1824492968168834,-1.5482813751937559,-0.1003676062862345,1.192049602534147,-1.7333127660239303,0.004626918171576202,-1.4876701407784583,1.532885318634494,0.01106007337795208,-0.03734849413369326,0.0052342740662595965,0.02872650114031846,-0.029471021458106553,0.021865827116415444,0.010216307825608627,0.0066021461320979824,0.2910809922938379,0.24274708949022472,-0.15772110645153398,-0.2796286324622859,0.15340113181791626,0.18871679196775196,-0.2839681065742894,-0.31621114048030596,-0.19637438998474702,-0.2553662353155388,-0.28327689690850916,0.16780584019421374,-0.25145271987963624,0.057779342391166756,0.0017311860005207792,0.27048881859533547,-0.06506247618454415,-0.042451189318359304,0.0,0.0,-0.9982040482809533,0.059905575663006735
0.02153318231707353,0.01028645013872765,0.0026678778981201186,0.0,0.0,0.007019537418488149,0.05537662057568562,0.6518805295028942,-1.6560275254633603,-0.15907429988752275,0.9025171051089396,-1.5515806342931402,0.2023573717814964,1.1823643373963018,-1.5481030468972736,-0.10040355336246075,1.1918605017982074,-1.7334357780098115,0.004318523383230559,-1.487291520473941,1.5325007062630365,0.01106237087573781,-0.0374233583675935,0.005206880025290602,0.028728321944707192,-0.029476633507933392,0.02153318231707353,0.01028645013872765,0.007019537418488149,0.2911340444279997,0.24281206564091126,-0.15764728967675262,-0.27962749600449227,0.15337117916284781,0.18877139986610794,-0.2839262601390582,-0.3162229260836201,-0.19638553791044133,-0.2553856908234146,-0.28320470654523944,0.16781524965011113,-0.2514520372657558,0.057788108445887436,0.0017064113479726974,0.2706040053509302,-0.06546701315865422,-0.042707237533774964,0.0,0.0,-0.9981998407273832,0.05997564482209959
0.0212904610957501,0.01027551603133226,0.002714611539904321,0.0,0.0,0.00709864135301054,0.0551325032775034,0.6517258346480811,-1.6561202538893527,-0.15926941689228852,0.9026234177935043,-1.5516360446110669,0.2023891334565694,1.1822735975252703,-1.5479395637576212,-0.10044685761200502,1.1916826019351114,-1.7335428063501448,0.004014939832307342,-1.4869360931767712,1.5321238712976444,0.011063005675205448,-0.03749877934487874,0.005176025205260554,0.02873001923947126,-0.029481978711965902,0.0212904610957501,0.01027551603133226,0.00709864135301054,0.2911877074097627,0.24286696305021113,-0.15757769015729128,-0.27963044348892413,0.15334844954712534,0.18882500352053205,-0.2838873361091384,-0.3162301269321987,-0.19639833132714535,-0.2554037470770181,-0.2831383914659513,0.1678265796421284,-0.2514511607969631,0.05779586367794727,0.0016819508492965944,0.2707185231226465,-0.06586834088267897,-0.04296281856278446,0.0,0.0,-0.9981955807564583,0.06004650329766839
0.020969655167560275,0.01026075727960474,0.00277675638262892,0.0,0.0,0.007253829399185794,0.054917010759947274,0.6516224719934015,-1.6561627876038518,-0.1594547321332381,0.9026697824065317,-1.5516715609787295,0.2024344239858973,1.1821701274622207,-1.5478060909565663,-0.10050386012900596,1.191527790671227,-1.7336167749142486,0.0037214923337501836,-1.486629263266621,1.5317642680750596,0.01106026620235319,-0.0375753257098614,0.005138292700839821,0.02873147149013993,-0.02948677181047481,0.020969655167560275,0.01026075727960474,0.007253829399185794,0.2912426288895959,0.24290138714089315,-0.15751673142319228,-0.27964167815084123,0.15334047723944774,0.18887659785177227,-0.28385466427342104,-0.3162277665444983,-0.19641444741952133,-0.2554191209069148,-0.2830842025093617,0.1678415035669806,-0.25145010277461793,0.05780148843554169,0.001658158848490413,0.2708313039142987,-0.06626321880409383,-0.0432173831125834,0.0,0.0,-0.9981912224593941,0.060118910544190204
0.020729727865955436,0.010248891918340747,0.002823300009606455,0.0,0.0,0.0074188692702258875,0.054746934081484004,0.6515402565866508,-1.6561665670983743,-0.15962621669641278,0.9026595498091422,-1.5516458541754907,0.20247369604622759,1.1820466902432025,-1.5476963144020746,-0.10054605544213481,1.1913963452281569,-1.7336590226064592,0.003456426784396165,-1.4863795026036717,1.5314639054688832,0.011054293277529662,-0.037633073209916185,0.005094755803478643,0.028732376473162,-0.0294911880171139,0.020729727865955436,0.010248891918340747,0.0074188692702258875,0.29129877766506784,0.24292528236216507,-0.15746890958525758,-0.27965581647220616,0.15333918290420578,0.188925857114003,-0.2838338762481082,-0.31621507535715976,-0.1964291668393793,-0.25543607303008553,-0.28304196470796605,0.16785283767412168,-0.25145216088275446,0.05780587191198187,0.0016368344709368602,0.2709251516745262,-0.06665180388513028,-0.04347095343490576,0.0,0.0,-0.9981867595690108,0.060192964880605236
0.020408881733682327,0.010234140923542018,0.0028858898870096072,0.0,0.0,0.007504186503056741,0.05460033508255177,0.6514689732317956,-1.6561503126317223,-0.1597905515024326,0.9026200593317915,-1.551588498105939,0.20250985686410994,1.1819129310198278,-1.5475987876021622,-0.10058059618377045,1.191276978726355,-1.7336848722208267,0.0032060332596301902,-1.486159243839699,1.5311941672491547,0.011046648822449797,-0.03768110265267775,0.005048218330105877,0.028732998546637946,-0.029495409389820273,0.020408881733682327,0.010234140923542018,0.007504186503056741,0.29135556088998016,0.24294373562864788,-0.15742787694518726,-0.279671455924528,0.15334134080443093,0.18897391094705404,-0.2838192279439044,-0.31619704153517075,-0.19644316467809303,-0.2554538397797137,-0.2830059042819036,0.16786231624765632,-0.25145582972598085,0.05780961366101638,0.0016167852894909945,0.27100921191701094,-0.06703713588766605,-0.04372400979217668,0.0,0.0,-0.9981822397661292,0.06026787050721035
0.020128993089945812,0.010221288729902666,0.0029405516466032853,0.0,0.0,0.007739366475101248,0.05453116766758413,0.6513422919599802,-1.65611461905025,-0.15992629728061242,0.9025532259237046,-1.5514417790726527,0.20250231527642115,1.1817847258292589,-1.5475239753723145,-0.100576583571082,1.1911725653897995,-1.7337033876636685,0.0030129101352403616,-1.4860294873282414,1.5310463329289583,0.011032945220202407,-0.037712630209506756,0.004998579799453884,0.028732740564034288,-0.02949846810942528,0.020128993089945812,0.010221288729902666,0.007739366475101248,0.2914142132605482,0.24297574112209527,-0.1574085379921062,-0.2796792279483744,0.15333650741455762,0.18901583355889504,-0.2838209426409741,-0.31617602724797245,-0.19644552217449607,-0.25547583606604884,-0.2829751121334439,0.16786204526087653,-0.2514636297271377,0.05781225632829121,0.0016014780200626607,0.27105529200403233,-0.06741297530047846,-0.04397556638257616,0.0,0.0,-0.9981775724253182,0.060345123308339604
0.020007816477650365,0.010215054027628073,0.0029640859805502018,0.0,0.0,0.007780806630577662,0.05448402061858433,0.6511874964973271,-1.6560820497122386,-0.16005299930404496,0.9024932132471328,-1.5512757237325578,0.20247382935661598,1.181671137777751,-1.547456630924404,-0.10055984244150604,1.1910588425277864,-1.7337329783695656,0.00284375226587657,-1.4859200175976592,1.530944569798924,0.011017230001822014,-0.03774409456141043,0.004949755627574436,0.02873221064148933,-0.02950096491649247,0.020007816477650365,0.010215054027628073,0.007780806630577662,0.2914731829558443,0.2430161304901593,-0.15739525071380833,-0.2796826028068474,0.153326302703898,0.18905554030430824,-0.28382609531470177,-0.31615761831347594,-0.1964420552638768,-0.25549866969078977,-0.28293984521636506,0.1678585362692178,-0.2514726070122857,0.05781525215244754,0.0015880931625525485,0.2710867327712837,-0.0677871771106784,-0.0442268814791569,0.0,0.0,-0.9981728740664316,0.06042278939241225
0.019927114721671108,0.010211632357688013,0.0029796871962958775,0.0,0.0,0.007862404459603912,0.054480775990742164,0.6509761526280602,-1.6560560568867113,-0.16016163391954946,0.9024473856759552,-1.5510713614073375,0.20240324415616542,1.1815872160380319,-1.5474042156398697,-0.10051765332886037,1.190926014176951,-1.7337851788373602,0.002722682893876262,-1.485850775001833,1.5309351178623687,0.010997492595006956,-0.03777561891799005,0.004902623212527509,0.028731137676627043,-0.029502332135534926,0.019927114721671108,0.010211632357688013,0.007862404459603912,0.29153277669977024,0.24307341569570964,-0.15739402489129403,-0.27967712494662494,0.15330525138464182,0.18909080781005752,-0.28383806082302426,-0.3161445466858238,-0.19642687442253579,-0.2555231600183164,-0.2828954179005582,0.16784855262747028,-0.2514839323052305,0.0578189760923487,0.0015785652123944192,0.27108883290291313,-0.06815815666977991,-0.04447772253879764,0.0,0.0,-0.998168120297121,0.06050126959421841
0.0199273519462786,0.010211145128361975,0.002979687196295877,0.0,0.0,0.007862256009031014,0.054493538110248194,0.6507475524140685,-1.656035586091496,-0.16024563361534336,0.9024415690226842,-1.5508703789454978,0.20230199621627795,1.1815399491546938,-1.5473671763535315,-0.10046253980906218,1.190756626177154,-1.7338679884904182,0.002640406826148496,-1.4858162355102948,1.5310096388695225,0.010974344828684857,-0.03779993131256744,0.004857512839426029,0.028729642972650144,-0.02950242372392208,0.0199273519462786,0.010211145128361975,0.007862256009031014,0.2915923704436961,0.24313626324984228,-0.15739717458461247,-0.2796680178488932,0.15327265289389783,0.18911876154362284,-0.2838515223639492,-0.31613868450762445,-0.19640272129260514,-0.25554671863769235,-0.2828357842843016,0.1678353123448825,-0.2514967712060411,0.05782347988948111,0.0015719476077751848,0.2710629939462642,-0.0685290916004037,-0.04472862905353908,0.0,0.0,-0.9981633604473251,0.060579747940242186
0.01992849884276685,0.010208898666037995,0.0029796871962972653,0.0,0.0,0.007862181173541542,0.05451437085866928,0.6505102515220642,-1.6560178995132446,-0.16031721234321594,0.9024559259414673,-1.550671100616455,0.20218528807163239,1.1815111637115479,-1.5473378896713257,-0.100400909781456,1.1905688047409058,-1.7339662313461304,0.0025776904076337814,-1.4857991933822632,1.5311264991760254,0.010949477553367615,-0.03782060742378235,0.004813421983271837,0.028727935627102852,-0.02950187213718891,0.01992849884276685,0.010208898666037995,0.007862181173541542,0.29165196418762207,0.2432019143466364,-0.15740252959436338,-0.279657072107049,0.15323422845914952,0.18914302772714475,-0.28386573306285595,-0.3161364576524033,-0.1963740424863452,-0.2555698053049933,-0.28276848512618924,0.1678204280697558,-0.25151036050400427,0.05782837223995815,0.001566797114457291,0.271023067638047,-0.06890000402927399,-0.04497956857085228,0.0,0.0,-0.9981585944727694,0.06065822516481496
