vx,vy,vz,wx,wy,wz,base1,shoulder1,elbow1,base2,shoulder2,elbow2,base3,shoulder3,elbow3,base4,shoulder4,elbow4,arm_1_joint,arm_2_joint,arm_3_joint,arm_4_joint,arm_5_joint,arm_6_joint,arm_7_1_joint,arm_7_2_joint,com_vx,com_vy,com_wz,height,e1x,e1y,e1z,e2x,e2y,e2z,e3x,e3y,e3z,e4x,e4y,e4z,arm_eex,arm_eey,arm_eez,com_x,com_y,quat_x,quat_y,quat_z,quat_w
0.012641194677476467,0.00655918162712997,-0.00047017679070116003,0.0,0.0,0.007632120823452618,0.1066298857331276,0.8044111728668213,-1.5523356199264526,-0.0986214354634285,0.8307937383651733,-1.6527479887008667,0.1359918862581253,1.0904369354248047,-1.5761650800704956,-0.1369125097990036,1.088411569595337,-1.6057170629501343,-0.08040308207273483,-1.2891210317611694,1.4889041185379028,0.005628821440041065,-0.07757509499788284,0.007685150485485792,0.03028637357056141,-0.032128188759088516,0.012641194677476467,0.00655918162712997,0.007632120823452618,0.2800000011920929,0.1833490946727079,-0.17394303075721543,-0.29333658229913445,0.19076272900064986,0.17009939674137953,-0.2792844703667562,-0.2846236647650839,-0.18012591384147633,-0.27212028271258165,-0.278496110673541,0.1799948105855052,-0.26922764394757587,0.06893374362778172,-0.006007325767121803,0.2739025858319729,0.0,0.0,0.0,0.0,0.000669434909068638,0.9999997759284261
0.012723479295398677,0.006590952655073315,-0.0004391703340739239,0.0,0.0,0.007632120823452618,0.10669794942092414,0.8040586387870288,-1.5520911638182824,-0.0978390657615782,0.8315139596510415,-1.6522089959395052,0.13545141579827877,1.090825328321168,-1.576201906107893,-0.13783046505366914,1.0867111237362177,-1.605714985216507,-0.07983561003147954,-1.289999626501642,1.484858771165212,0.0056697715995739206,-0.07626896178481554,0.007662456898921819,0.030282947996800594,-0.0321293104665749,0.012723479295398677,0.006590952655073315,0.007632120823452618,0.2799905976562789,0.18341820425451397,-0.17396710548045316,-0.2933662758973312,0.19047476494363264,0.1698887974180457,-0.2794620021810166,-0.2847284354351471,-0.1799735486014861,-0.2721537748955421,-0.2780118690625921,0.18026174745791274,-0.26924812307162044,0.06892676524174615,-0.005949253626585007,0.2752407117204313,0.00025264802918007433,0.00013152201316905013,0.0,0.0,0.0007457560982520462,0.9999997219238823
0.012966384529700718,0.0066891062090874125,-0.00034692612561199043,0.0,0.0,0.008121298635335982,0.10673343224657907,0.8038107680551934,-1.5518404221293902,-0.0971075797622854,0.832369489501221,-1.6516201038553258,0.13505474605945625,1.0909627555596708,-1.5761296135006528,-0.13880927424238185,1.0849473404161858,-1.6055379467781143,-0.07951929480439485,-1.2906388152729382,1.4806561879437379,0.005681734108789401,-0.07524612673906365,0.007629103337725003,0.030275931468967236,-0.03213240018095633,0.012966384529700718,0.0066891062090874125,0.008121298635335982,0.27998243437872994,0.18345438643629491,-0.17398160885189068,-0.29339996417553565,0.19014003346105524,0.16969289902724222,-0.27964002766859636,-0.28478165880510287,-0.1798648423868686,-0.2722012484488369,-0.277541819211753,0.18054836662494803,-0.2692827037430398,0.0689327005011899,-0.005914341662320207,0.2766538569457585,0.0005085453863791896,0.0002643969017280868,0.0,0.0,0.0008269690595626786,0.9999996580610288
0.013453701859062658,0.006887265186312677,-0.00016166254727528753,0.0,0.0,0.00908742484893304,0.10670456786950429,0.8037696074355732,-1.5515772664185725,-0.09647658907554367,0.8334922537659154,-1.6509326606085806,0.1349420827446562,1.0906045256238994,-1.5758418115702542,-0.1399082699508378,1.0830584656108508,-1.6050153609478113,-0.0796990142852971,-1.2908051772551103,1.476143063920917,0.005636446008628065,-0.07478280557375966,0.007574696326628327,0.03026182280684059,-0.032139376708955475,0.013453701859062658,0.006887265186312677,0.00908742484893304,0.2799767206112544,0.1834255038824002,-0.17397720262485505,-0.2934415727786444,0.18971299978878137,0.16952625475683722,-0.27981928437240483,-0.2847330873862498,-0.17984235514407712,-0.2722765274007105,-0.27709988272033176,0.18087393517651965,-0.2693461817155279,0.06897054846261777,-0.005925639231886806,0.278215102437953,0.000770860166415911,0.00039994371918234697,0.0,0.0,0.0009178432735639534,0.9999995787817739
0.013943578755032361,0.007085213012440999,2.4372429557883993e-05,0.0,0.0,0.0110441257388914,0.10662731535808005,0.8041182009860722,-1.5513772555071899,-0.09603858498310802,0.8346518886209738,-1.65018510698068,0.13512935120650013,1.0896938870651554,-1.5754100915157434,-0.14098875811605743,1.08127160505815,-1.604197039748683,-0.08041716841134158,-1.2899494700961642,1.4714285123227822,0.005536595952104439,-0.07505936168058955,0.007505819384911747,0.030240645124153656,-0.0321518922544489,0.013943578755032361,0.007085213012440999,0.0110441257388914,0.2799759678768389,0.1832875415979281,-0.1739572116561789,-0.2934764448639856,0.1892660866621185,0.16941427488268052,-0.2799831131248559,-0.2845527369616736,-0.17991021311655583,-0.27237564541354314,-0.27674147577386965,0.18119787635423854,-0.26943330326442483,0.06907666008769073,-0.005989306472765682,0.2798583707912792,0.0010461868398418332,0.0005408749157783924,0.0,0.0,0.001028284478835405,0.9999994713153756
0.014587845006417724,0.007347354274789656,0.0002688756494811928,0.0,0.0,0.012022476267895219,0.10652641041411294,0.8046612856966077,-1.5512098561633716,-0.09569816133289626,0.8358271377857285,-1.6494079966737767,0.13546702062541788,1.0885079942568383,-1.5749071884636927,-0.1420577918038224,1.0795402304090636,-1.6032329472628506,-0.08140364195210766,-1.2885792171112214,1.4666140085518962,0.005409651454726253,-0.07570844260279579,0.0074297272308607295,0.030215916007456153,-0.032167150403815084,0.014587845006417724,0.007347354274789656,0.012022476267895219,0.2799776955084367,0.18309530070745145,-0.17392955776455632,-0.2935076338021653,0.18880992201927083,0.16932986820734952,-0.2801386304413348,-0.28430644810030015,-0.18002339550418694,-0.2724862437486921,-0.27642546399527973,0.18152051642868755,-0.2695316610707073,0.06921576200829473,-0.0060792362278106514,0.28154239574280265,0.001328019288279154,0.000684498676987873,0.0,0.0,0.001148509170521965,0.9999993404631251
0.015236371563069805,0.0076107880844621485,0.0005149329551548675,0.0,0.0,0.014908616919933039,0.10641804585854213,0.8057337186553262,-1.551258217204701,-0.09577067602764476,0.8367238947839448,-1.6486010479204583,0.13629842752760107,1.0866194060354522,-1.574283581791502,-0.14283984357660467,1.0784878225037546,-1.6020800200375644,-0.08307835346821582,-1.2852870840014834,1.461592269666267,0.005224239476250879,-0.07775401165991118,0.007334622780256199,0.030178763085242474,-0.032187403828808754,0.015236371563069805,0.0076107880844621485,0.014908616919933039,0.2799867229028182,0.18277542755630055,-0.1738958240749705,-0.29350340040586786,0.18842993386917417,0.16936160125750038,-0.2802485928577034,-0.2838802400024336,-0.1802814665041403,-0.2726053269949139,-0.2763382569929729,0.18176089108744528,-0.2696319959159953,0.06949657241764275,-0.006240345626329145,0.2833191372541865,0.0016290240208477235,0.000836108652451499,0.0,0.0,0.001297595228629693,0.9999991581229569
0.01572215004705897,0.007807136249876099,0.000699421372075959,0.0,0.0,0.01591142947820878,0.1063195305189701,0.8068705788164428,-1.5514067489691454,-0.09598384443858657,0.8375203576352861,-1.647798888009004,0.137273203468684,1.084624920228515,-1.5736316617089088,-0.14345450187572326,1.077786258976869,-1.6009700442805435,-0.0849550093966301,-1.2813289069166087,1.4564915889441366,0.005018969964838088,-0.08044674857096239,0.0072342130364944236,0.030137394084548106,-0.03221035946273443,0.01572215004705897,0.007807136249876099,0.01591142947820878,0.2799982928266429,0.18245173518775873,-0.17386335449015972,-0.2934826443801255,0.18807950708487015,0.16943271208173655,-0.28034052574055485,-0.28342831635682864,-0.1805805224213072,-0.2727165012642239,-0.2763433341066931,0.18195153477837106,-0.26972144870046705,0.06983102888833682,-0.0064235140833407,0.28515398263224795,0.0019366820413393507,0.000990510825302941,0.0,0.0,0.0014567093730312667,0.9999989389983384
0.016169919001236557,0.007971352747668317,0.0008977648585734022,0.0,0.0,0.017819219487602588,0.10623975271227384,0.8081300078016339,-1.5517458494263465,-0.09646459796814004,0.8381260169876946,-1.6470058385771935,0.1385207302642591,1.082428970722237,-1.5729258770894523,-0.14375070429811573,1.0777521554869836,-1.5999417810729055,-0.08721585225577307,-1.2761036217814743,1.451240726191588,0.004775922707837037,-0.08437068286267194,0.007123710295994475,0.03008800425162219,-0.032238455884384384,0.016169919001236557,0.007971352747668317,0.017819219487602588,0.2800146997577012,0.1821208177049456,-0.17383332190604928,-0.2934307384023844,0.18778565694814217,0.1695788273172479,-0.2803987366577826,-0.2829278189170026,-0.18095745351993445,-0.27281308603587723,-0.2765243712394909,0.1820472345656094,-0.2697905640136042,0.07027069468146185,-0.006648772679082043,0.28709909864272143,0.002256997536416307,0.0011502249834287651,0.0,0.0,0.0016349013557180258,0.9999986635478855
0.016359316341611745,0.008019702712080487,0.001012232869562757,0.0,0.0,0.018468877035897363,0.10617202351039107,0.8091716657985341,-1.5522382259368896,-0.09716247326948427,0.8386482352560217,-1.6462621905586936,0.13997557352889667,1.0803435282273726,-1.5722768089988015,-0.1436492082747546,1.0784878459843723,-1.5992259708317844,-0.0896410688080571,-1.2694877819581465,1.445648881522092,0.004500931636853651,-0.08973634412342853,0.0069947054567323485,0.030029713599519295,-0.03227081031284549,0.016359316341611745,0.008019702712080487,0.018468877035897363,0.28003420342098584,0.18188074189017067,-0.17380474485998115,-0.29335770011433965,0.1875231980662327,0.16978520078230627,-0.2804227589814085,-0.2824478708934178,-0.1813891291914153,-0.2728650080836093,-0.27686801336141315,0.182021773802059,-0.2698176119627338,0.0708342674271167,-0.006896985683957488,0.289240251814999,0.002582432755099779,0.0013114781256511132,0.0,0.0,0.0018195898513661064,0.9999983445450161
0.016315921786964567,0.00794118669238884,0.001091987948224904,0.0,0.0,0.018756819409351876,0.10610962832214857,0.810100181536241,-1.5528037475817131,-0.0979660436360523,0.8391317171279831,-1.6455465783976546,0.14153065329248254,1.07831993970004,-1.5716583463880751,-0.14335238617477994,1.0796011794697156,-1.5986667558400318,-0.09214382994957644,-1.2621809593354814,1.439885918540184,0.004210480667575441,-0.09581733939021525,0.006856194085846043,0.029967021347597392,-0.03230511957798341,0.016315921786964567,0.00794118669238884,0.018756819409351876,0.2800551890724837,0.18168688784857073,-0.1737767569703182,-0.29327472580862096,0.1872759902910171,0.17002088719348005,-0.2804292854175609,-0.28197943102390044,-0.18184727879457668,-0.27289344125807663,-0.27729082616428063,0.18193668567702148,-0.2698232254066346,0.07146591676692822,-0.007159239990551538,0.29147652997880036,0.0029101984533057975,0.001473392343449623,0.0,0.0,0.002007157702940675,0.999997985656949
0.016176458856411738,0.007814797337907374,0.0011498654129526997,0.0,0.0,0.017771948956558817,0.1060286056664255,0.8103864789009094,-1.5534416834513347,-0.0989939889146222,0.8396391140090095,-1.645115269554986,0.14325988292694092,1.076882004737854,-1.571273750729031,-0.1425436014930407,1.0816800594329834,-1.598693264855279,-0.09467180487182406,-1.2526146438386705,1.4334705935584173,0.0038923058762318557,-0.10417797830369738,0.006669330436529385,0.029891113543676004,-0.032336928157342806,0.016176458856411738,0.007814797337907374,0.017771948956558817,0.28007788293891483,0.18170049267388091,-0.1737430124691978,-0.29319124404906965,0.1870640026026121,0.1703152672009202,-0.2803643820821342,-0.2816358745361556,-0.18234256862793374,-0.27282257312219504,-0.27788110993133086,0.18169315932636562,-0.26975671664850287,0.07230959586574302,-0.007441921721800039,0.2940531888736283,0.0032337892334908247,0.0016317429189156327,0.0,0.0,0.002184876802820992,0.9999976131538297
0.01607283289786997,0.007718658202549411,0.0011928530052454647,0.0,0.0,0.01741841423508738,0.10591198865211371,0.810466751907811,-1.554068391973322,-0.10002315428220865,0.840194846644546,-1.6448311299988718,0.1449571753090078,1.0757961887301821,-1.571050232106989,-0.14159247730717514,1.0839931712006077,-1.5989769155328923,-0.09724472395398401,-1.2422540693572073,1.4269435008366902,0.003577380836235754,-0.11327829460302989,0.006471475515740387,0.029812257059595802,-0.03236632500634049,0.01607283289786997,0.007718658202549411,0.01741841423508738,0.28010118368900183,0.18177513762808326,-0.17369926914946174,-0.29311623609497317,0.186859790793052,0.17060770285365373,-0.28027626558425944,-0.2813636625785115,-0.1828224595090964,-0.2727082547554075,-0.2784900922548124,0.18140471265746735,-0.2696620006414049,0.07324085169206938,-0.007742266953642283,0.29669143488943556,0.003555884683561145,0.0017888087313622238,0.0,0.0,0.0023590604962764055,0.9999972174129161
0.015933443668258898,0.007592127595376698,0.0012502902083932899,0.0,0.0,0.0167702675271257,0.10573011531372263,0.8101693135921402,-1.5546745170246472,-0.10105455647965875,0.8408391948300179,-1.644816800801441,0.14659591606169037,1.075355924139119,-1.5711220213861177,-0.1403803973637446,1.0867357079428857,-1.5997319925915112,-0.09990004066264992,-1.2304373534038813,1.420211500591702,0.00326841367371004,-0.12373468610975479,0.006253469930585436,0.029727994661891098,-0.032391300349675044,0.015933443668258898,0.007592127595376698,0.0167702675271257,0.28012559705912465,0.1819616274114972,-0.17363718534861064,-0.29305671195200655,0.186669975596971,0.17089650283485672,-0.28014602565911895,-0.2812226611976958,-0.18327378322984428,-0.27251570501654726,-0.27913324046768395,0.18103410627821984,-0.2695163835478795,0.0743246077984626,-0.008071040844064823,0.2994456718860422,0.0038752386950878337,0.0019435191449398799,0.0,0.0,0.0025267626717270343,0.9999968077301051
0.015827787846663017,0.007494835353540655,0.001296438653058951,0.0,0.0,0.016080003467762435,0.10550352554730695,0.8096288538942433,-1.5552798521639122,-0.10191021867171683,0.8415595967360218,-1.645088913464787,0.14803434005289368,1.0757521270501493,-1.5715892110208067,-0.13906280861960518,1.0897988996120413,-1.6009383562839392,-0.10253187291549914,-1.217376081630437,1.4131434421346645,0.0029812952164899216,-0.135261883639326,0.006021512060830689,0.029636894587916556,-0.03241181392410789,0.015827787846663017,0.007494835353540655,0.016080003467762435,0.28015119529733756,0.18222195164209362,-0.17356230945347303,-0.29300553846123484,0.18650078008043527,0.1711314613365684,-0.27999346094471006,-0.281249400631928,-0.18365364045426338,-0.2722382536117761,-0.2797825891958775,0.18062517668750067,-0.26930973786714446,0.07555079885316601,-0.008416772383126717,0.3023373833998187,0.004191679616618638,0.0020957107495779945,0.0,0.0,0.002687562160420738,0.9999963884982954
0.015720997967877553,0.0074079716902978035,0.0014351850206192895,0.0,0.0,0.01571515696800636,0.10525302871158629,0.8089751872149381,-1.5558819337324663,-0.10267368128353899,0.842315038948348,-1.6455005154465183,0.14936864172870462,1.0765579035787871,-1.5722472884438254,-0.13769893844922385,1.093010066133557,-1.6023642565264846,-0.1051550308863322,-1.2037069165345393,1.4059174367875764,0.00270496073150725,-0.14730170165950607,0.005782631317605123,0.029542379758574745,-0.03243010677397251,0.015720997967877553,0.0074079716902978035,0.01571515696800636,0.280177454605247,0.18251611173912816,-0.17348061188937045,-0.29295882381360155,0.1863422678855768,0.1713382408402538,-0.27983078843228415,-0.2813586891681987,-0.18399647501986513,-0.2719201723818339,-0.28043163632972473,0.1801995106496944,-0.2690721567851626,0.0768656375760318,-0.008777510253927655,0.3052819985091119,0.004506729641985714,0.0022467112690774784,0.0,0.0,0.0028447131293607947,0.99999595379542
0.01563219075474587,0.0073453325438789414,0.0016321588044224122,0.0,0.0,0.013650898435661599,0.1048582996232341,0.8081842155167551,-1.5563719922846013,-0.10293825648047707,0.8430984519948863,-1.6463081090137213,0.15017183802344583,1.078606548935476,-1.573387749267347,-0.13638634814156425,1.0963484109050097,-1.604405235762548,-0.10785252021418679,-1.1882465006125094,1.398447411228912,0.002464408769902556,-0.16048032722689892,0.005519493798151461,0.02943512571580482,-0.03244037677844366,0.01563219075474587,0.0073453325438789414,0.013650898435661599,0.28020860269816233,0.1828342951276328,-0.17335849825330113,-0.29294750135092207,0.18623483844197813,0.17139909628865507,-0.279670198377524,-0.28173635418249077,-0.18417084811248421,-0.2715189367609938,-0.2810001522286106,0.17977827843854247,-0.2687523982831674,0.07838620258781057,-0.009173002382629294,0.30827346325893795,0.004818823480169581,0.002395602545202381,0.0,0.0,0.002981221534868941,0.9999955561492061
0.01558804885500145,0.007324678107768044,0.001839036592329868,0.0,0.0,0.012482487924663737,0.10438775816800619,0.8073631479884639,-1.55677967240112,-0.10294470168424374,0.8439507683118185,-1.6472256785691386,0.15075051942558,1.0810833446907275,-1.5746455385227396,-0.13521476488823841,1.099607639240496,-1.6066424009775875,-0.11061209756316562,-1.1721916758652888,1.3909213103429237,0.0022338345468119534,-0.17398320462065517,0.005233420849297985,0.02932273353816885,-0.032446430130588885,0.01558804885500145,0.007324678107768044,0.012482487924663737,0.2802427409574239,0.18314854791094745,-0.17321543336374182,-0.2929574619720592,0.18612388723793075,0.1713859444949618,-0.2795246413036295,-0.2822148199522212,-0.1842762501046225,-0.2710988886751442,-0.2815075456911912,0.17939402852237413,-0.26839902326931975,0.08000582136462413,-0.009594913732127744,0.3112447382871855,0.005130254320160609,0.002544247573523811,0.0,0.0,0.0031060458361868598,0.9999951762279974
0.015528434760434806,0.007298460872597917,0.002115765454792362,0.0,0.0,0.010417390366568519,0.10378322276202115,0.8064888878302141,-1.5570417534221301,-0.10249491713263771,0.8449248671531677,-1.6483376242897727,0.1509323838082227,1.0843168713829734,-1.5761106989600442,-0.13429240340536291,1.1027270338752053,-1.6092263135043057,-0.11348141187971289,-1.155086268078197,1.383296099576083,0.0020208953964439298,-0.18805917826565835,0.004906810862435535,0.029201260005885903,-0.03244503079490228,0.015528434760434806,0.007298460872597917,0.010417390366568519,0.28028216416185553,0.18345600862078248,-0.1730353194157906,-0.29300532846484173,0.18600667116824893,0.171242193008049,-0.2794056554072462,-0.2828713398726292,-0.18426040390285833,-0.27064547880008544,-0.2819084799903125,0.1790743687017544,-0.26798825494411416,0.081774487990516,-0.01005479474058479,0.31419389581660456,0.0054405133493921985,0.002692457373169336,0.0,0.0,0.003210219220487666,0.9999948472330027
0.015482547259699504,0.0072777113884151074,0.0023300599570230673,0.0,0.0,0.008162067537027178,0.10299022894616079,0.8054693603154385,-1.5570802616350579,-0.10150258811284797,0.8460984025338684,-1.6496315164999529,0.15065481581471182,1.0882368075727213,-1.5776060422261555,-0.1338663970430692,1.1053177792616564,-1.6119798795141356,-0.11622268653879263,-1.136558169668371,1.375643354473692,0.0018271722670907924,-0.20248655199703547,0.004505163486670664,0.02906857097916531,-0.03243474745088153,0.015482547259699504,0.0072777113884151074,0.008162067537027178,0.2803273715756156,0.18377254322159642,-0.17280338426287445,-0.29310999019944894,0.18585882863071485,0.17094406303815862,-0.2793250250337074,-0.2837180572257486,-0.18411026243826895,-0.27018956173934483,-0.28212632391246295,0.17889221210922007,-0.2675399264506878,0.08373842477555936,-0.010532579447660798,0.31701338572256343,0.005749504545214351,0.0028401679451097598,0.0,0.0,0.0032918394645924803,0.9999945818817917
0.015424616588808672,0.007251759049538984,0.002600105874467351,0.0,0.0,0.0070751646031630925,0.10210646086871021,0.8043846734846481,-1.5570044662013198,-0.10025036372620649,0.8473660241473805,-1.65101536235424,0.15016124209370277,1.0924724773927168,-1.5791101347316394,-0.13368779691782864,1.1076439137410636,-1.6148082848751184,-0.11889896353687904,-1.1173491863289264,1.3679739417451802,0.0016418972682922773,-0.21708070313689687,0.004066221072630147,0.028930667298610765,-0.032420147059842794,0.015424616588808672,0.007251759049538984,0.0070751646031630925,0.28037536656013645,0.18409099436141055,-0.1725464534961144,-0.29324257725892516,0.18569731998332284,0.17057217740034072,-0.2792618180584332,-0.2846514975853585,-0.18389728803688205,-0.26973134851109226,-0.28225418131848146,0.17877857264580863,-0.2670739050168658,0.0858298552717226,-0.011029278082391776,0.3197474253955808,0.006057885263792494,0.0029876367823982782,0.0,0.0,0.003362590719044192,0.999994346475847
0.015378405170061952,0.007214149710326841,0.0028327483721446453,0.0,0.0,0.003950308627630926,0.10096298643585407,0.8032381227522185,-1.5564303669062527,-0.09829161169402527,0.8488516753370111,-1.6527165246732307,0.14918657008445624,1.0972260453484275,-1.5804893916303462,-0.1344326375560327,1.1089546770760508,-1.6176727630875327,-0.12130319688356284,-1.0963055419199395,1.3601686846126209,0.001459884556066809,-0.23208778803095675,0.0034907535071287184,0.028782698184703335,-0.03239221408060103,0.015378405170061952,0.007214149710326841,0.003950308627630926,0.2804313758105943,0.18435022917902644,-0.17222045956470358,-0.2934793406860236,0.18552019117993518,0.16999842995644912,-0.27923551971645194,-0.2857544125676628,-0.1835494677523219,-0.26930057612084995,-0.28208808209573544,0.17892276538647797,-0.266570877811482,0.08818080231913406,-0.011539586788150409,0.32233420538957586,0.006364524491469969,0.00313438105777922,0.0,0.0,0.0034020935793651983,0.9999942128628933
0.01537043105469272,0.007162893907306621,0.002920066918989106,0.0,0.0,0.0033295508224587744,0.0997879910800192,0.8022800948884752,-1.555707123544481,-0.09621467027399275,0.8502591649691263,-1.6544805235332913,0.1482079244322247,1.1018822855419583,-1.5817119810316298,-0.13561477098200056,1.1098195446862116,-1.6203012069066365,-0.123550060722563,-1.0744330485661824,1.3523416784074571,0.0012624752190377975,-0.2472402122285631,0.002855613827705383,0.02863312140107155,-0.03235721215605736,0.01537043105469272,0.007162893907306621,0.0033295508224587744,0.28048867649502224,0.1845287939635817,-0.17188678424864415,-0.29373920612792587,0.18537542950665867,0.1693913735534882,-0.27921337363693366,-0.28685604991694535,-0.18320448355614685,-0.2688895780548331,-0.28184046411968566,0.17919113481645016,-0.2660721969380201,0.09069120102161425,-0.01206656256569172,0.32479884375617857,0.00667104378549589,0.0032803815686040455,0.0,0.0,0.0034353888930183495,0.9999940990341661
0.015385262931272155,0.007072920537689383,0.0029520253942469372,0.0,0.0,0.002271440928744464,0.09855926687819788,0.8016434128236289,-1.5547296573417355,-0.0939362696701228,0.8515334246736584,-1.656351630133812,0.14722250552490504,1.1063726261408642,-1.582667523562306,-0.13754228984165673,1.109924362765418,-1.6225273193735066,-0.12552868108255696,-1.051147744511113,1.3444775999194443,0.0010388216351845643,-0.26264037387539646,0.00211876031773334,0.028480804271318695,-0.0323101608929309,0.015385262931272155,0.007072920537689383,0.002271440928744464,0.28054817848735386,0.18456966971027197,-0.17154019277052265,-0.2940389603892661,0.18528549966286498,0.1687272398603908,-0.2791991054305433,-0.28795811994510223,-0.18286403964117257,-0.2685156555199446,-0.2814543210711618,0.1796711864428785,-0.26558070031319786,0.09343258683091382,-0.012607979679678577,0.32708214450601925,0.006977358647161211,0.003425114298935491,0.0,0.0,0.003458103167382606,0.9999940207433661
0.015414851265845951,0.006987192897570427,0.002917963446992522,0.0,0.0,0.0021837672848092613,0.09735041179440238,0.8016442873261191,-1.5535700754685835,-0.09174253881880731,0.8524955185976896,-1.6581111207152859,0.1465860004677917,1.1102129437706687,-1.5832234837792136,-0.14019980755719272,1.1093096191232854,-1.624103358297637,-0.12727791206403213,-1.026121999278213,1.3365669431108418,0.0007554160882577745,-0.27853539856997406,0.001272619941808056,0.02833261837561925,-0.03224718209468957,0.015414851265845951,0.006987192897570427,0.0021837672848092613,0.2806067575107921,0.18438751987392685,-0.17120089356607018,-0.2943562199523023,0.1852694074442682,0.1680892116630205,-0.2791921467184316,-0.28894833138041165,-0.18263202226268008,-0.26818871480736245,-0.28098748964119796,0.18036137673599004,-0.26511869096207374,0.09645012879062415,-0.01318075107154202,0.329169198765173,0.0072844828845876645,0.003567547904271068,0.0,0.0,0.0034799407088330916,0.9999939449879999
0.015451528940375629,0.0068808706277216905,0.0028756607060489987,0.0,0.0,0.0021420179326131494,0.09617143353880053,0.801959677176042,-1.552347421044051,-0.08960842578248544,0.8533450545686664,-1.6598025355676207,0.14613432173777108,1.1137110946154354,-1.5835877879701479,-0.14319732311097058,1.1083692143661807,-1.6253613823592061,-0.12890771814066954,-1.000262282713495,1.32863065329465,0.00044452319053387356,-0.29466238918930593,0.0003759539874289361,0.02818700655203576,-0.032176889874266854,0.015451528940375629,0.0068808706277216905,0.0021420179326131494,0.28066489702523356,0.18409925873027036,-0.1708703852929364,-0.29467529644240326,0.18527574994443988,0.16746943650176876,-0.2791875414250078,-0.28987588065938624,-0.18245692902485902,-0.26788366550939124,-0.28048872227028526,0.1811486407376623,-0.26466887322937516,0.09964707393212592,-0.013779728335112566,0.3311116570138184,0.0075919925743205986,0.0037088866411435486,0.0,0.0,0.00350136075766144,0.9999938702176352
0.015489379229468624,0.006771134902195512,0.0028319844994878504,0.0,0.0,0.002023032314406075,0.09548489034476906,0.803389229557731,-1.5514168113169045,-0.08802923627875067,0.8545938441247651,-1.6610021759765317,0.14658200168850447,1.115583060967802,-1.5833783667496961,-0.14701180024580524,1.1068395725404374,-1.625544366210398,-0.1299938354829345,-0.9719222109727185,1.3205524249510332,7.456234383462534e-05,-0.3113770039394649,-0.000634469929141833,0.028060836849188562,-0.032091163211699684,0.015489379229468624,0.006771134902195512,0.002023032314406075,0.2807217839390341,0.1835163834675093,-0.1706794822219118,-0.2948799904053749,0.18509367806328555,0.16701142446349593,-0.2791859329658005,-0.2904488966631299,-0.18255327453361833,-0.2676631496635226,-0.2800244909015021,0.1821739141413132,-0.2642659905131582,0.10322809590025538,-0.01438911046230038,0.33277460277278353,0.007900601506910541,0.0038471040645181535,0.0,0.0,0.0035215909560815293,0.9999937991793441
0.015517783400443347,0.006688845085912696,0.0027992960178482855,0.0,0.0,0.0019760643218869425,0.09502588280222633,0.8051483820785176,-1.5507690798152576,-0.08685530586676164,0.8561526049267162,-1.661905825138092,0.14737558500333267,1.1167067180980335,-1.5829461867159063,-0.1508410769430074,1.1052662567658857,-1.6254404078830371,-0.13077657872980292,-0.9425002471967175,1.3124860362573103,-0.000307007015428762,-0.3282826922156595,-0.0016594690440053345,0.027942738749764183,-0.031996976753527466,0.015517783400443347,0.006688845085912696,0.0019760643218869425,0.2807781764052131,0.18287698755390613,-0.17055121639513277,-0.29501144371157384,0.18477834396729248,0.16667051274386366,-0.2791769514025535,-0.29085130919237795,-0.18275557091921354,-0.2674872370401501,-0.27960114405647657,0.18320691901964126,-0.263889620686449,0.10703095701955372,-0.015004571941373859,0.33420454492583546,0.008209644774483011,0.0039840890729630546,0.0,0.0,0.003541351476080633,0.9999937293952013
0.015581781048426321,0.006334215753648939,0.0028010382495752273,0.0,0.0,0.0018988280679394925,0.0949410449976873,0.8074495437169316,-1.5505865258399887,-0.08634780151675446,0.8582210962218467,-1.6623227331373427,0.14873798718356124,1.1165998222851994,-1.582147692189072,-0.15469469069832503,1.1036211216088496,-1.6248645890842786,-0.1310604401309081,-0.9112991720739037,1.30443911721008,-0.0007076659286865087,-0.34550259029022373,-0.00270843626272799,0.02783791395374621,-0.031888878631471385,0.015581781048426321,0.006334215753648939,0.0018988280679394925,0.280833755779748,0.1821452474411323,-0.17052628441392495,-0.2950229811753828,0.18424372239381048,0.16652175797639446,-0.2791563921945861,-0.29097355228771105,-0.18313252501159993,-0.26738581121384697,-0.2792449450450032,0.1842538827746068,-0.26355997832151157,0.11114298250222093,-0.01561273998447686,0.33530282371796416,0.00851940228180452,0.004119047443523552,0.0,0.0,0.0035603396370535983,0.9999936619707491
0.015652361268479194,0.005869151115512623,0.0028366994376138872,0.0,0.0,0.006094474478680895,0.09503223882480101,0.8099181522624661,-1.5510221232067456,-0.08684708321034307,0.8608417989629688,-1.6621527581503897,0.150778294738495,1.1152036569335244,-1.581039379943501,-0.15787785154099418,1.1025242317806592,-1.6242590372008507,-0.13093091058309633,-0.8781899340224987,1.2961851924356789,-0.0011236723559447629,-0.363038523931696,-0.003711921473344171,0.027743719311224088,-0.03175982245893189,0.015652361268479194,0.005869151115512623,0.006094474478680895,0.2808902179351961,0.18146029077371625,-0.1705445822793935,-0.29492138467233064,0.1834623362470909,0.166661188677788,-0.27909721364357054,-0.2907878496338087,-0.1837138579910976,-0.26734388214312466,-0.27904837465757204,0.1851168621257026,-0.26327545523315304,0.1155922750296745,-0.016225815423295535,0.33610457073865885,0.008831096069906097,0.0042418893661839195,0.0,0.0,0.003621283988958815,0.9999934431296393
0.015773059780437294,0.004979444667759209,0.0029400103923049596,0.0,0.0,0.008371324765810076,0.09518993374976245,0.8124470801064463,-1.5517465490283389,-0.0878339522715771,0.8636904918786251,-1.6617118698177915,0.1531216854398901,1.113213250131318,-1.5797886740077625,-0.1606923644289826,1.101718707518144,-1.6236541162837634,-0.13063445009968497,-0.8441775188301547,1.287827892736955,-0.0015448576516725824,-0.38071285233353136,-0.0046900269490751404,0.027654707714012173,-0.03162107548930428,0.015773059780437294,0.004979444667759209,0.008371324765810076,0.28094722375725256,0.1808031274675792,-0.17057834992038395,-0.2947684031338284,0.18257444429675446,0.16693982188709808,-0.2790155071421588,-0.2904595253155408,-0.18438741097204273,-0.26732899092496487,-0.27893363112878666,0.1858784443465857,-0.2630146958458766,0.12025215527525461,-0.01684991827402671,0.33666690114938097,0.00914378001382857,0.004358341832729904,0.0,0.0,0.0037049966750311914,0.9999931364762651
0.015910076398089373,0.003951285431365208,0.003066079484091711,0.0,0.0,0.019644802491984213,0.09527396105907181,0.8148505880375101,-1.55325383730609,-0.09041926189504489,0.8666730068548761,-1.660589965304943,0.15606625491019452,1.1097437932033731,-1.578190180388364,-0.16161475277910328,1.102270453265219,-1.623285067803932,-0.13030833547765558,-0.8075300948788421,1.2790831417748423,-0.0019479603647734188,-0.3986128141181638,-0.00553277854553678,0.02758322964714031,-0.03145770248815869,0.015910076398089373,0.003951285431365208,0.019644802491984213,0.2810078183508883,0.18030917144061967,-0.1705798254076971,-0.294514235329751,0.18154498914417538,0.16767298243539136,-0.2788380066976269,-0.2897744642158358,-0.185249543951668,-0.2674020494255064,-0.2791577076956128,0.1861195810432208,-0.26287740113108193,0.1253449572010648,-0.01754516160245357,0.33681547544315776,0.009460525243834715,0.004445736783302644,0.0,0.0,0.0039014432801340567,0.9999923893412049
0.016013030398789867,0.003181009720158858,0.0031601148422308323,0.0,0.0,0.024233984075769367,0.09524859450381211,0.8170963170552494,-1.555017969825051,-0.09366240081461995,0.8695797342242617,-1.659212047403509,0.15908697894727342,1.1057868473457568,-1.576726561844951,-0.1614645727054037,1.1037394603093464,-1.6231642780881939,-0.13016682246116676,-0.7701711425877579,1.2697748788679488,-0.002337752126458319,-0.4166364206208124,-0.006300595024544184,0.027524979013686227,-0.0312860927949048,0.016013030398789867,0.003181009720158858,0.024233984075769367,0.28106986693661623,0.17990490476639626,-0.17054571547061864,-0.2942385494376277,0.18049757410343145,0.1685926407706167,-0.2786137458324483,-0.2889221809144922,-0.18613874196380645,-0.26749331804865306,-0.27959420886469155,0.18606181842048913,-0.2627861252293968,0.13065041317646509,-0.018306481960792226,0.3368581563295688,0.009778930448146182,0.004521354181560302,0.0,0.0,0.00414378116196276,0.9999914145019855
0.016150387077608522,0.002154421626207069,0.0032860823351923978,0.0,0.0,0.031516816830621776,0.09504962464173634,0.8190916577974955,-1.557189702987671,-0.09794948622584346,0.872366189956665,-1.6574278473854065,0.16222855697075528,1.1010562777519226,-1.5754769841829936,-0.1596122731765111,1.1066641211509705,-1.6234374642372131,-0.13031826416651407,-0.7316830257574715,1.2595723470052083,-0.0027064199869831426,-0.43485624591509514,-0.006949492730200295,0.027487719741960365,-0.031101411829392113,0.016150387077608522,0.002154421626207069,0.031516816830621776,0.2811342229445775,0.17964239703727697,-0.17045535505981035,-0.29392953097421903,0.17942176495057835,0.1698083779515698,-0.27831594576818425,-0.2878048865926343,-0.18707017442751667,-0.2676140358362197,-0.28036715768942716,0.18553007058140936,-0.26276620207521495,0.1362464906615737,-0.019170789011300773,0.3368309649065296,0.010099969959507389,0.00457828111636142,0.0,0.0,0.0044589464185903795,0.9999900588490048
0.01627127478815645,0.0013707660667463325,0.0033927347623946558,0.0,0.0,0.04009663657265334,0.0948482762382488,0.8207425210211012,-1.5600129558582498,-0.10341304028877106,0.8751889160185149,-1.6552716240738377,0.16528589255882034,1.0954835426927816,-1.5749867793285486,-0.15569853225741723,1.1115893197782112,-1.6241031258997292,-0.1314535482664301,-0.6921668094818036,1.247973989958715,-0.003033500588075682,-0.4531240174264619,-0.007437188432297925,0.02747789217215596,-0.030903678820139228,0.01627127478815645,0.0013707660667463325,0.04009663657265334,0.2812013102300239,0.17958869345182796,-0.17035606398458003,-0.29353290486726413,0.17827677286964708,0.17135599806297627,-0.2779163062690336,-0.2862982207953241,-0.1879813155962255,-0.2677442217126842,-0.281628409773846,0.18442306374039807,-0.2628142958172234,0.142156877672517,-0.02026794153727887,0.3368716344163186,0.010424151734420748,0.004613288659414258,0.0,0.0,0.004859908439808328,0.9999881905752471
0.016603492469310383,0.0009514554155469753,0.003625813758734165,0.0,0.0,0.04377561501229875,0.09467019908355945,0.8222113965135632,-1.5631272636278712,-0.10940083048560406,0.8780524860126804,-1.6529554357432357,0.16827786059090585,1.0895363947357795,-1.5748647999281835,-0.15086456433390122,1.1174145178361372,-1.6249380376603868,-0.13307032530958005,-0.6521610262418032,1.2357672374657909,-0.003340876162654223,-0.4714004788735901,-0.007847412611649495,0.027480926722137616,-0.030700125722120504,0.016603492469310383,0.0009514554155469753,0.04377561501229875,0.2812699323350733,0.17963659816008692,-0.17026002503244408,-0.2930940438686873,0.17709301046601653,0.17305036668228127,-0.2774597155693455,-0.28461062811821947,-0.18887543757206376,-0.2678711162973023,-0.2831076505974336,0.18306030164554726,-0.26288117508147546,0.1482702515119139,-0.02150198572822542,0.3367675231727235,0.010750257268999563,0.004639435246718502,0.0,0.0,0.005297658954629765,0.999985967306342
0.017088333246445552,0.0008974768761416173,0.0039464446029272016,0.0,0.0,0.04996315899601671,0.09487906504761089,0.8228834000500765,-1.5668984218077227,-0.11655342849818148,0.8813468759710139,-1.6503638570958918,0.17074115709824997,1.082769144665111,-1.575972231951627,-0.14396325566551899,1.1253573352640327,-1.6260713338851929,-0.1363506547429345,-0.6106342239813368,1.2223958752372046,-0.0035882977430116065,-0.48952161182056786,-0.008007797751237047,0.027521337297829716,-0.030483584681695156,0.017088333246445552,0.0008974768761416173,0.04996315899601671,0.2813463427803733,0.18002978360916402,-0.1702694521714312,-0.2925240003101355,0.1757392055483228,0.17506950900708718,-0.2768706362518191,-0.2824511593830164,-0.18961998321864212,-0.2680133407470652,-0.2851192052797866,0.18112302508317038,-0.2629908502202621,0.1547324523301232,-0.023136061217964347,0.3364722875192116,0.011087850921533327,0.0046583814123137435,0.0,0.0,0.005797282872180973,0.9999831956144563
0.01759295229595464,0.001249231784381393,0.004265269245765091,0.0,0.0,0.050467288280504397,0.09539751426288576,0.8230733191124117,-1.5708134427215115,-0.12392554876178205,0.8851351786141444,-1.647710053005604,0.17304350646457287,1.0758930637378885,-1.5775921254447012,-0.1367257237434387,1.1336879651955885,-1.6271984613302983,-0.1401336972761636,-0.568809523425921,1.2085439424322109,-0.003808248976264338,-0.5073372486865882,-0.00807894029739228,0.02758077417283949,-0.030260939856596066,0.01759295229595464,0.001249231784381393,0.050467288280504397,0.2814277901191904,0.1805901103484772,-0.17036750198852774,-0.2918997184191242,0.1742290714325235,0.17714645239135945,-0.27623104887731326,-0.2801615663465727,-0.19031288012662112,-0.2681191600937805,-0.28723254609836113,0.17909543151814777,-0.2630811588712472,0.16135190606798686,-0.02494484244027035,0.33592276229682105,0.01143332842662178,0.004683257047689022,0.0,0.0,0.006301946535999609,0.9999801425377693
0.01826685843981451,0.001725102418507546,0.004691261835773619,0.0,0.0,0.05123957877348204,0.09639021867152417,0.8225247257887714,-1.5749488491000552,-0.1316339584312054,0.8896801134552619,-1.6449609248325079,0.17509929850848036,1.068850263200625,-1.5799970662955083,-0.12897312641143793,1.1426126908774328,-1.6283161387299045,-0.14468685349430704,-0.5265284680356881,1.1939558164037838,-0.003986117975654627,-0.5246848915562486,-0.008013370785523544,0.027669357719144437,-0.030028944552847832,0.01826685843981451,0.001725102418507546,0.05123957877348204,0.2815169535502039,0.18140591842189582,-0.17060065852540823,-0.29119172503506985,0.17248049424816175,0.1793122597875694,-0.2755209720351398,-0.27767550296768423,-0.19092614367423139,-0.26817549783459693,-0.28950444934320896,0.1769287477369582,-0.2631515957789462,0.16815511930754687,-0.027003557718194453,0.33513245665266667,0.011790883322857848,0.00471721612613159,0.0,0.0,0.006814331321568096,0.9999767821747862
0.01880563058539042,0.002101152454623532,0.005031520068042584,0.0,0.0,0.05217275891010981,0.09763074519507814,0.8208016978971886,-1.5789082592183894,-0.13914839246056301,0.8950868537931732,-1.6422120585586086,0.17691144572966028,1.0624364397742532,-1.5831680099169414,-0.12143218291528293,1.1511051781249768,-1.6294404159892688,-0.15014666544668606,-0.484549460989056,1.1780764225757483,-0.004149400826656458,-0.5407374428980279,-0.007850684959328535,0.027787462215531956,-0.02979326792851542,0.01880563058539042,0.002101152454623532,0.05217275891010981,0.28161544059262134,0.18254488963711382,-0.17090792370755623,-0.2904875291883517,0.1704770239896277,0.1814173058074201,-0.2747895963319308,-0.27522911427457014,-0.19144795492227465,-0.26811512093170614,-0.2916459796956637,0.17482747321370842,-0.2632002557549264,0.17508815888225884,-0.02935085610963619,0.33429787611388295,0.012162994494605247,0.0047622126188467855,0.0,0.0,0.007336045869859765,0.9999730908534467
0.019445540302458236,0.002552482491352905,0.005436079068617262,0.0,0.0,0.05260181274203225,0.09895149354982859,0.8185019282379535,-1.5827387595417524,-0.14650350508063734,0.9008437756336097,-1.6394640833440453,0.17860300492758704,1.056373135007993,-1.5866801233002634,-0.11403533726027515,1.1593298900006999,-1.6305430766307947,-0.15599336994416788,-0.44279612555648323,1.1615595889813972,-0.004305646491396909,-0.5561489806030736,-0.007651863215171327,0.02791731966414837,-0.029556513980332048,0.019445540302458236,0.002552482491352905,0.05260181274203225,0.2817182143529256,0.18383305456325721,-0.17123874666316932,-0.2897918238585636,0.16836708446718937,0.18347180040320998,-0.27404094893949793,-0.27282312132058867,-0.19192253697334802,-0.2679872995878726,-0.2937089588318104,0.1727722227814693,-0.2632263142624563,0.18210716653981807,-0.031880897615231406,0.33327496303186277,0.012541794481527325,0.004812289598501391,0.0,0.0,0.007862048827657273,0.9999690936165135
0.01983542552885578,0.003269643349321548,0.00567133679534454,0.0,0.0,0.05379246659194153,0.10012057246734397,0.8141935326234259,-1.5856788242706146,-0.15263797779275914,0.9070612860448433,-1.6367271349887655,0.1798648340533478,1.0519633244986486,-1.5910167116107363,-0.10755768474755864,1.166045125084694,-1.6313121246569084,-0.1625811378612663,-0.40263249567060755,1.1427881970550076,-0.004438690850605266,-0.5692758867234895,-0.007447283696195092,0.028059590683139936,-0.029323599592904852,0.01983542552885578,0.003269643349321548,0.05379246659194153,0.281832883755366,0.18558232837674593,-0.1715381390364727,-0.2892544645079013,0.1661199935322898,0.18518434799315348,-0.2734168160494595,-0.2707472804642319,-0.19223954488005257,-0.26768792808145453,-0.2954122030437706,0.17098378267943953,-0.2632912021579698,0.18920358953315017,-0.034677872270312986,0.3326449100572352,0.01293911457983683,0.004876529461600714,0.0,0.0,0.008399955730777788,0.9999647197495125
0.01963725205387509,0.004220369785497309,0.005517297922962017,0.0,0.0,0.05273050058978949,0.10103730518709529,0.8090623617172241,-1.5880787336465085,-0.15805908044179282,0.912870522701379,-1.6340288537921328,0.1808816555774573,1.0484834909439087,-1.5955708532622366,-0.10137115576953598,1.1719971895217896,-1.6319447394573328,-0.16943144075798267,-0.36355335242820497,1.122644265492757,-0.004540859552269632,-0.581275867693352,-0.007307375216800155,0.028201764167258236,-0.029092365875840187,0.01963725205387509,0.004220369785497309,0.05273050058978949,0.2819450678247394,0.18749089263889457,-0.17177106644181886,-0.28882221548460696,0.16399338644086286,0.1866979893065457,-0.2728709435433756,-0.26890528861435375,-0.19247072801014103,-0.26731577856726896,-0.29692667261533484,0.16928467944990755,-0.2633890290274308,0.1963714246897813,-0.03764391096599101,0.33219183933162044,0.013332902425617884,0.00495638574163119,0.0,0.0,0.008927240965416673,0.9999601513904168
0.018851144701887947,0.005940278600471459,0.00496213183258515,0.0,0.0,0.051159683890573876,0.10158077582265392,0.8027141690254211,-1.5896796632294703,-0.1624249898725086,0.9180758544290909,-1.6313877677676654,0.1815360700241243,1.0463792483011882,-1.6004467925640067,-0.09561524701991464,1.1768203973770142,-1.6323755467780914,-0.17667007664538398,-0.32607834567927335,1.100470119052463,-0.004597358010483511,-0.5916089385446877,-0.007263125983452556,0.028343793381043154,-0.02886361815035343,0.018851144701887947,0.005940278600471459,0.051159683890573876,0.2820535756722845,0.18963856282536207,-0.17190696471861552,-0.288547584530039,0.16204786956259895,0.18792155898880264,-0.27246117227807376,-0.2674069100053123,-0.19257743371881472,-0.26684865818140496,-0.2981664610969952,0.1677148564476794,-0.26355177430515664,0.2036207891484333,-0.040817170349963995,0.3321822417116442,0.013721465481200606,0.005059341305038996,0.0,0.0,0.009438816249630333,0.9999554533817023
0.01788235050466184,0.0076108844710251235,0.004288332179339104,0.0,0.0,0.046321828823471155,0.10148121499352986,0.7950698004828559,-1.590367661582099,-0.16539899839295283,0.9219136436780294,-1.6291838884353638,0.18165664540396798,1.045927299393548,-1.6054760615030925,-0.0903373873896069,1.180347826745775,-1.632749875386556,-0.18371818297439152,-0.29143757952584154,1.0754098892211914,-0.004569004289805889,-0.5999059677124023,-0.007411130703985691,0.028478064056899812,-0.028645900595519278,0.01788235050466184,0.0076108844710251235,0.046321828823471155,0.2821435530980428,0.19203386708999393,-0.17186976180303828,-0.28847684990292066,0.1605690887637107,0.1887608029052739,-0.2722165176854893,-0.2663617539957289,-0.19251487502077802,-0.26631529695123246,-0.2990599972178591,0.16628561005078943,-0.26378408291935324,0.21094520955830515,-0.04405291727427347,0.3331592558695506,0.014082328519887395,0.005208188512672981,0.0,0.0,0.009902012890407732,0.9999509738685782
0.01674591590514724,0.009570295019081215,0.0034991313110702134,0.0,0.0,0.044122802703570656,0.10110992193222046,0.7868413437496532,-1.590645280751315,-0.16774190691384402,0.925095796585083,-1.6272247596220537,0.18153551830486817,1.0462790456685154,-1.6105860254981301,-0.08523494343866,1.1833447163755244,-1.6331932002847844,-0.19058827988126062,-0.2581783587282353,1.049011766910553,-0.004501220177520405,-0.607337390834635,-0.007658909074962141,0.02860891395671801,-0.02843256506391547,0.01674591590514724,0.009570295019081215,0.044122802703570656,0.28222510895945807,0.19454134311406018,-0.1717584962479753,-0.28848249946973736,0.15931944857125988,0.1894250501170835,-0.2720410881865635,-0.26553656234588086,-0.19237486935549425,-0.2657459866687756,-0.2997937871006354,0.16490762553800214,-0.2640350240289181,0.21832401327889717,-0.04735762785254904,0.33448587005351155,0.014430590481920677,0.005377881990914996,0.0,0.0,0.010343218321867464,0.9999465074866486
0.01554112264373607,0.011649374189298976,0.0026625176571842823,0.0,0.0,0.03807544427659641,0.1001860648393631,0.7770547884883302,-1.5898378304760865,-0.16836427769275628,0.9261526465415955,-1.6263746083384814,0.18075872355639333,1.049339690593758,-1.6160220931274722,-0.08021820186063494,1.1854362776785186,-1.6347229854025023,-0.19610304167174333,-0.22960171193787532,1.0186878177854748,-0.004316844826921669,-0.6129554750943425,-0.008298383094370369,0.028731359187701738,-0.02822529658148385,0.01554112264373607,0.011649374189298976,0.03807544427659641,0.2822835183504856,0.19735444662472235,-0.17150175965738582,-0.28869592035133285,0.15887125757845874,0.18960761529419368,-0.27203022739846544,-0.2654324316265562,-0.1920188436188452,-0.26504089678280146,-0.3000699366722308,0.16355256444902683,-0.2642652158233543,0.22574996526379648,-0.05040539380304424,0.33773650489734436,0.014744103246490765,0.005604774197281311,0.0,0.0,0.010723951647372703,0.9999424967772221
0.014641662535466888,0.013201956351142777,0.002036063057003767,0.0,0.0,0.03538168057123201,0.0991328667209606,0.7668868848169693,-1.5885722251853558,-0.16838325861126485,0.9265408497868162,-1.6263998782995976,0.1795878985313454,1.053798106583682,-1.621697268702767,-0.07517874429021218,1.1873885928982435,-1.637184952244614,-0.20068893325750276,-0.2034154365761111,0.9867714923439603,-0.004107339448775306,-0.6178134881486796,-0.009183356237381398,0.02884458710975719,-0.028023013355906564,0.014641662535466888,0.013201956351142777,0.03538168057123201,0.28233160966574544,0.2002167203253461,-0.17121150200786464,-0.2889668224215541,0.1587619908994514,0.1896099540460135,-0.2720108950124334,-0.26568377191772935,-0.19153664569181453,-0.2642648647199177,-0.3001276595302264,0.16218690224576843,-0.26442120460167573,0.2331450872482826,-0.053272525816041826,0.34181366644492844,0.015042098794094842,0.005857081994451959,0.0,0.0,0.011077747436232315,0.999938639873337
0.014105549290774125,0.014477973611367144,0.001536279615729774,0.0,0.0,0.03153344898745684,0.09789489570892218,0.7561741977026968,-1.5866521127296216,-0.16754025401491107,0.9259738434444774,-1.6276757500388406,0.17785417311119311,1.0602533383802935,-1.6277140270579946,-0.07010683530207834,1.1891419851418699,-1.6409786072644321,-0.20394786740794327,-0.18064397754091197,0.9525803435932505,-0.0038619340312751847,-0.6215856851953449,-0.010419042414110723,0.02894464744762941,-0.027827851925835465,0.014105549290774125,0.014477973611367144,0.03153344898745684,0.28236496087276575,0.20315048818664355,-0.17087413841826765,-0.2893293669075672,0.15913695950167336,0.1893549576240449,-0.2719798423899316,-0.26643873442208577,-0.19087516793037676,-0.2633860555788139,-0.2998741294968623,0.16080702285818482,-0.2644737106281032,0.2404488221725413,-0.05580761727989445,0.34723027353067926,0.015317926888890339,0.006145697778485943,0.0,0.0,0.011393062026380065,0.9999350969626294
0.014177981302571011,0.014904816446921286,0.0013839265312814986,0.0,0.0,0.045767668832482254,0.09678792746530639,0.745256685849392,-1.5845535120578726,-0.16603156231870553,0.9249282786340425,-1.631318854563164,0.17510939848543416,1.06932212848856,-1.6339362799519241,-0.0650969531123686,1.1902435283468227,-1.6464538345433246,-0.20447555274674387,-0.16283257260467057,0.9157045573899238,-0.003633262721276041,-0.6241328186459012,-0.012177184054797358,0.029035970248808766,-0.027641837447505407,0.014177981302571011,0.014904816446921286,0.045767668832482254,0.28239306085037463,0.2061248217486834,-0.1705736742575587,-0.28967173065892204,0.16003820846632932,0.1888682074461406,-0.27174001056334507,-0.2678897840360699,-0.18991314830988065,-0.2624330507112159,-0.2991203480774443,0.15944037663249402,-0.2644258469166928,0.24751022913798648,-0.0575478199378364,0.3546225988107008,0.015592979271943221,0.006448906194889035,0.0,0.0,0.01185070781685694,0.9999297778965478
0.015065263700495322,0.014434348428365345,0.0016155116485824796,0.0,0.0,0.054314178543616976,0.09573462221658591,0.734320034282376,-1.5824082632257481,-0.16424928831331656,0.9237197131821604,-1.6360823638511426,0.17194369916964058,1.0795484829430628,-1.6402327014942362,-0.06015223640986162,1.1910256629038338,-1.6527247236232565,-0.20368614777772112,-0.1472187487765996,0.8776153169497094,-0.0034180790317630523,-0.6261845381572994,-0.014172789480800588,0.029122720632438707,-0.0274604300055841,0.015065263700495322,0.014434348428365345,0.054314178543616976,0.282420317934017,0.20910325789585132,-0.1702859927907051,-0.28998449619019917,0.1611662452209977,0.18828326675254178,-0.27138756076534887,-0.26963933612816343,-0.18882919750217433,-0.26143202554079736,-0.298129183460607,0.15809164639643675,-0.26431948398381805,0.25434934895097244,-0.05885725726707843,0.3629391926551998,0.015870757231658157,0.006755163563848145,0.0,0.0,0.012393809713737162,0.999923193790793
0.016257396988790057,0.013638789727160781,0.0019840670354431818,0.0,0.0,0.09517239766051278,0.09478491883386264,0.7239273181467344,-1.5804103432279644,-0.161930806257508,0.9224927398291501,-1.6443606994368813,0.16790467455531607,1.09278966441299,-1.6465825420437437,-0.05568992730342977,1.1907212391044155,-1.6614899653376956,-0.1985754962220336,-0.13733454003478535,0.8361632056308512,-0.0032884266622590285,-0.6273373220906113,-0.016837166608170147,0.029191734749033596,-0.027295631920975266,0.016257396988790057,0.013638789727160781,0.09517239766051278,0.28245768131631793,0.21194377000161765,-0.17002376565251542,-0.2902410642103454,0.16286238888051116,0.18747506486413867,-0.2706221830873391,-0.2722063601956013,-0.1874828271414621,-0.2602980901616422,-0.29637133970564367,0.15686698122287165,-0.2640240492665719,0.2607521496663549,-0.058753304909188744,0.37392976554157414,0.016181094063953922,0.007041038888873479,0.0,0.0,0.013345454979006806,0.9999109454503452
0.017154902097184063,0.013038623013575829,0.0022599040859883073,0.0,0.0,0.11391466016224086,0.0938990514988851,0.714506579167915,-1.578526906292848,-0.15936734685392087,0.9214769264664313,-1.6543893645508123,0.1636969394455052,1.106611991169477,-1.6528809961646496,-0.05169914587579589,1.189491468246537,-1.6712167082410871,-0.19151995714866743,-0.13019042906135017,0.7935020080720531,-0.003213625429480365,-0.6281769859670389,-0.0197984740664863,0.02924432936641905,-0.02713343354337143,0.017154902097184063,0.013038623013575829,0.11391466016224086,0.28249968061543473,0.21451195709125773,-0.16977736994831408,-0.2904647130585822,0.16476489723693277,0.18656262150770464,-0.2696248014311107,-0.2749166714460438,-0.18609320966594922,-0.25911447664697806,-0.2941899338234665,0.15577072853339607,-0.2636562479382488,0.2665985042376344,-0.05787430436154494,0.38618775150820467,0.016506261502703033,0.007317876269231845,0.0,0.0,0.014484491475540751,0.9998950942507394
0.018344504059525875,0.012252132213842675,0.0026284594728490096,0.0,0.0,0.13977908150504575,0.09310127790979664,0.7064271686655101,-1.5768014559842118,-0.15646581871039936,0.9207525138903145,-1.666833484413648,0.1592563838519231,1.1212362984214168,-1.6591085370140848,-0.04835907264490317,1.1869847184479838,-1.6822703227852331,-0.18178047330090485,-0.12682765300827795,0.7491722715021379,-0.0032145187653826947,-0.6285845441649659,-0.023169545381508724,0.02927426507489549,-0.026974822761434494,0.018344504059525875,0.012252132213842675,0.13977908150504575,0.28254807747975746,0.2167017939747941,-0.16955477142953293,-0.2906611328099489,0.1669482523537516,0.18550733251334342,-0.26830348513949476,-0.27783158423442084,-0.18464195360263153,-0.25786852579066083,-0.2914273876948764,0.154849066124409,-0.2631845004152992,0.27162820366797574,-0.055922734230088686,0.40021293852695533,0.016851895178357765,0.007582241285949798,0.0,0.0,0.01588212150425303,0.9998738711540192
0.019374206057814817,0.0115549573440114,0.0029141892387410384,0.0,0.0,0.17351514289617825,0.09253400835123929,0.7010353857820684,-1.57512244311246,-0.15316680886528705,0.9196796850724653,-1.681676366112449,0.1551649218255823,1.135136896913702,-1.6648550141941418,-0.04601913826032117,1.1820205775174226,-1.6946066292849455,-0.16860596700148137,-0.12761238488284027,0.7036357034336433,-0.0033222898332910117,-0.6285807219418612,-0.0270221561870792,0.029277889227325268,-0.026815424588593567,0.019374206057814817,0.0115549573440114,0.17351514289617825,0.2826048189943487,0.21809168711101573,-0.1694030187395673,-0.2908725987122492,0.1695795217669954,0.1842986486916604,-0.26666965559338823,-0.2806031918068841,-0.18330666281600583,-0.25664743522645905,-0.2877854419932579,0.15419753049354426,-0.2626684963602611,0.2755309507417725,-0.052605204019365755,0.4160090457281102,0.01722410626032136,0.00783101934939623,0.0,0.0,0.017617030171997,0.9998448080816937
0.021002243367955874,0.010394858282993543,0.003088431225882483,0.0,0.0,0.18984550412990656,0.09210699879460864,0.6968348423639933,-1.5734361079004076,-0.14971794022454157,0.9183252188894484,-1.6974178420172796,0.15129086292452285,1.1484629445605807,-1.6703684793578253,-0.044151430328687034,1.175926751560635,-1.7074005272653368,-0.15389845851394873,-0.1300635602739122,0.6576990617646113,-0.003477139398455619,-0.6284070081180997,-0.031079851090908033,0.029269552582667932,-0.026656303865214188,0.021002243367955874,0.010394858282993543,0.18984550412990656,0.2826646450493071,0.21912360612861947,-0.1692942290938033,-0.291092068323204,0.17239115844202602,0.18303767637943252,-0.26488641806568813,-0.28323098887702497,-0.1820461881747819,-0.25543609477194834,-0.28378374682172103,0.15367260665949783,-0.26209625369023926,0.27841104877130707,-0.048555486374216396,0.43257993320673377,0.017610099787513413,0.008071453724470403,0.0,0.0,0.019515158841340707,0.9998095611542217
0.02311104869546508,0.008848332152356402,0.0031586924586629594,0.0,0.0,0.24345140562008688,0.09232785650576004,0.6958274281386173,-1.5715309694559887,-0.14605521824624804,0.9153078481404469,-1.7143930690457123,0.14844690233167976,1.1584374988921966,-1.6751161006966022,-0.04375605194857626,1.1665157645639748,-1.7206291706875116,-0.13500681775386886,-0.13575497420147212,0.6116524007585313,-0.0037560919299721722,-0.6278667257289694,-0.03562768311663108,0.029227022853012038,-0.0265023982095899,0.02311104869546508,0.008848332152356402,0.24345140562008688,0.282728356243384,0.2191644528608001,-0.1693846437114421,-0.29134712471379787,0.17581049831553436,0.18170505302956477,-0.26292724354938973,-0.28506390675944304,-0.18111230798244304,-0.2544371527114034,-0.27885149420843,0.15354249048490265,-0.26153380588305314,0.2798807765239168,-0.04291736361032243,0.45026243320275083,0.018047330618807766,0.008279279702239567,0.0,0.0,0.02194915143961461,0.9997590883563304
0.02505251924805818,0.007372505451827388,0.0030960022199030828,0.0,0.0,0.2749616327982275,0.09305729773460013,0.6958994170029958,-1.5696350119330666,-0.1424977122382684,0.9112253062652819,-1.7310030243613503,0.14606840524709586,1.1660411032763394,-1.6794838652466282,-0.04365894604812969,1.155407535307335,-1.7336208603598855,-0.11448464802268771,-0.14279021096952038,0.5662825640403861,-0.004070629168188935,-0.6272894740104675,-0.040348946088642805,0.029170546624245064,-0.026348639364269646,0.02505251924805818,0.007372505451827388,0.2749616327982275,0.2827909927476536,0.2188808855554293,-0.16962587311608052,-0.29156537625451207,0.1794126380644522,0.18041753167422908,-0.2609579604011387,-0.2863103382770501,-0.18033901995171422,-0.25361648970915074,-0.2735506665501283,0.15349341007056197,-0.2610020791865323,0.2800453499756761,-0.036586504506072204,0.46820015439772655,0.01851811767979102,0.008465617641129278,0.0,0.0,0.024698022380779033,0.9996949573197209
0.0276359718616567,0.005454605780652087,0.0030125820576543116,0.0,0.0,0.3169765502616339,0.09446485032035848,0.697410609987047,-1.5677512956388069,-0.13908049419070734,0.9057225362218991,-1.747125950726596,0.1443105261735242,1.170483441063852,-1.6833451540783197,-0.043959536787235375,1.1420363163707232,-1.7462966116991911,-0.09178843966337158,-0.15161721152488633,0.5218151597061541,-0.004432612682005975,-0.6266629298528036,-0.04530145032237276,0.029095475063329997,-0.02619507626602144,0.0276359718616567,0.005454605780652087,0.3169765502616339,0.2828521963321801,0.21816364770406027,-0.1700684734335527,-0.2917329939958558,0.1832719406781963,0.17918570595765654,-0.258990250743273,-0.28678941326680624,-0.17977637910727623,-0.25304895805361816,-0.2677488059053216,0.15355204292708277,-0.2605193930098089,0.2787234452724106,-0.02945945705694341,0.48639654932125387,0.019033646380359478,0.008623304861513052,0.0,0.0,0.027866696893699146,0.9996116481935545
0.029770971722582487,0.0038288978621734333,0.0029440630565993895,0.0,0.0,0.3732003849581927,0.09697221595831594,0.7002372380458948,-1.5664515657858415,-0.136659556792842,0.8988182863803824,-1.7608089434980143,0.14352480043666532,1.1702250139881867,-1.6864093307292822,-0.04448611477408747,1.1259684267670216,-1.7578375917492493,-0.06703438997419177,-0.1618794961409136,0.48002360655803844,-0.004782357902237865,-0.6257953728088225,-0.05044785309394806,0.028994600871822446,-0.026046912364586436,0.029770971722582487,0.0038288978621734333,0.3732003849581927,0.2829114960299598,0.2171285003900325,-0.17082649571698835,-0.29169908531656746,0.1871028777758272,0.1782697575359082,-0.2572123445815522,-0.28614860032732475,-0.1795357732951553,-0.2528647939630894,-0.26147638231738934,0.15367758667487047,-0.2602018364811905,0.2759648572179824,-0.021676159712012942,0.5040329858579999,0.01960968426569845,0.008745048943003923,0.0,0.0,0.03159705735054346,0.9995006883273201
0.03216962436067989,0.00206157946033782,0.0028671753225906205,0.0,0.0,0.3979144844509286,0.09998606348579585,0.7036476243625989,-1.5654938582218054,-0.13478940905946674,0.8914780761256361,-1.7732542283607253,0.14319509990287552,1.1679193540052932,-1.689108108029221,-0.045051527294245636,1.1088413614215271,-1.7688246242927783,-0.041507887795115654,-0.17266854372891527,0.43948456374081657,-0.0051184506861097915,-0.6248078526872577,-0.05566354761972578,0.028882642925688713,-0.025902006436478005,0.03216962436067989,0.00206157946033782,0.3979144844509286,0.2829699588544441,0.2159629930971527,-0.17172830640951126,-0.2915547183250783,0.1908223477675863,0.17752232606445795,-0.2554955409785334,-0.2850258719000874,-0.1794427307936416,-0.25284160455243987,-0.2550628858561248,0.15381207525370066,-0.2598613575195361,0.2719912604994221,-0.013763080140538541,0.5212915081419979,0.020212433724240832,0.008851371395091217,0.0,0.0,0.0355739652131104,0.9993670461842418
0.03457449438198546,0.0002108507398954746,0.002766400575637817,0.0,0.0,0.4640259144789314,0.10449860538497115,0.7086541742989512,-1.5659836301899919,-0.1350970837955523,0.884095637786268,-1.7813574611538587,0.14426443417264959,1.1602561708652612,-1.6907356899194044,-0.045343198107950615,1.0896685370291121,-1.7779856384402573,-0.014739556614347206,-0.18421673052238693,0.40277230017112964,-0.005366386102531293,-0.6234119022735441,-0.06096511558074541,0.028742646666789294,-0.025771337589531235,0.03457449438198546,0.0002108507398954746,0.4640259144789314,0.2830261830428634,0.2145167745415981,-0.17304590823545607,-0.2910174356521568,0.19391612423955304,0.17742275482248207,-0.25414438690076047,-0.2826592602959647,-0.17978805582350468,-0.25321576574822185,-0.24845773338270216,0.15388401926229023,-0.2597452982645588,0.2669262934472684,-0.005656158266019647,0.5372673328111367,0.02088734899845087,0.008918797545548942,0.0,0.0,0.04021090429670907,0.9991912145208448
0.03609140405900255,-0.00114163380513082,0.002663857256522684,0.0,0.0,0.4854653111506725,0.10961120425149648,0.7145335457541726,-1.5671786659895772,-0.1367020822233624,0.8777476458838491,-1.787161784942704,0.14628760200558286,1.150307384404269,-1.6917654239770137,-0.04551260143217414,1.070404169535396,-1.7859922201946528,0.012183306381256913,-0.19528234366214636,0.368219752504368,-0.005556361571029581,-0.6218014329370826,-0.06624133132322871,0.028585791324425226,-0.025649230362791004,0.03609140405900255,-0.00114163380513082,0.4854653111506725,0.2830806148774696,0.2129065478677951,-0.17452432766311413,-0.2902960026103918,0.19639797211846324,0.17769762097807823,-0.2529680495974116,-0.2797821494016285,-0.18041137012859734,-0.2537009069889396,-0.24205337563384138,0.15392392382051379,-0.2596371768170025,0.2612011065892227,0.0022273941465627972,0.5521764989933473,0.021590263441656574,0.008970909930690371,0.0,0.0,0.04506115719408432,0.9989842301619831
0.037790167527957955,-0.002724530346163643,0.00249568862144417,0.0,0.0,0.5130956196088288,0.11549695344133815,0.7215375141663986,-1.5692824071103877,-0.1399786323308945,0.8727324984290383,-1.7900040528991006,0.14953974769874054,1.1374136859720403,-1.6920248540964993,-0.04552446779879657,1.0510218522765418,-1.792511360211806,0.03930527767674506,-0.20572617920962252,0.3364499157125298,-0.005671657875857571,-0.6199145642193881,-0.07148488170721318,0.028407213701443237,-0.025538154454393818,0.037790167527957955,-0.002724530346163643,0.5130956196088288,0.28313273733312433,0.21108697516994873,-0.17620723781703104,-0.2893351385205411,0.198117700965729,0.17845670284467607,-0.2520465767412578,-0.2762399269768422,-0.18139404462913597,-0.25431482406425504,-0.23588681979682646,0.15392557042431845,-0.2596044168544835,0.25506051755501646,0.009870450895596225,0.565757466854307,0.02232925373722207,0.009003291118212721,0.0,0.0,0.05018630835968208,0.9987398732669217
0.03899375376529741,-0.004039414837667734,0.0023372885253697406,0.0,0.0,0.5321214047883129,0.12220209987476623,0.7299906557256526,-1.5724401678701845,-0.14539816599301622,0.8704630696412289,-1.7889274105881199,0.1545417936462345,1.1221275197135077,-1.6914725412021985,-0.04558320117719246,1.032830257608433,-1.7965012740607214,0.06615978885780698,-0.2153335677252876,0.30840606520874314,-0.0056559399729876805,-0.6179729423137627,-0.07658092459343904,0.028206904089511042,-0.025424681189987395,0.03899375376529741,-0.004039414837667734,0.5321214047883129,0.28318044242232737,0.2089837317555345,-0.1781006631983721,-0.2881032849775659,0.1985850540815061,0.17984530734011006,-0.25149555503680193,-0.27217875544531445,-0.1828640966765962,-0.25491848452503213,-0.230452866737326,0.15394758005853199,-0.25974635652660305,0.24882680121508172,0.017136336264796,0.577677642199709,0.023105180624759563,0.009014010419975026,0.0,0.0,0.05550010647779742,0.9984586812587455
0.040336024978813285,-0.005435560259557469,0.0021624821003041195,0.0,0.0,0.5403953562195188,0.12916289495699337,0.7390573617785868,-1.5760250314317568,-0.15159645541147757,0.8694824654646595,-1.7862022693711097,0.160272142200759,1.105997252343881,-1.6905502105000043,-0.045696580500313735,1.0153113013566142,-1.7993133025940018,0.0928253710947255,-0.22460185217134884,0.2819340969576979,-0.005579371127591589,-0.6160232192940182,-0.08160198867471534,0.0279970769347115,-0.025309519390716698,0.040336024978813285,-0.005435560259557469,0.5403953562195188,0.2832262288741391,0.2067627251165664,-0.18004718722995672,-0.2867514336047334,0.19849114597483258,0.1814699299973882,-0.25111163762351313,-0.26793202786888687,-0.18453680583378526,-0.25545780602195217,-0.2253872039511529,0.15398571641847333,-0.25992414596980346,0.2422650467496917,0.024018974678003395,0.5888294861258057,0.02389730240284193,0.009015575667485745,0.0,0.0,0.06089492044230288,0.9981441823024996
0.041799340406503,-0.006927181618634599,0.001972221364877902,0.0,0.0,0.5623221265278935,0.1362474113702775,0.7496591409047446,-1.580570181210836,-0.15901648998260506,0.8724402983983358,-1.7794133822123208,0.16775348782539376,1.0887094338734942,-1.6885532935460408,-0.046143382787704475,1.0004275639851887,-1.79857341448466,0.11859048157930403,-0.23310673236846932,0.2593628168106077,-0.00532014699031909,-0.6141384641329447,-0.08636466910441722,0.027761649340391156,-0.02518632635474205,0.041799340406503,-0.006927181618634599,0.5623221265278935,0.28326694170633954,0.20422594646665337,-0.18199617486179487,-0.28522087739888147,0.19679881041506023,0.18351116205641396,-0.25123630152055926,-0.2635336937584729,-0.18669197761918807,-0.2558817492788411,-0.22155714870058696,0.1541276081041947,-0.2604341258698782,0.23591772017055143,0.03039366594894377,0.5983525864610184,0.024733086427052825,0.008994336550434431,0.0,0.0,0.0665067432589394,0.9977859755985196
0.04287789366518429,-0.008156680386318131,0.0018298249654088998,0.0,0.0,0.573280119677823,0.14274122603613928,0.7606312144886365,-1.5851719704541294,-0.16650621502688448,0.8766043764172179,-1.77131712858123,0.1759253044170564,1.0715581563988115,-1.6860714789592859,-0.046989888178579756,0.987122025453683,-1.7959956635128367,0.14345389378793344,-0.2407698703534676,0.23872500055968135,-0.004985601838791004,-0.6124698164487126,-0.09096430565672697,0.027517720341983465,-0.02505454865067896,0.04287789366518429,-0.008156680386318131,0.573280119677823,0.28330511772873423,0.20159680509223957,-0.1837585257026077,-0.28372997593913674,0.1945891652898888,0.18561294555756505,-0.25153564936566497,-0.259229453871033,-0.18903444037711464,-0.25616854855798227,-0.21840942322460627,0.15438303953833798,-0.261087454717701,0.22971789403941545,0.03626893709996929,0.6069277325626526,0.0255912599915808,0.008962842250111127,0.0,0.0,0.07222575901262311,0.9973883094036398
0.04343221058719979,-0.009122419603815364,0.0016346649088047618,0.0,0.0,0.5869362423236354,0.14849944984672045,0.7720644094727256,-1.589844291860407,-0.17408272443395673,0.8822705709572994,-1.7615928336827442,0.18495695277898,1.0545769111074583,-1.6829858295845264,-0.048334137056813095,0.9757817911379265,-1.7911292531273582,0.16719443644538073,-0.24738480105544583,0.22049489406624223,-0.004557260707246534,-0.6110702837356413,-0.09536090643718989,0.027263204689429263,-0.024912080605222722,0.04343221058719979,-0.009122419603815364,0.5869362423236354,0.2833401347049559,0.19885121171753403,-0.18529473192058815,-0.28229794966196775,0.1917249147113728,0.1877904337918773,-0.2520423591222665,-0.25504837707697575,-0.1916107294104908,-0.2563059457174325,-0.21610882198139705,0.1547830040706856,-0.2619571600811396,0.22391238770583768,0.041660053510190274,0.6143802614165663,0.026477314870465885,0.008918577344203838,0.0,0.0,0.07807854839891536,0.9969472103777203
0.043205962619766114,-0.009604147509510236,0.0014678772651793846,0.0,0.0,0.5767720119552349,0.1526549447214965,0.783601022127903,-1.5940938718391187,-0.18036491717353015,0.8879186520070741,-1.7508252353379221,0.1944175017150966,1.0392705617528972,-1.6794329809420037,-0.05037690315282707,0.9678301513195038,-1.7839443719748294,0.1887317963621834,-0.2520892204660358,0.2053310907248294,-0.004030183380977671,-0.6106444561120236,-0.09941350488048613,0.02699559647589922,-0.02475753223354166,0.043205962619766114,-0.009604147509510236,0.5767720119552349,0.2833705043250864,0.19602442095860018,-0.186374503649555,-0.28112003311668143,0.188686356515643,0.1896800507525952,-0.25284455481093954,-0.2513870213606848,-0.1942914215224536,-0.2562544316904494,-0.21504085618246094,0.15538239791928524,-0.2630147405443175,0.21902307965912646,0.04643771784689102,0.6203969592583135,0.02736417376295184,0.008872856202563553,0.0,0.0,0.08382736216780284,0.9964802925055708
0.041951029290912684,-0.009506685648237955,0.0012813568717295887,0.0,0.0,0.5679781264791568,0.15617392114316575,0.7950794552311754,-1.598239814392244,-0.18597547228288172,0.8933763040436639,-1.739775645612466,0.20392214529442074,1.0247189878213283,-1.675687758609502,-0.05276344099430126,0.9614156502665895,-1.7757970094680786,0.209280269013511,-0.2559254121298742,0.19143377530454375,-0.0034628753089392963,-0.6106363306141863,-0.10331432912686862,0.02672318032368867,-0.024597589152328896,0.041951029290912684,-0.009506685648237955,0.5679781264791568,0.28339884979556307,0.193211404947535,-0.18726677199176883,-0.28001563331726786,0.1856221731296428,0.19141568188601732,-0.2537342802234586,-0.24794512412651615,-0.19698211532569596,-0.25610414664723996,-0.21451805593478906,0.15608304422216873,-0.2641413567962534,0.21447206432292565,0.05086711038388226,0.6257840942648644,0.028245445152725843,0.008828538056049082,0.0,0.0,0.08948580012120677,0.995988098109946
0.04031576533308148,-0.009162871177198287,0.0010753370294658282,0.0,0.0,0.5233205593750295,0.1582795698383842,0.8059046981912672,-1.6024948695693353,-0.189262634952261,0.8974437183803983,-1.7287986922745753,0.21285819104223547,1.012316350985055,-1.671479344970048,-0.056263634050735346,0.9594245724605791,-1.7652923464775085,0.22703166388803073,-0.2572558064653416,0.18060577397394653,-0.00280086414869686,-0.6117193313560101,-0.10679814211948957,0.026442156775355937,-0.02442251546590617,0.04031576533308148,-0.009162871177198287,0.5233205593750295,0.2834217585999556,0.19062122194292014,-0.1877520103617429,-0.2790666394103654,0.18291663487036713,0.19256643602268245,-0.25491389115095303,-0.24516511783030628,-0.1995178657301694,-0.2559208707267888,-0.2155374710389918,0.15709966638036982,-0.2654029196088103,0.21127312320508881,0.05476158457309128,0.6296633086019683,0.029083124437190674,0.008797795770482885,0.0,0.0,0.09469678525037173,0.9955061621422767
0.039065691549935624,-0.00901746785437944,0.0009208503696664371,0.0,0.0,0.5003498743262729,0.16006007790565493,0.8156704848462886,-1.6069970781152898,-0.19144709272818133,0.9008770910176365,-1.7183560674840752,0.22103231874379253,1.001505662094463,-1.667096734046936,-0.06040461903268646,0.9598614139990373,-1.7542559233578767,0.24332837895913573,-0.25756224718960846,0.17101688818498084,-0.0021168319508433273,-0.6135495792735707,-0.11004779013720428,0.026162165471098637,-0.024240999397906388,0.039065691549935624,-0.00901746785437944,0.5003498743262729,0.2834418632767417,0.18839472197891427,-0.18813461949689753,-0.2781082651961073,0.1804344079239673,0.19342329585592857,-0.2561438863000031,-0.24284685477219298,-0.20184895176917736,-0.2557487192778768,-0.2173097018878971,0.15829802177046254,-0.2666007274068115,0.2085837261115641,0.058333168438886675,0.632962757054772,0.029898256910118198,0.008772645992311564,0.0,0.0,0.09967661370714798,0.9950198855700704
0.03742559343995782,-0.008692722202332252,0.000714789135287941,0.0,0.0,0.4727065381480513,0.16144921299484044,0.8241610000229846,-1.611796786086728,-0.1923042205397529,0.9035472653128884,-1.7085566159450645,0.2282893228711505,0.9926112068421912,-1.6625044412083094,-0.06531692762868581,0.9632207510447262,-1.7425794186014116,0.25787409056316746,-0.25663615115965255,0.16291953036279377,-0.001406292948457919,-0.6162792913841479,-0.1130155729073467,0.025883416682858054,-0.024051728611341628,0.03742559343995782,-0.008692722202332252,0.4727065381480513,0.28345859261474227,0.1866019785444407,-0.18839716446460664,-0.27715204881787653,0.17823484909362639,0.1939223092500908,-0.25745342508941216,-0.241093686595056,-0.20393402669673777,-0.25561838307399104,-0.2200017013958852,0.1597146352629209,-0.2677046886521536,0.20656204832836955,0.06158062720219062,0.6355788274550875,0.030686249702491557,0.008754227936004447,0.0,0.0,0.10437902411159086,0.9945375907051035
0.03599260497469112,-0.008405578021621757,0.0005621049139231672,0.0,0.0,0.43272336381848964,0.16272273298465845,0.8303519752290514,-1.6168772584260112,-0.19135572106549234,0.9061771727571584,-1.7006127786154699,0.23350637097551366,0.9875633535963116,-1.657488596559775,-0.07144638880936789,0.9703084928820832,-1.7314548215480765,0.27010515151601855,-0.2541173780807341,0.15655169462916824,-0.0006741897457025234,-0.6200627895316693,-0.11558784281063562,0.025607532981519746,-0.02385342661103215,0.03599260497469112,-0.008405578021621757,0.43272336381848964,0.2834704548421532,0.18554082151073994,-0.1886196458877754,-0.2761770685622935,0.1763040440987238,0.19389866325650168,-0.2587319365262355,-0.24049843422613623,-0.20547248940360924,-0.2556640409818485,-0.22366873232663242,0.16145563933372978,-0.26843450466411695,0.20544232426901018,0.06445904448084035,0.6373747811550273,0.03143485108710299,0.008743322332098026,0.0,0.0,0.10868164337790075,0.9940766069034513
0.03417392382297107,-0.007716467152914037,0.0005404907043538022,0.0,0.0,0.4129219764483254,0.16387169469486584,0.8355117810494972,-1.6220717773293003,-0.1896586880990953,0.908761737021533,-1.693620174220114,0.23781567044330368,0.9842297254186688,-1.652273669387355,-0.07810896499590443,0.9786962451356831,-1.7207205566492947,0.28141172185088653,-0.2510679310018366,0.1508682948170286,6.465338678522844e-05,-0.6243234619949803,-0.11799418000560818,0.02533429818735881,-0.02365104772263404,0.03417392382297107,-0.007716467152914037,0.4129219764483254,0.2834810768112992,0.18480676020360273,-0.18880336053739333,-0.2752061894118247,0.1745151634089251,0.19364814378104636,-0.25996505160562294,-0.2404230739033552,-0.2067700639334779,-0.2557906306907893,-0.22767386638699022,0.16334101084100833,-0.26893354881129133,0.20461821131421834,0.06717958440423406,0.6388738138115925,0.03216459286032301,0.0087370327250524,0.0,0.0,0.11278547761080564,0.9936193617477985
0.031956150139553094,-0.00660119676830556,0.0006310114956858959,0.0,0.0,0.34935251268282996,0.16437024329647873,0.8377624322669674,-1.6275392975470033,-0.18610134841215728,0.9111061728361881,-1.6898010848748564,0.2395928670661618,0.9856883660711423,-1.6464594542378126,-0.0862234103860278,0.9892223302764123,-1.7116748925411338,0.2905766407046656,-0.24727599548571033,0.1467411277270076,0.0008104629250186932,-0.6299493914902813,-0.11997936492917516,0.025074146010658955,-0.023437055712095412,0.031956150139553094,-0.00660119676830556,0.34935251268282996,0.28349207447032737,0.18497330981182117,-0.18880355398592738,-0.27430929075771354,0.17326830359385964,0.19281900916267994,-0.26099981291522445,-0.2418234131798461,-0.20738691799506243,-0.25617067170198227,-0.23204171272894217,0.16559610675060832,-0.26886417961414844,0.2043225589929503,0.06950402586004026,0.6398524239226437,0.03283621129965542,0.008748894613800627,0.0,0.0,0.1162560235580109,0.9932192794073619
0.030075101051191665,-0.005537151200590212,0.0008065441642141069,0.0,0.0,0.30550801940331185,0.16436348524358538,0.8384457959069146,-1.6329397294256423,-0.18142262597878767,0.913111193312539,-1.687760763698154,0.24000595344437492,0.9895999530951183,-1.6402964525752597,-0.09490018420749251,0.999987992975447,-1.7038046320279439,0.29893193807866847,-0.24347280131445986,0.14348180426491627,0.001543400550468109,-0.6360101699829103,-0.12176233695613015,0.02482366458409362,-0.0232219947502017,0.030075101051191665,-0.005537151200590212,0.30550801940331185,0.28350631727112663,0.1855883187655742,-0.1886680513646178,-0.27350445835814363,0.17238665543342557,0.19164325891999673,-0.26193771378326575,-0.2439953138515464,-0.2076346341998348,-0.25668406695249046,-0.2363175532634622,0.16798566027759854,-0.2684635713616331,0.20415872310807717,0.07166479185483403,0.6405999987321049,0.03346926470597586,0.008775314626594385,0.0,0.0,0.11928984556692483,0.9928594728080199
0.027577112735740563,-0.004052240733667003,0.0010414368877512128,0.0,0.0,0.25449042697222685,0.1637687339927211,0.8373054067293803,-1.6382620948733706,-0.1754390218041159,0.914721257758863,-1.6877902818448616,0.23883171153791022,0.9963658777150242,-1.6337275902430215,-0.10423130383997262,1.0110324368332373,-1.6973021138798106,0.3063451304580227,-0.23965650616270118,0.14123233520623407,0.00226135995013245,-0.6425769545815209,-0.12331000670339123,0.024584436394048458,-0.02300568991764025,0.027577112735740563,-0.004052240733667003,0.25449042697222685,0.28352433623689594,0.186721388318001,-0.18837562266862928,-0.27280386657370814,0.17193424494919735,0.19006660999097455,-0.26276354193411383,-0.24706979853250666,-0.20744592422412028,-0.2573364276957745,-0.24047060039836504,0.170524946072239,-0.2676963273828328,0.2041578719684787,0.07363805293685416,0.6410805519589529,0.03405744243751873,0.00881867500191385,0.0,0.0,0.12181619158528918,0.9925526764195723
0.025457834528353245,-0.0027924544054817617,0.0012410183747604833,0.0,0.0,0.17875840583071184,0.16261227857885938,0.8339245210994374,-1.6427977241650977,-0.1676609099212318,0.9148568854187474,-1.690569858960431,0.2353053401515941,1.0058924998297836,-1.6267605267389855,-0.11379891618935757,1.0215209891097716,-1.6926394887644836,0.31290818449824753,-0.23638437733505707,0.14044514870402788,0.0029324554095063607,-0.6493441552826853,-0.12456532074797035,0.024370035899784225,-0.02279710302110573,0.025457834528353245,-0.0027924544054817617,0.17875840583071184,0.2835479747466367,0.18838464269502964,-0.18795152728431114,-0.2723063253117426,0.17232289581177374,0.18794957690486286,-0.263465129346898,-0.25102416624617396,-0.20661482436762482,-0.25822506726263195,-0.24417793662864623,0.17309214907789516,-0.2665998736676117,0.20419396700676276,0.07540221813378789,0.6412582907199518,0.03457880765199662,0.008884781214286283,0.0,0.0,0.12359026829734461,0.9923333339066014
0.023213238618643293,-0.0014680228077130714,0.0014520428999506563,0.0,0.0,0.14687159991271817,0.16125631437759205,0.8296756088131605,-1.6469442206199723,-0.15916757120026473,0.9142445361975468,-1.6943929339900161,0.23086192300825403,1.0163132638642283,-1.6196893200729832,-0.12341463731394882,1.0316235392984718,-1.6886817541989414,0.3191594231610347,-0.23337363233469952,0.14023543608309044,0.0035798169691303814,-0.6561678154299958,-0.1257061989921512,0.02416610557849359,-0.022593409876630763,0.023213238618643293,-0.0014680228077130714,0.14687159991271817,0.28357397697188635,0.19023540034279127,-0.18748285701306183,-0.2718874184451552,0.17308170825659536,0.1856190962034251,-0.2641106158117872,-0.25527198022094216,-0.20551876214593515,-0.2591590980999823,-0.2476677446040854,0.17564768097092354,-0.2653531520102197,0.20421821201688345,0.07708604063116531,0.6413231500182525,0.03507204519377815,0.008960166597983453,0.0,0.0,0.12504759084131561,0.9921507446072814
0.02079557359648153,3.6260822418920924e-05,0.0015245317810719248,0.0,0.0,0.06476332665113853,0.15952952070669693,0.8234825296835465,-1.6498651558702642,-0.14898839592933652,0.911214985630729,-1.7004610625180332,0.224340329116041,1.028000300580805,-1.6125952926549045,-0.1329554468393326,1.0401452563025735,-1.6862695054574446,0.32478594373572955,-0.23116055943749167,0.1413650783625516,0.004150607115165755,-0.6630289933898232,-0.12658585946668277,0.023989199322055687,-0.02240866845981641,0.02079557359648153,3.6260822418920924e-05,0.06476332665113853,0.2836060564626347,0.1924641076053827,-0.1869434183513088,-0.27169704528969857,0.17486041041511521,0.1827979503117408,-0.2646765429995866,-0.25990637399058314,-0.20384389102178124,-0.2602722761989498,-0.2504580645258493,0.1781513661242772,-0.2639438113288615,0.20416171036423114,0.07857780624367285,0.6411712278375759,0.03549286909401417,0.009058294733139603,0.0,0.0,0.1256901144446311,0.9920695515592117
0.019087025417821913,0.0011542893940593253,0.0013557159238383745,0.0,0.0,0.03417648148161072,0.1581367869870831,0.8167486666428923,-1.651922664257011,-0.13829650090198317,0.9066554982252795,-1.707132601978803,0.21693372184580018,1.039459486200352,-1.6055626953491056,-0.1422702006318353,1.047285739821617,-1.6843077329674152,0.3302427560392053,-0.22915315266811487,0.1432108096402101,0.004675947364908881,-0.6696055091992773,-0.12734748107014282,0.023832536744649965,-0.022235166507236885,0.019087025417821913,0.0011542893940593253,0.03417648148161072,0.28363495824312923,0.1947181540420702,-0.18651415017547146,-0.2715742595097292,0.1771487653656713,0.1798327161118766,-0.26520187729191014,-0.2644798237427806,-0.20191507866426217,-0.2614451220395284,-0.25278725970546484,0.18058025490997406,-0.2625389721532387,0.20416457654002926,0.08004263298023863,0.6408153983672434,0.035877224133171216,0.009169016757773029,0.0,0.0,0.12602916157070115,0.9920265371620792
0.01693128182139377,0.002660571463718699,0.0008523614719660455,0.0,0.0,-0.00023371620578940654,0.1571198707126608,0.8094064217023175,-1.6530088174222697,-0.12702779614865173,0.9003748318763695,-1.7144829787389197,0.20853147452527823,1.0506623393357402,-1.598599206919622,-0.15133064172484662,1.0528723356699703,-1.6828527462602865,0.33550864653755924,-0.22737712029254797,0.14586214104084055,0.00515015648132322,-0.6758617800895614,-0.12797630894364734,0.023698648306155444,-0.022074308951921535,0.01693128182139377,0.002660571463718699,-0.00023371620578940654,0.28366028509958824,0.19700458720301933,-0.18620836698891993,-0.2715300259495204,0.18000391692244122,0.17670562715543323,-0.26566800104282023,-0.268981001580261,-0.19970270430810583,-0.262693569743465,-0.25459641837385527,0.18292996357142918,-0.2611594531890988,0.20423588089117828,0.08147748173785277,0.6402312570176312,0.03622055170361442,0.009293906908068392,0.0,0.0,0.12602684304357387,0.9920268317099444
0.015157400618286188,0.0039533521528863315,0.0002658878914041373,0.0,0.0,-0.028577895121286237,0.15729389858968332,0.8015702312642877,-1.652525569453384,-0.11568086842695863,0.8922549034609939,-1.722117203654665,0.19899371898535517,1.0607054667039353,-1.5918313662211099,-0.1597093068289035,1.056089946717927,-1.6816272193735295,0.3407224028399497,-0.2261943311402292,0.14925011360284057,0.005540754279178203,-0.6813236691735008,-0.128435982447682,0.023598465391180733,-0.021939357742667198,0.015157400618286188,0.0039533521528863315,-0.028577895121286237,0.2836690527020079,0.1992087421216398,-0.18626182557232257,-0.27154484327283784,0.1833914674061867,0.17355747948977968,-0.26604985798051234,-0.27312415741847706,-0.19718020230115385,-0.26409290073317354,-0.2557059357789276,0.1851057851419938,-0.25996044200371077,0.20425572183006963,0.08287452702032616,0.6394793467474448,0.03650635176084258,0.009441401668344484,0.0,0.0,0.12574333750975117,0.9920628070197515
0.01330798440132441,0.005300957612632074,-0.00034645952359663173,0.0,0.0,-0.04038757422905437,0.15797624217741418,0.7936839885783917,-1.6514145858360059,-0.10441111201288711,0.8836101754145188,-1.7298395663800867,0.18906806048118693,1.0703156500151665,-1.5852366806280733,-0.16776893536249807,1.0583154041357714,-1.6803888184855682,0.34587755423001576,-0.22518678385801988,0.15288752919495713,0.005898009317767142,-0.6863699416921597,-0.12883319547682098,0.023511096468251762,-0.021815550918079386,0.01330798440132441,0.005300957612632074,-0.04038757422905437,0.2836709206152444,0.20133984306883188,-0.186466397031058,-0.2715706742492714,0.18690965009411267,0.1704322352966412,-0.2663300027852688,-0.27712135796457044,-0.19453364193927047,-0.265482001190871,-0.25654171961963507,0.18719852951597096,-0.2588472059860083,0.2042781866804524,0.0842585639907976,0.6386477732817057,0.036768222001917435,0.009598305500629878,0.0,0.0,0.1253426571518159,0.9921135107930555
0.01123745349391198,0.006812297552005398,-0.0010321161361653841,0.0,0.0,-0.0705009064195579,0.15999649781169314,0.7862074790578899,-1.6487932024580059,-0.09371682896156491,0.8744605888019907,-1.7376827242398503,0.17844727725693663,1.078995274774956,-1.579399682054616,-0.1748943974574408,1.057993355423513,-1.6787433250985964,0.35075601905283305,-0.22437790066304833,0.15696268129830412,0.006175399071188891,-0.6900644386657561,-0.1290988050626986,0.02345215980753754,-0.021721370029028016,0.01123745349391198,0.006812297552005398,-0.0705009064195579,0.283655194321064,0.20314272118113852,-0.18707110015543588,-0.27163651820676477,0.1905543251426456,0.16746401718287063,-0.26643812988428184,-0.28071760272269375,-0.19167943549555133,-0.2668935080014979,-0.25673881111229085,0.1890779318089534,-0.258056458893694,0.20443358712424808,0.08561562934665866,0.63758417565339,0.036969209146319015,0.009779169638123779,0.0,0.0,0.12464317698397395,0.9922016319434985
0.009686149801731166,0.007947641953573406,-0.001545280519157921,0.0,0.0,-0.08732936866445423,0.16264338836525427,0.7792438666025797,-1.6455801797635627,-0.08372340170723018,0.8654560807979468,-1.745357621799816,0.16761424256996674,1.087033945502657,-1.57425370722106,-0.18108237805691632,1.056452062996951,-1.6768371535070015,0.35535946939930774,-0.223817993294109,0.16127160643086288,0.00641219874589958,-0.6928234488675089,-0.12929242871927493,0.023407941204354618,-0.02164589503610676,0.009686149801731166,0.007947641953573406,-0.08732936866445423,0.2836296359697978,0.20471855059644123,-0.1878613546475573,-0.2717007774576992,0.19410327759914903,0.16469239638450903,-0.2664063463873138,-0.284005376030593,-0.18874556285208965,-0.26824875662518827,-0.25664117470559483,0.19073156921028694,-0.25749439297436505,0.20462861402521715,0.08691830736602871,0.6364084019800964,0.037136354624773514,0.009973510493044601,0.0,0.0,0.12377664603385787,0.9923101036957193
0.0075241167335202775,0.009234784055538719,-0.0018695839727772558,0.0,0.0,-0.10563404900610655,0.1659718818134732,0.7728381421830919,-1.6417236195670233,-0.07449230882856574,0.8566093775961133,-1.7528494993845622,0.15655033787091566,1.0943754381603665,-1.5698593722449408,-0.18625064194202426,1.0535845756530762,-1.6746474372016058,0.35966378119256764,-0.22352890173594156,0.16583481099870473,0.006604847808678946,-0.6945649120542738,-0.1294077518913481,0.023379731716381177,-0.021590766807397205,0.0075241167335202775,0.009234784055538719,-0.10563404900610655,0.2835933831002977,0.2060473264839643,-0.18885493838140066,-0.2717661099315582,0.19755218624065612,0.1621351355475387,-0.26623937115399415,-0.28695414366251387,-0.1857299907161723,-0.26955871138637777,-0.2562217100651775,0.19214347891505762,-0.25718622953494574,0.2048682466043688,0.0881614457954412,0.6351102696918811,0.03726668987009261,0.01018251023358769,0.0,0.0,0.12272835963419915,0.9924403003412844
0.005586092875349532,0.010180076690663585,-0.0018828821302663279,0.0,0.0,-0.13057043876459012,0.17001776713313482,0.7675628764460785,-1.6373526092731592,-0.0668853560481408,0.8484049340089161,-1.75967876477675,0.14552791213447389,1.1008823291219847,-1.5669967074586888,-0.18923767595881166,1.0495055113175902,-1.6720598966184288,0.3632490074995793,-0.22346768896989147,0.1709695813631771,0.006734631003134631,-0.6943430960780442,-0.12938762967935716,0.023374715443662923,-0.0215682132884559,0.005586092875349532,0.010180076690663585,-0.13057043876459012,0.2835548526108867,0.20697951254313993,-0.19006098274549924,-0.27181515487725005,0.20070691193747736,0.16002757912512441,-0.26593252428037795,-0.2893728263194221,-0.18270035214253172,-0.27073546787235264,-0.25553059722883636,0.19301859180554637,-0.25731151982297346,0.20534373370500425,0.08930488783644791,0.6334774248692905,0.0373382687267631,0.010405089461592715,0.0,0.0,0.12143242136194446,0.9925997013107425
0.003496369582703253,0.010920489304829521,-0.0015218939745070823,0.0,0.0,-0.14016664826325834,0.17429756576364694,0.7628303928808732,-1.632793296467174,-0.0599807575345039,0.8405029015107588,-1.7661902471022173,0.13460547544739457,1.1070810773155906,-1.5647934458472512,-0.19138315320014954,1.0450260422446511,-1.669288776137612,0.36650863831693475,-0.22347419912164862,0.17634318091652615,0.0068373921835287055,-0.6933047446337613,-0.12930844317783008,0.023379254747520794,-0.02155932919545607,0.003496369582703253,0.010920489304829521,-0.14016664826325834,0.28351806781508704,0.20773059454877021,-0.19133921374360366,-0.27185836632653937,0.20371126089594882,0.15811896115339993,-0.26554824481739553,-0.2915765952725569,-0.17968198018019074,-0.2718139751474243,-0.2547561656039326,0.19368761122675035,-0.25760198617597496,0.2059214223770002,0.09040521210754386,0.631694002469927,0.03738538040356203,0.010631569237871605,0.0,0.0,0.1200410083426349,0.9927689340002956
0.0011179734972466583,0.011696208507067946,-0.0010225282172954264,0.0,0.0,-0.16227753697382336,0.17897690847666584,0.7597048725142623,-1.6278320984406904,-0.05495022858182583,0.8334803767878599,-1.7717618689392554,0.12419130133860026,1.112612935629758,-1.564340929792385,-0.1915824454691675,1.039841738614169,-1.6659938488343748,0.36885644149298624,-0.2235707062663454,0.182329489727213,0.006868534399234135,-0.6901832364424311,-0.1290702113147938,0.023407895230885708,-0.021585690440854642,0.0011179734972466583,0.011696208507067946,-0.16227753697382336,0.2834939768519064,0.20795734603736335,-0.19274423673095714,-0.2719210641145262,0.2063326561608032,0.15672526188811622,-0.26508022683243415,-0.2932510941645269,-0.1767813856862154,-0.27268387838398483,-0.25387096424565136,0.19387627267868646,-0.2582806563730363,0.20681731427767913,0.0913852949401052,0.6295078875780563,0.037369978755260956,0.010862653853954995,0.0,0.0,0.11842980931060415,0.9929624264123259
-0.0006710508802535951,0.012278616072306445,-0.0006490735092540277,0.0,0.0,-0.17497497054991612,0.18378710475834942,0.7571982199495488,-1.6227366683459041,-0.050837069223023376,0.8269321864301508,-1.7767101706880513,0.11425301553022968,1.1178838026644005,-1.5647969245910645,-0.19082608502922632,1.0342749573967673,-1.662549534229317,0.3706559587006617,-0.22366759752986407,0.18894589308536425,0.006859208142027408,-0.6859188699963116,-0.1287252206091929,0.02344676178663668,-0.02163333045036504,-0.0006710508802535951,0.012278616072306445,-0.17497497054991612,0.2834771666863952,0.20798407404062152,-0.1941938504052418,-0.27198545630184373,0.2087286141197182,0.15558622955508172,-0.26459218789883365,-0.29467298235646744,-0.17399984200840138,-0.273397473454212,-0.2528991923973006,0.1938248206379416,-0.25913719074872377,0.20793874134037638,0.09231059804794003,0.6269877609062547,0.03731881040665838,0.011096811420613471,0.0,0.0,0.11669219230350356,0.9931681288963123
-0.0030449707199368616,0.013060283076166291,-0.00015008780691466717,0.0,0.0,-0.18832944407032715,0.188734922896732,0.7553424455902793,-1.6175000631447993,-0.047688729609503884,0.8208828649737618,-1.7810029116543857,0.10481523293437378,1.122880178870577,-1.5662084221839905,-0.18906464156779376,1.0283059152689846,-1.658948105393034,0.37187883032090735,-0.22376489278041956,0.1962249820882624,0.006807320215033762,-0.6804525319373969,-0.12826794905192923,0.0234963833495523,-0.021703349849717182,-0.0030449707199368616,0.013060283076166291,-0.18832944407032715,0.28346801391153625,0.20779873198993665,-0.19569056523740772,-0.27205129945617185,0.21089333149967476,0.15471258790992154,-0.2640945806496773,-0.2958285431396003,-0.1713474178371861,-0.27395629700928315,-0.2518356186864828,0.19351806787375336,-0.2601798362764704,0.20929092354414233,0.09317415523408962,0.6241105626259499,0.03723002535601457,0.011334200883566431,0.0,0.0,0.11482155734567173,0.9933861333684474
-0.005137252475229575,0.013662593014159579,0.0002475323701137122,0.0,0.0,-0.20978295246818213,0.1938985060862821,0.7545457970012318,-1.6118504989026772,-0.04567929462652012,0.8155460881464409,-1.784146872433749,0.09650938528956785,1.127670164060111,-1.5687567224406234,-0.18618739298497786,1.0216510861811012,-1.6552898570744679,0.3720388442578942,-0.22384731938140562,0.20487865414282294,0.006687934952552871,-0.6734551949934525,-0.12755832347002896,0.023566063023125285,-0.021802903726847487,-0.005137252475229575,0.013662593014159579,-0.20978295246818213,0.28347116317411863,0.2072403466712978,-0.19726542124420046,-0.27215370204100725,0.21271379339109747,0.15415224120345775,-0.2636672799881124,-0.29670167283342386,-0.16899828124996719,-0.2742667555502314,-0.25058130641364695,0.19292420903769275,-0.26142648088864096,0.21104159679785559,0.09390139053701242,0.6206014105594362,0.037081048457008416,0.011577662541483992,0.0,0.0,0.11273734992695594,0.9936248235282003
-0.007371118074205215,0.013898614960164446,0.0004647882899860844,0.0,0.0,-0.21718404862646212,0.1991090167200927,0.7541387303911075,-1.6060671782252764,-0.04405204488924054,0.8105360823448258,-1.7867838391149886,0.08867506080805646,1.1323795228293447,-1.571689612335629,-0.18300305397221533,1.0147374838289587,-1.6516354938950202,0.37174701615415434,-0.2240244114037716,0.21407963049532197,0.006540204459481466,-0.6659111136739904,-0.12673449147530275,0.02364305046509312,-0.021913457040985428,-0.007371118074205215,0.013898614960164446,-0.21718404862646212,0.2834779152063408,0.20654362603902385,-0.19886263272232926,-0.2722624659249464,0.21437736135135527,0.15369829511276642,-0.2632806078210262,-0.29747345855752644,-0.16677950127950092,-0.27447176817167107,-0.24924568364079228,0.19224508611536667,-0.2627239984439781,0.21287893361679916,0.09453634847265495,0.6168522775746953,0.03690732150065778,0.011820775357949917,0.0,0.0,0.11057908942184519,0.99386732765628
-0.009998126294324857,0.013851886316865101,0.0005568970333449941,0.0,0.0,-0.23194170935554803,0.20432316985997293,0.7545875925006289,-1.6000456195889097,-0.0431518175385215,0.8064423022848186,-1.7880480325583257,0.08204581882014413,1.1368973038413308,-1.5753645499547322,-0.17946087636730884,1.0072353608680493,-1.648065660939072,0.3702757837194385,-0.22471651163968173,0.22461087414712627,0.006319413356708756,-0.6572161208499561,-0.125594182899504,0.0237358779166684,-0.022048592567443848,-0.009998126294324857,0.013851886316865101,-0.23194170935554803,0.2834897547057181,0.20555330580362766,-0.2004750011936344,-0.2724045480942107,0.21562515023029763,0.15344784523942864,-0.26306680267429644,-0.2980432136204241,-0.16489197880862277,-0.2744683375465591,-0.247720058485188,0.19146723051324532,-0.26408568886172995,0.21485973456094948,0.09489248224204684,0.6126461660504758,0.03667121662786513,0.01205520382659002,0.0,0.0,0.10827359911202948,0.9941211333310078
-0.012065010727007537,0.01352052584543047,0.00048614662103013684,0.0,0.0,-0.2364389387278399,0.20938368608253177,0.7552995657680011,-1.5940148607648983,-0.04233391899051087,0.8029269795827191,-1.788876513640086,0.07606728585681524,1.1413643239724516,-1.5793505888996702,-0.17597426398835997,0.9996118238477995,-1.644616673691104,0.36795298333721926,-0.22555904737626664,0.23609623764500487,0.006065310148352923,-0.6482103108757673,-0.12421825494278559,0.02383640364301626,-0.02219206298880204,-0.012065010727007537,0.01352052584543047,-0.2364389387278399,0.2835001910876746,0.20447642083183828,-0.20205077399879354,-0.272559490606056,0.21666399723778518,0.1532230845238964,-0.2629284273334263,-0.2985344717611156,-0.16318651855353672,-0.2743520200296599,-0.24613073406266836,0.19069316419212368,-0.2654194831961859,0.21695458646395094,0.09504375779425171,0.608097793222842,0.036397495109475014,0.012275766242634168,0.0,0.0,0.10592280701132643,0.9943743555396234
-0.01480486528240799,0.01309917688748766,0.0003916145575169616,0.0,0.0,-0.24101305388284314,0.21428796137222145,0.7562791097043741,-1.5879747458178586,-0.0415997446486444,0.7999999186005254,-1.7892618974049885,0.07075049088458814,1.1457797228687943,-1.5836530020742705,-0.17254415861885952,0.9918648149027968,-1.6412905803834548,0.3647641816524544,-0.22655456836777504,0.2485518925117726,0.005777330222454934,-0.6388884156641332,-0.12260271405631842,0.023944758123370134,-0.02234400957446508,-0.01480486528240799,0.01309917688748766,-0.24101305388284314,0.2835092005705593,0.20331086931593143,-0.20358891255434336,-0.27272754497863266,0.21749178300851674,0.1530243062792429,-0.2628694277761869,-0.29894604644898404,-0.16166640144782152,-0.27412470661880517,-0.24447671612041214,0.1899233683566775,-0.2667242570889549,0.21915383909587582,0.09497675043509952,0.603195908599975,0.0360855193752231,0.012482227588241754,0.0,0.0,0.10352592737111402,0.9946267553016813
-0.0172084090825386,0.012718116776835944,0.00030889806121175983,0.0,0.0,-0.24855928549464815,0.21839986741542822,0.7575341165065765,-1.5822189450263977,-0.04050831124186514,0.7976292669773102,-1.7894448637962341,0.06633502990007394,1.1501904726028442,-1.588324785232544,-0.16967451572418207,0.9844520688056945,-1.6382548213005066,0.36012196540832514,-0.22795265913009646,0.2625575661659243,0.005408835131674999,-0.6300428211688994,-0.12048432976007457,0.02406543400138617,-0.022505796514451507,-0.0172084090825386,0.012718116776835944,-0.24855928549464815,0.2835158556699753,0.20209642626791346,-0.20490554755440443,-0.27296484406911153,0.21814648318074295,0.15273368225564737,-0.2628953277567987,-0.2992809700404019,-0.16039657265739643,-0.2737526149999426,-0.24286136989308602,0.18928570393820202,-0.26788378137593677,0.22141252559914396,0.09449604424133581,0.5979078859388829,0.035710088908672326,0.01266654580831528,0.0,0.0,0.101053370413819,0.9948810061148055
-0.019611806907710735,0.012343062336632956,0.00022580903587948728,0.0,0.0,-0.2516084189162844,0.22214594694099044,0.7589523557460669,-1.5766327585836852,-0.03925958328475855,0.7954270857753175,-1.7896291306524565,0.06226337633349677,1.1545912159813776,-1.5931174393856165,-0.16708133301951666,0.9772970796835543,-1.6353047965752958,0.35484385791451034,-0.2293705940246582,0.2772509810900448,0.0050089213564389855,-0.6214666396680504,-0.1181519693045905,0.024189328492590877,-0.022672211280976885,-0.019611806907710735,0.012343062336632956,-0.2516084189162844,0.28352155649300775,0.20085030306557275,-0.20611971078890154,-0.2732227905202605,0.21875607440460423,0.15240186693964333,-0.2629400034986955,-0.2995859042855474,-0.1592255513308889,-0.27332459939789244,-0.24129863597084666,0.18871143223192857,-0.2689698800384474,0.22369435805459933,0.09382128764975262,0.5923860717024376,0.03530895092872658,0.012842157008973036,0.0,0.0,0.09854984617547119,0.9951321157609129
-0.021760437514943807,0.011769304292326898,5.0302707788052465e-05,0.0,0.0,-0.25915555148301506,0.22487355445069498,0.7609031326843031,-1.5716018490117005,-0.03758950636844441,0.7935024237993992,-1.790022252183972,0.05899223549799482,1.1589470770623949,-1.5981390349792712,-0.16529616578058762,0.9710837247395756,-1.632488822696185,0.34787150329411626,-0.23048418760299683,0.29379869651312795,0.004534000258027298,-0.6137477517730057,-0.11526327027064379,0.02431683372141737,-0.022851693434546693,-0.021760437514943807,0.011769304292326898,-0.25915555148301506,0.28352488803141046,0.19951811911541906,-0.20703952501233774,-0.2735521664763081,0.21931586877842763,0.15195811121689765,-0.26299742257439584,-0.2998302271508445,-0.15827730594514142,-0.272785004417114,-0.23997910967495634,0.18833910175788482,-0.2698710459289449,0.22627388721460653,0.0927450318016361,0.5862272327559304,0.03484401548977452,0.012996811589056797,0.0,0.0,0.09597057511406397,0.9953841714193952
-0.022649996303168163,0.0111316018313722,-0.0001803078133646996,0.0,0.0,-0.25922392815563844,0.22708924385634338,0.7631710966428121,-1.5670039942770293,-0.035854902908657504,0.791657830729629,-1.790841817855835,0.05610577942747054,1.1630555608055808,-1.6033032121080342,-0.16395810111002487,0.9657159971468375,-1.6297343680352876,0.3396858870983122,-0.23133136648120303,0.3115299434372876,0.0040393449986974314,-0.6065802429661605,-0.11199913648041807,0.024448538368398495,-0.02304179548765674,-0.022649996303168163,0.0111316018313722,-0.25922392815563844,0.2835235686013193,0.19814750084942082,-0.2078058625702521,-0.2738909119571309,0.21990379280293731,0.15149479686906783,-0.2629859311226551,-0.29997451770347955,-0.1574391892509485,-0.27221145831566845,-0.2388892609446032,0.18807641323875168,-0.2706562259331468,0.22901541422399552,0.09134744961880673,0.5796196408890011,0.034364623666712724,0.013137959451837974,0.0,0.0,0.09338997871717708,0.9956296057647167
-0.022832436967578845,0.010063324269126176,-0.000622770701995401,0.0,0.0,-0.25929202150643155,0.22880154712633657,0.7657509611712562,-1.5628319767990497,-0.03405684834778907,0.789891972084238,-1.7920807202657063,0.053597596709174286,1.166920790166566,-1.6086075944129867,-0.16305968729835565,0.9611798031161529,-1.6270404072723004,0.3303072303533552,-0.231916570904279,0.3304249963375057,0.003525284481131357,-0.5999549235960449,-0.10836582517985134,0.024584372443231674,-0.023242340441981355,-0.022832436967578845,0.010063324269126176,-0.25929202150643155,0.2835176757188759,0.19673970105125066,-0.20842030762969474,-0.2742399403854403,0.2205188118062532,0.15101263349173288,-0.2629062896541639,-0.30002107788757076,-0.15670869192863884,-0.2716054669255704,-0.23802678267697797,0.18792316302818102,-0.2713301621545008,0.23188623768746006,0.08961355472600993,0.572565864843982,0.033871016399276366,0.013265825709271614,0.0,0.0,0.09080807664374749,0.9958684115967648
-0.022482335471298187,0.008984957787793908,-0.0010822269350591052,0.0,0.0,-0.25189754017300714,0.22980423151242613,0.7686008829059023,-1.5595316923025881,-0.03231912091223878,0.7879479316749958,-1.7938206629319624,0.05152134070492751,1.1702986461947664,-1.613966825032475,-0.16266396942764821,0.9580128903340811,-1.624415985261551,0.31884749850841465,-0.2323802179760403,0.35130404101477763,0.0030642496139714143,-0.5950027186461169,-0.1040209307514055,0.024715997692611485,-0.023459975635915096,-0.022482335471298187,0.008984957787793908,-0.25189754017300714,0.28349865777323946,0.19537564508953323,-0.20881006973265298,-0.27456846654787587,0.22123809770382932,0.15054384751229377,-0.2627234860222581,-0.299919656515447,-0.15610131086963958,-0.2709955416300226,-0.2375481721637072,0.1878938210433021,-0.271861623328554,0.2348734504745117,0.08728606024928609,0.5649726848360012,0.03339358404128238,0.013368669492804042,0.0,0.0,0.08829922051173093,0.9960939953925135
-0.022140002971281415,0.007918378695781922,-0.0015354894026362034,0.0,0.0,-0.24893988128498595,0.230585463570826,0.7715235144803019,-1.5565761815417896,-0.030629075047644685,0.7859071357683701,-1.795685249747652,0.04956853186542336,1.1734671394030254,-1.6192761930552397,-0.16243531916177634,0.9553494128313932,-1.6218022975054653,0.306578628944628,-0.23308786117669308,0.3730213389252174,0.002645971549844197,-0.5907866620656216,-0.0993827091473521,0.024846544319933113,-0.023683401473769638,-0.022140002971281415,0.007918378695781922,-0.24893988128498595,0.2834743866414735,0.19403739499395473,-0.20912644114735787,-0.27487572151908446,0.22199556147742802,0.15008769622009094,-0.262507673493425,-0.2997683055036513,-0.1555315566921639,-0.27039583768650016,-0.23721286424705465,0.18790559281894215,-0.2723451118620626,0.2376808385343895,0.08462253845803198,0.5572073452797025,0.032922524845961365,0.013461426253232992,0.0,0.0,0.0858192717018556,0.9963107209121878
-0.021737490489216464,0.006707868768981605,-0.0020575794306670887,0.0,0.0,-0.24169387721862917,0.2309624468437349,0.7745460079173849,-1.5544566783038052,-0.02910805312973078,0.7835728020379037,-1.7976872535667034,0.04780883477492763,1.176090743806627,-1.6243042367877383,-0.16254059398415113,0.9538212039253928,-1.6191770452441592,0.2923790032815449,-0.23504193383033833,0.3968913458814528,0.0023802091565095977,-0.5885224697565791,-0.0940065644305161,0.024975789202885196,-0.023918696970801165,-0.021737490489216464,0.006707868768981605,-0.24169387721862917,0.283437238197134,0.1927926123207907,-0.20930223753903676,-0.2751213547736289,0.22284445288015742,0.14967586422936932,-0.2622379377233082,-0.299519969223732,-0.155020560663891,-0.269855491710765,-0.2372098415211937,0.18800033147361392,-0.27273311093891395,0.24007379478247212,0.08124214075432426,0.5492685868098907,0.03246686532340868,0.013529296832704787,0.0,0.0,0.08341099903034234,0.996515230812234
-0.021444563904426974,0.005775359863884626,-0.0024480500606577356,0.0,0.0,-0.2371835019100976,0.23120566449984156,0.7773523315636799,-1.5527017550034956,-0.02776986518592543,0.7811737752924062,-1.7996102595570111,0.0461234276869682,1.1785302770258201,-1.6289763679408065,-0.1627500561451671,0.9526821998032656,-1.6167061160309146,0.27724913319553957,-0.2380865511268077,0.4221382875635172,0.0022200087480472785,-0.5872504879729916,-0.08820519122210403,0.025105877638314712,-0.02416079655063875,-0.021444563904426974,0.005775359863884626,-0.2371835019100976,0.2833920834642468,0.191667264701537,-0.2094279175186528,-0.2753313957922738,0.22369894425793793,0.14931324585422368,-0.26195807168756163,-0.29928891738811136,-0.15453412479835377,-0.2693562894201133,-0.23729430876002083,0.18811751988770545,-0.2730692599912906,0.24200559270603486,0.07743274828179338,0.541255204740308,0.03202051930882111,0.013581461268430106,0.0,0.0,0.08104719468998972,0.9967102649380525
-0.01936339384904435,0.0042796980090191675,-0.0027094337374272684,0.0,0.0,-0.23289559439173937,0.23132169517603787,0.779953116720373,-1.5512934814799915,-0.026605519381436404,0.7787132371555675,-1.8014581528576938,0.04450865699486295,1.1807947917418047,-1.6333100904117932,-0.16305858167735013,0.9519132592461326,-1.6143819202076304,0.2612347684123295,-0.24216807972301146,0.44869444587014007,0.0021601787514307267,-0.5869219194759022,-0.08199950239875084,0.025236768140034244,-0.024409365586259155,-0.01936339384904435,0.0042796980090191675,-0.23289559439173937,0.2833393161947077,0.1906562636677239,-0.20950610520609686,-0.2755088139132894,0.22455872452139458,0.14899728102790072,-0.26166855932808114,-0.2990744183413575,-0.15407080475630858,-0.2688965321316211,-0.2374622991037117,0.18825613634676686,-0.2733560589161406,0.24347384994154478,0.07322851347153587,0.5331730413325643,0.03158302876082333,0.013618691993707962,0.0,0.0,0.07872568059235842,0.9968963171841241
-0.016293893384486505,0.0027523642249621823,-0.002751777870486915,0.0,0.0,-0.21976830197775576,0.23135130137506157,0.7820065316527781,-1.5500924442753647,-0.025764140403932996,0.7765221123141471,-1.8029984145453481,0.04302950508215211,1.1829790996782708,-1.6367390998686202,-0.16356598232129607,0.9512157385999506,-1.6124351644756818,0.2449029057916969,-0.24828767535662408,0.47773464279945443,0.0022967715625359553,-0.5880271611791669,-0.075200213476865,0.025365185434694845,-0.024683256727652717,-0.016293893384486505,0.0027523642249621823,-0.21976830197775576,0.28328370611474973,0.18984330538086516,-0.20955320496205193,-0.27566930253223926,0.2253105090773043,0.14876812151665444,-0.26140698021390435,-0.2990113798001975,-0.15364953284327204,-0.2685115128187521,-0.2375875075207773,0.18844082802513612,-0.27356287002808516,0.24414775504149047,0.06875620904126978,0.5249676408456496,0.031228714171006824,0.013628954025493427,0.0,0.0,0.07653462836830904,0.997066923862448
-0.011687550513711856,0.0009953568187565508,-0.002540550147644982,0.0,0.0,-0.21333665259179962,0.23135189546479118,0.7838715182410346,-1.5489403936598036,-0.025040165417724188,0.7744343943066068,-1.8044032255808513,0.04162491361300152,1.1850802103678386,-1.6398263110054863,-0.1641415688726637,0.9504357576370239,-1.6106173462337918,0.22858619855509876,-0.25540308157602937,0.5078500310579933,0.0025101490318775147,-0.5895629392729865,-0.06820531727539174,0.02549408728049861,-0.024968071323302053,-0.011687550513711856,0.0009953568187565508,-0.21333665259179962,0.2832292450798882,0.18909465881916243,-0.2095903371898402,-0.2758261377135653,0.22601814458141598,0.14857077654280346,-0.2611588931588384,-0.298990584256311,-0.15325126919756926,-0.2681573167501943,-0.23766679462283474,0.18864225824406444,-0.27374674261183174,0.2443043133908856,0.06419540740147774,0.5166941496559118,0.030922105742825404,0.013628025642699666,0.0,0.0,0.0744073450044244,0.9972279313223193
-0.005988905379135712,-0.0010792719635717598,-0.0022416313489273527,0.0,0.0,-0.19529398749711527,0.2312924830299435,0.7853358189264933,-1.5478414875088315,-0.024580054888219544,0.7725909072341341,-1.8054525527087124,0.04044249958612702,1.1868775216015903,-1.6421174063827053,-0.16486152148608005,0.9492360814051195,-1.6090714407689644,0.21258579578363537,-0.26530763777819544,0.5407541312954642,0.0029077322052961036,-0.591870334112283,-0.060814409036979544,0.02562706894946821,-0.02528115085354357,-0.005988905379135712,-0.0010792719635717598,-0.19529398749711527,0.28318208410884393,0.18847608788483158,-0.20960914871388864,-0.2759852886068858,0.22662051124760732,0.14844442539381233,-0.2609545220208714,-0.2990393839186818,-0.15291794249080834,-0.267883517606712,-0.2375768060451224,0.18888074486467624,-0.27389340978188603,0.24344546102852918,0.0595656630972497,0.5083019503620684,0.030760480232085243,0.013598949126334805,0.0,0.0,0.07245967691892935,0.9973713426907774
-0.0017227764775881056,-0.002637932636555164,-0.0020181854264902928,0.0,0.0,-0.18376154951017823,0.23120764078515949,0.7867616156134942,-1.5466761745587745,-0.024282818791842218,0.7706778591329401,-1.8063026221111567,0.03957081450657411,1.1883161465326946,-1.644012972562,-0.16565901402271155,0.9477441816618948,-1.6075849617370452,0.19734793269273002,-0.2765797671645579,0.5760637329082298,0.0034358195885263332,-0.5943443245357938,-0.05331974367451184,0.02575748489059583,-0.025610859496424897,-0.0017227764775881056,-0.002637932636555164,-0.18376154951017823,0.28313957982593113,0.1878583273048972,-0.20962287124252157,-0.2761568812796846,0.22721818036024466,0.14836154138603247,-0.260766000658643,-0.2990661455422217,-0.15267148757916107,-0.26765023879503186,-0.23739065296623035,0.18914159056766622,-0.27403375407221936,0.24197195503854615,0.055109818328041085,0.4994303734321466,0.030691304912019258,0.01355068301876085,0.0,0.0,0.07062676954309598,0.9975028117373436
0.003974983684844592,-0.004716640770062243,-0.0017196316309656121,0.0,0.0,-0.17315944570029887,0.231099419521563,0.7881520134632034,-1.545449810196655,-0.02413532209366259,0.7687008597634055,-1.8069695029595885,0.03898479958826845,1.1894250114758809,-1.6455449070593324,-0.1665277932629441,0.9459836248195532,-1.6061531166837673,0.1828111141468538,-0.28910918157510096,0.6135848438498953,0.004083886648518876,-0.5969714754157597,-0.045729688697993084,0.025885542017417124,-0.025955856194475085,0.003974983684844592,-0.004716640770062243,-0.17315944570029887,0.2831013566917843,0.18724120885217904,-0.20963187167766542,-0.27633979814505194,0.2278116937629719,0.14831851588139025,-0.2605920298980133,-0.29907289256000225,-0.15250456344417135,-0.2674545210527428,-0.2371158524694114,0.18942302973871833,-0.27416803846000487,0.23990267426435563,0.05083160472039993,0.49010609448113895,0.03070712412208921,0.013484774867655954,0.0,0.0,0.06889939331903064,0.9976236131930065
0.008758583387251625,-0.006425100229238875,-0.001461220660595175,0.0,0.0,-0.15418694005564038,0.2311112718148665,0.7896338520628033,-1.5442674774112124,-0.02418394477078409,0.7661845503431378,-1.8072195269844749,0.03884719131570874,1.1897300698540427,-1.6467430121970899,-0.16739062332745755,0.9440677599473433,-1.6046516931418215,0.17075583880597878,-0.3034557736281195,0.6552808176387446,0.004906757762937847,-0.5987822612126669,-0.03829017089623383,0.025994505168813648,-0.026315553113818172,0.008758583387251625,-0.006425100229238875,-0.15418694005564038,0.2830707945606925,0.18660225445360276,-0.2096721257552874,-0.27649501013789407,0.2285006548483543,0.14832796733860515,-0.26045399569326994,-0.2989255449940451,-0.15246222138489263,-0.2673266419029641,-0.23680660609684803,0.1897057308757321,-0.27431800075611407,0.2370456648861702,0.047214768810665664,0.47964360773910014,0.030874730793364124,0.013385666477860825,0.0,0.0,0.06736110609715329,0.997728661202718
0.01203948533601073,-0.007470780526240625,-0.001248393696967609,0.0,0.0,-0.14898459173457987,0.23120644214478406,0.7911404094310722,-1.5431400079919835,-0.02429128739267889,0.7634401435803885,-1.807273425237097,0.03887609121474354,1.1897388672587847,-1.6478474537531536,-0.16821456805925178,0.9421779663875849,-1.6031314170721804,0.15987316210462577,-0.31847520037130905,0.6984725952750512,0.0057864150789688805,-0.6000190022015812,-0.030982408954790028,0.026092096899796014,-0.026676908163636028,0.01203948533601073,-0.007470780526240625,-0.14898459173457987,0.2830429078653605,0.18596363580340425,-0.2097332498693481,-0.276627348562424,0.22922772918864961,0.14835332107130472,-0.26033590663797923,-0.29871590803286885,-0.15246594894275714,-0.267220788901087,-0.2365076228377337,0.18997826224329997,-0.2744740708724817,0.2337063405741388,0.04393211908238762,0.4686955315841709,0.031088833584252636,0.013277195003636255,0.0,0.0,0.0658745693658684,0.9978279115713597
0.014760807947283185,-0.008189887692698723,-0.0010289628096293857,0.0,0.0,-0.14046868457656142,0.231565845283595,0.7926865298338611,-1.542210902830567,-0.02450729108820058,0.7601188505538786,-1.8067986989262128,0.03928804668513212,1.1890702669066613,-1.6487931807835896,-0.1688803473506311,0.940505032587533,-1.601580854618188,0.15215851923432006,-0.3350388570265338,0.7450034756853127,0.006781490242127526,-0.59942763622361,-0.024119863004395392,0.02615550807630173,-0.027034957864970875,0.014760807947283185,-0.008189887692698723,-0.14046868457656142,0.2830208588128138,0.18534342461313152,-0.20986058368803995,-0.276687087140793,0.23004873826714078,0.1484087346634093,-0.2602805471203111,-0.298353195821624,-0.152575345691992,-0.26715988195034457,-0.23627712177560894,0.1902067263503598,-0.2746468464054508,0.2295897852413623,0.04147904318271277,0.45665858988274344,0.0313914158579075,0.01315273864740374,0.0,0.0,0.06447286863407126,0.9979194602822884
0.01583861594224888,-0.008281304448150546,-0.000890148709518923,0.0,0.0,-0.14100947211231568,0.23213832148096777,0.7940708778121255,-1.5415115789933638,-0.02488736198707061,0.7566268146038055,-1.8059848763725974,0.03985977850177072,1.188137482513081,-1.649625382640145,-0.16941097649660977,0.9390593008561567,-1.6002053401686929,0.1471157907084985,-0.35241712223399785,0.7935990501533859,0.007794434395195417,-0.5971729917959733,-0.017685518811710807,0.026199692182920196,-0.027385740371590313,0.01583861594224888,-0.008281304448150546,-0.14100947211231568,0.28300174935297534,0.18480855905670204,-0.2100393876474455,-0.276679959838467,0.23087817149525552,0.14850814886677335,-0.26026174173599503,-0.2979407641289712,-0.15272888536876045,-0.2671195827845524,-0.2360835564166431,0.19039283338087817,-0.2748066914878854,0.22486014164112827,0.03970436610936643,0.4438020622518378,0.03171651150015268,0.01302829829298637,0.0,0.0,0.06306564357312312,0.9980093810183889
0.01727066405854878,-0.008419223624528129,-0.0007050619883972042,0.0,0.0,-0.1414903022232548,0.23290019595261777,0.7953114280797015,-1.5410165052221279,-0.025413270400028044,0.7529830071661207,-1.8048696349365543,0.040573533737298224,1.186969867860428,-1.6503566732310286,-0.1698214721800101,0.9378155265191589,-1.5989854239454173,0.14444809715555168,-0.37051948393234124,0.8440299082284028,0.008823262094849302,-0.5934398776353007,-0.011631798403657365,0.026226785560749998,-0.02773006314957383,0.01727066405854878,-0.008419223624528129,-0.1414903022232548,0.28298525286443305,0.18434974358845838,-0.21026397088219917,-0.2766136095818739,0.23171559049423496,0.14864670930586074,-0.26027496661822336,-0.2974840880280016,-0.15292169101383793,-0.26709726337133527,-0.23592293309795676,0.190541223383318,-0.27495518558491805,0.21950573243291346,0.03849732531486573,0.4302095634415591,0.032061619025589246,0.012903872162404685,0.0,0.0,0.06165349395652187,0.9980976138048588
0.018561156893955166,-0.00853726634394417,-0.0005387898647415955,0.0,0.0,-0.1423748134062269,0.2339513684161986,0.7959980169932047,-1.5410499054976183,-0.026310089674561932,0.7496433420614762,-1.8032071915539827,0.04138542053223862,1.1857125205223007,-1.650888654318723,-0.16999478397345302,0.9368564844733537,-1.5983170505725977,0.14578126747198783,-0.3884036531954104,0.8966491399991402,0.009713549797206832,-0.5862552487488948,-0.006413373527013498,0.026212670388772633,-0.028042151809039746,0.018561156893955166,-0.00853726634394417,-0.1423748134062269,0.28297354687343945,0.18414427739431133,-0.21055208488259186,-0.27643055342301665,0.23241526441271268,0.1488847404209279,-0.2603600517725469,-0.29704125831606376,-0.15314185180604392,-0.2670915077096545,-0.2357527971530525,0.19061037291254362,-0.2750554637542766,0.21361569710616665,0.038220717174780754,0.4152380814752566,0.03244353315294392,0.01277911125898662,0.0,0.0,0.060232391853596357,0.9981843812500748
0.0197806276466426,-0.00864718489192736,-0.0003818196780761007,0.0,0.0,-0.14271830448416198,0.23508057720733413,0.79647357897325,-1.5412562001835217,-0.027358511857914235,0.7465397426576325,-1.8013835964780864,0.042215699273528494,1.1844685727899724,-1.6513393900611184,-0.17008915092005875,0.935981344092976,-1.5978603399161138,0.1484428079742375,-0.4057912158243588,0.9497596585389353,0.010527671681660609,-0.5778751048174768,-0.0015299915702956112,0.02618561837483536,-0.02834374689017282,0.0197806276466426,-0.00864718489192736,-0.14271830448416198,0.2829637012698434,0.18403090319538878,-0.2108562289160514,-0.2762121476846333,0.23303670721066413,0.1491635022205806,-0.260466371973687,-0.29661757885457396,-0.1533672186850834,-0.2670891230189403,-0.2355714880830802,0.1906525845367103,-0.2751365139519246,0.2072819717648845,0.038174419052767763,0.39977046237927394,0.0328397411062862,0.012654135568123873,0.0,0.0,0.05880773868680215,0.998269327321312
0.020501907439959176,-0.008268430698284117,-0.00025474212386467077,0.0,0.0,-0.1435341524264947,0.23634079429838395,0.7964544494946798,-1.5418219168980916,-0.028778960721360353,0.744183556901084,-1.7992585764990912,0.04305843967530465,1.1833328406016033,-1.6515910824139912,-0.17001686907476848,0.9352632363637288,-1.597902324464586,0.15390240235461145,-0.42134720749325266,1.0034692519240924,0.011125490276349933,-0.566885004440943,0.0025407909674364203,0.026132696618636448,-0.028623625222179632,0.020501907439959176,-0.008268430698284117,-0.1435341524264947,0.2829582740863164,0.18412611058892028,-0.21118529211927473,-0.27592635627490986,0.23343019043623023,0.14954194636095708,-0.26061793969099795,-0.2962612488003006,-0.15359628411363416,-0.2670921919515014,-0.23535212637234337,0.19063688822578084,-0.27517134793683584,0.20060247273663684,0.03867669350049603,0.38328186785035706,0.03326989689634907,0.012528515524334373,0.0,0.0,0.05737482069085943,0.9983527081901926
0.02025469841819807,-0.007399654083177497,-0.00022384479190368237,0.0,0.0,-0.14731053959515483,0.23750014347259446,0.7962390172361123,-1.5425550564370973,-0.030385597637205424,0.7424636742081305,-1.797042389108677,0.043893603664455993,1.182208244246666,-1.651716851224803,-0.16985704185384692,0.9346158546630783,-1.5981405539946123,0.16055995617250005,-0.43601450956229015,1.0568437106681596,0.011501602772058864,-0.5544043978055317,0.006009955528295719,0.02606310121564552,-0.028880799603131082,0.02025469841819807,-0.007399654083177497,-0.14731053959515483,0.2829535115848888,0.18430789390012772,-0.21148086376782385,-0.2756352194883052,0.2336468749757664,0.14997084208604589,-0.2607912696627516,-0.29593190243860257,-0.15382385891884298,-0.26710616706909085,-0.2351204832165278,0.19059226835451712,-0.27519066058813424,0.19342542222169487,0.039273905968489946,0.36653866374509964,0.03369230769499384,0.012419524273336535,0.0,0.0,0.05590407967651403,0.9984361441151468
0.018762613501159868,-0.0054193983444553,-0.0002760929290690495,0.0,0.0,-0.15055601642958888,0.2385728092807712,0.7958548872759847,-1.5434320749658528,-0.03215223991058089,0.7412906144604539,-1.794747854724075,0.044722256674007935,1.1810932177485842,-1.6517344044916558,-0.1696219803257422,0.9340292531432528,-1.5985474315556614,0.16824700638200296,-0.44991809400645166,1.109930163080042,0.01168718658895655,-0.5406428873538971,0.008962104640280199,0.025979176897442703,-0.029118462776144344,0.018762613501159868,-0.0054193983444553,-0.15055601642958888,0.28294932029464026,0.18456395125691497,-0.21174755895955744,-0.2753393672328464,0.23371110002869516,0.15044347304871314,-0.2609832702219314,-0.2956256958716324,-0.1540501896327059,-0.267129521518108,-0.23487834730623036,0.190522788927472,-0.2751965631542443,0.18568255001175973,0.03988652258164033,0.34963143559491994,0.034108062641638695,0.012324823391144024,0.0,0.0,0.054400810632097577,0.9985191794865889
0.016855847575957802,-0.0032212208651864675,-0.00036830327125453305,0.0,0.0,-0.16193657822569102,0.2392040394773387,0.7954279912842644,-1.5444200472398237,-0.034079411339880246,0.740940597322252,-1.7924485616009644,0.04562169591886829,1.1799006112898238,-1.6515276082838424,-0.16937586725360215,0.933631404481753,-1.5989313294189145,0.17786995524709875,-0.4642752613684144,1.1604736959091342,0.011355680733392335,-0.5244112785416419,0.010927836184926107,0.025886368100540805,-0.029331913518935743,0.016855847575957802,-0.0032212208651864675,-0.16193657822569102,0.28294246786772603,0.1848503698679076,-0.21188862769526567,-0.2751009135811279,0.23355701831635084,0.15096017713755527,-0.2611912940766959,-0.29534105181381365,-0.15429686016715652,-0.2671739013740029,-0.23469594127564955,0.19044942812499177,-0.2751990972192836,0.177403716681381,0.040644236044704275,0.3334392149856976,0.03446192072346957,0.012285566606530638,0.0,0.0,0.052783771511001505,0.9986059650658383
0.01508493456506003,-0.0011706645261888304,-0.000454470364734394,0.0,0.0,-0.16631365698480458,0.2396441622815951,0.7950247143856203,-1.5454123875107428,-0.03600735981205498,0.7408344504809139,-1.7901564842522746,0.04655136156714324,1.1786246426177747,-1.6512206010144166,-0.16915523441451968,0.9333275490336947,-1.5992333431436558,0.18788051680483006,-0.47919429131228525,1.2094334731198324,0.010819815894156086,-0.5073510349699943,0.012553780203252434,0.025796179565591642,-0.029541300826075704,0.01508493456506003,-0.0011706645261888304,-0.16631365698480458,0.2829345881637901,0.18512998038429568,-0.21197665335264118,-0.2748928882924601,0.23333840486683674,0.1514785599307551,-0.261406201899514,-0.29505264508313134,-0.1545525987180547,-0.2672324797494914,-0.23455517751356286,0.1903842077612298,-0.27520450835326643,0.16863969145209962,0.04121288432902896,0.31790204489147106,0.03479212283561326,0.012267770527890234,0.0,0.0,0.051122880411012026,0.9986923706019194
0.012981652579817671,0.0012527009143202083,-0.0005567803828404604,0.0,0.0,-0.17659989733899623,0.23960511521859604,0.7947334376248446,-1.5463609803806653,-0.03785117376934401,0.7411989136175676,-1.7878941189159046,0.04755629057233985,1.1770773042332041,-1.6506584665992043,-0.16903640058907596,0.9332747459411621,-1.5992399345744739,0.19829864935441463,-0.4959799430587077,1.2538173740560363,0.009795982983301975,-0.4885146780447524,0.013437064957212329,0.025720661336725407,-0.029748540202325043,0.012981652579817671,0.0012527009143202083,-0.17659989733899623,0.28292428905313666,0.18536817673613948,-0.2119340918570851,-0.2747690676646102,0.23299721434059115,0.15197662840817605,-0.2616416424535578,-0.2947387465451765,-0.15483110550868967,-0.26733412460461337,-0.23453846204829332,0.19035172448056964,-0.2752229016459242,0.1597694474059954,0.04162031584013883,0.3040918632756196,0.035066945647651504,0.012300598943098026,0.0,0.0,0.04935911098993216,0.9987810962179268
0.011406260391446009,0.0030780305020555645,-0.0006333520316120778,0.0,0.0,-0.18371251811477735,0.2392842811767501,0.7945724587247829,-1.5472306001065959,-0.039551450221827565,0.7418318189153768,-1.7856702617924622,0.04863920457886929,1.1751839006790006,-1.6498651263689754,-0.16904570734260058,0.9334356947378679,-1.5988274361148025,0.20815210240055831,-0.5151026793802631,1.2939753899670616,0.008586170739785867,-0.46886448291214994,0.013888406628422967,0.025649955411526287,-0.0299418777076885,0.011406260391446009,0.0030780305020555645,-0.18371251811477735,0.28291231694847646,0.1855539026722069,-0.2118165388411988,-0.2747016621261289,0.23258759563283618,0.15243843891573125,-0.2618940492477454,-0.29437420901151323,-0.15513353645582578,-0.26748360812213773,-0.23465563925536131,0.1903621905047692,-0.27526787670461755,0.1509880186742158,0.041736668501209086,0.2920377287380866,0.03530391819323554,0.012368832950038142,0.0,0.0,0.047524141793331746,0.9988700896246755
0.008390477656852342,0.005514038801574115,-0.0005902628404927391,0.0,0.0,-0.18962173607612307,0.2387293471832468,0.7945197272782374,-1.5480346113744408,-0.04113248013185736,0.7426877377009151,-1.783478396107452,0.04978690612496754,1.173002996830025,-1.6488797074616557,-0.16916146934634507,0.9337742220271718,-1.5980667706691858,0.21753643708999731,-0.5361669936565443,1.3306226706264004,0.007221852589135188,-0.448538176038048,0.013980903277041939,0.02558324740014293,-0.030123665966469836,0.008390477656852342,0.005514038801574115,-0.18962173607612307,0.2828989549718722,0.18569608216024297,-0.21163675135730883,-0.2746810996384205,0.23212064879884986,0.15287022768879885,-0.26216016830401373,-0.29396721371379486,-0.1554560859949685,-0.26767242768352356,-0.2348841565551815,0.1904083240539485,-0.2753347660375764,0.14240201572157235,0.04162490330976153,0.2813703067532638,0.03550944590207303,0.012466480833186648,0.0,0.0,0.04562998154830428,0.9989584099370211
0.004978662622898791,0.007738277491278573,-0.0004468692673578744,0.0,0.0,-0.19325607837891876,0.23775420157295282,0.7945458590984344,-1.5486232421614907,-0.04256057219974925,0.7438917927669757,-1.7813360925876733,0.051104491632996206,1.1702895525730017,-1.647493934992588,-0.16946602906241562,0.9344712848013098,-1.5965984535939766,0.22479272001620507,-0.5633632034966445,1.3598023743340468,0.005841249134391524,-0.42763259555354227,0.013574682613552512,0.025538410511658047,-0.030290714775522552,0.004978662622898791,0.007738277491278573,-0.19325607837891876,0.28288870643485675,0.18578030708052556,-0.21134876370486327,-0.27475924452045264,0.23156469649596495,0.15326311981845148,-0.26244503352541054,-0.29349009149358185,-0.15582936964068092,-0.26793327777505005,-0.2353385496005836,0.19051935314861715,-0.2754497717761046,0.13464368225866227,0.04115969776933874,0.2739716730908529,0.03561803224411878,0.01261907272661726,0.0,0.0,0.04369934849131764,0.9990447271976537
0.001018411052213704,0.00978930004450319,-0.00018393903067626116,0.0,0.0,-0.19269524305548416,0.2366546130541599,0.794547089422592,-1.5491185212376142,-0.043930914892692775,0.7452092483790234,-1.7791771515451296,0.052482258189808256,1.1673889677933973,-1.6459695004453563,-0.16980881116004906,0.9353216585486827,-1.5948986248536543,0.23120006663028644,-0.5926608021813213,1.3861611274757772,0.004501592424331275,-0.40660194074264655,0.013022520617026865,0.02550265049994594,-0.03045337541837885,0.001018411052213704,0.00978930004450319,-0.19269524305548416,0.28288108020117786,0.1858574865780456,-0.21102977172964224,-0.2748708081828675,0.23097477059534363,0.15364212596573174,-0.2627413245637991,-0.29298683971755723,-0.15622129843583318,-0.26821801001353324,-0.23587808766657775,0.19064480036122514,-0.27558140095879086,0.12732702665984125,0.040546852462867225,0.2676337256037088,0.03568080504133243,0.01279221826957332,0.0,0.0,0.0417741556949125,0.9991270789624197
-0.0038574139162509805,0.012234713187965372,0.0001535045378142641,0.0,0.0,-0.18895608660650595,0.23531031044143616,0.7944216372990849,-1.5493826083462647,-0.045167632099955994,0.7467662947948533,-1.7769350620231243,0.053994266146963316,1.1640729765699367,-1.6441400201633722,-0.1701982697904712,0.9365494200075516,-1.5927081920883872,0.23558575035345683,-0.6265504646180862,1.405991017216384,0.0033161659075906583,-0.38540017364001,0.012186187493492543,0.02548892693500025,-0.030607369512018534,-0.0038574139162509805,0.012234713187965372,-0.18895608660650595,0.2828813488736297,0.18593718202702328,-0.21065143777214132,-0.2750555507233405,0.23030951462449611,0.153988004056748,-0.2630737551950586,-0.292426183286521,-0.1566540157924471,-0.2685568323699655,-0.23661348613945477,0.19079093830248642,-0.2757511296035734,0.12105477430489253,0.03976876564336595,0.26385085937818736,0.03562593988773197,0.013012678569389717,0.0,0.0,0.039886169690148854,0.9992042301088645
-0.007518651473368714,0.0140605084245865,0.00040605664253234863,0.0,0.0,-0.18630252244826864,0.23380456368128455,0.7940955758094788,-1.549436092376709,-0.04637236893177035,0.7483699123064678,-1.7746115525563557,0.055538075665632916,1.1606550216674805,-1.6422282457351685,-0.17051173249880475,0.9380438725153606,-1.5903267065684,0.23852021495501205,-0.66221974293391,1.4217618703842165,0.002386251464486106,-0.36423140764236406,0.011293277765313763,0.025501877069473267,-0.03075160582860311,-0.007518651473368714,0.0140605084245865,-0.18630252244826864,0.28288722038269043,0.18604524204249426,-0.21023585656801,-0.2752972393944425,0.2296203788924102,0.15432711427477108,-0.26342361594891806,-0.291851199014053,-0.15709748486742886,-0.2689080813401927,-0.23746174970318248,0.19091804153591072,-0.27594210273824044,0.11556810939156574,0.03890528547694312,0.2613920874919076,0.035487990826368325,0.013267750851809985,0.0,0.0,0.03802455778527114,0.9992768049971112
-0.012391706676883484,0.01651225301640184,0.0007435002110214861,0.0,0.0,-0.18417191298804622,0.23216917237850146,0.7936084189198234,-1.549320455753442,-0.04755142455299698,0.7500109278192424,-1.7722226604066713,0.05710742280188237,1.157155186840982,-1.640250386613788,-0.17076416817879436,0.9397524860170153,-1.5877917998968951,0.24028930662557338,-0.6993181067283718,1.4342731941830031,0.0016615209593014084,-0.3430891425320591,0.01035493530916292,0.025536246992873424,-0.030888006354522227,-0.012391706676883484,0.01651225301640184,-0.18417191298804622,0.282897591139331,0.18617610351220784,-0.20979008328469964,-0.2755843706537733,0.22891140269807483,0.15466097293751066,-0.26378682013360516,-0.29126414903936015,-0.15754991982207084,-0.2692687552679558,-0.23840132245264956,0.1910296189936237,-0.27614875731415073,0.11072285906228946,0.03799401474960952,0.2599537465701135,0.035283322869376695,0.013550617605109115,0.0,0.0,0.036184106089100596,0.999345140812989
-0.016479074969495636,0.018456693554539015,0.0009801013000090843,0.0,0.0,-0.17991019421594062,0.23028364205601234,0.7927107774850094,-1.5488353702757094,-0.04870890133609678,0.7516788430888244,-1.7696977697237573,0.05856944214213981,1.1538858028373333,-1.6383752762669264,-0.17074636979536575,0.9419508474041718,-1.5851954354180229,0.23943061434259316,-0.7381924288441445,1.441736936569214,0.00154328593664398,-0.3227034849349894,0.009492266866745354,0.025606634829080467,-0.03101246971448865,-0.016479074969495636,0.018456693554539015,-0.17991019421594062,0.2829169603911313,0.18637475436228707,-0.209287646808007,-0.2759663124884918,0.2281772042306191,0.1549912673034866,-0.26417511269007776,-0.29071900539995343,-0.1579728341439992,-0.2696067715360789,-0.23949864594151862,0.1910635266453111,-0.27637648618011684,0.10682684993770208,0.036929195084944876,0.26027410476427976,0.03494585331792782,0.013890664290749673,0.0,0.0,0.034386123745554296,0.9994086223831349
-0.018792509163607165,0.01917424341534401,0.0009373884008401223,0.0,0.0,-0.17817543942709543,0.22831010005690835,0.7916792712428353,-1.548227532343431,-0.04984883320602503,0.7533476190133528,-1.7671993591568687,0.05995084413073279,1.150798120281913,-1.6366406028920955,-0.1705817465077747,0.9443712857636538,-1.5826650749553335,0.23753849755633963,-0.7769777205857361,1.4475441087375986,0.0016767141324552579,-0.3027687099846928,0.008673107653686951,0.02569062728434801,-0.031133443709801544,-0.018792509163607165,0.01917424341534401,-0.17817543942709543,0.28293679519133136,0.1865952728348142,-0.20876422285755594,-0.27637967386292484,0.2274430364221753,0.15531760693296198,-0.2645577520979927,-0.2901955646244512,-0.15837325860701462,-0.26992060809468676,-0.24065265539335737,0.19105285522153764,-0.27660247180837894,0.10330291882626656,0.03582044418339674,0.26098946892439295,0.03457497636025603,0.01424183417111635,0.0,0.0,0.03260536845897565,0.9994683036233087
-0.02035595729902863,0.01913916385432238,0.0006621835207692993,0.0,0.0,-0.1740455164439615,0.22614119691078108,0.7903631702818051,-1.5473558156177252,-0.05093799998061826,0.7550080864116399,-1.7648480095044532,0.06110240112651478,1.1482332655877778,-1.6353415178530144,-0.1700297589554931,0.9473437703017032,-1.5803852996440848,0.23322320601554833,-0.8147174950801964,1.4498160029902603,0.002414213295913103,-0.28405409750312266,0.007970578728638815,0.02580592470864455,-0.031247516435505163,-0.02035595729902863,0.01913916385432238,-0.1740455164439615,0.2829544559271649,0.18686180692599663,-0.20819466896363276,-0.27686251521780464,0.22672531272290292,0.15563003042022505,-0.26491650840946446,-0.2897326467015527,-0.1587068965728618,-0.2701656410349651,-0.24192952318401528,0.1909242273467607,-0.27682244829576685,0.1004950784394293,0.03457161523410354,0.26272506140524887,0.03414576316271165,0.014607010409235954,0.0,0.0,0.03086578930437021,0.9995235380172985
-0.020530241896819876,0.018342690098987955,0.0002699217411000765,0.0,0.0,-0.1707236574955804,0.22379893907392867,0.7889024558091404,-1.5463836560345658,-0.051941722255162526,0.7566585902011755,-1.7627589810978284,0.062059365212917335,1.1462682040050776,-1.6345038648807642,-0.169214376144939,0.9508285940897585,-1.5784247631978507,0.22664990155684825,-0.8510250915782622,1.4499765399730566,0.0035647799289136293,-0.26668896909916034,0.007422216290683304,0.02593864647276474,-0.03136084352930387,-0.020530241896819876,0.018342690098987955,-0.1707236574955804,0.28296328253216213,0.1871571739884934,-0.2075790687583994,-0.27738690263261234,0.22603815306776154,0.1559181268398872,-0.265234795738926,-0.28934742056283425,-0.15898219396727534,-0.27032866116278415,-0.24330523906442614,0.1907104957974493,-0.2770105465081449,0.09814884426133862,0.03315789968187889,0.2650295319893708,0.0337150523984673,0.01495570175330898,0.0,0.0,0.029159321181114924,0.9995747765866526
-0.020743302049031638,0.01730140882087821,-0.0002545953700028303,0.0,0.0,-0.16814571164236772,0.22132213729800598,0.7873295039841622,-1.545333540800846,-0.05287912939534044,0.7583013610406356,-1.7608735452998767,0.06286530196666719,1.144768653493939,-1.6340243382887407,-0.16819456716378528,0.9547110543106542,-1.576711994228941,0.2183241094603682,-0.8862211469447978,1.4484984116120772,0.005035936239768174,-0.25037120147184877,0.006993505454650426,0.02608489160510627,-0.031473591923713684,-0.020743302049031638,0.01730140882087821,-0.16814571164236772,0.2829652527968089,0.18747504981534424,-0.2069270551414885,-0.2779428383319613,0.22537466933071232,0.15618732069604363,-0.26552148398307013,-0.2890228566316931,-0.15921200851053816,-0.27042828723349194,-0.24475758232753667,0.19043027380832508,-0.27717131419065144,0.09610260002496235,0.03161569257637347,0.267781143590421,0.033283179343649834,0.015291598851256302,0.0,0.0,0.027478537838550827,0.9996223936858635
-0.02094300956220651,0.01633418616797401,-0.0007397071881729,0.0,0.0,-0.16284080387122138,0.2186056565154682,0.7856648486069958,-1.544194717599888,-0.053557982122657284,0.7600596068483411,-1.7594787412219577,0.06342161469387286,1.1442812241689124,-1.6341499842778602,-0.16685472180445987,0.959294642462875,-1.5755399122382656,0.2061426935322355,-0.9188154562555183,1.4451289417767765,0.0069398906580502035,-0.2364772566490701,0.006802526142711589,0.026270287704061382,-0.031600064042993266,-0.02094300956220651,0.01633418616797401,-0.16284080387122138,0.282953098717362,0.187807534128959,-0.2062093331765456,-0.2785481895913964,0.22473538871790513,0.15638383570104544,-0.2657508325113596,-0.28886410530932644,-0.1593646018090347,-0.27039968112987145,-0.24632499012644787,0.1900428301986993,-0.27726921915574887,0.09453154225697055,0.0297133873693535,0.27110197706551703,0.032848554296475464,0.01560113057400091,0.0,0.0,0.02585070826437743,0.9996658146011747
-0.021128365256366573,0.015464196930315937,-0.001172017720010854,0.0,0.0,-0.16085771048532496,0.21580968240294787,0.7840187694087173,-1.5429871961323902,-0.05412630812086241,0.7619519438406435,-1.758260439140628,0.06395437846882175,1.144136992367831,-1.6344176579003382,-0.16545571010522164,0.9640841134870897,-1.57456420768391,0.19249768735784442,-0.9501812476100349,1.4414492797369909,0.008944752842488954,-0.22332350066815942,0.006686815634520367,0.026467677469205378,-0.031728066842664375,-0.021128365256366573,0.015464196930315937,-0.16085771048532496,0.282935664509282,0.1881239870174835,-0.20546933027577008,-0.2791735230411712,0.2240791062941463,0.15654975101151355,-0.26596335211987676,-0.28877359693763555,-0.15950783956888737,-0.2703269368679022,-0.24791943533916855,0.1896318491956792,-0.27733239929928244,0.093007865074138,0.02767390650162397,0.27441518576108836,0.0324128098560102,0.015900796204052794,0.0,0.0,0.02424263527786764,0.9997061041300009
-0.021097672729434244,0.0143363229048232,-0.0015409004808675244,0.0,0.0,-0.15634635218080792,0.21284271460590937,0.7824664874510332,-1.5415887381091262,-0.054429661708347725,0.7642379881757678,-1.757436940164277,0.06450159260720918,1.1447392485358499,-1.6349263444091335,-0.16398105657461917,0.9692871525432125,-1.5740296569737522,0.17550133371894994,-0.9785026555711576,1.437450860485886,0.011119816424042911,-0.21169190898989174,0.006729078930661534,0.026689776670977928,-0.03185604224828157,-0.021097672729434244,0.0143363229048232,-0.15634635218080792,0.2829062180085616,0.188382267559924,-0.2046848968752501,-0.2798501541183229,0.22336120951433222,0.15664215152489594,-0.2661451521716803,-0.28884431947054706,-0.1596488152304181,-0.2701577027517739,-0.24955886942848574,0.18918618869869214,-0.27732236311376396,0.09170886710568885,0.02529653753087565,0.2776220734362296,0.031974430449984284,0.016178006842506656,0.0,0.0,0.02267960162194416,0.999742784755294
-0.02083999362691195,0.013392132442803342,-0.00166090750935155,0.0,0.0,-0.14968277025605536,0.2097863684398959,0.7812069305265793,-1.5399469293729222,-0.05454875972836909,0.7670161380912318,-1.7567241035326562,0.06529933996874877,1.145712385273943,-1.6353893412484064,-0.1626837063919414,0.9745153905165317,-1.5736175594907817,0.1574697058008173,-1.0032481304322833,1.4342270776478931,0.013238776080084589,-0.20067366837251055,0.006841056171164972,0.026916174631979733,-0.031970444577510915,-0.02083999362691195,0.013392132442803342,-0.14968277025605536,0.2828740284900473,0.1885130466634209,-0.20387975855988008,-0.28057145711279846,0.2225216582673239,0.15668520761982924,-0.26634007114727326,-0.28902624996033116,-0.15985525546337773,-0.26992908966357465,-0.2511832783231368,0.1887859811828384,-0.27726169270495293,0.09048890738504257,0.02284679206484717,0.2801633500177229,0.03154376642120005,0.016435390093711894,0.0,0.0,0.02118313351952689,0.9997756122522162
-0.020096244606216646,0.012012798381668997,-0.0015733518985788788,0.0,0.0,-0.1446852265404925,0.20666298849715123,0.780166917377048,-1.5381226076020134,-0.05452966607279248,0.7701633671919506,-1.756094263659583,0.06628498724765249,1.1469636824395921,-1.6358180708355374,-0.1615193337202072,0.979762527677748,-1.5732973019282024,0.13866162217325606,-1.0253116554684112,1.431584272119734,0.015315657791992059,-0.19011544105079423,0.007005318869940111,0.027145796662403483,-0.032074667099449373,-0.020096244606216646,0.012012798381668997,-0.1446852265404925,0.2828397817081875,0.1885480649449345,-0.20305799215993947,-0.2813255578836711,0.221590541056323,0.15669110399156466,-0.26654336653248906,-0.2892914372140932,-0.16011052598233444,-0.2696556019608418,-0.25279592037128584,0.18841968450874763,-0.27716103961873295,0.0893284201516363,0.020356621212934408,0.28220447772021634,0.031118888925347057,0.01667790280448066,0.0,0.0,0.019736583737841897,0.9998052146605154
-0.019232410904452255,0.010669953864376002,-0.0013829970901657607,0.0,0.0,-0.12887337753047387,0.20331471752036695,0.7799442464655096,-1.5358558676459573,-0.0542519058693539,0.7741653919219972,-1.7553317113356157,0.06800154461102056,1.1481636762619019,-1.6359353390606968,-0.16088779406114057,0.9846829555251383,-1.572957537390969,0.11833538385954728,-1.0438588532534516,1.4305968934839421,0.017063207924366032,-0.18044256215745733,0.007260717239908202,0.0274056839672002,-0.03216331248933619,-0.019232410904452255,0.010669953864376002,-0.12887337753047387,0.2828110944141041,0.18826247147010375,-0.20218166626781728,-0.28217075839298467,0.2204096229427723,0.15663034026822667,-0.26681842697184416,-0.2896010969280547,-0.16056462404339839,-0.2693337127982018,-0.254314070778924,0.18820357057519874,-0.2769976864582112,0.08826299539427664,0.017717953467195187,0.2833415937256141,0.030721579255028195,0.016883803362196147,0.0,0.0,0.018448084599374283,0.999829819606624
-0.018478945713486194,0.009481769204657518,-0.0012161454769094027,0.0,0.0,-0.12301717173614489,0.19984642002317632,0.7800339327918159,-1.5334590017193495,-0.0539021673377114,0.778442164864203,-1.754507627150025,0.07002872721564897,1.14922236192106,-1.6359089137327791,-0.1604619108968311,0.9894558757242531,-1.5725567015734585,0.09756298340631199,-1.0617577397462097,1.4301899508996443,0.01865623341967364,-0.17118480688694732,0.007541502633066198,0.02767753031932646,-0.03224422159896355,-0.018478945713486194,0.009481769204657518,-0.12301717173614489,0.2827844618245809,0.18785964498686203,-0.20127072111922858,-0.2830478963578227,0.21914474373088166,0.15655089163156558,-0.2671140848843766,-0.2898987288526994,-0.16110342164207758,-0.26900275760523695,-0.255798433481068,0.18804600434402657,-0.27681343903259636,0.08715653155144253,0.015062296732486977,0.28423082059930854,0.030334371584232397,0.017076031192008297,0.0,0.0,0.017218108274164003,0.9998517573857932
-0.017550008274696095,0.008040879112210705,-0.001011864103452054,0.0,0.0,-0.10984077394491312,0.19607671267456467,0.7808346483442519,-1.5307981414024274,-0.0534108102020591,0.7833014106509663,-1.753534531352496,0.07278888439289255,1.1498587215789642,-1.635534993325821,-0.16050584779845345,0.9938742837520562,-1.5719725001942026,0.07588581831166172,-1.0787561084284931,1.4310610944574529,0.01987379875899569,-0.16293551479325125,0.007872268087183597,0.027976924346552964,-0.03230604536906637,-0.017550008274696095,0.008040879112210705,-0.10984077394491312,0.28276244859502775,0.18719508831002715,-0.20027634488137933,-0.28400051243230173,0.2177008937498067,0.15643520990721038,-0.2674595501242393,-0.29014535230512783,-0.1618436607864478,-0.2686605427279409,-0.2572099403220944,0.18802435846902604,-0.2765983971200851,0.08601553565397188,0.012322817470338235,0.2846861289229863,0.029969800978597957,0.017237399224982124,0.0,0.0,0.016119852978726455,0.9998700667286446
-0.016858605650452683,0.006953621499348349,-0.0008587208059102069,0.0,0.0,-0.09973866569207553,0.19199871226693632,0.7821163237094879,-1.5280939521211565,-0.052834127098321894,0.7881845642219891,-1.7523948911464575,0.0760148305333023,1.1499953649260781,-1.634914351232124,-0.16078495234251022,0.9981782833735149,-1.57129341544527,0.05412149937315358,-1.0941382195010334,1.4325609441959497,0.020760523127109735,-0.15541310450344353,0.008223009055875478,0.028288768830172954,-0.032354237963304375,-0.016858605650452683,0.006953621499348349,-0.09973866569207553,0.2827439872604428,0.1863735039938063,-0.19918929728995408,-0.28499759779301803,0.2162276273610877,0.15629751481389392,-0.2678360943246542,-0.29030062705725096,-0.16271333846485503,-0.26833425416299816,-0.25860411451151766,0.18806952762044685,-0.27636142525093665,0.08491677564072467,0.009613682311441763,0.2848158591931743,0.02962236800654367,0.017374869859354065,0.0,0.0,0.015122587897660016,0.9998856471293492
-0.015475877851257624,0.005532635360059582,-0.000560174536223812,0.0,0.0,-0.09241834052092905,0.18769731109190468,0.7837465206782023,-1.5253583650396327,-0.05219561358292898,0.7930850422743595,-1.751134566586427,0.07957830490789028,1.1497698950045037,-1.634114925307457,-0.16123446822166443,1.002399378352695,-1.570545574631354,0.032294025475328655,-1.1083491294070928,1.4345163781233508,0.021407507661015096,-0.14841742015848258,0.008588225035128568,0.028609635383643285,-0.03239255289387221,-0.015475877851257624,0.005532635360059582,-0.09241834052092905,0.28272809976279134,0.18543713114116045,-0.19803258551646513,-0.28602337331380434,0.21473193635865306,0.15614352756164462,-0.2682325459207777,-0.290389713860398,-0.16367673220555357,-0.2680178852745767,-0.2599857384853279,0.18816269995419937,-0.2761069024759099,0.083838865500509,0.006938366726175121,0.28470786980048357,0.02928735360954747,0.0174950235382174,0.0,0.0,0.014198503717260412,0.9998991961653889
-0.013858123689812707,0.004219398613851905,-0.00021395207655539042,0.0,0.0,-0.07408344639246607,0.18313072621822357,0.7858390808105469,-1.522829694579346,-0.05155723952133246,0.797481813214042,-1.7495583217553419,0.08364998172930999,1.1485162076323923,-1.6329628289347948,-0.16169192476405037,1.0069208404030463,-1.5697808024859188,0.01124525952595045,-1.1209014907027737,1.4368763921236751,0.02151588471888593,-0.14283389417511042,0.008902869530661842,0.02892004597856842,-0.032408311172868264,-0.013858123689812707,0.004219398613851905,-0.07408344639246607,0.28272158027899386,0.18438819094935818,-0.19678703214330823,-0.28704806702693925,0.21333175146751499,0.15599097823390845,-0.2686649775717898,-0.29026118033766135,-0.1647865704685514,-0.2677714916609504,-0.2614586458556125,0.1882538322069839,-0.27582651788491075,0.08283927399882325,0.004387851514051059,0.28446145251751165,0.028997298706360537,0.017578509071785393,0.0,0.0,0.013457740035967109,0.9999094405160521
-0.012070822630649004,0.003097681614109908,0.00016665970436202665,0.0,0.0,-0.06670087301930586,0.17853682555935596,0.7880426229852618,-1.5204143090681597,-0.051026328043504196,0.8016360564665361,-1.7477963693214185,0.08784963393753228,1.1468945669405388,-1.6316584276430535,-0.16201536041317563,1.0116145177321,-1.5690551707238862,-0.009237054396759533,-1.132661465442542,1.4394299767234109,0.02143553706506888,-0.13778239307981546,0.009183463414735868,0.02922336328210253,-0.032413572411645546,-0.012070822630649004,0.003097681614109908,-0.06670087301930586,0.2827195416797291,0.18332058086168668,-0.1955236558197733,-0.288050610036101,0.21197145979348878,0.15586786025493177,-0.2691055743864668,-0.29005927459905617,-0.16593499148092838,-0.26755530907083785,-0.26297465749831034,0.18830398221007674,-0.2755417124713234,0.08185366990253644,0.0019400968671918924,0.28412225886290127,0.02872868717619867,0.01764881977755012,0.0,0.0,0.012790788716061494,0.999918194515942
-0.009813895542418977,0.00172478897008861,0.0006462362679565681,0.0,0.0,-0.04978946904481346,0.17393406345085657,0.7904495699237092,-1.5182786854830654,-0.050814184275540436,0.8052078955101245,-1.7455694687486898,0.09229062836278575,1.1444611826328315,-1.629998175182728,-0.16193903952535957,1.0167373491056038,-1.5684502636543427,-0.028250835892377733,-1.1425221026545824,1.4424477057023481,0.020941899571981688,-0.13392488357394627,0.00937680458894583,0.029508482965857095,-0.032393831703247444,-0.009813895542418977,0.00172478897008861,-0.04978946904481346,0.28272824666716834,0.1822324588657756,-0.19424378093944425,-0.28900396541282497,0.21070867892022319,0.15583339282637632,-0.269573618799799,-0.2896991131589787,-0.16715858559590369,-0.26741732172335925,-0.2645943283121782,0.18823559038826698,-0.27526262835831355,0.08096649447737718,-0.00031725859102850387,0.28357348183453807,0.02851145430420986,0.017690025175912213,0.0,0.0,0.012292933170716771,0.999924439042301
-0.008124918818755478,0.0006956621398865713,0.0010049139911483265,0.0,0.0,-0.03648838425755038,0.16948103091933503,0.7930198697128682,-1.5164052440662577,-0.051073410520047866,0.8084295542553218,-1.7427947713871195,0.09686718911233583,1.141424876270872,-1.6280505801692153,-0.16135261501326703,1.0223265537107835,-1.5681109103289517,-0.046061100457052105,-1.1513021919462418,1.4458348751068115,0.02015342830558014,-0.13088236824430596,0.009503477459980383,0.02976930952358126,-0.032362547298573484,-0.008124918818755478,0.0006956621398865713,-0.03648838425755038,0.2827453911304474,0.1811338141635743,-0.192994488053755,-0.28988756557270334,0.20946828420276706,0.1559301652715269,-0.2700714156602504,-0.28922471929487037,-0.1684277890017673,-0.2673420894374337,-0.2663014314726208,0.18801541578425285,-0.2749848802006947,0.08012577464957639,-0.00241016415661077,0.2828866034419129,0.028334553908519067,0.017708139889168018,0.0,0.0,0.01192807608077193,0.9999288579699115
-0.005867258486705693,-0.0006772788719041982,0.0014841556549072263,0.0,0.0,-0.027177627581072703,0.16513280909169795,0.7957045164975254,-1.5147153301672502,-0.0516625957732851,0.8114060867916455,-1.7396366162733596,0.10153864628889356,1.137966524470936,-1.625901845368472,-0.160409117964181,1.0282422195781362,-1.5679574446244673,-0.06302890317006586,-1.1593258976936343,1.449480652809143,0.019158573397858553,-0.12841034883802582,0.009583482518792154,0.03001313089308414,-0.032323182306506416,-0.005867258486705693,-0.0006772788719041982,-0.027177627581072703,0.28276844322681427,0.18002755198382464,-0.19176560625930894,-0.2907198003748356,0.2082414373533474,0.15611932229120065,-0.2705881112507931,-0.2886691957583944,-0.16973016273552421,-0.26730774348977476,-0.2680684252219329,0.18768884325215937,-0.27470379962267,0.0793142413837835,-0.004383801976067203,0.28210245661218897,0.028185886246236885,0.017710091122849422,0.0,0.0,0.011656318699159354,0.9999320628094608
-0.003748891432421034,-0.0018858191862022855,0.0019132902826929368,0.0,0.0,-0.006275927802014102,0.16110843088891763,0.7984991338517932,-1.5135595401128132,-0.053277398977014785,0.8140909870465597,-1.7356516122817993,0.10643439905511017,1.1336101955837672,-1.6234808497958713,-0.15851911571290755,1.0346961153878107,-1.568424595726861,-0.07763757887813805,-1.1661840677261355,1.4534290234247844,0.01776887600620585,-0.12695919970671332,0.009598867760764228,0.03021707923875915,-0.0322793283396297,-0.003748891432421034,-0.0018858191862022855,-0.006275927802014102,0.2828047573566437,0.17897216863992313,-0.19061390740265755,-0.2914216712109176,0.20698247484692248,0.15659399769164808,-0.27112091701143687,-0.287912412493976,-0.17110654231446623,-0.26734884380831353,-0.26987639690945087,0.1870845034511514,-0.27443908548298696,0.07858138048582561,-0.0060720482345465645,0.2812295862672705,0.028100558867057163,0.017675585216946073,0.0,0.0,0.011593563661872716,0.9999327923823772
-0.001976084608718671,-0.002663352744965187,0.0022108807708282057,0.0,0.0,0.00032139686711676505,0.15712468002480684,0.8013086466476171,-1.5126385339582809,-0.05521731345792013,0.8167190190517541,-1.7314117376250449,0.11141811796661585,1.1289991489564528,-1.6210174024707138,-0.1563182078076131,1.0412594844596554,-1.5691696664299628,-0.09135248402904997,-1.1723008185926111,1.4573902439589452,0.01629190147863793,-0.12580617359190274,0.009604231957722493,0.03040882456821926,-0.0322358828188494,-0.001976084608718671,-0.002663352744965187,0.00032139686711676505,0.282844974838122,0.1779493821330065,-0.1894651135993453,-0.292077407064622,0.20569938870022847,0.15716093131570885,-0.2716520323378,-0.28708909236130714,-0.17251264833101557,-0.2673972654591735,-0.27166117735238704,0.1863887849406529,-0.27416813214365615,0.07789336720398492,-0.007644399468721278,0.2803116455291744,0.028037719851867718,0.017631201826111234,0.0,0.0,0.011596777414480827,0.9999327551158623
0.00019461626822522442,-0.003402842452945827,0.002519624552341227,0.0,0.0,0.014194698142473284,0.15318104308662986,0.8041349017258846,-1.5122599565621577,-0.05784191642746786,0.8192533525553617,-1.72664040146452,0.11659945276650525,1.1238735950354373,-1.6184966817046655,-0.15345456247979938,1.0480086080955737,-1.5705595269347683,-0.10307816032207395,-1.1765836007667312,1.4613176620367803,0.01465887785183658,-0.12526232681491156,0.009596157790810772,0.030575189908797092,-0.03219463935855663,0.00019461626822522442,-0.003402842452945827,0.014194698142473284,0.2828931925874768,0.1770091693238103,-0.18831322186866847,-0.2926458301087514,0.2043650035686684,0.15792131629432002,-0.2721859209594478,-0.28612863291319934,-0.17398106707293234,-0.26746339083558235,-0.273376175263709,0.1854991493770312,-0.27389557240720436,0.07734157651990503,-0.00898994055839553,0.2792960040344893,0.028024007481607525,0.017567246587890568,0.0,0.0,0.011738714733865821,0.9999310989145187
0.0017937007898488327,-0.0037758517046816856,0.002701874032164098,0.0,0.0,0.023090190878425693,0.1490948349990025,0.8069484610148151,-1.512429264458743,-0.0607343893310037,0.8216657722839202,-1.7216847839981617,0.12189810873583122,1.118597444259759,-1.6161127933348067,-0.15017013936632803,1.0547693161049276,-1.572560580691906,-0.11316751982226537,-1.1802599345794833,1.464944014645586,0.013023997078452108,-0.12531153263166697,0.00956216939922535,0.03072262177187385,-0.032164074574606585,0.0017937007898488327,-0.0037758517046816856,0.023090190878425693,0.28294575982021564,0.176162295589935,-0.18710576171288557,-0.2931531757126979,0.20303205465774998,0.15875960902935568,-0.2727089102289566,-0.2850957086848584,-0.17548450535992807,-0.2675028063160374,-0.274975400809062,0.18448593765758195,-0.2736046397241367,0.07685861675114813,-0.010142133837834015,0.2784082217975643,0.02804869773675396,0.017495308391223048,0.0,0.0,0.011969600420329072,0.9999283617668706
0.00393167778050238,-0.00427222404997992,0.002945383841340688,0.0,0.0,0.029104045482485113,0.14491224078216927,0.8097534372348979,-1.512968973679976,-0.0638079574011794,0.8239957714321638,-1.7166045819870148,0.12727608042533967,1.113219481525999,-1.6138214113736393,-0.14660124676396138,1.0615378558033646,-1.5749748355210431,-0.12215063698364052,-1.1835262751338458,1.4683668300358936,0.01138786076934947,-0.1257616754132088,0.009510661531804184,0.0308572535374851,-0.032140729177479795,0.00393167778050238,-0.00427222404997992,0.029104045482485113,0.28300126754876337,0.17537901865545566,-0.18586062305457982,-0.29361692947324347,0.20169724789009616,0.15965208418625218,-0.2732205174411617,-0.2840122078627702,-0.17701262031561507,-0.2675192320317227,-0.276493703430439,0.18339076387491696,-0.27329736434250773,0.07642221079192217,-0.011163986709704974,0.27760684602533564,0.02809935033020347,0.017417973264901323,0.0,0.0,0.012260619518590173,0.9999248357796802
0.005961461147874037,-0.004744182449160172,0.0031766415846470886,0.0,0.0,0.04301092690261933,0.1403356869563911,0.8121164368860649,-1.5143507339737632,-0.06695372216177715,0.8260259402520729,-1.711499987226544,0.1326234442266552,1.1079614776553528,-1.6118919777147698,-0.14266114162676252,1.0682218562472952,-1.578391999909372,-0.129387935002645,-1.1860584273482815,1.4706020192666487,0.009862331377172979,-0.12680361803733944,0.009377223368959893,0.03096661854986892,-0.03214002225660917,0.005961461147874037,-0.004744182449160172,0.04301092690261933,0.28306357517386926,0.1748715661869802,-0.1844830628099928,-0.29402262751023084,0.20043509603031334,0.16056810379095168,-0.27371467122164633,-0.28289017412476875,-0.178529597232545,-0.2674796014318995,-0.27779350966133415,0.1821834656945061,-0.272933597284686,0.07610702021064568,-0.011982953948805872,0.27723633979347784,0.028210107660429046,0.017328326900800068,0.0,0.0,0.012690695324718034,0.9999194698835377
0.00766863584888265,-0.005140304633912885,0.0033711431303415362,0.0,0.0,0.04802245078665764,0.13567454751693833,0.8142500465566462,-1.5160557609615903,-0.07007427867313834,0.8279976820704913,-1.7064525695762247,0.13790849889769707,1.102804346518083,-1.6100967905738137,-0.13869785630341724,1.0748340084095196,-1.5820951847114948,-0.135946989962549,-1.188279440908721,1.4724575738714198,0.00839143453372847,-0.12780499277692853,0.00919783548122704,0.031067103298023493,-0.032142872950344376,0.00766863584888265,-0.005140304633912885,0.04802245078665764,0.28312833321214925,0.17448901136729442,-0.18307431714647304,-0.29439322917575234,0.19918957377223348,0.16148023670590078,-0.274191522717263,-0.28176743863429177,-0.18002946625155286,-0.2674126810198181,-0.2790118041512764,0.18097076327530232,-0.27253846421064104,0.07582912646629192,-0.012724883519283622,0.2769612120383733,0.028342548136909805,0.017234319011972407,0.0,0.0,0.013170879696712962,0.9999132602021111
0.009586205299427395,-0.005387786226599517,0.0035046552768869255,0.0,0.0,0.0589225433327794,0.13086063572854706,0.8158466057343916,-1.5184746727798923,-0.07311215360808854,0.8298693260159156,-1.7015653818544716,0.14303014811241266,1.0978979576717725,-1.6085956638509578,-0.1347442874402711,1.0812673881800487,-1.586379471451345,-0.14100415778882577,-1.1897984074823784,1.4735137073680609,0.00704739695518381,-0.12858011280045364,0.008909575688191736,0.031148395745666944,-0.03215095999114441,0.009586205299427395,-0.005387786226599517,0.0589225433327794,0.2831984208990829,0.1743905645247743,-0.1816086638622723,-0.2946909750891049,0.19798712422383125,0.16237128367363057,-0.2746413050154734,-0.28065703691071847,-0.18148055224825507,-0.26730335179475484,-0.2800624614428612,0.17975934157013262,-0.27208782784676006,0.07563761416718454,-0.013302755529328763,0.2768623888136004,0.02852216238776843,0.01713086556492731,0.0,0.0,0.013760051734369014,0.9999053260065512
0.010820987218320406,-0.0053519624760486615,0.0035051030643051813,0.0,0.0,0.06397106038583913,0.12614131380211221,0.8169138973409479,-1.5214021531018345,-0.07614169202067637,0.8317371769384905,-1.6968414024873213,0.14792567356066272,1.0931287245316939,-1.6072358976710925,-0.1309263083067807,1.0873482552441684,-1.591018871827559,-0.1449517147107558,-1.1914726062254473,1.4736854813315652,0.005842074624855404,-0.12896463816816156,0.008533090861006214,0.03120753423056819,-0.03215744854374365,0.010820987218320406,-0.0053519624760486615,0.06397106038583913,0.28326851942322473,0.17453941500341424,-0.1801636917403872,-0.29490949963006197,0.1968017071400725,0.16326131321308782,-0.27505617081653705,-0.27955590528112845,-0.182869047196511,-0.267186461604,-0.28093820053386287,0.17858911290000112,-0.27160408183105117,0.07547612897174755,-0.013753270775408711,0.2770365225279671,0.028731781481341884,0.017029440707781097,0.0,0.0,0.014399698958758974,0.9998963189600695
0.012130074249058926,-0.004913817905794931,0.0033341724463176185,0.0,0.0,0.06726662907736537,0.12148373803556563,0.8176356948385335,-1.52466161564143,-0.07916578853672204,0.8336025518600387,-1.6922239619072037,0.15267359043913664,1.0884490235887392,-1.6059684085123467,-0.12719683913570456,1.0931990098471593,-1.595890082494177,-0.14817494229234834,-1.1932481370791042,1.473279965044272,0.004727302526001514,-0.12909419202443326,0.00809901469208375,0.031252211100901615,-0.03216289363876738,0.012130074249058926,-0.004913817905794931,0.06726662907736537,0.28333862502165513,0.17484891720381093,-0.17873307806201996,-0.2950733814610568,0.19562554532703366,0.16415155302106663,-0.275445259847377,-0.27846000441227947,-0.18421692759978137,-0.2670613790498913,-0.28169797850041617,0.17744761877708715,-0.27109675698148755,0.07533374075749892,-0.0141205255723901,0.27738882768727274,0.0289609870694653,0.016929340069041107,0.0,0.0,0.015072292249004256,0.9998864065514446
0.013244356816356922,-0.0043413587839522,0.0031019551585423355,0.0,0.0,0.06894100373485404,0.11731307682665905,0.8175861432094766,-1.528331938416067,-0.08228348421328001,0.835625783963637,-1.6878325517731483,0.1569120706331851,1.0839468698308925,-1.6047404342227511,-0.12384825689021982,1.0981500931460448,-1.6010288614215273,-0.1495857286934901,-1.1952004059396608,1.471702758711998,0.0038298930257859706,-0.12855324058821707,0.007546676285188598,0.031253943577258275,-0.03216843566659725,0.013244356816356922,-0.0043413587839522,0.06894100373485404,0.28340188632107743,0.1754624293378306,-0.17744247133658916,-0.29512331400164005,0.19443031994015716,0.1650675628805759,-0.27577832968318794,-0.27740451289859525,-0.1854270401866111,-0.2669772453609525,-0.28214518013239104,0.17642091269915178,-0.27058434591332164,0.07523655755727152,-0.01427555857219069,0.2780773897932796,0.029222688327233,0.01684760187536177,0.0,0.0,0.015761620392062508,0.9998757779457489
0.014166765486833209,-0.003869254193483118,0.002909459248938428,0.0,0.0,0.0695389710831372,0.11331661045551293,0.8173798322677612,-1.5320421854654949,-0.08545571938157087,0.8377485076586406,-1.6834485530853271,0.1609322925408682,1.0794628858566284,-1.603417416413625,-0.12068653355042135,1.1027088960011802,-1.6061233282089233,-0.15025161951780316,-1.1971896489461265,1.4697863658269246,0.002994956448674189,-0.12782913694779077,0.00695210586612422,0.031241806844870247,-0.03217287175357342,0.014166765486833209,-0.003869254193483118,0.0695389710831372,0.2834627032279968,0.1761287844421523,-0.176204592633954,-0.29514001280814356,0.19320187250355633,0.16600120196167326,-0.2760942623143285,-0.27636914121332756,-0.18658137087570908,-0.26692261119891575,-0.28248478822395734,0.17545403177680893,-0.2700808061506015,0.0751538544801442,-0.014345650484759056,0.27886351764450623,0.029495971587797012,0.0167724701265494,0.0,0.0,0.016456919909256473,0.9998645757236828
0.015332367291897415,-0.0032688150020837225,0.002666822437083494,0.0,0.0,0.0708246071346231,0.10969479833588452,0.8168906334674719,-1.535789557177611,-0.08875484245293072,0.8401048008841698,-1.6790470535104924,0.1644666965561684,1.0749973347692778,-1.6018402732983983,-0.11794973744286429,1.1063919296168319,-1.6110587336800315,-0.14927147554628775,-1.1992464619453507,1.4671768756827923,0.0022874243388121703,-0.1267369386523661,0.006266738673803775,0.03120052084477261,-0.03217440990336014,0.015332367291897415,-0.0032688150020837225,0.0708246071346231,0.28351826469103497,0.17688598909545117,-0.17507891945408016,-0.2951004446686575,0.19189813297790778,0.16697273048588038,-0.2763874932985344,-0.2753833616308118,-0.1876113464751402,-0.26695269731834864,-0.28260265210642505,0.1746170290876818,-0.26961107159306336,0.07510494333750765,-0.014230101288070103,0.2798492434254185,0.029794145394304788,0.01671156432065699,0.0,0.0,0.017165065939392172,0.9998526694024957
0.01620369126777776,-0.0028252158381426636,0.0024854685320999095,0.0,0.0,0.07191602312300562,0.10623742576048828,0.8161795485501337,-1.5394050761906788,-0.09210602536496494,0.8425503803624047,-1.6746223918115248,0.1675694807611331,1.070481371999991,-1.5998980740104058,-0.11557904958273423,1.1092082075398377,-1.6156505749683188,-0.14721688041181272,-1.201339050976917,1.4642273813787132,0.0016650762832300168,-0.12547046405197393,0.005523206414466696,0.031140469183975998,-0.0321704816599988,0.01620369126777776,-0.0028252158381426636,0.07191602312300562,0.28356937612548017,0.17768760750550397,-0.17400576105315982,-0.29505447528619255,0.19055914758398318,0.16796153015369086,-0.27666701223338247,-0.274447731490845,-0.18853456987564646,-0.2670787782613356,-0.2825379664298288,0.17389484760570953,-0.2692020591398753,0.07507207039796764,-0.013994486187108865,0.28093428809717286,0.030113392970477694,0.01666284596190007,0.0,0.0,0.017884115777502513,0.999840066412052
0.016725461531909347,-0.002225535956976652,0.0024808476669621604,0.0,0.0,0.07260377771275328,0.10288367262392328,0.8153286449836962,-1.5429375099413323,-0.09549001310810903,0.8450522224108379,-1.67018313480146,0.17040028535958496,1.0659336429653745,-1.597725839325876,-0.1134390600702979,1.1114783106428205,-1.6200259237578423,-0.14448523385958234,-1.203454183809685,1.4610636378779556,0.001096405850892708,-0.12409417150598581,0.004743022195091741,0.031068592586300587,-0.0321631088401332,0.016725461531909347,-0.002225535956976652,0.07260377771275328,0.28361768343231897,0.1785162109034341,-0.172966118493813,-0.29500210074667677,0.1891954461865678,0.16896210093583588,-0.276933349554796,-0.27354231653795763,-0.18939127190381083,-0.26726391417422973,-0.2823588786802248,0.17324518158153332,-0.26883080844689256,0.07504540861675324,-0.013682797155745323,0.2820820636135194,0.030445919908357395,0.016621807364351822,0.0,0.0,0.018610032723168135,0.9998268183450785
0.016781970410205183,-0.001650308871660137,0.0026411555632196992,0.0,0.0,0.0742571630219495,0.09968524016063617,0.8141067202645118,-1.5462616248564287,-0.09882112174774668,0.8475577382728308,-1.665925323361098,0.17262200228493627,1.061183922218554,-1.5949704887891056,-0.1117315047768631,1.1125050999901511,-1.6234510474734838,-0.1401074892192175,-1.2052811263787626,1.4575950358853196,0.0006583891338621634,-0.12288456974607523,0.0039060703276496463,0.03097804183272099,-0.03214984898916399,0.016781970410205183,-0.001650308871660137,0.0742571630219495,0.28366861003215865,0.17942247054540333,-0.17197719282459628,-0.2949577982980022,0.18785089036608443,0.1699476642512328,-0.2771668767615212,-0.2726829269863688,-0.19010012524624045,-0.2676077747509552,-0.2820074975667656,0.17273676332215945,-0.26860842045519195,0.07506491832497506,-0.013194453272218134,0.283333376900531,0.03078526083492872,0.016598782784333733,0.0,0.0,0.019352470622699597,0.9998127234041371
0.01630794565053186,-0.0011853266524901483,0.0029643527185083114,0.0,0.0,0.07483173415146338,0.09653870385102543,0.8128143801833644,-1.5495084367617213,-0.10211504152928949,0.850009919417025,-1.6617364076652912,0.17464149795999434,1.0563709290340693,-1.5920498912984673,-0.11013916375661134,1.1132131465757735,-1.626477537733136,-0.1353360008109698,-1.2070680796498001,1.4540804829260314,0.0002598113126375373,-0.12186403662869423,0.0030575423134547057,0.0308824966313562,-0.03213475791342331,0.01630794565053186,-0.0011853266524901483,0.07483173415146338,0.28372332965484776,0.18033526410735956,-0.17100595396437218,-0.2949120406735097,0.18652588103136708,0.17092401152363013,-0.2773838301116836,-0.2718319177427602,-0.19076042314787514,-0.2679982489105457,-0.281641422524665,0.17226786466757238,-0.2684381376761254,0.07508714459073743,-0.012662688259876603,0.28462533594312167,0.031119250438430102,0.016581821396495357,0.0,0.0,0.020100642403402067,0.9997979616777434
0.015662266635587726,-0.0005870022229027943,0.003391263460870986,0.0,0.0,0.0760487076884048,0.09350129013711746,0.8113952522928064,-1.5525896440852773,-0.10532300851561817,0.852328276092356,-1.657695645635778,0.17623629285530615,1.0514265678145667,-1.5887935811823064,-0.10877745564688332,1.1132893779061057,-1.6286335804245688,-0.1297986615787851,-1.2087933150204746,1.4504915204915132,-5.751268260859298e-05,-0.12129404802214014,0.0021876094608821372,0.03077694418078119,-0.03211587024005977,0.015662266635587726,-0.0005870022229027943,0.0760487076884048,0.283787184140899,0.1812578386987475,-0.17007043697477864,-0.29487110832282826,0.18525586663493643,0.17187623542393243,-0.27757946184633686,-0.27100070753085154,-0.1913164491308151,-0.2684911387003891,-0.2812608578981337,0.1718773669470958,-0.268381630466136,0.07512212047735255,-0.012047256139476473,0.28600469450007066,0.03143895722248338,0.016577626747841186,0.0,0.0,0.02086097002024343,0.9997823862870433
0.015178967484881498,-0.00014511776785569136,0.0037105358911271318,0.0,0.0,0.07710810295159125,0.09064707543813813,0.8099620233882557,-1.5555060054316665,-0.10839095666553043,0.8543805178969798,-1.6539249636910178,0.17750591792241494,1.046567035443855,-1.5854745404888884,-0.10746938374006383,1.1131907833947077,-1.6301574165170842,-0.12387147831796377,-1.2102725734614364,1.4472381310029463,-0.00031313429953474625,-0.12113968847375928,0.0013585873700753372,0.030668848034257838,-0.0320941966139909,0.015178967484881498,-0.00014511776785569136,0.07710810295159125,0.2838589801932826,0.18215611890796674,-0.16919215917108638,-0.2948248950490416,0.1840981745965282,0.1727872154457672,-0.27774463322017906,-0.2702014532609486,-0.19178643388290262,-0.26902736514556697,-0.28094942237522474,0.17151022656026899,-0.26839736852586776,0.07516591562101527,-0.011390927097400076,0.287300471105565,0.031746175253030036,0.01658449446161588,0.0,0.0,0.021631877050341326,0.999766003570475
0.01453288315178594,0.000452951257859366,0.0041375557581588285,0.0,0.0,0.0777523452887422,0.08790426554553436,0.8085202195427634,-1.5583221226027517,-0.11137375822572997,0.8562709330910384,-1.650318519635634,0.17857780458048136,1.0417590881838943,-1.5821173528228143,-0.10619392844312119,1.1129858758714464,-1.6312968026507983,-0.11770722774243114,-1.2116022513370321,1.444188806143674,-0.0005312341999149683,-0.12123807632561887,0.0005544434452071944,0.030559205045603742,-0.03207082882749312,0.01453288315178594,0.000452951257859366,0.0777523452887422,0.28393560557654407,0.1830388578447435,-0.16834897463822066,-0.29477366370021435,0.183007768237208,0.17367353541645533,-0.27788913045666097,-0.2694201272323217,-0.19220421743296448,-0.2695889303420249,-0.28067998357909885,0.171157175729022,-0.26845696190042057,0.07521125514135645,-0.010709413264045942,0.28854553925961995,0.03204579877130913,0.016598089287678402,0.0,0.0,0.022409212026819017,0.9997488820780631
0.013881782562002303,0.0010922408561661909,0.004453061506001776,0.0,0.0,0.07938457685042903,0.08556229643749468,0.8071273872346589,-1.5609807209535078,-0.11403791877356444,0.8575778422933636,-1.6471474315180923,0.17920455472035843,1.037469820542769,-1.5788530978289517,-0.10484954579309984,1.1129434975710781,-1.6318249196717234,-0.1112972357959458,-1.2123818831010298,1.4412779880292488,-0.0006485104730183433,-0.12234983525492929,-0.00011877582944704089,0.030449571708838146,-0.03204024357326103,0.013881782562002303,0.0010922408561661909,0.07938457685042903,0.28402448242360895,0.18387975260453346,-0.16762675406512034,-0.2946905452117726,0.18214901680890117,0.17446600299758458,-0.27800839530876764,-0.26876911467285136,-0.1924938393261489,-0.2701637843955821,-0.28056989010940975,0.17079080184502538,-0.2685734444382476,0.07530003391314441,-0.01000851442878626,0.28983439406998834,0.032326094919081894,0.01662864140940435,0.0,0.0,0.023202851385379437,0.9997307776034446
0.013291377535181762,0.0017603274680577086,0.004452165931162488,0.0,0.0,0.07893335762091945,0.08335527973343626,0.8057675948648741,-1.5635880954337842,-0.11654592474753209,0.8586430621869636,-1.644142544028735,0.17965092028331275,1.0335534401614257,-1.5756924856792796,-0.10344496151112545,1.1130623287624783,-1.6323100641520336,-0.10501955487210335,-1.2131712954453748,1.438413745827145,-0.0007301469596874233,-0.12373344517416426,-0.0007335329052023259,0.03033980017885415,-0.032007758044684774,0.013291377535181762,0.0017603274680577086,0.07893335762091945,0.28411372803678414,0.18470055108420438,-0.1669457043807256,-0.29459367709401546,0.18138318849246485,0.17521365140418999,-0.2781205278563847,-0.2682049006496306,-0.19272802383362403,-0.27072415071890754,-0.28051296580098617,0.17040716974606457,-0.2686873070182963,0.07537872467022867,-0.009320329533202797,0.29114839577646084,0.0325984452860524,0.016667492697109477,0.0,0.0,0.023991965227071227,0.9997121513738558
0.012474632692502173,0.002764636202581432,0.004222767070087564,0.0,0.0,0.07767864195413511,0.08142995503213668,0.8044819434483845,-1.5660891135533652,-0.11871270090341571,0.8591896494229635,-1.6414907111061943,0.17971121933725145,1.0304773913489447,-1.5727708339691162,-0.10190314882331422,1.1135509543948703,-1.6327564186520047,-0.09908528791533568,-1.2140420807732477,1.4356467061572604,-0.0007368609723117617,-0.12566282682948646,-0.0012217622457279171,0.030229695969157748,-0.031971471591128245,0.012474632692502173,0.002764636202581432,0.07767864195413511,0.28420256906085545,0.18548032929517375,-0.16634961417912994,-0.2944736166374974,0.18082017081720486,0.17586196470268217,-0.2782265741585719,-0.2678403961308938,-0.19284188458589835,-0.2712522181721814,-0.280566795485239,0.16998370547436328,-0.2687895107835482,0.07544231101556938,-0.008666544982080719,0.2925176187456872,0.03285376023915079,0.016724477004673746,0.0,0.0,0.02476852081136619,0.9996932131293165
0.011819105452974606,0.0036214738732028365,0.0038748362449686495,0.0,0.0,0.07436451205714925,0.07972869243134148,0.8032062035618406,-1.5684806307156882,-0.12048936296593063,0.8593664846637032,-1.6391627752419673,0.1793814014756318,1.0283346067775379,-1.5701425996693696,-0.10026231114611478,1.1144019943295103,-1.6333606803055967,-0.0934658023444088,-1.2148751164927627,1.4329184095064798,-0.0006582654843276172,-0.12798165371923742,-0.0015791682808688249,0.030123192873416523,-0.03193420019339431,0.011819105452974606,0.0036214738732028365,0.07436451205714925,0.28428263871958764,0.18623830044793904,-0.16582145469712875,-0.2943390386393316,0.18041315858865115,0.17639736574927936,-0.2783373358046167,-0.26769427315358674,-0.19283157012192542,-0.2717370057019623,-0.28069263832245217,0.16952878290581855,-0.2688554173638168,0.0754988853546212,-0.008045318912838481,0.293927208838258,0.03309134196377162,0.016802653134094948,0.0,0.0,0.02551193094278141,0.9996745177204283
0.010941119282418033,0.0047713143752952415,0.0034099538819956643,0.0,0.0,0.07242023683120218,0.07815887959617553,0.8019362784395314,-1.5708079073164198,-0.12203715809366923,0.8593263987338904,-1.6370248589852843,0.17882271502355132,1.0267393372275613,-1.5676865035837346,-0.09856337880847425,1.1154656506548024,-1.634057580822646,-0.08803098851984184,-1.2156860057753747,1.4302128420935736,-0.0005296217559864994,-0.13052895514651988,-0.0018598246435173906,0.03001880243119567,-0.03189635096174298,0.010941119282418033,0.0047713143752952415,0.07242023683120218,0.2843575625106542,0.18698287358413807,-0.1653333232556636,-0.2941949370386219,0.18009773012691416,0.17686664966999782,-0.27845092211984623,-0.2676766479326698,-0.1927480132263224,-0.2721964782342079,-0.28086058219027454,0.16905556956714357,-0.268899521976834,0.07554663830898853,-0.007442700211037639,0.2953606492225889,0.03331852019435228,0.01689326179900555,0.0,0.0,0.026235890905945494,0.9996557797704024
0.010085760291026777,0.005892747612141623,0.0029566312077067285,0.0,0.0,0.06733848419465853,0.07689517969735943,0.800573574774193,-1.5728474319583239,-0.12283337345779545,0.8589143677793368,-1.6353680063979794,0.1775488115922369,1.0267400663308424,-1.5657051012973593,-0.09698405030249342,1.1167035783180084,-1.6350905612261608,-0.0832973537270468,-1.216835329026887,1.4278421082881965,-0.00025182104942322474,-0.13360982839808325,-0.001919481781019708,0.029919586426606682,-0.03186457733990568,0.010085760291026777,0.005892747612141623,0.06733848419465853,0.28441903687486747,0.18770953732866716,-0.16493906791056645,-0.2940543163856731,0.17996426146511516,0.17711902056649861,-0.2785957510166535,-0.26804089525413216,-0.19243885328415786,-0.2725927226451184,-0.28101451012874107,0.16860985843137696,-0.26887814708042074,0.07555209538450425,-0.006905793779369817,0.29678917103432484,0.03351837332652073,0.01701619906934223,0.0,0.0,0.026909038006911586,0.999637886273596
0.009408347139564484,0.006779216026743787,0.0025965574413838732,0.0,0.0,0.06557093080845038,0.07575474340807306,0.7991672429171476,-1.574755852872675,-0.1233721063895659,0.8584500605409795,-1.6338973153721201,0.1760426041754809,1.0272506908936934,-1.5638801618055864,-0.09556173668666318,1.1178773208097978,-1.6362023570320823,-0.07883813841776409,-1.2182825912128796,1.4256530133160679,7.370986383070243e-05,-0.13669584420594305,-0.0019095589999448149,0.02982279167256572,-0.03183488310738043,0.009408347139564484,0.006779216026743787,0.06557093080845038,0.28447582775896246,0.1884278354218286,-0.1645829119442217,-0.2939160905240963,0.17987447436157933,0.17729660188415436,-0.2787472059994631,-0.2685268121935828,-0.19205573313045354,-0.2729675333099842,-0.28113556589452304,0.16820647604726963,-0.26883424373138154,0.07551794102982017,-0.006393544885100819,0.29818475956182316,0.03370868550105529,0.017150334336540916,0.0,0.0,0.02756450408882084,0.9996200268673779
0.008527140455411385,0.00785591472253483,0.0022197311574767564,0.0,0.0,0.061903273299458716,0.07487395003136961,0.797667764051996,-1.576385082620563,-0.12337747088285407,0.8578950549014891,-1.6328172521157698,0.17405816257903067,1.0288089194683114,-1.562377888746936,-0.09449183820474025,1.1188891054403902,-1.6374689147929953,-0.07495538265717143,-1.2203896280490991,1.4238558453742904,0.000497324039425822,-0.13975092761143296,-0.001756938494215105,0.02973116429127527,-0.03180949579961974,0.008527140455411385,0.00785591472253483,0.061903273299458716,0.2845228991725228,0.18913020180335832,-0.16430647514812663,-0.2937865382289739,0.17987114726697156,0.17731864498525807,-0.27891220233779307,-0.26926212806751065,-0.19152119620312785,-0.273298139758414,-0.2811823855381492,0.16789799765562047,-0.2687450088527196,0.07541004554414858,-0.005934307955665298,0.29950421572532365,0.03387919175579693,0.0173076946721083,0.0,0.0,0.028183296324628175,0.9996027720091007
0.007866649508174886,0.008599910681508121,0.002010166645050049,0.0,0.0,0.05568499938452115,0.0742291145854526,0.7961802964258675,-1.5777293371431755,-0.12295215810188137,0.8573082480767761,-1.6320839361710981,0.17174210211243285,1.0310623356790254,-1.5611579827588014,-0.09393035259210701,1.1194843174231173,-1.63867305986809,-0.07140176630381373,-1.2227001009565412,1.4226785946373988,0.0009960291926006009,-0.14229078033957823,-0.0014986948702822953,0.02964512142117577,-0.031786658020332606,0.007866649508174886,0.008599910681508121,0.05568499938452115,0.28456461700526153,0.18978435707856095,-0.16410264774038905,-0.2936693573410464,0.17993041943753124,0.17721425313338546,-0.2790830888148248,-0.2701504119798267,-0.19088060645265176,-0.2735916221077865,-0.28112447989443917,0.1677304495616754,-0.2686365779975183,0.0752643563890048,-0.005507029058455796,0.30054555583871984,0.034031523861969365,0.01748328992739471,0.0,0.0,0.028739920752503503,0.9995869231613326
0.006976167800059264,0.009484204798422375,0.001865474864688743,0.0,0.0,0.052166771764795616,0.07371778165300685,0.794699624632344,-1.5789123556830666,-0.12228317265257689,0.8567034484762134,-1.6315468062054026,0.16923841517983054,1.033709081736478,-1.5600978370868799,-0.09365652162920345,1.1198438369866575,-1.6398418925025247,-0.06803437356244424,-1.2251256758516487,1.4218520865295872,0.0015372200304586041,-0.1445391209739628,-0.0011806907978924742,0.02956223820872379,-0.03176526273741866,0.006976167800059264,0.009484204798422375,0.052166771764795616,0.2846033058383248,0.19041107037662178,-0.163939863231039,-0.2935587549691802,0.18002515387774573,0.17703818086113884,-0.27925720789888353,-0.2711251723691695,-0.19017959574219045,-0.2738611210628239,-0.281007430222189,0.16764256571674896,-0.26851733099614855,0.07509606249578447,-0.005098250077574436,0.3014292331133332,0.03417357322618817,0.017669202308311614,0.0,0.0,0.02926136907069866,0.999571794460062
0.006099644946180931,0.010312419660453098,0.0017727264250158585,0.0,0.0,0.03831068069914694,0.07353717502620484,0.7934378307275097,-1.5796629262693,-0.12100712232517469,0.8560664178145052,-1.6315319381579003,0.16634187072214443,1.0370657492165616,-1.559419435684127,-0.09430824679256693,1.1193516603623979,-1.640723613777546,-0.06504899571941346,-1.2283238882970329,1.4218748302170725,0.002177228163363378,-0.14573532523530908,-0.0007601581005887401,0.029484506771721018,-0.03174768681779052,0.006099644946180931,0.010312419660453098,0.03831068069914694,0.2846392359998491,0.1909054483878713,-0.16387887071022475,-0.2934717490170323,0.18020958468139614,0.17668301479347365,-0.27943413233815045,-0.2722379751712242,-0.18935401995810608,-0.27408719705763457,-0.28070649200314507,0.16781293887714235,-0.2683896844307956,0.07484371971351109,-0.00472306867959284,0.3019310377929122,0.034287900560432016,0.01787833205301955,0.0,0.0,0.029644309681875265,0.9995605108763977
0.005416676579722587,0.010958527303373928,0.0017001923888620989,0.0,0.0,0.03353270047885255,0.07348005300519443,0.7922831779778605,-1.580279123903525,-0.11960752323420355,0.85541125590151,-1.631656015762175,0.16337090963968112,1.0405312638090116,-1.5588553836851409,-0.0952245351491553,1.1185750846910958,-1.6414761019475532,-0.062077695296870225,-1.2318496541543442,1.422066361615152,0.002838311679285008,-0.14658533375371588,-0.0003248653139429693,0.029409940956593158,-0.03173044218559458,0.005416676579722587,0.010958527303373928,0.03353270047885255,0.28467421489532546,0.19134681828826983,-0.16385553838811473,-0.2933892237268888,0.18042065208299185,0.17629062721814537,-0.2796063735880708,-0.27336111728904866,-0.18850389071551382,-0.2742968748455598,-0.28035045188245894,0.16805776716418896,-0.2682674932153298,0.07455708487971967,-0.004349640224096795,0.3023536109922611,0.03439268458521728,0.018095433326306375,0.0,0.0,0.029979487647426944,0.9995505141414305
0.00452451051487639,0.01180242246378903,0.001605660325348923,0.0,0.0,0.023737838943288497,0.07367764368201747,0.7913534280025598,-1.580622308181994,-0.11796890786199858,0.8547177585688505,-1.6320580930420847,0.16025754222364136,1.0441973173257078,-1.558522874658758,-0.09667410362850537,1.117217035004587,-1.6419586376710371,-0.059115697940190615,-1.2360570647499778,1.42258328741247,0.0035404389949910617,-0.14672840183431451,0.00013726249788746994,0.029342095565163727,-0.031713712847594056,0.00452451051487639,0.01180242246378903,0.023737838943288497,0.28470724369540357,0.1916788558149577,-0.16390985472799433,-0.293316547425298,0.180685536608583,0.17582633610829945,-0.2797684741818065,-0.2744994298139332,-0.18760759375671465,-0.27448015563478767,-0.2798825585938371,0.16845299694847365,-0.2681578825228119,0.07420445949873385,-0.003977333000313349,0.3026231174981938,0.03447790748693726,0.01832887050554608,0.0,0.0,0.030216758493981057,0.9995433694973502
0.003857549610838181,0.012433818561864556,0.0015349099130340658,0.0,0.0,0.014540101397085432,0.07405872974130842,0.7905986375278897,-1.5807217823134527,-0.1162543243004216,0.8540098203553094,-1.6325216889381409,0.15716584771871564,1.0478139056099787,-1.558374133374956,-0.09843779024150638,1.1155456900596619,-1.6422334379620023,-0.056153891815079564,-1.2404977083206177,1.423340121905009,0.004256426615433566,-0.1461794376373291,0.0006121245937214993,0.02928224205970764,-0.03169361957245403,0.003857549610838181,0.012433818561864556,0.014540101397085432,0.2847384413083394,0.1919212248801613,-0.16402061146436128,-0.2932581216994376,0.1809639677191659,0.17533953073974523,-0.2799304696324357,-0.2755880789011524,-0.18671448681955333,-0.27463855817176125,-0.27936579223562946,0.1689370764376519,-0.2680570332757702,0.07382694955496133,-0.00361156970771861,0.3027255840435083,0.034544817068510585,0.01857760041538212,0.0,0.0,0.030362092794000695,0.9995389653841257
0.0031539559728485955,0.012880993945550416,0.0015411977515075723,0.0,0.0,0.009523153857269004,0.07453990419103643,0.789939279508109,-1.5806883236374518,-0.11449830354464172,0.8532940052976512,-1.6330188404430042,0.15408597480167038,1.0514035128583812,-1.5583256290416525,-0.10037281401831696,1.1137034567919644,-1.642394928017048,-0.05319218999809685,-1.2450655698776245,1.42422781568585,0.004979974402095943,-0.14525300128893417,0.0010939326626483903,0.02922674776478247,-0.031671691422510626,0.0031539559728485955,0.012880993945550416,0.009523153857269004,0.28476864009192493,0.19211473090217163,-0.1641621476947745,-0.29320745220314404,0.1812497131010726,0.17484035402633855,-0.2800918086999344,-0.2766490988225951,-0.1858231590739682,-0.2747805769773841,-0.27882218082944893,0.16946965510369622,-0.2679597311126656,0.0734366353454806,-0.0032507704086349584,0.30273596998913715,0.034601737566367544,0.018834671814634347,0.0,0.0,0.030457280289859973,0.9995360694228822
0.0025850372431897055,0.0130534506529365,0.001616030931472779,0.0,0.0,-0.002043591979021135,0.07527329129251568,0.7895087870684537,-1.5805009495128284,-0.11286771331321106,0.8529197980057109,-1.6333618651736865,0.15135131099007343,1.0547345985065808,-1.5584410429000854,-0.10265302488749682,1.111698784611442,-1.6422025182030418,-0.04991683702577238,-1.2494113282723862,1.4251390370455654,0.005692780906842526,-0.14374109628525644,0.0015602762683887459,0.029177417131987484,-0.03163919039070606,0.0025850372431897055,0.0130534506529365,-0.002043591979021135,0.2848000892183997,0.19221604961892919,-0.164379304620593,-0.29314964344046907,0.1814117380241982,0.17437824440223018,-0.28025461707620597,-0.27760269456255615,-0.18502739208919278,-0.2748732763787847,-0.27829838300427195,0.17009992117915132,-0.26786872266459494,0.07306482641399127,-0.002870623264004599,0.30262594646934887,0.03463937020437284,0.01909956556152214,0.0,0.0,0.03043685384455794,0.9995366916367029
0.00229080836309731,0.01288201463361218,0.0017513492793747034,0.0,0.0,-0.005215862036425619,0.07605514818369742,0.7891945176654391,-1.5802844052362923,-0.1113565998396488,0.852754477298621,-1.6336789648942274,0.14880514476034373,1.057992949630275,-1.558607761305992,-0.10502344527930929,1.1096509321771486,-1.6418938299622199,-0.046511189880395105,-1.2534813784589671,1.426120623193606,0.006394127444975618,-0.14209852465475445,0.002013176764276903,0.029129606756297024,-0.03160603032118142,0.00229080836309731,0.01288201463361218,-0.005215862036425619,0.28483328132918384,0.19227796984852943,-0.16461096608875989,-0.29309015002861444,0.18150858300378506,0.17394958917789155,-0.280402705554753,-0.2785243811101897,-0.1842836814346911,-0.274935669305133,-0.27778356373755625,0.17075614217000054,-0.26777996796804415,0.0727176624274075,-0.0024827381946760946,0.3024414968241224,0.034673177721825515,0.019362133937050604,0.0,0.0,0.030384719348316654,0.9995382778213769
0.0019084732336802056,0.01264790895666174,0.0019314388434096832,0.0,0.0,-0.011556345772341018,0.07693113232351313,0.789119647608863,-1.5800112907332604,-0.1100955901648661,0.8530219675916614,-1.633946419364274,0.14664819753832284,1.0611056811881787,-1.5588778666775636,-0.10757357672308433,1.1075169564497591,-1.6413501802116934,-0.0428392390033813,-1.2569718276611483,1.4272513401628746,0.007071437542279719,-0.14019875965937217,0.0024379856926812415,0.029084812341765923,-0.031571850707434644,0.0019084732336802056,0.01264790895666174,-0.011556345772341018,0.2848701431895747,0.19225923103122614,-0.16487081911180582,-0.2930275176343544,0.1814710984944776,0.17359118301170415,-0.2805205498845302,-0.2793830831180093,-0.1836474709892932,-0.27494199704151095,-0.27728751102206084,0.1714641055779213,-0.267698305088764,0.07242179655258611,-0.0020757664126126044,0.30210504238170693,0.034699534489349884,0.01961946057513206,0.0,0.0,0.030269209045912075,0.9995417825102335
0.0016210598934829597,0.012472876888771129,0.0020662228567433494,0.0,0.0,-0.017661928155464298,0.07778115570545198,0.7894432436336171,-1.5797584634838682,-0.1091333067778385,0.8536232348644373,-1.6342706499677715,0.14494140897736404,1.0640332915566184,-1.5593366622924805,-0.11029009182344787,1.1053665442900225,-1.6405680613084273,-0.03921820291063998,-1.2600736256801721,1.428454659201882,0.007719374120687001,-0.13811944425106046,0.0028137891045348254,0.029044152717247154,-0.03154242004860531,0.0016210598934829597,0.012472876888771129,-0.017661928155464298,0.28491053888292023,0.19212349904991094,-0.16512277275622209,-0.2929642105105754,0.18134458714479343,0.17331515456352428,-0.2805876893629038,-0.28015124118231327,-0.1831348759361947,-0.2748802123955076,-0.27683019275117204,0.1722198439510515,-0.26761967139907517,0.07215963555961977,-0.0016786387185032834,0.30167549329270826,0.034718763421882286,0.019871742549267685,0.0,0.0,0.030092670222286802,0.9995471130461498
0.001239469270846576,0.012238868193233702,0.002246312420778329,0.0,0.0,-0.020871272838589822,0.07861753304799399,0.7899762897780448,-1.579516300047287,-0.10832804618309241,0.8543999490111766,-1.634624724436288,0.14347124227670704,1.0668635946331602,-1.5598946412404378,-0.11309406499971048,1.103207492467129,-1.6396605932351314,-0.035623929717323935,-1.2629711326926647,1.429696140867291,0.008351870772494673,-0.13594574977954224,0.003163833206406603,0.029005666507991273,-0.03151548563530951,0.001239469270846576,0.012238868193233702,-0.020871272838589822,0.28495279210384444,0.19192623343433726,-0.1653705529438578,-0.29290034885136224,0.18117133379604278,0.1730824650364969,-0.2806280901116862,-0.28087134617524545,-0.18268743754223016,-0.27478195423991114,-0.27639285064461766,0.17300098291181337,-0.2675411191751585,0.07191509948069066,-0.0012876030330899995,0.3011967857273703,0.0347342456719189,0.02012137284107281,0.0,0.0,0.029884051361739238,0.9995533719988188
0.0009060821994637627,0.012035066093186867,0.0024032562670084356,0.0,0.0,-0.03010771890407249,0.07935347204858609,0.7912926306628217,-1.5793089481315228,-0.10800933875519819,0.8553727798991734,-1.6349971282361735,0.1427012222884881,1.0692397849728363,-1.5608107525892931,-0.11587244460378036,1.1013827022880014,-1.6384537460828068,-0.03250655992840871,-1.2650180308505743,1.430742322796523,0.008914757980918054,-0.13367146599774404,0.0034286831599669686,0.02897887812419371,-0.03149847960983864,0.0009060821994637627,0.012035066093186867,-0.03010771890407249,0.28500039137975136,0.19149814110433577,-0.16558836220647746,-0.29284151881846177,0.18094356836529046,0.17298576987224396,-0.2806015516022691,-0.28139066064703927,-0.182433275064312,-0.27459069879924336,-0.2761035985465862,0.17377626037029262,-0.26746729279628145,0.0717417304831925,-0.0009519577834318513,0.3006869093449694,0.03473900695039769,0.020363384782515398,0.0,0.0,0.029583107287744742,0.9995623241015048
0.0007593373646074039,0.011946211602226017,0.0024720048061518947,0.0,0.0,-0.03171241792295644,0.08004813799352359,0.7928129172686376,-1.5790961149967078,-0.10781366197448788,0.8563279012839,-1.6353576652931445,0.14211198123115482,1.0714786865494468,-1.5618354208541638,-0.11853155177651037,1.099812034404639,-1.6372181104891228,-0.02961040209188599,-1.26666202509042,1.4317311536182058,0.009441628163172454,-0.13147920753919712,0.0036753857592967485,0.028958990549047787,-0.031484380533749405,0.0007593373646074039,0.011946211602226017,-0.03171241792295644,0.2850489223545248,0.1910076645833814,-0.16579404318427793,-0.29278717716306385,0.18071926695128998,0.17292381613108296,-0.28056121392116196,-0.2818487016158794,-0.1822291580305189,-0.27437514908936766,-0.2758903733900651,0.17451805196056935,-0.26738836701892615,0.07160192265781903,-0.0006437849276881495,0.3001690858726782,0.03474195521663536,0.02060407631550775,0.0,0.0,0.029266120418572024,0.9995716553582568
0.0006637209917918688,0.011887282490925806,0.002517460873632804,0.0,0.0,-0.034843546227501666,0.08065988725484022,0.7947379374744917,-1.578871433180992,-0.10786189763533949,0.8572432862387763,-1.6356935416809237,0.14188139757724721,1.073443864331101,-1.563076544289637,-0.12094644246378339,1.0987568323058312,-1.6359286260123205,-0.02715972199509232,-1.267494336523191,1.4326057361833977,0.009895827339002596,-0.1294569547730262,0.0038863440100668127,0.028953055126799476,-0.03147607183817661,0.0006637209917918688,0.011887282490925806,-0.034843546227501666,0.28509927157199744,0.1903932935090247,-0.16597541494730275,-0.2927423715844567,0.18050290712411446,0.17293073072479376,-0.2804939944440242,-0.28218552743887415,-0.18212397934536484,-0.2741130453372317,-0.2758313914289906,0.17519058312302255,-0.2673021625233974,0.0715298363801907,-0.0003888927075319233,0.29963607090440625,0.03474137085405263,0.020842191753814927,0.0,0.0,0.0289178324302003,0.9995817920348183
0.0006623662802846574,0.011887345710065481,0.002517460873632804,0.0,0.0,-0.0348436473804785,0.0812269210664913,0.7967880729472999,-1.5787292736949343,-0.10809791618675897,0.8581145086673775,-1.6359629245719525,0.1418392716182603,1.0752332481470976,-1.5645062562191125,-0.12285747427982519,1.098350298525107,-1.634836576803766,-0.02510541513787972,-1.2679760112906948,1.4334309956040046,0.010270751123739924,-0.127688505733856,0.00408531184957335,0.028959379145743872,-0.03146742574042744,0.0006623662802846574,0.011887345710065481,-0.0348436473804785,0.2851496207894701,0.18975367062518567,-0.1661425540061268,-0.29268886989140536,0.18028936303585744,0.1729914026512617,-0.2804132224737217,-0.28243502264563725,-0.18207005903222123,-0.27382202548766144,-0.27591817892017,0.17571962781317446,-0.26720521759414073,0.07148661483216129,-0.00018281518925733183,0.2991236482151969,0.03474097079926669,0.0210803071921221,0.0,0.0,0.02856953991987641,0.9995918073837773
0.0006564114317399118,0.01188767278098504,0.002517460873632804,0.0,0.0,-0.034843699777109535,0.08177131414413452,0.7989015579223633,-1.5786288976669312,-0.10842901468276978,0.8589633703231812,-1.63619863986969,0.14189256727695465,1.0769336223602295,-1.5660314559936523,-0.12451338768005371,1.0982722043991089,-1.6338444948196411,-0.02325180359184742,-1.2682801485061646,1.4342312812805176,0.010605535469949245,-0.12604856491088867,0.004278208594769239,0.02897191047668457,-0.03145860880613327,0.0006564114317399118,0.01188767278098504,-0.034843699777109535,0.28519997000694275,0.18910126469506833,-0.16630240583278438,-0.2926301825648959,0.18007726614827516,0.1730792507677627,-0.28032549161431375,-0.2826400786041137,-0.18204201061595243,-0.2735162979929506,-0.27607891668708917,0.17617591159071772,-0.26710267049680697,0.07145751838010277,-1.4550810921191634e-06,0.2986216811666715,0.034740664064884186,0.021318422630429268,0.0,0.0,0.028221243417224744,0.9996017013891012
