vx,vy,vz,wx,wy,wz,base1,shoulder1,elbow1,base2,shoulder2,elbow2,base3,shoulder3,elbow3,base4,shoulder4,elbow4,arm_1_joint,arm_2_joint,arm_3_joint,arm_4_joint,arm_5_joint,arm_6_joint,arm_7_1_joint,arm_7_2_joint,com_vx,com_vy,com_wz,height,e1x,e1y,e1z,e2x,e2y,e2z,e3x,e3y,e3z,e4x,e4y,e4z,arm_eex,arm_eey,arm_eez,com_x,com_y,quat_x,quat_y,quat_z,quat_w
-0.018179367384663876,0.039544860153631546,-0.0012801764042752461,0.0,0.0,-0.20615839670838554,0.4266104996204376,1.0516788959503174,-1.3597134351730347,0.10637832432985306,0.8835314512252808,-2.0541553497314453,-0.2005559653043747,1.455001711845398,-1.7035690546035767,-0.2582833170890808,0.7083173990249634,-1.6694185733795166,0.45040163397789,0.37772810459136963,0.25259578227996826,0.0020597977563738823,-0.8096068501472473,-0.1147177591919899,0.019786767661571503,-0.01947755366563797,-0.018179367384663876,0.039544860153631546,-0.20615839670838554,0.2800000011920929,0.07113399338166639,-0.2614057006360805,-0.24201906332733022,0.22414691118720345,0.11810586616509088,-0.2288511332918575,-0.3545108128747083,-0.09395678836032527,-0.24593849707121349,-0.15849162217455023,0.2117222198146504,-0.25151311537589705,0.36334574637908046,0.19035338162514762,0.40755157749852094,0.0,0.0,0.0,0.0,0.0010200152339147417,0.999999479784326
-0.018430325344184015,0.04161197947037138,-0.001407228410243988,0.0,0.0,-0.2061583967083855,0.4204917381468572,1.0516460663393925,-1.358494171970769,0.10042941148735975,0.8741674470274072,-2.0433779594145323,-0.21213188238049807,1.4536142325715016,-1.7170932841928381,-0.2532288416435844,0.7043601462715551,-1.6760260321592029,0.4519760457700805,0.3745525534215726,0.25351501138586746,0.001882014930934498,-0.8117870931562624,-0.11501187414519097,0.01975300133620438,-0.019488970430469828,-0.018430325344184015,0.04161197947037138,-0.2061583967083855,0.2799743976640074,0.07089588357767036,-0.2599536032067992,-0.2434027728141107,0.22529941206214968,0.11928434667082397,-0.2302238551720589,-0.35139627574513055,-0.09120817764405449,-0.24600022965834464,-0.15655422707889777,0.21012503253512085,-0.2510937156266803,0.36238750936439734,0.19065408713555265,0.40894814800357965,-0.00036520004466997067,0.0007901538284434201,0.0,0.0,-0.0010415698283010076,0.9999994575659993
-0.01891923732917091,0.04802384475980112,-0.0017926194950154686,0.0,0.0,-0.23070575415027866,0.4136987540282701,1.051744735554645,-1.3596446404331608,0.09464398104893534,0.8645866779904616,-2.0334463119506836,-0.22267079039623863,1.4510718270352012,-1.7321366322667975,-0.24952579368101924,0.6987119960157495,-1.6808711619753587,0.4536956968276124,0.37027873177277415,0.2543860077857971,0.0016519310516550352,-0.8128525018692017,-0.11528038458996698,0.019714592612887685,-0.019505772568089396,-0.01891923732917091,0.04802384475980112,-0.23070575415027866,0.27994371205568314,0.0710996268332089,-0.25826148167070206,-0.2447701954432529,0.22658640732434596,0.12046126631677623,-0.23141908694487395,-0.34771508708305837,-0.08870938401704687,-0.24603280489276114,-0.1543671758926342,0.20893130926000375,-0.25066668949097515,0.3612370786769178,0.19092766670050917,0.41067279577926197,-0.0007337440735060035,0.001666011284166751,0.0,0.0,-0.003348623346488397,0.9999943933451244
-0.01972599974580712,0.06082094485186221,-0.0025588724958267033,0.0,0.0,-0.28061966210179473,0.4055348505315028,1.0521107857164584,-1.3656135632803565,0.08919096483211768,0.8545651537807364,-2.025234341621399,-0.23110111332253405,1.4461810714320134,-1.7502688545929759,-0.24857064826708092,0.6896256875050696,-1.6821328895656686,0.4557106677246721,0.36377176015000595,0.255158931016922,0.0013155016962340788,-0.8116510808467865,-0.1154968325342787,0.01966674434707353,-0.019533524963710653,-0.01972599974580712,0.06082094485186221,-0.28061966210179473,0.27990269288420677,0.07220065731339356,-0.25608972507576677,-0.24610314447399145,0.22813356406047894,0.12160953653217987,-0.23227095384959623,-0.34287946044028283,-0.08671080117861252,-0.24605254087094178,-0.1516481115786509,0.20854668108981478,-0.25024993349743874,0.3596956019699918,0.19114668315800623,0.41306343128261513,-0.0011090875368130295,0.0027161327820259,0.0,0.0,-0.006154791049336192,0.9999810590941905
-0.02076058012992699,0.07363306050520711,-0.0033292086108735464,0.0,0.0,-0.378808851940008,0.39581417174715744,1.0522710116286027,-1.377784129820372,0.08599349228959334,0.8435945981427243,-2.019390432458175,-0.23622291966488487,1.4382227627854598,-1.7703427139081453,-0.2491712781943773,0.6788196124528584,-1.680117710640556,0.45805583266835465,0.3556527809092873,0.25588865656601756,0.0008610915392637253,-0.8086292869166324,-0.11568067340474379,0.019620197482014958,-0.019563178727893454,-0.02076058012992699,0.07363306050520711,-0.378808851940008,0.27984135715585007,0.07462000343155706,-0.2533751285737715,-0.2473811332679041,0.2301096092916283,0.12228730645566703,-0.23277810153691825,-0.33697343444535144,-0.08548118382875072,-0.24612590930692455,-0.14883318106775018,0.20867030101935363,-0.25004779328952254,0.3578483516761256,0.19135405670124617,0.4158899789960232,-0.001492777634044423,0.0041083773279464554,0.0,0.0,-0.009942763659310164,0.9999505695037205
-0.02168261722035362,0.09075799135217098,-0.004353501686923943,0.0,0.0,-0.4295410356606799,0.38528915906423017,1.0523248950117512,-1.393158878935011,0.08396138397878722,0.8321337096000972,-2.014770021564082,-0.23963532577219762,1.4286795517331676,-1.7914197523342936,-0.2505757253813116,0.6671249913541895,-1.6764094633491415,0.46057159786945895,0.34670093106596095,0.25659606331273127,0.0003457246348261833,-0.8046669669841465,-0.11584766728705481,0.019574323007346767,-0.01959381486583305,-0.02168261722035362,0.09075799135217098,-0.4295410356606799,0.27976952453977183,0.07770819707481787,-0.2503660650099355,-0.24857334459858277,0.2323115848649991,0.12272053014226936,-0.23309474158371926,-0.330542097102136,-0.08467654761059365,-0.24611232056528073,-0.14596033085603077,0.20905229787441304,-0.24994081604905732,0.35583081583268206,0.19154370463270454,0.4189320895169856,-0.001880780158803406,0.005677385448698739,0.0,0.0,-0.014237869966498545,0.999898636392118
-0.022739801522939817,0.10771193639187343,-0.005369329530942324,0.0,0.0,-0.5768251623856478,0.3739712006951633,1.048458518166291,-1.4172763589181399,0.08561816007683151,0.8180503970698306,-2.009201943874359,-0.2376288403021662,1.4152359146820872,-1.8130461495173604,-0.25031166209986333,0.6559805054413645,-1.6715281025359505,0.46384693995902415,0.3357013558086596,0.25808646333845037,-0.0002776789356415208,-0.798455085409315,-0.11595758482029564,0.01952727065470658,-0.019636877175224454,-0.022739801522939817,0.10771193639187343,-0.5768251623856478,0.2796672170883731,0.08372620762868024,-0.2470634284435177,-0.24965103846266581,0.23504197523581685,0.12228906422640276,-0.2337470534633111,-0.3231555109006754,-0.08514100094652269,-0.24615615627671927,-0.14336992096969772,0.20906890674741474,-0.25030685679139986,0.3533029090174421,0.19182711794784046,0.4222423676771479,-0.002256365128376178,0.007761919766811556,0.0,0.0,-0.020005300031210153,0.9997998739601147
-0.02363940061966437,0.12067470436077953,-0.006148130878022572,0.0,0.0,-0.6259154101598751,0.36324811687594966,1.0412803331488056,-1.4437112376878136,0.08747269164182638,0.8035797417948121,-2.0027616392625007,-0.2341778501868248,1.4015413334495144,-1.834530792738262,-0.24872783708729243,0.6454061916784236,-1.6680004777092683,0.4674480273143241,0.32405814293183777,0.26000113942121206,-0.0008986604179402713,-0.7915732946835066,-0.11603850939948308,0.019481850947302422,-0.019687351329546226,-0.02363940061966437,0.12067470436077953,-0.6259154101598751,0.27955475135853414,0.09115254589503057,-0.24391008281143647,-0.25056441944831004,0.23780778002129982,0.12179875974075044,-0.23453356031858305,-0.3157999033562654,-0.08600901187824282,-0.2459426997268115,-0.14077910050771564,0.20869526997297094,-0.250654615473674,0.35056769286822853,0.1921501009691457,0.4255611768643223,-0.002617293890675922,0.010018800336279367,0.0,0.0,-0.026262809635326966,0.9996550729276866
-0.028745934372063867,0.1401516153545147,-0.008470065107470115,0.0,0.0,-0.7273859345442405,0.3538156700761695,1.0271148556157161,-1.474892873513071,0.08966238208507236,0.7883432695740148,-1.9944790852697272,-0.22776733338832855,1.3874029046610783,-1.8556993258626837,-0.24436208762620626,0.6360377983043068,-1.6673949141251414,0.47172749199365316,0.3110875204989785,0.2628042886131688,-0.0015118972545391635,-0.7833127222563091,-0.11605880487906306,0.0194399497030597,-0.019753376316083104,-0.028745934372063867,0.1401516153545147,-0.7273859345442405,0.2794212918532522,0.10153089155927611,-0.24108491844222926,-0.2511889039153144,0.24062423273678307,0.12120067704465697,-0.23563607101228948,-0.3084716524503123,-0.08764057372989538,-0.24544379170405756,-0.13819868130728136,0.20750379168594865,-0.2509767602218256,0.3474266768254847,0.19257884394410194,0.42891135571761446,-0.0029471836690055696,0.012631899089013276,0.0,0.0,-0.03353346525068227,0.9994375952045637
-0.03682696150580628,0.1563602118436699,-0.011241847747250901,0.0,0.0,-0.841017251920549,0.3455044638953711,1.0047563604618373,-1.5086914238176847,0.08962505193133104,0.7752105087826127,-1.9839975457442434,-0.22001938149333,1.373381868004799,-1.8771566889787976,-0.237734792852088,0.6258354904620271,-1.6718361942391646,0.476942970368423,0.29663128837158803,0.26682268004668386,-0.0020586064845127495,-0.7738684882458887,-0.11595187542077742,0.019405002276854294,-0.01982957536452695,-0.03682696150580628,0.1563602118436699,-0.841017251920549,0.27921594875423533,0.11472235768666086,-0.23853969949505618,-0.2515449118557084,0.24281499302077017,0.1210801541063291,-0.23707230818023992,-0.3011919083299879,-0.08965768336294502,-0.24459595502389164,-0.13483625180223516,0.20550937975876835,-0.2506863487195206,0.34377688589958777,0.1931740596024419,0.4322634197916654,-0.0033887752046882127,0.01568932967922209,0.0,0.0,-0.04193772189976576,0.9991202267404349
-0.05267736977089216,0.18186156522198563,-0.016884427321585405,0.0,0.0,-0.9026633337234883,0.33780138821978317,0.977954194733971,-1.5439093175687288,0.08837984619956267,0.763218744020713,-1.9723233360993235,-0.21154604107141495,1.359424501657486,-1.8987707056497272,-0.2298808972302236,0.6151808900268454,-1.6790147455115068,0.4826661171881776,0.28136930183360453,0.2715001859162983,-0.002569232944791254,-0.7637822682920256,-0.11577594260636129,0.01937382641297422,-0.01991129254824237,-0.05267736977089216,0.18186156522198563,-0.9026633337234883,0.27897161794336217,0.12927434350484013,-0.23598327389730284,-0.25127138846234925,0.24467463695974162,0.12122404806946943,-0.2386861835192249,-0.2939840668303637,-0.0918970678450467,-0.24343729098046002,-0.13108511157757158,0.20308744172084506,-0.25001225171095853,0.33983528314550815,0.19382730459444875,0.4355867129958639,-0.0038909507443589206,0.01898775380840035,0.0,0.0,-0.05095470526647782,0.9987009652599753
-0.07113534987090983,0.20792392181097988,-0.023125759080835914,0.0,0.0,-1.0998690464941667,0.32932902735314873,0.9401922147524985,-1.5824023751836074,0.08130279212797943,0.762413678984893,-1.9600534517514079,-0.20257821875183207,1.3458746985385293,-1.9236309889115786,-0.22183620282693914,0.600501471836316,-1.694421062343999,0.48995999482117203,0.2652824866144281,0.278441730298494,-0.002887625357528266,-0.7526365514648589,-0.1152744355954622,0.019348831136563893,-0.019998365804847134,-0.07113534987090983,0.20792392181097988,-1.0998690464941667,0.2785405716613719,0.14734434900555768,-0.23303468621571224,-0.2504891105251781,0.2439000037827042,0.12271731877310131,-0.24053274478498615,-0.28638119776246657,-0.09437058783212565,-0.24159742221449695,-0.12543880435821456,0.20022753073984131,-0.24752365479037447,0.3353418882532635,0.19490598106044663,0.43826874537504606,-0.004744555174654937,0.02314047156342942,0.0,0.0,-0.06193602593148042,0.9980801213789476
-0.08602068261480289,0.22822573387376563,-0.02800343852294024,0.0,0.0,-1.1663179611789438,0.3206269803800081,0.900491465079157,-1.621949220958509,0.07177515798493436,0.7667697401423204,-1.9489831861696745,-0.19307510319509005,1.3319564806787592,-1.9498120546340942,-0.2141616842464397,0.584804682355178,-1.711996432981993,0.49798317018308136,0.2491048668560229,0.2861418880914387,-0.0031304074157225458,-0.7415076180508262,-0.11462358169649776,0.01932566838437005,-0.02008655412416709,-0.08602068261480289,0.22822573387376563,-1.1663179611789438,0.27804658758012873,0.16566685257223102,-0.22965563217503981,-0.248512645758445,0.24198035775692625,0.12483366675283974,-0.24218606018869168,-0.2785953783339655,-0.09702032915939413,-0.23931067964252836,-0.11945834995933922,0.1973771786284301,-0.2443456492384995,0.330631951548406,0.196159575008271,0.44066835429569756,-0.005686273737075297,0.027592692377143783,0.0,0.0,-0.07357260093948137,0.9972898637763244
-0.10394456983447259,0.2551539470627993,-0.0343499509127515,0.0,0.0,-1.3059640370478776,0.31144703610947255,0.8569826315108099,-1.6637014919205715,0.05702858741738294,0.7821727155854827,-1.9406421811957109,-0.1823925797484423,1.3171887225226353,-1.978800743818283,-0.2073297083966042,0.5670223094915089,-1.7340361640641564,0.5075678464613462,0.23276464170531222,0.29543445220119074,-0.003212785875228675,-0.7304700173829731,-0.11365315891606242,0.01930631631004967,-0.020176980521922048,-0.10394456983447259,0.2551539470627993,-1.3059640370478776,0.2774204341204543,0.18480630712591462,-0.22574147345007306,-0.24513529188784908,0.23761999775412307,0.12826281272315904,-0.24334513410849423,-0.27029992704091393,-0.10001689763751129,-0.23635520420145836,-0.11272209469178811,0.19454412758217696,-0.2398553205814943,0.32549653477472296,0.19785681217902648,0.44253592332177266,-0.006808480220283137,0.03267560045136825,0.0,0.0,-0.08659057357969377,0.9962439824496505
-0.11944507840769433,0.2745912947687163,-0.039123180077264834,0.0,0.0,-1.4344101875603668,0.30331724489990036,0.8136816542399558,-1.7075799060495276,0.03742535177030063,0.8057294621279365,-1.9360545073684894,-0.16854496143366163,1.2999317379374253,-2.009146241765273,-0.20110260597185084,0.5496524650799601,-1.7591172974360616,0.518596213114889,0.21607234132917305,0.3060352441511656,-0.003143772556397476,-0.7201887188773406,-0.11232405097076767,0.019293963664064284,-0.02026639268488476,-0.11944507840769433,0.2745912947687163,-1.4344101875603668,0.2766725895436187,0.203372064651473,-0.2216529141754794,-0.23990728337958978,0.23157201561806964,0.13294768805080687,-0.2435507992833438,-0.2614380825775573,-0.10375327187025013,-0.23283728235713722,-0.10613036622632137,0.1917700464595951,-0.23450536661756577,0.3199125961276659,0.199900259600194,0.4441372148716062,-0.00802083170703171,0.03836314527219847,0.0,0.0,-0.10087189015230169,0.994899422945406
-0.13759759195285506,0.29016539029737687,-0.037540505199055996,0.0,0.0,-1.5075786392183887,0.29578495456984166,0.7704989400349165,-1.7526680223251645,0.015058841164174802,0.8339254232613664,-1.9336023495385521,-0.1528965132801156,1.2812584693494595,-2.0402637171117886,-0.19521965566826494,0.5325173351325486,-1.785928883834889,0.5304459898095382,0.19917972229029002,0.31738037263092245,-0.002988622536098486,-0.7103377302226267,-0.11079086353512187,0.0192855934514419,-0.0203552277832243,-0.13759759195285506,0.29016539029737687,-1.5075786392183887,0.2758555069173637,0.2210893536701557,-0.21736162176416762,-0.23308358342544155,0.22454573219274945,0.13835124626084075,-0.24300052688686366,-0.25239849833692857,-0.10787823398916176,-0.22874234171390584,-0.09980337733805895,0.1890461881682588,-0.2285703314904577,0.31406225230670615,0.20207647911637902,0.445552521462395,-0.009284472592346568,0.0443947075523044,0.0,0.0,-0.11585931763485685,0.9932656334119214
-0.1565865919047339,0.297009674642151,-0.03066471728839365,0.0,0.0,-1.6732734067654396,0.29309630393981934,0.7315980760674727,-1.798093557357788,-0.015177708315221902,0.8737034264363741,-1.9357338830044395,-0.12896185172231572,1.2566084924497103,-2.069664904945775,-0.18900164177543238,0.5185348171936838,-1.8145554504896466,0.544716361321901,0.18164849908728348,0.32946721503609105,-0.0025743997508757993,-0.7031434052868893,-0.10865906665199682,0.01929014970205332,-0.020440902168813505,-0.1565865919047339,0.297009674642151,-1.6732734067654396,0.27517096933565643,0.23662107433042034,-0.21396082914378234,-0.22435191468691495,0.21513896152115664,0.14566555490982352,-0.24076582077609304,-0.2426263991753867,-0.11372798014441399,-0.22417756544531434,-0.09449764981988704,0.18627675069362026,-0.22241857222556236,0.3074677345291087,0.20482977449903939,0.4472767797575589,-0.01070561612907209,0.050924929152978096,0.0,0.0,-0.13246314680167423,0.9911879310904659
-0.17387642643236156,0.2923870793396886,-0.01892668048017881,0.0,0.0,-1.7207150249364103,0.2922194455015032,0.6947785886494737,-1.841801544553355,-0.04767076891699902,0.9167946565308068,-1.937945998028705,-0.10183552966306085,1.2301467092413652,-2.097027943322533,-0.18251288417530687,0.5056775247580126,-1.8432682219304537,0.5600436149459136,0.16437518910357826,0.3415483636291404,-0.002080962264077052,-0.697082946567159,-0.10631938945305974,0.019298773565280595,-0.02052565487591844,-0.17387642643236156,0.2923870793396886,-1.7207150249364103,0.27462891822582797,0.25037055266055186,-0.21084533200724334,-0.2147965319214159,0.20493380862484709,0.15344993891644793,-0.23772915746522055,-0.23308205552296427,-0.12010152517254775,-0.21916065929663991,-0.08980524113153185,0.18352253656804357,-0.21623366341018385,0.30064719792778255,0.20779172515759814,0.4489880204132342,-0.012208441174344012,0.057502910323244956,0.0,0.0,-0.1494990547625626,0.9887618685128893
-0.19332486195214016,0.2874627560230408,-0.0034688873902746775,0.0,0.0,-1.8200850440051832,0.2952458003633901,0.6625467264338543,-1.8814110410840887,-0.08487663388644401,0.9668035389561402,-1.939978721894716,-0.06781338312123947,1.1998732403704995,-2.1196985025154915,-0.1754094395590456,0.4952326769891538,-1.8720386655707109,0.5776804669907218,0.1477648333499306,0.3535560792998264,-0.0014206917686878056,-0.6934954908333326,-0.10353533139354304,0.019315994614245074,-0.02060847827478459,-0.19332486195214016,0.2874627560230408,-1.8200850440051832,0.2744139021164493,0.26163348263683894,-0.20864346394706218,-0.20492350449454086,0.19304185757361153,0.1622118439578501,-0.2335046095380111,-0.22368586410554234,-0.12769509051589817,-0.21386110339614145,-0.08600618409301315,0.18074782773105888,-0.2102317482841807,0.2933764134912614,0.2113829730503564,0.4507521199220866,-0.013892154160298802,0.06415380365950497,0.0,0.0,-0.16747059725363897,0.9858770709654979
-0.21070035566987821,0.28181587511881795,0.00815663094583252,0.0,0.0,-1.908286100620241,0.3003746047616005,0.6336605623364449,-1.9143138974905014,-0.12372194044291972,1.021898627281189,-1.938748449087143,-0.02853562962263824,1.168004348874092,-2.1360870599746704,-0.16822647862136364,0.48587848246097565,-1.9009522050619125,0.5972763374447823,0.13279978930950165,0.36512230336666107,-0.0006365667795762423,-0.6922549232840538,-0.1003435580059886,0.01934428047388792,-0.020686116768047214,-0.21070035566987821,0.28181587511881795,-1.908286100620241,0.274490162730217,0.27080804544831705,-0.20710827946459648,-0.19574671841154542,0.17952882541196727,0.17117048691864117,-0.22865505761516058,-0.21501792805773715,-0.13608681482730411,-0.20852754172669463,-0.0827554279898069,0.17804981775385853,-0.20421621461337802,0.2859201382479343,0.2155814880373878,0.4523107861784103,-0.0157107375562191,0.0709099555388093,0.0,0.0,-0.18625345691496223,0.982501730170093
-0.22991439456179052,0.27750983597086454,0.023614311296689398,0.0,0.0,-1.9611247500536122,0.3067575018656881,0.6067700778183184,-1.9432163018929332,-0.16354515952499288,1.0800275928095768,-1.935571827386555,0.013877047323866895,1.1351838017764844,-2.148728458504928,-0.16099608689546585,0.4771748530237298,-1.9299510999729759,0.6180407451955896,0.11881615927344874,0.3764251815645318,0.0002214363285977588,-0.692414253950119,-0.09690858600170989,0.019379166396040665,-0.02076066251059896,-0.22991439456179052,0.27750983597086454,-1.9611247500536122,0.2747401673542826,0.27865708372490744,-0.20590296112336148,-0.1869782927829417,0.16502825305321317,0.18005978275365603,-0.22281199367667825,-0.20679040353468692,-0.1448247176925924,-0.20287751579553953,-0.07994200006510538,0.17543390241783854,-0.1981674757166976,0.2783184822303111,0.22003974495201467,0.4537340376859905,-0.01760976996861006,0.07772889321571902,0.0,0.0,-0.20548572143504365,0.9786601137710271
-0.24584810516225342,0.2713806122399966,0.03698893675678632,0.0,0.0,-2.0959610782195446,0.3139623001609978,0.5841997814805885,-1.9601205148194965,-0.20328016363476448,1.140952827114808,-1.9267845867495788,0.0622371771912041,1.100420631860432,-2.1526342975465873,-0.1535559170144169,0.4699711936869119,-1.9582843953057338,0.641550247998614,0.10781043062084601,0.3860971190427479,0.0012148802940684703,-0.69670903565068,-0.09291731296597343,0.01943005476833174,-0.02082242654930604,-0.24584810516225342,0.2713806122399966,-2.0959610782195446,0.27543473518208456,0.28450467011950387,-0.20554697912599154,-0.1805925727631712,0.14904183703576737,0.18863220301145148,-0.21648995710264612,-0.19926378566159267,-0.15449374600769233,-0.1975120545279952,-0.07774824598444874,0.17291218381637435,-0.19237749300762352,0.27054827620355726,0.22547013899998572,0.4551556301692664,-0.019666080559162715,0.08477180975636368,0.0,0.0,-0.22595291606796947,0.974138224134738
-0.25143244374715684,0.26202918084229954,0.04362336506968935,0.0,0.0,-2.1485346712041236,0.3203709639216724,0.562841672646372,-1.9729566887805337,-0.2422985665892299,1.2000618278980255,-1.9169661371331466,0.11191066040804502,1.065194275818373,-2.1549927686390125,-0.1460331582317227,0.46305030898043986,-1.986218091688658,0.6658073491171786,0.09784906004604542,0.3950762215413545,0.002240717937973767,-0.7023352815916664,-0.0887659685196061,0.019484602454069414,-0.02087543152370735,-0.25143244374715684,0.26202918084229954,-2.1485346712041236,0.27621972482455404,0.2896812348100845,-0.20522479024873155,-0.175120325615588,0.13331575198086176,0.1965673800302046,-0.20915595268525483,-0.19184373676910926,-0.16412709525779967,-0.1915456402772022,-0.07587945378205045,0.17048058627508456,-0.186654368690779,0.2626941685216512,0.23100989621248447,0.456588118189162,-0.021660884376615282,0.09180477457611183,0.0,0.0,-0.24683045533244813,0.9690586805350729
-0.247590845610699,0.2500517738528838,0.04837989414993166,0.0,0.0,-2.2650470736846717,0.3246948199444695,0.5440174592168707,-1.9770018677962453,-0.27953560630741875,1.2543088346719742,-1.9052145637963946,0.16418391172038882,1.02903324444043,-2.1544869071558903,-0.1383280396265419,0.4566639504934612,-2.0132292963956533,0.691617917857672,0.0901562971504111,0.4025107010414726,0.0033319718633337244,-0.7108148489343492,-0.08427838819395554,0.019546459061338714,-0.020908007998705694,-0.247590845610699,0.2500517738528838,-2.2650470736846717,0.27717966978487213,0.2938617477332826,-0.20511828518756825,-0.1718709091709063,0.11844591784359355,0.20367055832168968,-0.2014059413775916,-0.18453548030751477,-0.17395946372875526,-0.18504682021653154,-0.07437373519437165,0.16814188532189517,-0.1811620742038426,0.2547572997526652,0.23704886703342434,0.45810164490259686,-0.023483843309804797,0.09878711539663766,0.0,0.0,-0.2687167650745424,0.9632192378518367
-0.24103842053555952,0.2364813297442442,0.04900169411772291,0.0,0.0,-2.3781828007624135,0.326761898241545,0.5300957936989634,-1.9750882198936062,-0.31433828096640737,1.2990030614953292,-1.8934350139216374,0.21709492488911272,0.9925987281297383,-2.1554864205812154,-0.1309394412919095,0.45395650675422267,-2.0377524777462606,0.7184925832246479,0.08415055902380693,0.40851763047670064,0.00445115977996274,-0.7213773947013051,-0.07959043744363284,0.01961022684056508,-0.020923598718486335,-0.24103842053555952,0.2364813297442442,-2.3781828007624135,0.2781549205905513,0.2967695360844775,-0.2051473340934214,-0.17058110736470608,0.1058502221233537,0.20990705757979203,-0.19373472295135086,-0.17704615565620735,-0.1834269962716753,-0.1774098277826309,-0.07379776947534919,0.16607588519269395,-0.17655704527540395,0.24671915847426612,0.24336140654265595,0.45977064957669933,-0.02495652594064411,0.10548915008181019,0.0,0.0,-0.29154787878690236,0.9565562369117968
-0.2285135649079621,0.2221501543818318,0.04982848308588278,0.0,0.0,-2.449355221737621,0.32741849046004445,0.5192382206258022,-1.9694503051669974,-0.34761947746339594,1.337726800849563,-1.8816379787106263,0.2704045392180743,0.9559932837360784,-2.15742679332432,-0.12374866812636978,0.4535483847323217,-2.0607206444991264,0.7460323089831753,0.07919921137784658,0.4136323411213724,0.005587806441134918,-0.7332418019834317,-0.07477725517789001,0.019675189102264613,-0.020928573341255908,-0.2285135649079621,0.2221501543818318,-2.449355221737621,0.27913973754958105,0.2989180942856712,-0.20527743632290946,-0.17053029595815333,0.09467237340815027,0.21548893479323836,-0.1860534454109574,-0.16948422515102274,-0.19238695100961742,-0.1687841616981081,-0.07379580769315514,0.1641933935574955,-0.17250952937796868,0.23853959436886618,0.2497371295077948,0.46153564223340593,-0.026210285882514558,0.11201599343238691,0.0,0.0,-0.3148898710466832,0.9491282153177215
-0.21724139560926015,0.20789431339096884,0.050621107220649726,0.0,0.0,-2.6235000088986444,0.3257295669693696,0.5206012663088346,-1.9593624833383059,-0.37634202485021795,1.3533069224734056,-1.8736123975954557,0.3214324261797102,0.919352598096195,-2.1666064262390137,-0.11874920914047643,0.463992745468491,-2.0774102712932385,0.7739462664252833,0.07731739313978898,0.41684206849650335,0.006778828585275302,-0.7468130659115942,-0.06981373274404751,0.019739645508755194,-0.020914013522039903,-0.21724139560926015,0.20789431339096884,-2.6235000088986444,0.2801480599139866,0.29833615723004603,-0.20571638722375868,-0.17295119127609,0.0895743941318417,0.2204961761015013,-0.18044982909675597,-0.16146690450522738,-0.19990359762516047,-0.15841325024172973,-0.0758304616140764,0.16305522885682672,-0.17079720870907125,0.23063377918927563,0.2564446522149941,0.46307097246571904,-0.02697285936263047,0.11807664483785629,0.0,0.0,-0.3396818657581124,0.940540392580291
-0.20973832216076574,0.19401436009642145,0.051277072021835284,0.0,0.0,-2.684060244577866,0.323725148643318,0.5257393251124182,-1.9490129461413936,-0.4027606586092397,1.3610357751971798,-1.8672563425804438,0.37048840522766124,0.8843025722001727,-2.178565486481315,-0.11533375535356372,0.4784025228337238,-2.0919406492459145,0.8016306518724091,0.07626739301179584,0.41956661014180435,0.007970842327554958,-0.760656644639216,-0.06485186549099652,0.01980565789792883,-0.020894235784285946,-0.20973832216076574,0.19401436009642145,-2.684060244577866,0.28116458183840703,0.2968978611702813,-0.20623321512352072,-0.17584446561430264,0.08659805912841378,0.2251393264793474,-0.17564321476099326,-0.153788186190386,-0.2061543708523672,-0.14726934398213984,-0.07856610133618208,0.16230790704967574,-0.16978475273713906,0.22275073060806477,0.26298053889315354,0.4645026678774865,-0.027581130093159646,0.12396517655763188,0.0,0.0,-0.36480415801973537,0.9310842745377627
-0.19740168179577555,0.17697383178390563,0.05002637442789588,0.0,0.0,-2.8183009369604575,0.32124783333979157,0.5389676956753982,-1.9386554893694425,-0.4237966600217317,1.3515895542345548,-1.864728962120257,0.414688766002655,0.8534572971494575,-2.196751092609606,-0.11576373404578158,0.5016152701879802,-2.101734293134589,0.8286515270408831,0.07694225562246222,0.42130265424126073,0.009157127884559723,-0.7749571517894143,-0.05991744338289688,0.01987585572427825,-0.020863681051291917,-0.19740168179577555,0.17697383178390563,-2.8183009369604575,0.28219914279486,0.29362661563995784,-0.20690931732076753,-0.17958187719896643,0.0883194610516791,0.22931208975662926,-0.1729943895648914,-0.14684730327171808,-0.2104623508886133,-0.13542938927093584,-0.08285236822693448,0.16244216996161379,-0.17026184159469948,0.2151639432142013,0.26941398982770476,0.46570567136445334,-0.02785743297518868,0.12947086734991323,0.0,0.0,-0.39090000738161484,0.9204331503314369
-0.18975252607718826,0.1594307464100156,0.047210878447483125,0.0,0.0,-2.8427459871769574,0.31857902046881226,0.5539454900120434,-1.9299830127703517,-0.43940775253270803,1.3320791321365457,-1.8651702145212574,0.4520838566516575,0.8305731145174879,-2.2180565626997697,-0.12010509207060463,0.5295493740000223,-2.109946437572178,0.8547460146640476,0.07938582332510698,0.42315757823617833,0.010303188593273884,-0.7885749406720463,-0.05513957549670809,0.019951927990309502,-0.020829680240958146,-0.18975252607718826,0.1594307464100156,-2.8427459871769574,0.28316563681552287,0.28993807852872094,-0.20745898512611458,-0.1831308313563307,0.09296391071156862,0.23282358639706766,-0.17189218754382965,-0.1415950906469945,-0.21298225489441028,-0.12420363305166238,-0.08798639093659041,0.16333207383364412,-0.1710149605518611,0.20797041324672655,0.2757466527294048,0.46612238253917787,-0.02797013783435288,0.1345627296127771,0.0,0.0,-0.416907604754552,0.9089488704530208
-0.17636591205173935,0.13544155567972088,0.04025653592849981,0.0,0.0,-2.8596040830207983,0.31578486373550013,0.5700683617278149,-1.9224134322844053,-0.451467995580874,1.3059812329317393,-1.8675545720677627,0.4850245886727384,0.812899828741425,-2.241404125564977,-0.12700662565858742,0.5605738202207968,-2.1171234187326933,0.8802341395302823,0.08298708890613757,0.42509031452630697,0.011422920310379645,-0.8017458594159076,-0.05046417946486095,0.0200318453441325,-0.02079342381636563,-0.17636591205173935,0.13544155567972088,-2.8596040830207983,0.28408757793275935,0.28595057653447653,-0.20790919797774413,-0.18652593988671243,0.09955860205831402,0.23587560500142934,-0.17167970567401403,-0.13753469367581678,-0.21425452781320595,-0.11347680870787281,-0.09369630453869923,0.16471895599210176,-0.17184449808551344,0.200973442725995,0.28197187483282043,0.46602390560570733,-0.02797576035127828,0.1393837222927495,0.0,0.0,-0.44272944923662383,0.8966552485647065
-0.16305920064040252,0.1112272954659735,0.032354656018708516,0.0,0.0,-2.76464348993399,0.31183530233408274,0.5797073480330015,-1.9164761642092152,-0.45441906075728566,1.2724807309476953,-1.874019910630427,0.5055821518364705,0.8109989966216841,-2.2644035737765464,-0.13941503874957561,0.5915387696341464,-2.1253672759783897,0.9037342377399143,0.08885896598037919,0.42819138812391383,0.012396593719083618,-0.8122079235158468,-0.046232092978530814,0.020114093822868245,-0.02074990736467666,-0.16305920064040252,0.1112272954659735,-2.76464348993399,0.28477589825266286,0.28345294091481804,-0.20781855161991233,-0.18917004979035534,0.10869794590074035,0.23736690212656378,-0.17313739749729395,-0.13652002451087905,-0.21415012249334858,-0.10566608449254893,-0.0993965521033256,0.16701501067597668,-0.17159648189766108,0.19480858722091224,0.2880764926252566,0.4643108477620818,-0.02795786433853209,0.1434576050623467,0.0,0.0,-0.4673495431774929,0.8840726239918238
-0.1532107080824942,0.08894697260116578,0.025689592094797764,0.0,0.0,-2.731031958379695,0.3070617851458098,0.5855971731637654,-1.9103497392252873,-0.4549427691258882,1.2381987132524188,-1.881700967487536,0.5217850992554113,0.815156942919681,-2.286281660983437,-0.1533467471599579,0.6213926892531546,-2.134053820057919,0.9265544289036801,0.09541561101612292,0.4317306029169183,0.013300009463962757,-0.8216054188577753,-0.042213798549614455,0.02019662860977022,-0.02070817919938188,-0.1532107080824942,0.08894697260116578,-2.731031958379695,0.2853817641735077,0.28177358085706167,-0.20745477210547242,-0.1916442780721959,0.11827314734121389,0.23824773179081374,-0.17465278215954771,-0.1366846328415075,-0.21365122949650756,-0.09912866757135091,-0.10487784199318423,0.16952786516161739,-0.17076784775682058,0.18880396708657562,0.29404712451457415,0.4620432050614713,-0.027972483713375896,0.14727901784997238,0.0,0.0,-0.4913195294044131,0.8709794027563603
-0.13928654165359716,0.06362067512746383,0.01737544018971249,0.0,0.0,-2.6567819271064708,0.3002157407371621,0.5822982968468415,-1.9033735896411694,-0.45048515028075165,1.2031937123913512,-1.8919717112654135,0.5282716237400708,0.8331208778055091,-2.305097881116365,-0.17044580914080149,0.6481567084005005,-2.143765960869036,0.9478683044251643,0.10343645591484875,0.4362627307051107,0.014036071309084564,-0.8285647967928335,-0.03870498222347936,0.020279503304903444,-0.020672873986002645,-0.13928654165359716,0.06362067512746383,-2.6567819271064708,0.2858034819364548,0.28216050167290696,-0.2064775839046727,-0.19383537876934617,0.1284677171373688,0.23795307392350146,-0.1765101793158987,-0.1392637086255762,-0.21278422352991666,-0.09546098213907372,-0.10974392998130572,0.17247062995198417,-0.1688770835986768,0.18335577072851245,0.29990492033952054,0.4585492927988883,-0.02808250974569666,0.15054284320457986,0.0,0.0,-0.514286123452164,0.8576186700536234
-0.12944990678050686,0.04281601211254614,0.011122648261095715,0.0,0.0,-2.5960813966284118,0.2906918847247174,0.5741703643610603,-1.8933656827399605,-0.4445336539494364,1.1693354829361564,-1.903741329908371,0.5278489754388207,0.8601584011002591,-2.319767631982502,-0.18818098875252823,0.6721215812783492,-2.153156151897029,0.9681204063327689,0.11216650511089124,0.44159666252763646,0.014626847200193686,-0.8333527500692167,-0.03568430102773403,0.020357342902570963,-0.020642812976515608,-0.12944990678050686,0.04281601211254614,-2.5960813966284118,0.2860767817810962,0.2835073283070093,-0.2050064096481715,-0.19662742841267605,0.13859208762853198,0.2370745450776513,-0.17801461641001176,-0.14337965093285396,-0.21188938897962697,-0.09406568288166603,-0.11406071925677132,0.17543848317001015,-0.16657848854955387,0.17820867839692814,0.30560321832844767,0.45420445612755395,-0.028351901344170694,0.1533923943183924,0.0,0.0,-0.5363772678583312,0.843978332971192
-0.1213451964603271,0.017428188126251812,0.005780866271572205,0.0,0.0,-2.555189116238968,0.27933323187263387,0.5627336341299508,-1.8812804606400038,-0.4375585748961097,1.1362630042590594,-1.916537955403328,0.5226922643027807,0.8934130127492704,-2.3315962835362085,-0.2063520267409714,0.6941685206011722,-2.162325747703251,0.9876449966901227,0.12138249058472483,0.4474799785959093,0.015118075307997827,-0.8366528753387301,-0.032998082791700176,0.020431732526049018,-0.020616345217843588,-0.1213451964603271,0.017428188126251812,-2.555189116238968,0.2862483878668986,0.2855245529387187,-0.20316116765791822,-0.19980394109964558,0.14861351756511593,0.23574050088032253,-0.17915196314283685,-0.14850752096351555,-0.2109428597503762,-0.09412015922761159,-0.11799191317287125,0.17839547340754816,-0.16397666804939137,0.17320987402479443,0.3111496029701794,0.4492706489737906,-0.028730487867601608,0.1559580908598084,0.0,0.0,-0.5577673816468315,0.8299973180503886
-0.11711629890376303,-0.006701340092560966,0.0027953794128010574,0.0,0.0,-2.4776806124938013,0.2662245082227807,0.5505980943378649,-1.8644019616277594,-0.43155771180203084,1.1061172579464158,-1.9292141544191461,0.5089101054166493,0.9338882063564502,-2.3359932773991634,-0.22365007980873716,0.7147018940825212,-2.1654264550460014,1.0056054262738479,0.1302614400261327,0.45362964272499084,0.015317240999521394,-0.8370258400314733,-0.031146594470268796,0.02049005801152242,-0.020585601512146622,-0.11711629890376303,-0.006701340092560966,-2.4776806124938013,0.2863080164319591,0.2874555092189885,-0.20114450832226743,-0.20409888970787313,0.15780878947007657,0.23436462777614583,-0.17963851537000625,-0.15499812179050473,-0.21000092562867897,-0.0970421656009244,-0.12177171568513565,0.1814014685599006,-0.16250337143337418,0.16857593131930798,0.31625737236398815,0.4439403495950145,-0.029540162729589564,0.15814985923076932,0.0,0.0,-0.5781608340542995,0.8159228210839776
-0.1183625114435502,-0.02838686772919273,0.0027489897451896117,0.0,0.0,-2.4544120887736325,0.2532425573781917,0.5401598026877955,-1.8460223188525753,-0.4267492435480419,1.0770472397929745,-1.9410232846674167,0.49285704015116943,0.9749525785446167,-2.3378466461834155,-0.2403818734578396,0.7348603896404567,-2.165828295444187,1.0229784830620414,0.13894958009845332,0.4597457282637295,0.015409733701840435,-0.8363320870619071,-0.029586824343392725,0.020541644900252943,-0.02055530079738482,-0.1183625114435502,-0.02838686772919273,-2.4544120887736325,0.28636020304341064,0.2889045444565994,-0.1991793347165636,-0.20878392133725582,0.16651313992102795,0.23310327767372993,-0.1796701872219377,-0.16169437911529289,-0.20892007943153515,-0.10058146338201873,-0.12557064548035685,0.18441590456291448,-0.16150651249667544,0.16398033848830285,0.32111217810793663,0.43852698210585905,-0.030536163402231115,0.1602890667946715,0.0,0.0,-0.598012770122339,0.8014865730444937
-0.12040343429149256,-0.053825443358857916,0.002997241130001105,0.0,0.0,-2.405314326204848,0.24106658995151517,0.5349116325378418,-1.8243854641914368,-0.425226092338562,1.050436556339264,-1.9502985775470734,0.47221510112285614,1.0159798860549927,-2.3340107202529907,-0.25565459206700325,0.7542834579944611,-2.1597461104393005,1.0390003323554993,0.14715662598609924,0.46569691598415375,0.015258802799507976,-0.8332057446241379,-0.028683867305517197,0.020577266812324524,-0.020527363289147615,-0.12040343429149256,-0.053825443358857916,-2.405314326204848,0.28641797602176666,0.28889158077996363,-0.19756295389610518,-0.2144388058952204,0.17417952844291848,0.23245814720066077,-0.17913440756852395,-0.16871773473913662,-0.2076967576604617,-0.10564974911787062,-0.12948903643061965,0.18751325802380858,-0.16185636879611903,0.15968965878187544,0.3255563612119989,0.43298595126142925,-0.03197683021426201,0.16236500442028046,0.0,0.0,-0.6171180252073284,0.7868706011563827
-0.12118993551758342,-0.07441891745985932,0.003183691909439123,0.0,0.0,-2.366428916908865,0.23194076473775663,0.5357970622809309,-1.8009831183835079,-0.4262609060265516,1.0275061616772099,-1.9567461084378392,0.4500947077023355,1.0542639776280052,-2.3254902613790414,-0.26937170385530124,0.771724515839627,-2.1503217377160726,1.0537340805718773,0.15438291273619,0.4714063951059392,0.014918030043573755,-0.8286557530886248,-0.028232672055693048,0.02060324142343904,-0.02050039674596567,-0.12118993551758342,-0.07441891745985932,-2.366428916908865,0.2864800926886107,0.2871864198497472,-0.19671271409732874,-0.22052051721687077,0.18052067600506316,0.2323489357474658,-0.1782933869961285,-0.17568787513466297,-0.2064313437407047,-0.11148841657172046,-0.13324439233135113,0.19053289124049544,-0.1628508435092944,0.15563195948489875,0.329494599502815,0.42767777032817944,-0.03377497323641652,0.1644532924616023,0.0,0.0,-0.6355659418445839,0.7720465876922239
-0.12359780900161994,-0.09987090121830551,0.0034320168197155,0.0,0.0,-2.339094539584851,0.22500183394080714,0.5410801674190321,-1.7763149487344843,-0.42912973228253815,1.0072144646393626,-1.9611661873365704,0.42691429037796824,1.0905812351327193,-2.3136110807719983,-0.28197347490411057,0.7877445095463803,-2.138501079458939,1.0675442846197831,0.16090601368954308,0.4769425737230401,0.014441144260528841,-0.8230850320113333,-0.02810538148409442,0.020622299101791884,-0.020474126366408246,-0.12359780900161994,-0.09987090121830551,-2.339094539584851,0.2865453236981442,0.28415320134151295,-0.19639675462772452,-0.22687836272323408,0.18592991218348728,0.23263100683582882,-0.17725976522439385,-0.1827413370219818,-0.2050079189801447,-0.11781144093625145,-0.13693894977337265,0.19351795414024953,-0.16428271196087546,0.1517299651982838,0.33304916036216753,0.42253565046265573,-0.0358294199563955,0.1665504355179636,0.0,0.0,-0.6534509470237658,0.7569688631864216
-0.12419682161399029,-0.12398414563939493,0.0033915925182786966,0.0,0.0,-2.278636165204265,0.2231813198641727,0.5542767189050976,-1.750631564541867,-0.43573474138975143,0.9928523925574203,-1.9602007991389225,0.4045364888090837,1.1196768385799307,-2.2955371125748285,-0.29096965903514305,0.7982101809037359,-2.125032227290304,1.0787111944273897,0.1659305730932637,0.4818069440753836,0.013727419599155457,-0.8156898735385192,-0.02846367181719918,0.020623338813158244,-0.020455875838371485,-0.12419682161399029,-0.12398414563939493,-2.278636165204265,0.2866173733613993,0.27880220156058055,-0.1973720942137687,-0.23326917616136014,0.18923962448212567,0.2339036579101994,-0.17625400580816394,-0.18925738382166307,-0.20382376944422256,-0.12481270610139678,-0.13972198366635422,0.1959544455326565,-0.1661743244032965,0.1485333201041725,0.3358298918779473,0.4179127696619408,-0.03844883038025152,0.16876096513710523,0.0,0.0,-0.6705298494361439,0.7418825520357938
-0.1207820824386226,-0.14533080852381405,0.0024677401310513325,0.0,0.0,-2.247354872648864,0.22218195545045952,0.5700867772102356,-1.7249511433275122,-0.4429560386036572,0.98026773098268,-1.9577929659893638,0.3832224187882323,1.1460417211055756,-2.2762849425014697,-0.2983964548299187,0.8060245200207359,-2.11186809288828,1.0886273086071014,0.17021634704188296,0.48646419063994756,0.012949655567737004,-0.8076792688746202,-0.028930801261020333,0.020621749498930416,-0.02043938987251175,-0.1207820824386226,-0.14533080852381405,-2.247354872648864,0.2866809873988754,0.27247438287491127,-0.19853350233651612,-0.2395930659175204,0.19195592705876316,0.2353671292308936,-0.17530840826374672,-0.19566378126752385,-0.20253293783020376,-0.13162225256985532,-0.14204448818526494,0.1981009414435546,-0.16803945061129177,0.14564095223703866,0.3381998276630582,0.41354382565670167,-0.04126419607353837,0.17099321378689064,0.0,0.0,-0.6870332326984807,0.7266259953840595
-0.11470439733298413,-0.16982412829279828,0.0005736260821953555,0.0,0.0,-2.167923295477828,0.2222107170443786,0.5917015075683594,-1.6995869145581597,-0.4509807909397702,0.9714651488159832,-1.9524891282382764,0.36500196688269315,1.1660251766443253,-2.2552101878743422,-0.3019910474356852,0.8072023893657484,-2.1001579134087813,1.0954195410013199,0.17263803042863546,0.4906749094003125,0.012042637203672999,-0.7982899287813588,-0.0295924985732295,0.020617361437823428,-0.02042601381330506,-0.11470439733298413,-0.16982412829279828,-2.167923295477828,0.28671608296664136,0.26428412865577955,-0.19997039708984027,-0.2459177720511602,0.19342810922371773,0.23717670704729832,-0.17463147282860078,-0.20134324150221078,-0.20150089740526217,-0.13808588362863264,-0.1429788292629547,0.19943464615629763,-0.16983887075152826,0.14362892856907356,0.33968321040450034,0.4098265328331856,-0.04452336015865991,0.17325930444425658,0.0,0.0,-0.7026244588695102,0.7115608686530817
-0.10577934491975761,-0.1889432989201642,-0.0014933904534886189,0.0,0.0,-2.0853811214968045,0.22236548521016775,0.6165071129798888,-1.6764291618999683,-0.45768545646416514,0.9628982669428775,-1.947327130719235,0.34973014420584636,1.1807560167814555,-2.236014673584386,-0.30171545712571396,0.8046891093254089,-2.0905562513752987,1.0994126106563367,0.17297933603587903,0.4944086812044445,0.011131480728325094,-0.7882135933951329,-0.03024632366080033,0.020615160955410255,-0.02041294362003866,-0.10577934491975761,-0.1889432989201642,-2.0853811214968045,0.2867039324421632,0.2550714978248895,-0.20132773295437473,-0.2517288293557932,0.19487186923801977,0.23874211825237862,-0.17415888786834471,-0.20607245455525014,-0.2005461825379147,-0.14365051309119037,-0.14304102851203104,0.199932448518602,-0.17163096217969595,0.14237991911692083,0.34032332756667055,0.4069567564593921,-0.04811460289515945,0.1754951755467214,0.0,0.0,-0.7173104191095457,0.6967537316992912
-0.09644833546741008,-0.21298739265009373,-0.004242242951142672,0.0,0.0,-2.0238669247195107,0.22261475830485947,0.6437058746814728,-1.6549262663251476,-0.46340005687977137,0.9545081602899652,-1.9422715133742283,0.3366697934505187,1.1915473953673714,-2.2182285895473077,-0.29853722962893936,0.7994074672460556,-2.0825359774263283,1.1013063082569523,0.17176035830849096,0.4977847427914017,0.010217220669514256,-0.7776220115391832,-0.03089424457989241,0.020614601157017444,-0.020400102826227482,-0.09644833546741008,-0.21298739265009373,-2.0238669247195107,0.2866563473485018,0.24501675909690443,-0.20259565304093322,-0.25701422797507456,0.19629627813460027,0.24012492002996116,-0.17383934252376776,-0.21006042160208946,-0.19967865711430652,-0.14856924938932217,-0.14242888435604442,0.1997881572884258,-0.17342394607422557,0.141711911854042,0.3403411412839078,0.4047218469051321,-0.051954904620192546,0.1777083819830104,0.0,0.0,-0.7312648658730542,0.6820936122994146
-0.0871237914288103,-0.23537852121833142,-0.00678670935724962,0.0,0.0,-1.89401316874995,0.22245943938430987,0.6771945027928603,-1.640108552418257,-0.4655183302728753,0.9387622122701845,-1.9397692068627006,0.3278673455903405,1.192671653471495,-2.20921391248703,-0.2896626230917479,0.7950347865882673,-2.0760637804081568,1.0979225761012028,0.16632680673348277,0.5005766098436556,0.009436535060797866,-0.7658871537760684,-0.03128562377471673,0.02062763494292372,-0.020395747974122826,-0.0871237914288103,-0.23537852121833142,-1.89401316874995,0.2865342427241175,0.23363304870039883,-0.2034725933609379,-0.2610917325631016,0.19981596211949632,0.24065919049142204,-0.17376018282073402,-0.21129353397257936,-0.19888308254434356,-0.1514350498417486,-0.1419094838789457,0.1985554977074146,-0.1758257201961508,0.14248327751252504,0.33879028251352306,0.4041112795740899,-0.05634538677373999,0.17993585726148204,0.0,0.0,-0.7440526341416163,0.6681210052280365
-0.07784271287556482,-0.2558466079197842,-0.009058200215038281,0.0,0.0,-1.8465174464518215,0.22280024972401166,0.7122536642771017,-1.628874050943475,-0.4659936418266673,0.9202016541048101,-1.9385922762908434,0.3201321869304306,1.1911794049175162,-2.2040901654645015,-0.27944152998296845,0.7919492862726513,-2.0699458232051446,1.092527902440021,0.15930973542364024,0.5032165415192905,0.008731922116375678,-0.7537904824865492,-0.03154634777456522,0.020647736731916666,-0.020394665262612858,-0.07784271287556482,-0.2558466079197842,-1.8465174464518215,0.28638487897421183,0.22200478565206505,-0.20425228546979818,-0.26408692070407797,0.20418072889732977,0.2407648581900271,-0.1737138062178071,-0.21159043773813352,-0.19800562888572187,-0.1535094714764605,-0.14163984587232104,0.19704983676740395,-0.17841400575649347,0.14378053202435445,0.33663158979126073,0.4040884706915048,-0.06094207477412724,0.18218281355343366,0.0,0.0,-0.7562627471665508,0.6542680316568292
-0.06718689240535673,-0.27395112658215587,-0.010520469789442042,0.0,0.0,-1.7358650746050674,0.2249428457335422,0.7502467663664566,-1.6271377927378605,-0.4623081433145623,0.8949502235964726,-1.9408991274080778,0.3143968895861977,1.184502218898974,-2.2087271339014958,-0.2668161894145765,0.7928218402360615,-2.0644422957771704,1.0823608574114347,0.14855618225900752,0.5055637516473469,0.008232016018346737,-0.740906037782368,-0.03146541118621826,0.020686425268650055,-0.020401385073599062,-0.06718689240535673,-0.27395112658215587,-1.7358650746050674,0.28617191471551595,0.21063806127654264,-0.20507600034687867,-0.26487693707046767,0.21055022225423933,0.23977893961082322,-0.17373751763011658,-0.20977553427501125,-0.1968998787314387,-0.15369059265582197,-0.1421786787229863,0.19509199676324784,-0.1814223186152194,0.14631478420452934,0.33303411640133707,0.40544170867858165,-0.06602483007468675,0.18448948624886966,0.0,0.0,-0.7675060092504331,0.6410417504066908
-0.05572225723537652,-0.2819722480155469,-0.010292535941852643,0.0,0.0,-1.7123363254495039,0.22921916724819885,0.7864418849349022,-1.6334250239949477,-0.4553210619640978,0.8689665323809573,-1.945741162488335,0.3093060776591301,1.1768766437706195,-2.2192397870515523,-0.25343693430094344,0.7962082993043097,-2.0606472366734554,1.068585925980618,0.13573306014663294,0.5081634682260061,0.007950783186396094,-0.7274454239951936,-0.031063845552700132,0.02074091545747299,-0.02042064421172989,-0.05572225723537652,-0.2819722480155469,-1.7123363254495039,0.28596406018263415,0.20090254480642658,-0.20607983095679028,-0.26365029970649007,0.21732385891877376,0.23793173263252465,-0.1737999464453276,-0.207148669467404,-0.19556826821679135,-0.15274174208967373,-0.14315385100046385,0.1928874454092262,-0.1843051346578261,0.14975516161113145,0.3284111001638227,0.4073733047747261,-0.07124614294030164,0.1867792748502995,0.0,0.0,-0.7783702717016013,0.6278054795326139
-0.04178331243517332,-0.28266665914557143,-0.007946303996600457,0.0,0.0,-1.694102899299943,0.23516899896295446,0.8212268203496932,-1.6460051881639581,-0.4457445038776649,0.8424085190421657,-1.9525715771474337,0.3047207444906235,1.1685072340463338,-2.2343608203687166,-0.23946637366163107,0.801566448650862,-2.058192152726023,1.0519812797245227,0.1212867467026962,0.510961229079648,0.007841058798428429,-0.713532912888025,-0.030410806158263436,0.020807799098915176,-0.02044973811624866,-0.04178331243517332,-0.28266665914557143,-1.694102899299943,0.28576021327784185,0.19255698361623014,-0.20721332223903552,-0.26089171869306454,0.22435928797453775,0.2353898775310193,-0.17380715301476485,-0.20394505781186661,-0.19406113929263324,-0.15086356396380907,-0.144472883661169,0.19047917003340403,-0.18707260875947687,0.153828309266677,0.322943749590739,0.40973831681717865,-0.07657612840595997,0.18905582102505783,0.0,0.0,-0.7888942389811207,0.6145289901236544
-0.02741177076951698,-0.279083791588291,-0.004868493660499518,0.0,0.0,-1.7479154527382885,0.24547727033495906,0.8465884355337997,-1.6695908511939803,-0.4317824917012139,0.8233588663370985,-1.9633114455561889,0.30034836636562096,1.16438904796776,-2.2541125181474184,-0.22579416289533438,0.8064421180047487,-2.0591992359412346,1.0300262193930776,0.10468436071747225,0.5143568966733782,0.008163083430477664,-0.698614022841579,-0.029279459635482022,0.020898648917576985,-0.020493901579787855,-0.02741177076951698,-0.279083791588291,-1.7479154527382885,0.28564620802277013,0.1886673931525168,-0.20898876692214488,-0.255607622165538,0.2298781716479278,0.23181607525536851,-0.17397771026496106,-0.20115168578508766,-0.19232033024517475,-0.14802101855996147,-0.1454569468543073,0.18791546224652256,-0.18905564040124617,0.15918133131115886,0.31603060330245347,0.4124994660604504,-0.08180006118001124,0.19116662785803018,0.0,0.0,-0.7995151651384617,0.6006459029358465
-0.013510804690409425,-0.2760303785424769,-0.0020683203872884364,0.0,0.0,-1.767836497619034,0.25713764366350683,0.8674085924499914,-1.6960728764533999,-0.41673675336335825,0.8086353305139039,-1.9751761712526021,0.29635249548836756,1.1624819197152791,-2.274420593914233,-0.21240500360727305,0.8106153701481066,-2.0619591035340963,1.0063415420682804,0.08758507590544841,0.5179507340255537,0.008638291080531326,-0.6834177123872857,-0.027990056397883507,0.020997416571174796,-0.020544412496842836,-0.013510804690409425,-0.2760303785424769,-1.767836497619034,0.28556547353142187,0.1865899204599646,-0.2108821613018596,-0.24960382121887326,0.2343719668057115,0.2280155897554162,-0.1741211472384113,-0.19880834046099563,-0.1906104769908297,-0.1449436345328484,-0.14616781646107135,0.1852961132138109,-0.19058219875418558,0.16476240805148423,0.30858405902338504,0.41527356443545893,-0.08699266965451996,0.19321735164052561,0.0,0.0,-0.8100086587953621,0.5864179164013825
0.001235497205472863,-0.27220264721389753,0.001286283919685327,0.0,0.0,-1.8151880641906009,0.2716877985941737,0.8762365461964357,-1.7280135899782183,-0.39976580715493143,0.8059788083559588,-1.9893207377509068,0.29359989319192736,1.166560856135268,-2.2946743227933584,-0.19988991878926748,0.8125064984748238,-2.0694239861086796,0.9788616589809718,0.06966674563131826,0.5219860284736282,0.009468075108567354,-0.6676776267980273,-0.026349180255477358,0.021113788843841144,-0.02061085231406124,0.001235497205472863,-0.27220264721389753,-1.8151880641906009,0.2855634752072786,0.18869952036136498,-0.2131344648108957,-0.24229675570213371,0.2361741114856549,0.22391364465080307,-0.17452339440651737,-0.19762163952316966,-0.18908662417669425,-0.14162095531556584,-0.1460648081750059,0.1826188136624513,-0.19091559495445912,0.17108381971792327,0.3001202447067737,0.4180473865751224,-0.09212055674901136,0.19512741944115414,0.0,0.0,-0.8205197906374183,0.5716181183030565
0.014802435938596273,-0.26929154877959854,0.003809168150550879,0.0,0.0,-1.8482820095788872,0.28490869151918513,0.8778686115616247,-1.7614233619288395,-0.3826278601037828,0.8115539817433609,-2.005008633199491,0.2923406519387898,1.1736351220231307,-2.3132661016363847,-0.18750232713002904,0.8122894262012682,-2.0794235562023364,0.9493670996866728,0.051657792768980276,0.5261691581261786,0.010523611115977955,-0.6517970977645171,-0.024562542326748364,0.02124043936400037,-0.020686376815367686,0.014802435938596273,-0.26929154877959854,-1.8482820095788872,0.2856169248882093,0.19290220380413337,-0.21480843480141687,-0.23490060122165238,0.23617678657981564,0.2198327038653362,-0.17489424920040167,-0.19715042946407488,-0.18787054196069505,-0.13835268778739446,-0.14535224138419808,0.17986440005555338,-0.19058928133366487,0.17762007521453124,0.29108160767553415,0.4207106501529966,-0.09722335940521015,0.19694378148568303,0.0,0.0,-0.8309447427241625,0.5563549537292495
0.02751105163376036,-0.25274557339402093,0.007278668253045406,0.0,0.0,-1.8757007776851085,0.29703958959955906,0.8736000484541844,-1.796037761788619,-0.36535297236160247,0.8238791454779473,-2.0219620583873046,0.29230596674116033,1.1831655580746498,-2.3304950814498095,-0.17521927986097974,0.8103436294354891,-2.0915015700616335,0.918220505902642,0.03357452938431205,0.530473512646399,0.01176426374647569,-0.6358014051067203,-0.02265637973323466,0.021375518047103755,-0.020769350757626325,0.02751105163376036,-0.25274557339402093,-1.8757007776851085,0.28571584193330063,0.19867397801984596,-0.21596077319377233,-0.22733759155561833,0.23475112849772936,0.21577488069839906,-0.17521979257805184,-0.19723311035771107,-0.18689704753384712,-0.13513854035172818,-0.144166879672341,0.17706923549730894,-0.18970417831806718,0.18421614475969356,0.2815259508580553,0.4232684074753389,-0.10230559282200896,0.19868330481021027,0.0,0.0,-0.8412341103501629,0.5406710382324634
0.03835408255174204,-0.2285048821288203,0.010513298605617505,0.0,0.0,-2.007562989718596,0.30550812733800786,0.8627986594250329,-1.8308092669436804,-0.35032154070703614,0.8437233096674868,-2.037261548795198,0.2956645425997282,1.1911797147048147,-2.343301271137438,-0.1616472664632296,0.8085299667559173,-2.102656276602494,0.8856167354081808,0.016134870679755053,0.5338969732585706,0.0132855728856827,-0.6203785758269461,-0.020753528726728348,0.02151408771935262,-0.020862586894317678,0.03835408255174204,-0.2285048821288203,-2.007562989718596,0.2859080716183311,0.20591812955373043,-0.21605749711564698,-0.22011599945513738,0.23154748040533976,0.21235587893353947,-0.17564749736868546,-0.19744606928525354,-0.18661861074427774,-0.132264617539324,-0.14310372710255226,0.17410193191367654,-0.1891242235449622,0.19088539234500584,0.2716481680987426,0.4259162953892708,-0.10687694776999321,0.20014186281906932,0.0,0.0,-0.8519188832488479,0.5236737690242236
0.04724388561078771,-0.19423732629609136,0.01361699480759565,0.0,0.0,-2.0756828616177936,0.31197570264339447,0.8505640104413033,-1.8653768450021744,-0.3365080989897251,0.8652050197124481,-2.0513644218444824,0.30050865188241005,1.197253704071045,-2.3543893098831177,-0.14767725579440596,0.8076331168413162,-2.1128797233104706,0.8526343926787376,-0.0007755458354949743,0.537050411105156,0.014876936795189975,-0.6052491217851639,-0.018901275470852855,0.021654537180438638,-0.020961796399205923,0.04724388561078771,-0.19423732629609136,-2.0756828616177936,0.28613637387752533,0.21316077490258692,-0.21553748836058276,-0.2129991949949385,0.2279450384615925,0.20925430527288008,-0.17603632512973394,-0.19748092173588452,-0.1866135946782423,-0.12950594797615544,-0.14231600333969407,0.17113290673223316,-0.18877354996955492,0.19729244099115253,0.2616173587259694,0.42845020044299625,-0.11115370225161314,0.20144152641296387,0.0,0.0,-0.8626051472579305,0.5058778112589286
0.05574459822212171,-0.15187490869926876,0.017317619762922953,0.0,0.0,-2.2655347843348004,0.31276896595954895,0.8363020067152225,-1.8990897865671859,-0.3261412393889929,0.8889743717093216,-2.061794531972785,0.30921408337982076,1.1967655420303345,-2.361270967282747,-0.13287066413383739,0.8101416559595811,-2.120055277096598,0.818976726186903,-0.016015764914060853,0.5396395968763452,0.01658753460077078,-0.5909329135166972,-0.01723903554834818,0.02180029106277384,-0.021078294682267466,0.05574459822212171,-0.15187490869926876,-2.2655347843348004,0.2864527514106349,0.2204462505610466,-0.21371011338868628,-0.20669190987123479,0.22359965741152207,0.20701171588110942,-0.1765050105487403,-0.19680374720029473,-0.18732881135932478,-0.12700770899552233,-0.14241718779378143,0.16814620150574677,-0.18926602805758674,0.20367596285036021,0.2515637479823317,0.4306647696519553,-0.11458027058918224,0.20228546151989385,0.0,0.0,-0.8738445842021604,0.4862053503002136
0.06389750848746499,-0.11932124514805428,0.020100999819604174,0.0,0.0,-2.394249355523735,0.31063092794073255,0.8218794453300928,-1.9329401513463573,-0.3174751746027093,0.9132650365170679,-2.068620126498373,0.31951618547502314,1.1912336867106588,-2.3643186860962917,-0.11862135511872016,0.8138449623396522,-2.1245965016515633,0.7856454590433523,-0.02966989106253573,0.5416762460219232,0.01829567593277285,-0.5777221243632468,-0.015851656164924958,0.021946739674986976,-0.02120225725842542,0.06389750848746499,-0.11932124514805428,-2.394249355523735,0.28682907866804225,0.2273898582846655,-0.21119210469422622,-0.20058301678991347,0.21888444613844027,0.20527206478447046,-0.1772684159776865,-0.19563940695114382,-0.18844776093699195,-0.12500006679750655,-0.14291234473870223,0.1653489349862487,-0.19024093222943028,0.20979718646352977,0.24168956087675436,0.43264547367623324,-0.11749140580037706,0.20274959014434563,0.0,0.0,-0.8852350541195033,0.4651439550913674
0.07340692269451891,-0.07733440492013238,0.02380197769717152,0.0,0.0,-2.5052012573657594,0.30598034592051254,0.8073192630943499,-1.966908307451951,-0.3102669339430959,0.938002540876991,-2.072356136221635,0.3311868623683328,1.1813786657232987,-2.36408017183605,-0.10484971694256123,0.8185723549441287,-2.1268797297226754,0.7525939627697592,-0.04196450898521831,0.5432392923455489,0.020001711715993138,-0.5654588373083816,-0.014699871529285839,0.022093783769952625,-0.02133261780009458,0.07340692269451891,-0.07733440492013238,-2.5052012573657594,0.2872567914034191,0.23396574477756102,-0.2081266278664688,-0.1946013832511408,0.21382957927785448,0.20394322885629074,-0.1782618999235932,-0.19405005165017136,-0.18991672763123207,-0.12339263922964011,-0.143741280169123,0.16269354521432647,-0.19162892968904877,0.21566563567104344,0.23195141987837858,0.4344325290543616,-0.11996074118896535,0.20288817035524467,0.0,0.0,-0.8966100144964595,0.442821049527525
0.08232534516177893,-0.03937338731713691,0.026681440833367653,0.0,0.0,-2.713002708383247,0.29822210163662316,0.7883925669287382,-2.0003979660962754,-0.3056336143299153,0.9638001373723932,-2.0689686489732644,0.3436996185857998,1.1649339112796282,-2.3561340256741174,-0.093642381853179,0.8226556997550161,-2.12723298292411,0.7210921154994716,-0.05113244370410311,0.5438009822054913,0.021545222433479984,-0.5553881318161362,-0.014154758365628755,0.022248547377162857,-0.02147254399269035,0.08232534516177893,-0.03937338731713691,-2.713002708383247,0.2877811577759291,0.24107024811791045,-0.20443156732777532,-0.18875601645464268,0.20787525614903973,0.20344560208931675,-0.18003537648976498,-0.1919999967148258,-0.19197420861893,-0.1230547053897887,-0.1445490476647616,0.16055067572203982,-0.19304720416073118,0.22133847447187688,0.22292602693975952,0.4358154511276307,-0.1217325052834655,0.20229817730815788,0.0,0.0,-0.9082937311368845,0.41833299891048165
0.09297494194996905,-0.005359370173792868,0.027534233308151856,0.0,0.0,-2.756847876087772,0.28924471688897996,0.7673535746963402,-2.033159127360896,-0.3022196245820899,0.9906667729741646,-2.063152247353604,0.35616948886921523,1.1468681991100313,-2.344906060319198,-0.08356304123605557,0.825403967970296,-2.127949256646006,0.6902685259517872,-0.059273059430875234,0.5440508982068614,0.022990931119573736,-0.5461213878895108,-0.013871955097113782,0.02240484553438268,-0.021615067766489166,0.09297494194996905,-0.005359370173792868,-2.756847876087772,0.2883240490367538,0.24809781323305236,-0.20054785559683133,-0.18283117267518606,0.20139000548214464,0.2032450400819409,-0.18190121571618023,-0.18990114572507039,-0.19425464952861615,-0.12326673652730616,-0.1450648901956088,0.15859802289117653,-0.19417375440508206,0.22671787189589934,0.21408054268246116,0.4370665411165373,-0.12329803779721259,0.20140938264758965,0.0,0.0,-0.9194813087604142,0.3931337213216844
0.10583205823202751,0.032387898038968556,0.026968190152394652,0.0,0.0,-2.8073358096426984,0.27723746511497,0.7404379683889841,-2.0632605976180027,-0.30216445656199203,1.0212159035237212,-2.0518735631516107,0.3679466835762325,1.1262881010770798,-2.3251166563285026,-0.07647864760732966,0.8231345140620282,-2.131326709922991,0.6612410121842435,-0.06517346830744492,0.5436532673867125,0.02414011916047648,-0.538764450503023,-0.014279234076016827,0.022562611664302255,-0.021762233411305044,0.10583205823202751,0.032387898038968556,-2.8073358096426984,0.2888825271082552,0.2557016208143792,-0.1962267217383424,-0.1772360284754478,0.1934138322639167,0.20388881625912586,-0.18400736612525279,-0.187994262292979,-0.19707030168230577,-0.12508277802893847,-0.14441020436813332,0.15715827550923464,-0.19416249853770612,0.23182797970999378,0.20587274775589398,0.43807128388947925,-0.12445691414177418,0.1997576071635673,0.0,0.0,-0.9301554932956191,0.36716584575908384
0.11612126757384031,0.060932109489789166,0.025156316788572948,0.0,0.0,-2.746206052105166,0.26391245816883285,0.7100409677154139,-2.089898573724847,-0.30473582054439347,1.0548456593563682,-2.0385225195633736,0.37889011596378525,1.1044162511825562,-2.3007656524055884,-0.07056281480349992,0.8174089632536236,-2.137352566970022,0.6336244344711304,-0.06948220729827881,0.5426368274186787,0.02501028864399383,-0.5327966526934975,-0.01516281779071218,0.022722250046698672,-0.02191266535144103,0.11612126757384031,0.060932109489789166,-2.746206052105166,0.2894027766428496,0.2633022761086713,-0.19188595444371667,-0.1719401313912477,0.1843505252269392,0.2050329403548743,-0.1857369503829951,-0.18614226942544532,-0.2001588241298734,-0.1277697315039806,-0.14292015312324485,0.1559003247633854,-0.19329437862437726,0.2367027160446396,0.19812199513747014,0.4389658941105152,-0.12550504348779978,0.1975716532845246,0.0,0.0,-0.939887812567311,0.3414833814220472
0.1309466872551063,0.09668810722629687,0.022747122535579648,0.0,0.0,-2.692435947614367,0.2494069622143319,0.6765252179221104,-2.1134338363220815,-0.3096601194457004,1.0912351420051172,-2.023314987358294,0.38908663627348444,1.0813872069120407,-2.2723282152100612,-0.06569381773863969,0.8085873256388464,-2.145750952394385,0.607271820306778,-0.07236507534980774,0.5410660375889979,0.02563050400318676,-0.5280732924216672,-0.01647309116455481,0.022883565655272258,-0.022066023347801285,0.1309466872551063,0.09668810722629687,-2.692435947614367,0.2898887797797981,0.2708701608264431,-0.18754769248501124,-0.16685024597411247,0.1742441299316087,0.20659144825583703,-0.18697249031006394,-0.18432067404056268,-0.2035106395916957,-0.1312136027498854,-0.14071539748758688,0.1548142701387123,-0.19164182301611563,0.24138604045866746,0.19077302527790252,0.43976568773561386,-0.12645396198097028,0.19490716459327623,0.0,0.0,-0.9487412998522431,0.3160537073895453
0.14324017466109856,0.1295445808536166,0.020596767334561672,0.0,0.0,-2.5936907038021326,0.2316472667612527,0.6398134443320725,-2.1288985202186987,-0.31925765228898906,1.1280500230036286,-2.009879520064906,0.3982529695096769,1.0555482945944132,-2.2405510889856437,-0.060924406800615144,0.7975838850987584,-2.1573632547729895,0.5827664529022417,-0.07352035139736376,0.5390290468931198,0.02576516387297919,-0.5251467110295045,-0.01852805873281078,0.02304085625923778,-0.022221105663399947,0.14324017466109856,0.1295445808536166,-2.5936907038021326,0.29031266154427277,0.27835532881888175,-0.18312663056690004,-0.16324196265941202,0.1640816940471208,0.208800800056281,-0.18670485978189563,-0.18215438592934835,-0.2070307148757759,-0.13529241901128702,-0.1379814404104333,0.1537162286713622,-0.189159602148288,0.24586806651415127,0.18400906130707115,0.4404253492631981,-0.12737711126867093,0.19133559986948967,0.0,0.0,-0.9566195816755755,0.29133996628483205
0.15520830279278128,0.1612895231067584,0.018526054918766018,0.0,0.0,-2.5558216085809313,0.21304817399696285,0.6030882855779244,-2.1411491679517844,-0.3302511976737726,1.1637250420294312,-1.9969819839063443,0.40700859772531617,1.0283437524186936,-2.2081258328337414,-0.05591545479470173,0.7867000381413258,-2.16963224348269,0.5590075697553784,-0.07412882933491155,0.536798075625771,0.0257138888792772,-0.5228598278604055,-0.02085051347354527,0.023195608212661586,-0.022378956690724743,0.15520830279278128,0.1612895231067584,-2.5558216085809313,0.29071265047318057,0.28540924241185817,-0.17882924570166775,-0.1600330379279382,0.15410723448663274,0.21111491333561505,-0.18570109508814422,-0.17966167413529605,-0.2105953980254232,-0.1394173008080144,-0.13533087420379417,0.15258999907570683,-0.18652497831536902,0.2501585308715743,0.17740484370862053,0.4410680720422179,-0.1283225809272967,0.18741132995407828,0.0,0.0,-0.9637532177739515,0.2667953058626674
0.16785195462048533,0.19460713275013092,0.01622191385218935,0.0,0.0,-2.4627201134708785,0.19315612394558768,0.5686235459227313,-2.145264431049949,-0.34393111812440963,1.1941296866065576,-1.9851404146144265,0.414723841767562,0.9972332355223206,-2.1753022168812,-0.049791545852234526,0.7779196516463631,-2.1824280839217334,0.5371579292573428,-0.07361047832589401,0.5340609424992612,0.02520551610934107,-0.5220539679652766,-0.023797055804415736,0.02334222967099202,-0.02254760878062562,0.16785195462048533,0.19460713275013092,-2.4627201134708785,0.2910537037410234,0.29171336606942333,-0.17482201517677795,-0.15855427612184192,0.14538261955593892,0.21380402949916832,-0.18389037852702678,-0.17629560531547084,-0.21406646542394359,-0.14359919922579312,-0.13315234417491667,0.15128659574384803,-0.18397729396905904,0.2541979572445757,0.17135442479060908,0.4417373863075031,-0.1293839051535255,0.18260982985559265,0.0,0.0,-0.9700313374076509,0.24297984370544848
0.1727711961165921,0.21848360729321076,0.014613441338665045,0.0,0.0,-2.413124554903444,0.17345764821297252,0.535657251743894,-2.1443254931976923,-0.3577495613380482,1.2194264609562722,-1.973291252004473,0.4216562552671683,0.9631233580018346,-2.1434547477646877,-0.04292880430033335,0.7726032188848445,-2.1935564169758246,0.51629690374983,-0.07263719172854173,0.5312918142268532,0.02446669327879423,-0.5219562034073629,-0.027049289084970937,0.023484995147507442,-0.022716420984483864,0.1727711961165921,0.21848360729321076,-2.413124554903444,0.29136152702726814,0.29760644204120285,-0.171132381302157,-0.15795974381348662,0.13774604974623286,0.21648073941244322,-0.1819667675418252,-0.17206177998839206,-0.2173460138070529,-0.14753508740470356,-0.13175970987430913,0.1499073388299083,-0.18203324750054345,0.2580327347009756,0.16553070382120863,0.44237330790320295,-0.13057438950789602,0.17738121022519315,0.0,0.0,-0.9756122696763799,0.21950102336185703
0.1792782655902646,0.2432286359395332,0.012646811573129026,0.0,0.0,-2.367383307458886,0.15394039099153717,0.5040937575854753,-2.1386549629663167,-0.37169768543619863,1.2399413993484096,-1.961434980756358,0.42785580613111196,0.9262055684077112,-2.1125211182393526,-0.03537438966726,0.7705296364269758,-2.203123679286555,0.49636139014833847,-0.07123800798466332,0.5284927330519024,0.023512129965973527,-0.5225213366119486,-0.030587701126933105,0.023624150768706675,-0.022885383082259642,0.1792782655902646,0.2432286359395332,-2.367383307458886,0.29163824139457,0.3032125574556013,-0.16769303048607476,-0.15821677327260825,0.13113837493492952,0.21917345696890445,-0.18001751238705754,-0.16696122306535405,-0.22041322845831615,-0.15120054271553318,-0.13106420059980187,0.1484534723246964,-0.18066805513112866,0.26168495729944097,0.15992135163620086,0.44297749268078584,-0.13188578972690984,0.17175273401172536,0.0,0.0,-0.9805352708169216,0.1963430230081686
0.1820777946674893,0.26387416342545184,0.010994615915574381,0.0,0.0,-2.303064479123581,0.13708284281586344,0.4765876739432937,-2.1259255722949377,-0.38410625449920954,1.2513722745995772,-1.949914653050272,0.43307521468714666,0.8875433543795033,-2.083225960794248,-0.02839153348223158,0.7750870287418365,-2.2072524365625883,0.4783707317945204,-0.07044416273895063,0.525468612579923,0.02229910209088733,-0.5242592527678138,-0.03446930526804768,0.023749061210669185,-0.02304000753027044,0.1820777946674893,0.26387416342545184,-2.303064479123581,0.2918673994901933,0.3081865819294052,-0.16495651067178965,-0.15985823365922527,0.1266234971877228,0.22171034461942019,-0.1786440883724725,-0.1611299400086016,-0.22314698827879276,-0.15450177627998288,-0.131772639117144,0.14717274290756913,-0.18078840615343117,0.2648068640426284,0.1547218870805464,0.4440363628853978,-0.1334464829415083,0.16564100304324375,0.0,0.0,-0.984797099595089,0.17370858536382294
0.18469960112030642,0.2842209764208601,0.009372933326583234,0.0,0.0,-2.278092559425142,0.12174885131810839,0.45070069714596395,-2.1106169098301937,-0.39556118375376653,1.2599240729683323,-1.938740429125334,0.43798086204026876,0.849084176515278,-2.054687173742997,-0.02214154365815614,0.7814717230043914,-2.209179301010935,0.46117203800301804,-0.06975917439711721,0.5223626055215534,0.021013953772030376,-0.5264088668321308,-0.038447446925075436,0.02386891057616786,-0.02318864845131573,0.18469960112030642,0.2842209764208601,-2.278092559425142,0.292078026031193,0.31295067652996167,-0.16251798717062466,-0.16187294818605338,0.12278985246460475,0.2240949973033753,-0.17746318105191272,-0.15505451726588337,-0.2257218856976252,-0.157517682914535,-0.13288321563872807,0.1460405065065807,-0.181398188282067,0.2676924475472647,0.14967814724069453,0.4452214441292972,-0.1351181425546345,0.15934294226922485,0.0,0.0,-0.9884987684337438,0.15122891524100718
0.18953180627397875,0.3064674123879712,0.0075042835975952515,0.0,0.0,-2.215859416161734,0.11128973426591401,0.4289452633575388,-2.089233985072688,-0.40385804717478,1.2627222977186505,-1.9289022511557528,0.44225110231261505,0.8130634560396794,-2.0282974478445555,-0.018839741223736793,0.7907704961927314,-2.205419882347709,0.4460281310112852,-0.06906853929946297,0.5190645499449027,0.019611023170383345,-0.529488783917929,-0.04258561492162318,0.023977176923500865,-0.0233214611775781,0.18953180627397875,0.3064674123879712,-2.215859416161734,0.29224231682325663,0.3171371441177679,-0.1610289597101211,-0.1649596900358489,0.12048708446844875,0.2259892749936194,-0.176985178717483,-0.1491415504567611,-0.2279995652255568,-0.16014388251341002,-0.1347231376959801,0.1454663596965559,-0.18307050218994442,0.2701903383910098,0.14518321480533375,0.44661054444943826,-0.1370974915396226,0.15258332537977315,0.0,0.0,-0.9916070807195111,0.12928804069568478
0.18982032761912096,0.32525025679831315,0.006099211934365579,0.0,0.0,-2.177292684100569,0.10429770372023708,0.4103340314407098,-2.063998595664376,-0.4100335946208552,1.2641677981928776,-1.9202618849904913,0.44660033207190664,0.7818447335770257,-2.0027683628232857,-0.01880612204733647,0.800614006425205,-2.1981507257411357,0.4319908615005644,-0.06847772786491796,0.5157628867186999,0.01820137388514061,-0.5332116563069192,-0.04672929811242379,0.02407536101772597,-0.023437399123060077,0.18982032761912096,0.32525025679831315,-2.177292684100569,0.2923781973750968,0.32086558028645945,-0.16018737873420794,-0.16876197972026505,0.11868592459337506,0.22748132922996037,-0.17679936164536694,-0.14406747166623635,-0.23025989193125096,-0.16262223828756875,-0.13682174672091274,0.14549955013303328,-0.18516572960950717,0.2724304531199143,0.14096114629519266,0.44812939006238706,-0.13930276506825495,0.14555018101083608,0.0,0.0,-0.9941869911119959,0.10766720347290652
0.1885007959062191,0.3389020235502851,0.005078805904638883,0.0,0.0,-2.1400810835196515,0.10069738823528354,0.39479864918087665,-2.0349944908367963,-0.4141339416566648,1.264289981440494,-1.9127932912424992,0.45102683415538386,0.7553236178661649,-1.978081209094901,-0.021969638666824276,0.8109904115921572,-2.187448129842156,0.41903617213431166,-0.06798457001384936,0.5124576942701089,0.016785151974641185,-0.5375635067099019,-0.050878376601950104,0.024163682038258565,-0.023536829130822105,0.1885007959062191,0.3389020235502851,-2.1400810835196515,0.29248628530063125,0.32410140097668355,-0.15999713572798008,-0.1733080861450704,0.11738397433142958,0.22858483465020485,-0.1769205070535258,-0.13986954030966195,-0.23253004032427735,-0.1650119263829149,-0.13921437767128672,0.1461466030202637,-0.18766297158231363,0.27442741012479754,0.1370134118344325,0.4497749416280409,-0.14172905173740888,0.1382494554119675,0.0,0.0,-0.9962634643046676,0.08636613741312194
0.1818238593488147,0.34527455937026214,0.0047921840297546195,0.0,0.0,-2.0379058889283264,0.10199432820081711,0.38622285425662994,-1.9996304512023926,-0.41495780646800995,1.2635505199432373,-1.9079225659370422,0.4553326368331909,0.7409956455230713,-1.953238308429718,-0.031150661408901215,0.8226775825023651,-2.171113967895508,0.40820690989494324,-0.0662698745727539,0.5088118016719818,0.015453123021870852,-0.5432639122009277,-0.05491330474615097,0.02423691935837269,-0.02361235022544861,0.1818238593488147,0.34527455937026214,-2.0379058889283264,0.29258134961128235,0.326056414243088,-0.16087294484149567,-0.17952261479206083,0.11672416358118838,0.2290020907694512,-0.17738685988663144,-0.13842736344185425,-0.23507271379985362,-0.16795470825965472,-0.14220777398207085,0.14799030424120235,-0.19075125989883687,0.2763334134986522,0.1337959392111738,0.45133255032810143,-0.14439748972654343,0.13089879229664803,0.0,0.0,-0.9978166263035763,0.06604528955307276
0.16896663551252888,0.3429305867551283,0.005354183284859981,0.0,0.0,-1.990013898523135,0.10482794673819293,0.3804665374520578,-1.9616184360102602,-0.41431262069626856,1.2625608248145956,-1.9036346917089664,0.45940786364831426,0.7316531233097378,-1.9280166163256294,-0.042458177397125714,0.8349931079306101,-2.152447554625963,0.3981497885757371,-0.06397901004866548,0.5050385864941698,0.01417090895120054,-0.5495125353336334,-0.05889011725881384,0.024304313977297983,-0.023678039127078495,0.16896663551252888,0.3429305867551283,-1.990013898523135,0.29267797266182144,0.32731095495372703,-0.1621479623176094,-0.18648563253711825,0.1162217267449603,0.2291358609348069,-0.17806908547924746,-0.13819457511029662,-0.2377432721189092,-0.17120268096691332,-0.145595366300428,0.1503302049030749,-0.19405230012567154,0.27821603408545464,0.13083865941740308,0.45282197708587496,-0.14711823961452436,0.12360036828996317,0.0,0.0,-0.9989333417395241,0.04617552123265213
0.15552565936771348,0.3369430782373968,0.006186903307313364,0.0,0.0,-1.8493766274419765,0.11055014792241549,0.3820359891182498,-1.916549946132459,-0.4095007275280199,1.2611649240318097,-1.8997020611637516,0.46243553883151006,0.7353770717194206,-1.901031461201216,-0.058522419709908374,0.8491815305069874,-2.1275959673680758,0.38987942079180166,-0.059990426427439625,0.5009609703954897,0.013056897325441238,-0.5571902394294739,-0.06268662758367627,0.024357189277285023,-0.023717820497327728,0.15552565936771348,0.3369430782373968,-1.8493766274419765,0.29279551694267675,0.3267786429168496,-0.1642950804637946,-0.19556751167203093,0.11587564398792102,0.2285164980670057,-0.179497865097299,-0.14132603710747477,-0.24071257032686624,-0.17554142858658509,-0.14992379199050118,0.1537692204054095,-0.19808129871985755,0.28018759072212995,0.12856088850863884,0.45405900465272386,-0.1498618851366796,0.11661655995014465,0.0,0.0,-0.9996164591411387,0.02769358434966919
0.1422491602894128,0.33384994899285836,0.006813163820065803,0.0,0.0,-1.7658888656994358,0.11641466720519883,0.387400713602179,-1.8674759300131547,-0.40210666997652306,1.2564827878224223,-1.89512421818156,0.4632999418597472,0.7466458270424291,-1.8730585826070685,-0.07620907202363017,0.8660446801467946,-2.099166807375456,0.382921720805921,-0.05446352535172512,0.496144652758774,0.012038927421120827,-0.565739202656244,-0.0663608580729679,0.024402123826899026,-0.023739945829698916,0.1422491602894128,0.33384994899285836,-1.7658888656994358,0.292925448794114,0.3248750931282966,-0.16673329694397002,-0.2059328697788281,0.11619971109109721,0.22755065966265486,-0.1817002043769581,-0.14661274197392776,-0.24352895392639193,-0.18070755575522573,-0.1553487146062083,0.15774499428990707,-0.20256175364420223,0.2823136863701603,0.12680629433172336,0.45516146114723227,-0.1525835171341896,0.10979888534271402,0.0,0.0,-0.9999496265379015,0.010037150328210624
0.12830049224374732,0.328108152157526,0.007645516215186444,0.0,0.0,-1.6808271698180008,0.12242466721095537,0.3966450502997951,-1.8143073759580914,-0.392073066611039,1.2484413887325085,-1.8898868247082359,0.46195300001847117,0.7656270516546149,-1.8440760311327482,-0.09555418789386749,0.8856419952292192,-2.067080573031777,0.37730585901360764,-0.04736412198919999,0.4905732179942884,0.011119133498715726,-0.5751787863279644,-0.0699100913970094,0.02443894116502059,-0.02374402276779476,0.12830049224374732,0.328108152157526,-1.6808271698180008,0.2930680434954794,0.3213149295938707,-0.16948618281737382,-0.2175391960140021,0.11721818374129381,0.22620548436383048,-0.18468546222852264,-0.1542510169666389,-0.24609235892751175,-0.18661061536904391,-0.16203204738388216,0.16231469076118205,-0.20738501105357166,0.2846077395568714,0.12558846847959854,0.45611948080299225,-0.1552826464176178,0.10315103632839102,0.0,0.0,-0.9999770718266993,-0.006771692617092943
0.1152916034327511,0.32219428477724316,0.008237293284189819,0.0,0.0,-1.5418361732967691,0.12607738194300938,0.41048990484131,-1.757901995589859,-0.3776176122850494,1.230109777105482,-1.8848285392711037,0.4537356327238836,0.7936226749106455,-1.8154466959990956,-0.11375840174916531,0.9104345021279233,-2.031330770567844,0.37364064255043083,-0.03786808252334602,0.48366070813254314,0.010362204917902622,-0.5859162415328778,-0.07325807816692087,0.02446454678858189,-0.02371828329112185,0.1152916034327511,0.32219428477724316,-1.5418361732967691,0.29323126944272143,0.31566511747085146,-0.17197896188958256,-0.2304928278160782,0.12075903987201093,0.22425688939539262,-0.1891289064350463,-0.1645889396788461,-0.24727560210758676,-0.1938289518197995,-0.17068634208167924,0.16693276713626698,-0.21278889009154303,0.2871916350225082,0.12518015936035148,0.4569090362132627,-0.1578928098866814,0.09674526623597275,0.0,0.0,-0.9997537961415532,-0.022188895884060273
0.10277204031909418,0.3093801030948405,0.008126083565385132,0.0,0.0,-1.4790005257226755,0.12886953177420715,0.4259410775021502,-1.7012085349936237,-0.3614761558802505,1.2068561958639246,-1.8803121949497021,0.44239970806397894,0.8247877751526078,-1.7877325368554968,-0.130773750967101,0.9374623275116869,-1.9945523723175653,0.3707065962647137,-0.02758314735011054,0.47614289741767085,0.00965978433132956,-0.5971514347352479,-0.07652978599071501,0.024485142411370026,-0.023683013590542895,0.10277204031909418,0.3093801030948405,-1.4790005257226755,0.293397535226847,0.30857667968818403,-0.17435383906892896,-0.24350547068843473,0.12563404396014524,0.22196559493430826,-0.19404842702666822,-0.17612343268028105,-0.24747629896992188,-0.20118151614144994,-0.18056542566040273,0.17149931773873836,-0.21803447897795347,0.2898580956217671,0.12505598601165205,0.4576877967048891,-0.16046155949956492,0.0904805605348788,0.0,0.0,-0.9993162710745487,-0.036972832805441676
0.09127403310643692,0.2886653290743617,0.007421905665021266,0.0,0.0,-1.2963233369375702,0.1296944560385064,0.4448290588824372,-1.646728509350827,-0.34124999316899407,1.1686056311193267,-1.8785663733356877,0.4219730170933825,0.8628081044084146,-1.7646374051508151,-0.14258900304373937,0.9706887128321746,-1.9564152838368167,0.36950522876883807,-0.015771338814183335,0.4668694601247185,0.009066062378942185,-0.6096013509913494,-0.07961808890104292,0.024491338108323123,-0.023630312251809397,0.09127403310643692,0.2886653290743617,-1.2963233369375702,0.29355631278533684,0.2996947346865217,-0.17623920702895285,-0.256315522588347,0.13471366541084856,0.2188930769958234,-0.20005777074668707,-0.18935986367853908,-0.2450980799353395,-0.2091936005143403,-0.19271558813243292,0.1750774879323209,-0.22358335159391432,0.2926573998759086,0.12561726841101425,0.4587020326322539,-0.16290691945897903,0.08470766971770088,0.0,0.0,-0.9987530148258366,-0.04992409614907631
0.08171202167859619,0.2684503310714534,0.006352713037478806,0.0,0.0,-1.1689554567782212,0.13046657882238688,0.4641677745078739,-1.5958249914018732,-0.31988163449262325,1.1217453322912518,-1.8788425106751292,0.39605273776932776,0.9038587667440112,-1.745951699583154,-0.15059977064007207,1.007172666097942,-1.9199841649908769,0.36874833232478094,-0.0033242733854996842,0.4570270039533314,0.00850973707182627,-0.6223129065413224,-0.08258964493870735,0.024495043301660763,-0.023575033600393095,0.08171202167859619,0.2684503310714534,-1.1689554567782212,0.2936944114534478,0.2899842351210086,-0.17798401084898746,-0.2680048688069923,0.14635474826181047,0.21534602492335853,-0.20601064439562514,-0.20318391770010233,-0.2407305944854164,-0.2169512806773706,-0.2061460387405082,0.17777163801889176,-0.22852462270623972,0.29553938399283425,0.1263712922525511,0.459692158728077,-0.16524579219127955,0.07935559259433496,0.0,0.0,-0.9981011844029761,-0.06159566294290591
0.07107757947424209,0.24093427145018484,0.004931039323932684,0.0,0.0,-1.0329862438851343,0.131182300024911,0.4839879562588115,-1.5487418339440695,-0.29729320285351646,1.0656882720558265,-1.8812784678057621,0.3642643072495334,0.9481463757784745,-1.731976062843674,-0.15454665708698725,1.0471362942143492,-1.8853753318912103,0.36846621177698435,0.009801361905901095,0.44657673216179794,0.00799335818125033,-0.6353039404279308,-0.08543649408966304,0.02449608818431826,-0.023517001910429252,0.07107757947424209,0.24093427145018484,-1.0329862438851343,0.293810421306836,0.27962357286854894,-0.179575152409264,-0.2785167148336697,0.16071984281397006,0.21119803621192218,-0.21156088125602365,-0.2174666485949831,-0.23423362006944168,-0.22431720015975157,-0.22083604946516294,0.17941361116381027,-0.23276140336643064,0.29850817994697526,0.12733537100142472,0.4606524411990479,-0.1674709172037087,0.07445302100754096,0.0,0.0,-0.9974116565358608,-0.0719026244749797
0.06182681513722556,0.21729856255473623,0.0037091048924547945,0.0,0.0,-0.8188278846998345,0.133977853742085,0.5042162043483635,-1.5123179931389656,-0.2762414220916597,1.0032972097396848,-1.8849021337534253,0.32566458575035384,0.9945415658386132,-1.7257147588227923,-0.1523144543170929,1.0878021591588072,-1.856756695007023,0.3678276915299265,0.022305198405918356,0.43617109013231176,0.007497368778690302,-0.6480786447462283,-0.08805140921551931,0.024496956238229024,-0.023463312953122352,0.06182681513722556,0.21729856255473623,-0.8188278846998345,0.29389165302640513,0.2695880381169895,-0.18145956501278207,-0.2863516641224005,0.17690135017531822,0.20696997377133325,-0.2159045520581282,-0.23126190910962466,-0.22526799399049777,-0.23089326082570122,-0.23535498730411802,0.17933947952275972,-0.23596148679396362,0.3013679169833302,0.12812329463747155,0.46173674023731304,-0.16944181507355288,0.07022566681629731,0.0,0.0,-0.9967894600526088,-0.08006729874317203
0.051931876133825904,0.19282508375700544,0.0024401729828427148,0.0,0.0,-0.7320204198755804,0.1378546535576644,0.5241911874005667,-1.480701405751078,-0.25631154407011847,0.940134868417916,-1.8889889003414857,0.28500370945977577,1.041341073418918,-1.72230522020867,-0.1477690850825687,1.1276369361500989,-1.8310090224993858,0.36690522024506017,0.034395650813453985,0.4258982460749778,0.007008710223568706,-0.6606427101712476,-0.09056490399923761,0.02449861858775349,-0.02341317579052166,0.051931876133825904,0.19282508375700544,-0.7320204198755804,0.2939587855025342,0.25969842134712134,-0.183529169936057,-0.2927495486190443,0.19332335870558573,0.20259443297580726,-0.21890314410765335,-0.2446979318070371,-0.21527886496872176,-0.23641410378023672,-0.24958290041165448,0.1785143939345891,-0.2382343880249692,0.30415582385561984,0.12877153908089137,0.4628462990697827,-0.17129969322367716,0.0662672756680925,0.0,0.0,-0.9961766440426457,-0.08736185588649067
0.04457717708287144,0.16614446304773434,0.0010458997597814768,0.0,0.0,-0.5063029432500376,0.14535213379483472,0.5420841104105899,-1.4632357672641152,-0.24099499614615194,0.8810755045790424,-1.8942171586187262,0.24136444063563112,1.0876614420037518,-1.7253730046121698,-0.13786184003478605,1.1615172373621085,-1.8142303793053878,0.3647702963728654,0.04486287267584546,0.4163606731515182,0.006535932323650312,-0.6722411262361626,-0.09278956957553562,0.024505290447881346,-0.0233783634673608,0.04457717708287144,0.16614446304773434,-0.5063029432500376,0.29398925994571884,0.25191035680309887,-0.18631370627237695,-0.29576851393180614,0.2087585569477623,0.19889608893557847,-0.21993637419992926,-0.25681624229007266,-0.2040748062301661,-0.24058774449924092,-0.2610324847253364,0.17616396122267855,-0.23964772611199647,0.3067205411206401,0.12886737487260308,0.4641011167825336,-0.17282987425201818,0.06299195771938877,0.0,0.0,-0.9957215601841346,-0.09240440781950088
0.042326314734961436,0.14765521081676844,3.469421675367235e-05,0.0,0.0,-0.4119561980424984,0.15454768144378536,0.5579701371883091,-1.4527090795730289,-0.22875559918190305,0.8293664867156431,-1.8992914682940434,0.19920574256071924,1.132622206681653,-1.729906993476968,-0.1258121759287621,1.1892671467442262,-1.802439164958502,0.36155579317557185,0.05362502524727268,0.40773653984069824,0.006094535230658949,-0.6828294337580079,-0.09481568276686103,0.02451725692586287,-0.0233533847586889,0.042326314734961436,0.14765521081676844,-0.4119561980424984,0.29400062149292544,0.2455221940979128,-0.18943285448052205,-0.29707222650362103,0.22218737104486808,0.195723502562053,-0.21976924981909743,-0.2681400883297593,-0.1930710004423368,-0.24342926066053752,-0.27014623407016786,0.17319960560015782,-0.24066030030075314,0.3090251094261436,0.12843998303263612,0.4654757784391389,-0.1742752739473393,0.060063108434214404,0.0,0.0,-0.995332445371809,-0.09650556041065605
0.04458804940675664,0.12470630506025676,-0.0012637165031928466,0.0,0.0,-0.30664258847860765,0.16563874620356056,0.5716159077067123,-1.4499281974215257,-0.21995116142850177,0.7858625062202154,-1.9041939283672131,0.1586997746244858,1.176065273975071,-1.7360776756939136,-0.1113709742693525,1.2101738280371614,-1.796215313045602,0.35713617817351695,0.06048384465669329,0.40013206005096436,0.005688167875632645,-0.6922901782550309,-0.09662015608658915,0.02453513367493686,-0.023339383108051198,0.04458804940675664,0.12470630506025676,-0.30664258847860765,0.293990647714389,0.24082995222754225,-0.19290593866935266,-0.2965879007190208,0.233408250719857,0.19325475092401911,-0.21871263208963285,-0.2785699039421248,-0.18243212531725667,-0.24503484256857572,-0.27656219682437283,0.1696073111593055,-0.2415368518768871,0.3110391747674471,0.12742781634788597,0.4670006258200824,-0.17562603401510338,0.05752101486646816,0.0,0.0,-0.9950318386729188,-0.09955721986471097
0.04916173010813541,0.1062035877293816,-0.002343080153589805,0.0,0.0,-0.1975606172022506,0.17654815090722162,0.5846416695337546,-1.4561041922945726,-0.21551073009246274,0.7568730382542861,-1.9080387181357334,0.12445991211815881,1.2141150471411253,-1.7427058572831906,-0.09297616877838183,1.2187468048773313,-1.7950185153045153,0.35084772031558187,0.06393011149607207,0.3942721580204211,0.0053593579642964816,-0.7000982914316027,-0.09804789089646779,0.024564037663175872,-0.023337951812304948,0.04916173010813541,0.1062035877293816,-0.1975606172022506,0.2939500728327977,0.23756051971639608,-0.19606159819834895,-0.29457420659861394,0.24084838474139003,0.19185296290279918,-0.21740166366576874,-0.28730146375293264,-0.17345180178717434,-0.245449459931792,-0.27894924401240184,0.1650893764361132,-0.24317768803057116,0.31248878585042844,0.12547704538003804,0.46890856265926684,-0.1770117391685122,0.05552710041305736,0.0,0.0,-0.9948332109985324,-0.10152281661946498
0.05395657131213471,0.08667428030061729,-0.0034849355487448497,0.0,0.0,-0.1527327168570606,0.18705411137718908,0.5977748538318434,-1.4653245179276717,-0.21264530483045077,0.7331301946389047,-1.9108422273083736,0.09320236899350806,1.2492485579691437,-1.7493873489530463,-0.07309311314633005,1.2227274210829484,-1.7949387117436058,0.3438023077814202,0.06599413721184981,0.3892124389347277,0.00506923038904604,-0.7072426331670661,-0.0993181665084864,0.02459716179261082,-0.02334206433672654,0.05395657131213471,0.08667428030061729,-0.1527327168570606,0.2938969245082454,0.23469425482911277,-0.1989756014489983,-0.29207543196714963,0.2468494811848531,0.19086131192523137,-0.2161123556843014,-0.2950946470304575,-0.16533498922882855,-0.24519004046359444,-0.2799705831979391,0.16020678611647138,-0.24515480283817218,0.3136852012989536,0.12313757778530952,0.47094043427171633,-0.17841007717345891,0.05375766156143263,0.0,0.0,-0.9946769921040205,-0.10304213399817763
0.059458186695458985,0.0649526468407408,-0.004752401850725841,0.0,0.0,-0.03468516815929643,0.19519895050478603,0.6126216885290647,-1.480047099684414,-0.21306463174129786,0.7203663987548728,-1.9085075423905724,0.07140673677388006,1.2739382096027072,-1.7556771455626738,-0.049830247108873724,1.2164961468232305,-1.7940520981424732,0.3348072798628557,0.06449796337830394,0.38658863933462845,0.004907863484205385,-0.7126998422961486,-0.10016339071291057,0.024640168136868038,-0.023362268375134783,0.059458186695458985,0.0649526468407408,-0.03468516815929643,0.29381067541084793,0.232076268457121,-0.20100434516887805,-0.2890785419636787,0.24974072610630507,0.19090072985273854,-0.21581518790517257,-0.3001684644617312,-0.15973522566223927,-0.2445356790278892,-0.27855276207312524,0.15450522185711738,-0.24836881487090923,0.3142503321321284,0.11983781781651015,0.4731781343538835,-0.1798348555243329,0.05257616802363804,0.0,0.0,-0.9946411919337171,-0.10338713318723249
0.06358455003798469,0.0486440270173937,-0.005705620309240378,0.0,-0.0,0.028074145507580636,0.20184087557227987,0.628816354431604,-1.496204851489318,-0.21507104113698003,0.7090765755427512,-1.9011580630352622,0.05535597216926128,1.291755580588391,-1.7612270571683581,-0.02625718242243729,1.2067989550138776,-1.790585143001456,0.3249685830975834,0.06141934739915951,0.3853746464377955,0.004822533602189077,-0.7173747569322586,-0.10077655060510886,0.024686356222158985,-0.023388075201134933,0.06358455003798469,0.0486440270173937,0.028074145507580636,0.29370682843421636,0.22926515469647737,-0.20251995315849866,-0.28608626755365574,0.25187611381743835,0.19150414125315535,-0.2163063908938055,-0.30358039791621294,-0.155659484957888,-0.24386118569168214,-0.27671042231916715,0.14865287119865317,-0.2520613015670505,0.3144918604235767,0.1161257026573603,0.47538664369481487,-0.18127190380504257,0.05170423905120084,0.0,0.0,-0.9946701777912204,-0.10310789209746261
0.06957326989388794,0.02900839860594876,-0.006618046838986757,0.0,-0.0,0.10129335749374994,0.20672940090298653,0.6465834900736809,-1.5140369683504105,-0.21892904676496983,0.6995063871145248,-1.8879579901695251,0.0460075531154871,1.3015552908182144,-1.7659137696027756,-0.0023222193121910095,1.19305819272995,-1.7841077893972397,0.31414560601115227,0.05649454891681671,0.3858054280281067,0.004825913580134511,-0.7211369946599007,-0.10111896879971027,0.02473625633865595,-0.023420418612658978,0.06957326989388794,0.02900839860594876,0.10129335749374994,0.2935824505984783,0.22623360480344756,-0.2034520211019862,-0.2831048589905097,0.2531356470942017,0.19277955057998905,-0.21773182235023822,-0.3051225778425092,-0.15330474364576935,-0.24334431011942642,-0.2743538738171364,0.14259548131687627,-0.2563163357015866,0.3143516374269843,0.11194619568604716,0.4775580622427711,-0.18272326700389385,0.05119346873834729,0.0,0.0,-0.9947741089539129,-0.10210030438225176
0.07495677110500588,0.013858779858980902,-0.007129166471331326,0.0,-0.0,0.176022848505499,0.20930845957053335,0.6640677232491342,-1.5321637893977917,-0.2250679041209974,0.6900475527110853,-1.8625470337114836,0.04469687805364007,1.2988480580480475,-1.7680094116612484,0.020895676393257945,1.177135523996855,-1.7729585923646625,0.3024309355961649,0.05002508037968686,0.3887652786154496,0.0049531044144379465,-0.7239218354225159,-0.10107034915371944,0.024792897269914026,-0.02345677033851021,0.07495677110500588,0.013858779858980902,0.176022848505499,0.2934421065606569,0.22337042962247922,-0.20368854819632892,-0.28037780802158113,0.2533610475840912,0.195099816635703,-0.22113818680530833,-0.30405053588334574,-0.1529903485027079,-0.24358786936841845,-0.272229721881363,0.1365650481709929,-0.261059297192668,0.31387881333916257,0.10737157406483687,0.4792622899587638,-0.18423251650835337,0.05113340129977778,0.0,0.0,-0.9949522877106275,-0.1003491164853413
0.08126789019651469,-0.00019057861059408945,-0.007289363757559396,0.0,-0.0,0.20213906339188586,0.21099177934229374,0.6807003378083831,-1.5502353083146245,-0.2323177929379438,0.6809630492015889,-1.8321858181765205,0.046378939265483296,1.29156992858962,-1.7689210545075567,0.04362685939199045,1.1607637703418732,-1.7601811987789053,0.2904302068054676,0.04305195494701988,0.3926998761139418,0.005131521378643811,-0.726356719277407,-0.10086598982544322,0.024851663050388818,-0.023494201651039093,0.08126789019651469,-0.00019057861059408945,0.20213906339188586,0.29329728393962506,0.22079893796086467,-0.20364954415773195,-0.27772814608243285,0.2530178672314935,0.1979346121706512,-0.22527712395574878,-0.30206854587409576,-0.15343290198351794,-0.24411887425044412,-0.27022888743289336,0.13048666368962739,-0.2658208319090962,0.313248826190141,0.10269287034315315,0.4807472642543146,-0.18577184871231256,0.05124899232760072,0.0,0.0,-0.995153099775216,-0.09833772423530424
0.08833541916130859,-0.015051437823044593,-0.007362516694946197,0.0,-0.0,0.24865552165191915,0.21059294417500496,0.6916823065594624,-1.567339036025499,-0.243270518356248,0.6743872424489573,-1.789257747562308,0.054400381877234144,1.2750521380650368,-1.7661945553202378,0.06419450358340624,1.1453134417533875,-1.7445285398709145,0.27806038409471506,0.03538038856104797,0.39886977327497386,0.005444875219836833,-0.7281222743423361,-0.10027945492612687,0.02491294536249418,-0.023531791778575433,0.08833541916130859,-0.015051437823044593,0.24865552165191915,0.2931505320103545,0.2198368208077574,-0.20302180547296428,-0.2753724220942112,0.25076105985749464,0.2022861567044723,-0.2312334933616171,-0.29845835226023265,-0.15549804443362805,-0.24528100141051348,-0.2689295487347454,0.1248074826970556,-0.27051749988508,0.31242573963177606,0.09788505887951084,0.4815985825463825,-0.18741886925540474,0.051777114160358906,0.0,0.0,-0.9953945454573037,-0.09586291709440044
0.09365013147324985,-0.026319695376222505,-0.007417827452484149,0.0,-0.0,0.27249488253792886,0.20874046367642124,0.6986147055500432,-1.5842364563753732,-0.255434688572821,0.6708463661764797,-1.7428996884509134,0.06400611212379062,1.257272772883114,-1.7613634380855059,0.08268376831945631,1.1307925252537978,-1.7294005884935981,0.26580992125366854,0.027548978987492957,0.4057967952991787,0.005807544239551616,-0.7296892553567886,-0.09952586805938105,0.024973659433032338,-0.023565373567276095,0.09365013147324985,-0.026319695376222505,0.27249488253792886,0.2930027832718272,0.22006955682770843,-0.20197886842677004,-0.27314782718942787,0.2470853832221564,0.20724271403894873,-0.23757522005493317,-0.2948866369273286,-0.15799740420110625,-0.24653683181296893,-0.26773996808139083,0.11955487979185517,-0.27478889616819674,0.3114874241982559,0.09314767037599822,0.48220012727206835,-0.189125425035232,0.05251431171047061,0.0,0.0,-0.9956520714192737,-0.09315016198863808
0.10079124089829913,-0.04111178240672527,-0.007491024505151821,0.0,-0.0,0.3015684479711906,0.20511524496894135,0.7006086048326994,-1.6008822823825635,-0.2690762304945995,0.6710066246358972,-1.6923587165380782,0.07554390046157329,1.2379549020215086,-1.75396571347588,0.09863842396359686,1.1174050381309109,-1.7149125243488113,0.25370501922933686,0.019522638697373286,0.4136471403272528,0.006230353720878297,-0.73101407289505,-0.09856855928113586,0.025033680526049512,-0.023594067137884468,0.10079124089829913,-0.04111178240672527,0.3015684479711906,0.29285381891225515,0.2217245794579554,-0.20044054652399854,-0.2710799940006562,0.24156713489317966,0.21293472646137762,-0.24430347920070172,-0.2913524306584587,-0.1610368897754449,-0.2479092142344722,-0.26670311787390377,0.11489552755304935,-0.27860819468778275,0.31042725591487497,0.08849066922143116,0.48249974475442764,-0.19090458476229716,0.05350647964759876,0.0,0.0,-0.9959284555011297,-0.0901471659184809
0.10634634756138478,-0.05320657004443642,-0.007530399843266866,0.0,-0.0,0.34285678753296717,0.1991056331286305,0.6953994812149751,-1.6158755954943205,-0.28283197883712613,0.6776019777906568,-1.6408551476503674,0.08771607108218103,1.219449951460487,-1.7440009336722524,0.11125852775416874,1.1065299252146168,-1.7033250026012723,0.24218415135615753,0.011647478530281481,0.42229804396629333,0.006692663316100246,-0.7321639613885629,-0.09738283418118954,0.025090261436018505,-0.023612957839903078,0.10634634756138478,-0.05320657004443642,0.34285678753296717,0.29270314229162114,0.22524623987823272,-0.19828248655019076,-0.2693923918595479,0.2336072207029233,0.2189081847393375,-0.2510361704959389,-0.28844336983043856,-0.16429328404394886,-0.24930949728396792,-0.2658034772244189,0.11113418129413292,-0.2815967364298585,0.30929967046206264,0.08408311314944099,0.482427616202373,-0.1927962664906916,0.054855979415342995,0.0,0.0,-0.9962316775528705,-0.08673202776479713
0.10993179898159748,-0.06315917332042922,-0.007401504798938697,0.0,-0.0,0.3558388131707643,0.19215632171223035,0.6876044532186106,-1.6301281012986837,-0.29657597290842164,0.6868691444396974,-1.5897898140706512,0.1001389512890264,1.201302989533073,-1.733117473752875,0.12250380531737681,1.0969238736127551,-1.6930499280753888,0.23095669813062011,0.003798120900204279,0.43119447952822637,0.007166023727653452,-0.7332453633609571,-0.09611208962374611,0.02514470238728743,-0.02362739289865682,0.10993179898159748,-0.06315917332042922,0.3558388131707643,0.2925526029185245,0.2293623621468062,-0.1958942530716095,-0.2678065122346529,0.2243285522066824,0.22497434718189133,-0.2572568773660998,-0.28573661474875084,-0.1676661519377393,-0.25066244456945286,-0.26499718065133965,0.1077308610166843,-0.2841954980224851,0.30810116502477275,0.07981460259990887,0.4822352619576641,-0.19472665398528702,0.056337833110439155,0.0,0.0,-0.996533996545581,-0.08318649967928753
0.11183154195622866,-0.07147270930511741,-0.007127813602748888,0.0,-0.0,0.3667846353222865,0.18303589003258622,0.6752986660913416,-1.642150590294286,-0.30996417371850277,0.7030951082706453,-1.5444705345128709,0.11314511534414805,1.1842009033027447,-1.720649929423081,0.13022140452736308,1.0918647592004975,-1.6867875370540117,0.22077331858638077,-0.004187182376259322,0.44025309697577836,0.007638768731052747,-0.7341711583890413,-0.09467386272980978,0.025189659104829558,-0.02362810435557836,0.11183154195622866,-0.07147270930511741,0.3667846353222865,0.2924070820996636,0.23443215596778577,-0.19298145490131843,-0.2666506648634978,0.2131495645518018,0.2307645360190848,-0.26221930530526444,-0.2835377056091408,-0.17124236313707542,-0.2519378018046526,-0.2647165414577163,0.10539299414376878,-0.2857496543276829,0.30674179189631323,0.0759260730930992,0.48199493471685834,-0.19671381784504968,0.05807643310215914,0.0,0.0,-0.9968324085883267,-0.07953080653429398
0.11117875978595379,-0.07543933939247877,-0.0067905964035733235,0.0,-0.0,0.3543389856974675,0.17299057072714746,0.66266572789142,-1.6536077762904922,-0.3223688978897899,0.7215570305523121,-1.5035244163713954,0.12593223232972006,1.1680843014466133,-1.7081135574140045,0.13551801207818484,1.089326638924448,-1.6821589720876593,0.2112323437866411,-0.012165866400066241,0.4493357131355688,0.008086503924507847,-0.7349120849057248,-0.09318382685121736,0.02523034497311241,-0.023623567074537277,0.11117875978595379,-0.07543933939247877,0.3543389856974675,0.2922674903744145,0.2394457658573721,-0.18985443665883317,-0.2655843807518677,0.20137898041096852,0.2360706786954123,-0.26610361162220764,-0.28155939484629805,-0.17480332291501835,-0.2530842506640767,-0.26483816312133474,0.10378069797204786,-0.2867761012630833,0.305302396100415,0.07228752399722024,0.4817006268554908,-0.19869002542997663,0.05986984583892322,0.0,0.0,-0.9971079593015588,-0.07599814140806961
0.11047634764995462,-0.0804578717907486,-0.006342208699175456,0.0,-0.0,0.3384731986181476,0.16176601969882062,0.6496156720738662,-1.6643442009624683,-0.33351968934661463,0.7428697998586454,-1.4681540790357088,0.13844006430161626,1.1532241921675832,-1.6954894301138426,0.13772785526357198,1.0900027861720638,-1.6796135353414636,0.20251043503613847,-0.02013611087673589,0.4584489276534633,0.008502351610284103,-0.7354173040703723,-0.09162773451718845,0.02526558550858968,-0.02361233765259385,0.11047634764995462,-0.0804578717907486,0.3384731986181476,0.29213545824352066,0.2444136150543128,-0.18645375691943442,-0.2646603669410843,0.18912240969507188,0.24070983856173228,-0.2688330594391693,-0.27988679625212753,-0.17832597609396977,-0.2540954064233176,-0.2654781263433593,0.10311258058452508,-0.28714907105739884,0.30378129618222405,0.0689548113623321,0.4813422482534464,-0.20065226376448808,0.06173314482561852,0.0,0.0,-0.997359480986208,-0.07262276287034154
0.1098067366965876,-0.08471560075939778,-0.005971640348434448,0.0,-0.0,0.3166887409156171,0.14917383813544322,0.6362312538059134,-1.6739452042077718,-0.34182621773920563,0.7640564935772043,-1.4428335004731228,0.149991775029584,1.140724850328345,-1.6841410461225008,0.1356198360261164,1.0944327633631856,-1.6802693150545422,0.1950253050186132,-0.028060789171018116,0.4674723548324485,0.00886405042470678,-0.735529144343577,-0.09002730093504253,0.025294628459960222,-0.02359417208323353,0.1098067366965876,-0.08471560075939778,0.3166887409156171,0.2920138020264475,0.24927089619067538,-0.18274529447521778,-0.26397433512939805,0.17820823483191917,0.2440215862728333,-0.27026125595889455,-0.2785808146642717,-0.181596357844592,-0.2548319444134026,-0.2665858617515966,0.1037715971836384,-0.28663463234097997,0.30217720329300213,0.06606368118051732,0.4809264291002762,-0.20259625503891393,0.06369436649899735,0.0,0.0,-0.9975844677402039,-0.06946387351346048
0.10910848763776422,-0.08942696588581973,-0.00555660379560341,0.0,-0.0,0.30735311008027333,0.13605388400978152,0.6226386243575497,-1.6830769973365884,-0.3488062655455188,0.7849829494953157,-1.4218758148582358,0.16111728745071519,1.1292468089806404,-1.6733789577295906,0.13176901795362164,1.100344155179827,-1.682255992763921,0.1881124298823507,-0.03595845009151264,0.47643851214333593,0.009200867798522508,-0.7354657693128837,-0.08841558104675065,0.025321037361496372,-0.02357326482275599,0.10910848763776422,-0.08942696588581973,0.30735311008027333,0.2918965926295833,0.2540628888283616,-0.17893542122551795,-0.2632926662269227,0.16791208369327829,0.24667922514960922,-0.2710098199779547,-0.2774175071063875,-0.18476615370909452,-0.2554241064748215,-0.26786172362117533,0.10496249952413583,-0.28575138067553574,0.3005280536279435,0.06338923484165532,0.4804794935441169,-0.20453250908145781,0.06569780120135923,0.0,0.0,-0.9977932552172637,-0.06639743852692287
0.10712742044700561,-0.09291267803629776,-0.005164801290161169,0.0,-0.0,0.28183487590184186,0.12186352555689041,0.6080628837409771,-1.691037250192542,-0.3514749203857623,0.803882956504822,-1.4131995910092403,0.17097305780962907,1.1206211855537012,-1.664471641967171,0.12384152333987376,1.109492411738948,-1.6876186383397955,0.18303290401634412,-0.04373450028268924,0.48512829604901775,0.009458994517396943,-0.7348812238166207,-0.08682222978064887,0.02534038720554427,-0.02354633651281658,0.10712742044700561,-0.09291267803629776,0.28183487590184186,0.29179153787462336,0.25893503203686463,-0.1748941423751515,-0.26276234983899205,0.16028943746389865,0.2475775404765941,-0.2709540488975014,-0.276676848706794,-0.18756403364496815,-0.2557126012663058,-0.2694156463429405,0.10738717333517707,-0.2839836053060373,0.2988037183290616,0.06134419279414542,0.4799964244604289,-0.20644814364219968,0.06781818815752082,0.0,0.0,-0.997976423567191,-0.06358504544339474
0.1035051045047337,-0.09326070743232041,-0.004959616221879294,0.0,-0.0,0.2727991435124996,0.10775867192760907,0.5927822750649956,-1.698253453562134,-0.352524015072145,0.8209954217860572,-1.4091914319678356,0.1802780706631509,1.1133773115120436,-1.656653117192419,0.11490679689143843,1.1191798487776203,-1.694410901320608,0.17879670407426987,-0.05140340563498038,0.4936338874854539,0.009688131119075573,-0.7340342300502878,-0.08526268052427394,0.02535764186790115,-0.023517235120954483,0.1035051045047337,-0.09326070743232041,0.2727991435124996,0.29169000057797684,0.2638586259261443,-0.17091733681750854,-0.2621627937048798,0.1540428980209273,0.24781145319918751,-0.2706064073951092,-0.2761058052026173,-0.1901971296380389,-0.2558145628448786,-0.2708452451392191,0.11009638858714543,-0.28191751788022495,0.2970582678884265,0.059597264461393525,0.4794876947478217,-0.20831128396093843,0.06992808964691662,0.0,0.0,-0.9981461695806833,-0.06086233770904684
0.09660096451962026,-0.0908254145096489,-0.004786223565277081,0.0,-0.0,0.26075261122057686,0.09376782472980674,0.5765618423098015,-1.7044775909499117,-0.3514136962200466,0.835724498096265,-1.411407359336552,0.18884874017615053,1.1079757699840949,-1.6502863137345567,0.10462909466341941,1.1295861931223616,-1.7031093208413373,0.17568493869743854,-0.05892945120209128,0.5018938889628961,0.00987861423115981,-0.7328373052571949,-0.08374820061420142,0.025372102954670003,-0.0234852362865288,0.09660096451962026,-0.0908254145096489,0.26075261122057686,0.2915931532257482,0.2688770313821535,-0.16701553744780043,-0.2615186361314846,0.1496815115562598,0.24721223445514562,-0.2700152221120235,-0.275771954259387,-0.19259747703031319,-0.25568883241380075,-0.2721094665289718,0.11317890619563736,-0.2794543427438929,0.29529358585238885,0.05823598814944628,0.47895086991018215,-0.21010443195700643,0.07202401051395814,0.0,0.0,-0.9983014764158034,-0.05825943860034254
0.08950462229558928,-0.08722447824983737,-0.004705708277853714,0.0,-0.0,0.25025413962829857,0.08115694407177618,0.5606698048742197,-1.7092771036060233,-0.3493006041175441,0.8467772622641763,-1.4193152377479954,0.1968757594494442,1.1034039157001596,-1.6453113414739309,0.0946381735174281,1.141875027041686,-1.7133967115690831,0.17424799080349898,-0.06587549495069593,0.5096537890402894,0.010026788492196875,-0.7312433405926353,-0.08234207871321003,0.02537991046464365,-0.023452957577415202,0.08950462229558928,-0.08722447824983737,0.25025413962829857,0.29149855163536575,0.2736143270225771,-0.16353284911306923,-0.26086341561191806,0.14754646536176536,0.24616327673321917,-0.26912656331215923,-0.2754091547226109,-0.19482394603453743,-0.25540419576803924,-0.27357316213498173,0.1161703358009577,-0.2766377508449616,0.29359913248094055,0.05745454162798486,0.47832490584154247,-0.21172649619218548,0.07398591283708808,0.0,0.0,-0.9984441470296938,-0.05576096539827138
0.0814488746969548,-0.08307435421770254,-0.0046142082857456015,0.0,-0.0,0.2456898439560375,0.06921562277957023,0.5451041742375023,-1.7134792365525897,-0.3468845439584632,0.8563071050141986,-1.429289836632578,0.20466071367263786,1.0990434885025024,-1.6409024564843429,0.084915011336929,1.155050710627907,-1.724155457396256,0.1735306829214096,-0.07251834241967446,0.5171766532094855,0.01015853274025415,-0.7294741680747584,-0.08098774952323815,0.02538477452962022,-0.02342079736684498,0.0814488746969548,-0.08307435421770254,0.2456898439560375,0.29140492489463404,0.27815926052859574,-0.16026424075703044,-0.26014665093464867,0.14628924925999365,0.2449761179460665,-0.2681245026511094,-0.2749977741660317,-0.1969771340258247,-0.25505786020369714,-0.2751594173319879,0.11905067146943346,-0.2736695632707053,0.29194974710229615,0.05692379013728447,0.4776438808050168,-0.21327386090629977,0.07588994110885418,0.0,0.0,-0.9985781325748868,-0.05330772123484182
0.07286776179380654,-0.07857982337323106,-0.004516159625429783,0.0,-0.0,0.2330613807378906,0.05965609059325964,0.5318386919404332,-1.716196172331509,-0.3446423350588272,0.8621977720605699,-1.4418778513607224,0.21173262223601338,1.0941320359706879,-1.637762589674247,0.07702118491655906,1.1712002385603753,-1.7345482416843112,0.1747393924742937,-0.0779341576915038,0.5238945907668063,0.01025977205656665,-0.7272006104651251,-0.0798123245568652,0.02538111019193342,-0.023390792396017594,0.07286776179380654,-0.07857982337323106,0.2330613807378906,0.29131398330393593,0.2819226476788219,-0.15767194526709638,-0.25954372596863073,0.14667331914896467,0.24379451835950874,-0.2669533642550185,-0.2741951206353355,-0.1989323723181217,-0.25470967093568486,-0.2775641991009965,0.12140180818798878,-0.27058594452947304,0.29053372196410265,0.05707197897040392,0.4767589291412361,-0.21461215821143828,0.0776368555563845,0.0,0.0,-0.9986996602636162,-0.05098027647372644
0.06631539360462377,-0.07529455259206991,-0.004442114579050748,0.0,-0.0,0.22727971839040362,0.05125206708908081,0.5197910815477371,-1.7186086177825928,-0.34254369139671326,0.8667849153280258,-1.4540655016899109,0.21870775520801544,1.0886196792125702,-1.6351675689220428,0.07029339671134949,1.1881159245967865,-1.7444542944431305,0.1767650730907917,-0.08276605606079102,0.5301785171031952,0.010353038553148508,-0.7247525155544281,-0.07873228378593922,0.02537250891327858,-0.023364790249615908,0.06631539360462377,-0.07529455259206991,0.22727971839040362,0.29122427850961685,0.2853091527597913,-0.15540678885982676,-0.25890842550397253,0.14739861181787806,0.24268886112150928,-0.26583855724761934,-0.27311916920646034,-0.20086249077096316,-0.25434754983092456,-0.28021037208409133,0.12339963602993895,-0.2675323233609933,0.289229582111181,0.05750819392579064,0.475802117859158,-0.21585335582494736,0.07931359484791756,0.0,0.0,-0.9988129486440916,-0.04871030302610582
0.057817147762485865,-0.07064422743291887,-0.003961679574690513,0.0,-0.0,0.21921647059034868,0.04445967411524367,0.5094420819690353,-1.7205963793553805,-0.34064528346061707,0.869553985956468,-1.4656947490416075,0.22554791169731245,1.0822692191914507,-1.6333324650400562,0.06519192496412676,1.2061001995676444,-1.7536814848059104,0.17993021334864592,-0.08678354401337475,0.5358571119998631,0.010435185064316581,-0.7220609870396162,-0.0777852788665577,0.02535702190116832,-0.023344370989913217,0.057817147762485865,-0.07064422743291887,0.21921647059034868,0.2911362987207739,0.288190968938824,-0.1535852348413227,-0.2582834783694494,0.14859370726636575,0.24168668470116417,-0.2648079716925521,-0.27166288999155114,-0.20275573020482604,-0.25397036263202205,-0.28320618233926353,0.12493301854588147,-0.2645389785171526,0.288079536635398,0.05834503317104557,0.47475073399594203,-0.21695912492118385,0.08089245826398073,0.0,0.0,-0.9989173297075059,-0.04652062349137072
0.05095826717533002,-0.06678512006677084,-0.0032920831520302785,0.0,-0.0,0.20933367579631298,0.03911294690088222,0.5005828957808645,-1.7224847862595005,-0.3384901426340404,0.8709720090815896,-1.474778319659986,0.23174751589172765,1.0753932407027798,-1.6318558485884416,0.062091459177042306,1.2239430421277095,-1.7614632593958002,0.18440720321316467,-0.08958349729839124,0.5407313500580034,0.010510901503853108,-0.7190800873856795,-0.07702261072240378,0.025333732807714688,-0.023330515544665486,0.05095826717533002,-0.06678512006677084,0.20933367579631298,0.29106581132662923,0.2906567145168198,-0.15215477402425992,-0.25762663302500455,0.14975525892765876,0.24073693361214363,-0.26415256279922833,-0.2699872157182735,-0.20448692104872615,-0.2536734447672691,-0.28637559256962986,0.12590630226151703,-0.2618260620374118,0.2871749374622663,0.059655934470407276,0.47353980020055586,-0.21789340321954928,0.08234207528202157,0.0,0.0,-0.9990125243790374,-0.0444294511987626
0.04313029499949795,-0.0620651841303658,-0.002047321514078715,0.0,-0.0,0.20502219055125376,0.03434910992846679,0.49226907817156695,-1.7242902940825413,-0.33618009776661273,0.8718724846839905,-1.4828064606377953,0.2376256014563535,1.0684147139913158,-1.6305027415877895,0.05980953838872283,1.241487092877689,-1.7686615962731211,0.18943957700149006,-0.09188406247841684,0.545243994185799,0.010585299447963112,-0.7159803737150996,-0.07634029213927294,0.0253070829387166,-0.0233197748097346,0.04313029499949795,-0.0620651841303658,0.20502219055125376,0.2910046153946927,0.292959436926386,-0.1508857988459393,-0.25694872442540423,0.15088658858696916,0.2397958283885017,-0.263655101681114,-0.26825440952675705,-0.20613514175982614,-0.25340037159491846,-0.28952420389075995,0.12664849293665573,-0.25922385289429883,0.28636127984735005,0.06116266200907769,0.4722736947221259,-0.21875226468239958,0.08373426146021014,0.0,0.0,-0.99910151498138,-0.042381160459704526
0.03488603396213729,-0.05696661549250506,-0.0005886939011129354,0.0,-0.0,0.1933949438482317,0.03071225365917934,0.4844527938648274,-1.7255042759995711,-0.3330532379056278,0.8720460534095764,-1.488501898552242,0.24224535218979182,1.0623385953275781,-1.6291767107812982,0.059228427512081044,1.2560196911033832,-1.774725368148402,0.19581199182491552,-0.09313372875514783,0.5486822536117152,0.010669973972988757,-0.7126293982330122,-0.07587397784778946,0.025271771034519924,-0.0233197692340534,0.03488603396213729,-0.05696661549250506,0.1933949438482317,0.2909839184660661,0.295077767976314,-0.1499189981919273,-0.25629720652312127,0.15183070298528087,0.23874272796156565,-0.2635998859868217,-0.26676788469815715,-0.2074478105958237,-0.25324186772552476,-0.2920751558008459,0.1269204679967311,-0.2571307695766688,0.28573659331774537,0.06314963277364921,0.47100417591687227,-0.219402175004545,0.08496186588155595,0.0,0.0,-0.99918160960113,-0.04044886938957567
0.02862441230024628,-0.053173843767486136,0.0005086001596946168,0.0,-0.0,0.18827306860853035,0.027405753388608744,0.4767863007360383,-1.7263156614805524,-0.3298269186757113,0.8719450823570553,-1.4940544225667653,0.2464920178447899,1.056990220358497,-1.6280580139473866,0.05913524064970644,1.2686563079294406,-1.7806005807299363,0.2026312773753154,-0.09398262673302701,0.551631297720106,0.010760057644036257,-0.7092015539344988,-0.07549204260699059,0.025234456884821777,-0.02332548202799731,0.02862441230024628,-0.053173843767486136,0.18827306860853035,0.29098106763864817,0.2971192601905362,-0.1490449396959639,-0.2556875432988809,0.15283166979486748,0.23767320296655498,-0.2635817394960929,-0.2654470747440563,-0.2086475387980463,-0.25305587573286387,-0.2941521019459375,0.12705474451258864,-0.2552599685607495,0.2851738691009071,0.06529681339865358,0.46976313765887023,-0.2199589518928214,0.08611826544725582,0.0,0.0,-0.9992559930402238,-0.03856760782309925
0.02036924258312176,-0.048087165465202274,0.0019673111015250377,0.0,-0.0,0.18079826897800175,0.024581394305354644,0.46933842175885243,-1.7265394737845974,-0.3264554425289756,0.8714434316283778,-1.4993983695381568,0.25019418095287527,1.052703957808645,-1.6272419126410234,0.05975415910545149,1.2785258167668394,-1.7862005986665426,0.21010275263535355,-0.09424661962609543,0.5538663519056221,0.01085803574441295,-0.7056615227147153,-0.07523325516989357,0.025194220538986355,-0.023339540550583286,0.02036924258312176,-0.048087165465202274,0.18079826897800175,0.29100426247245387,0.29905604554440035,-0.14830210416348236,-0.2551515405162907,0.15391698817022037,0.23657909202887853,-0.26362115791471735,-0.26437172239682627,-0.2096821557145772,-0.2528407631253981,-0.2955656547675599,0.12699072251549137,-0.2537388959006506,0.28470589994337714,0.0676824248564535,0.46856459621373125,-0.22037980431004575,0.08717074441282374,0.0,0.0,-0.9993240894215217,-0.03676090725004672
0.013900041620112004,-0.04406483292590764,0.003105039267163601,0.0,-0.0,0.17152383002269314,0.02253961234696599,0.4635467464594464,-1.7259010029466528,-0.32367596500798274,0.8705694910727049,-1.5046724826097488,0.25312926149681997,1.0497577809973766,-1.627340955953849,0.060890020508515226,1.2856024425280723,-1.79087711713816,0.21803144551813614,-0.09421703689976742,0.555279819981048,0.01097201416268945,-0.7019699219810335,-0.07509297911862009,0.025156496558338404,-0.023362247849275406,0.013900041620112004,-0.04406483292590764,0.17152383002269314,0.2910597600827092,0.3005036056068221,-0.14776995175517918,-0.25487195016172653,0.15510147790427237,0.23564835205917006,-0.2635604032799638,-0.2635128793118204,-0.21047277137595788,-0.25255096476653327,-0.29644421663122045,0.1267755499808578,-0.2526312560986674,0.2842728985520444,0.07023084176267526,0.4675336338506306,-0.22063019685447216,0.0880964162612432,0.0,0.0,-0.9993856731095724,-0.035046774221417366
0.008694829675559424,-0.040001777927787585,0.004014333612040177,0.0,-0.0,0.16765213463557954,0.020902056050928014,0.4586612884151308,-1.72490289023048,-0.32118910825566244,0.8694882322298854,-1.509912936311019,0.2557402159038343,1.047372934065367,-1.6278518265799473,0.06223534420132636,1.2915616035461426,-1.795084131391425,0.22612577657166277,-0.0940725332812259,0.5563425162905141,0.011092467454115027,-0.6982159928271645,-0.07500175749392886,0.02512021051523717,-0.02338902823823063,0.008694829675559424,-0.040001777927787585,0.16765213463557954,0.2911284640431404,0.3016927680635701,-0.1473456758057117,-0.25471344673717494,0.15633974062694952,0.2347981841895679,-0.2634464407336357,-0.26274007889076634,-0.21115882867571334,-0.2522260765068931,-0.2971261185041921,0.1265004010185039,-0.25169924963626017,0.28383898808168123,0.07283743628924202,0.46657745529599803,-0.22081096960525765,0.08896795601436966,0.0,0.0,-0.9994430252751277,-0.03337123355377076
0.005017217721708267,-0.03623617187098858,0.004650466144084931,0.0,-0.0,0.15986603094750151,0.021019743069222097,0.45820929247297737,-1.7231856161042265,-0.3198435402622348,0.8673591962770412,-1.5150309299167832,0.25765204115917806,1.0461398253315373,-1.6295529000068965,0.06392475776374339,1.295862853527069,-1.7973262510801615,0.2342464395455623,-0.09378977041495475,0.5566051888622736,0.011223452472078956,-0.6943482364478865,-0.07500407251676447,0.025091545938171055,-0.023429621427663062,0.005017217721708267,-0.03623617187098858,0.15986603094750151,0.2912203334271908,0.30169571034358394,-0.14738193383607517,-0.2550004071106351,0.15787579250564354,0.23426459237433997,-0.26315932910986595,-0.2620833215206864,-0.21161240134412077,-0.2518032747738027,-0.2977630985845655,0.12611809314692987,-0.251161822764408,0.28342865806934064,0.07546476864937013,0.4658369817490069,-0.22087048219614908,0.08971612322095192,0.0,0.0,-0.9994950973952141,-0.03177342101397704
0.004079681925267117,-0.03395488932483188,0.004794541746377945,0.0,-0.0,0.15825099240296248,0.021769593224713654,0.4594926292959012,-1.7213720365574485,-0.318742321510064,0.8649016179536518,-1.5197118081544574,0.25934969202468267,1.0452157353100024,-1.6313501094516956,0.06549439304753352,1.2996871502775895,-1.798726411242234,0.2421973398641535,-0.09363324077505815,0.5566315870536002,0.011361750479983654,-0.6904221208472001,-0.0750319126405214,0.025067438910666266,-0.023475576388208488,0.004079681925267117,-0.03395488932483188,0.15825099240296248,0.2913144826889038,0.301245154978657,-0.14758412733923496,-0.2554303507502972,0.1594328290230186,0.23381438140457772,-0.2628801696576975,-0.26149832015942004,-0.21200242187117171,-0.2513823456231722,-0.2984381372570621,0.12575916968947307,-0.2507466479555083,0.2829822206664716,0.07803137134694468,0.4652098719813207,-0.2209191918373108,0.09042722300479286,0.0,0.0,-0.999544127611899,-0.030191670317617835
0.002870576475997089,-0.030916559339589613,0.004985791287924479,0.0,-0.0,0.15578379699781697,0.023485248173145856,0.4634271689543598,-1.7194113237293143,-0.31801441409870196,0.861942099897485,-1.5237248712464382,0.2607201320168219,1.0447637572100288,-1.633294193368209,0.06688103373897702,1.3027827684816562,-1.7988402443496805,0.2498888805704681,-0.09366956745323382,0.556297010497043,0.011511221111408973,-0.6864068453249179,-0.07509874944624148,0.02505029480610239,-0.02352972294350988,0.002870576475997089,-0.030916559339589613,0.15578379699781697,0.2914121150970459,0.3000982474814032,-0.14804142607150766,-0.25607467311355137,0.16102581656608228,0.23349214970229923,-0.26261901510422486,-0.2610225092897118,-0.21229636085696274,-0.2509663506909433,-0.2991746935536611,0.1254339650094326,-0.25051939537990353,0.2824960308737564,0.08050609816890962,0.4647565085980636,-0.220951396971941,0.09108169200389009,0.0,0.0,-0.9995899484651597,-0.028634505887467545
0.001894380820099073,-0.028506900769193395,0.005137337077605609,0.0,-0.0,0.15282797065107473,0.025788135728553714,0.4689625497711332,-1.7176108658313751,-0.31686304235144663,0.8592452995086971,-1.526479860669688,0.2615317372899306,1.04538630498083,-1.6346204469078465,0.06773578179510016,1.304579058760091,-1.7980038319763385,0.2569968767072025,-0.09419219744832892,0.5556891827206862,0.011672795137488527,-0.6823196466031828,-0.0751829912003718,0.025043334860942866,-0.023592899528969275,0.001894380820099073,-0.028506900769193395,0.15282797065107473,0.2915139143404208,0.29854183473587276,-0.14865534790153773,-0.2567892355909769,0.16232119717527113,0.23310491012335485,-0.2625757041793449,-0.26096363023081925,-0.21244911249656695,-0.2506416190494312,-0.29977170857323254,0.12522707594771554,-0.25047959740321707,0.2819269447441942,0.08276741569865154,0.4645435264039502,-0.2209630332102901,0.09166843051973142,0.0,0.0,-0.9996325426581674,-0.02710681941444423
0.0007285616709266659,-0.02559535623039871,0.005320871346875534,0.0,-0.0,0.15148450082027512,0.028307210212867515,0.4751041657046268,-1.7158701459043904,-0.3154758116916606,0.8566825821211463,-1.5286811935274225,0.262093814776132,1.0464961952284764,-1.63562038462413,0.06834246473092782,1.3057549352708615,-1.796760064990897,0.26381745640384524,-0.09495589686067481,0.554968945289913,0.011840411302584567,-0.6782015279719704,-0.07527363898330613,0.025040999728892194,-0.023660012361544528,0.0007285616709266659,-0.02559535623039871,0.15148450082027512,0.2916176085801501,0.29682396132596695,-0.14932993135137876,-0.25752127567553285,0.16347970939797776,0.23267550240553178,-0.26263523454920296,-0.2611016840745191,-0.2125402820731583,-0.25036309733029194,-0.30029394768798867,0.12507526247115236,-0.2505249367285513,0.281309543156336,0.08492029311298835,0.4644423117457619,-0.2209652650513147,0.09222439887296212,0.0,0.0,-0.9996724583315005,-0.02559249994538354
-0.0001197962737078908,-0.022893463058369968,0.005454628875380118,0.0,-0.0,0.14763326657341574,0.030718790465279647,0.48124330294759654,-1.7141128339265521,-0.31279074204595464,0.8547144469461943,-1.5295561740272923,0.2620049071939368,1.048987677222804,-1.635032948694731,0.0681477887065787,1.3047250132811696,-1.7947007919612683,0.2694963546175706,-0.09669765045768337,0.5540955349018699,0.012033096808744106,-0.6740201774396394,-0.07536107458566364,0.025051860040739962,-0.023735996629846726,-0.0001197962737078908,-0.022893463058369968,0.14763326657341574,0.2917267491942958,0.2950967283561154,-0.14998082940878896,-0.25825418995025545,0.16423151027205662,0.23195218543497326,-0.2630802160262317,-0.2619160084686415,-0.21249178191942072,-0.2502800088183411,-0.3004307461604562,0.1251027083483174,-0.2508220564316265,0.28054489574755825,0.08665099734500073,0.4646991966091185,-0.22093975073412844,0.09269239478989652,0.0,0.0,-0.999709151952452,-0.024116622949927988
-0.00011425362172079852,-0.021487590139899423,0.00544838411243309,0.0,-0.0,0.14510239692499863,0.032852034427617735,0.486837800788252,-1.7122610407440286,-0.30958577186653485,0.8529837500107915,-1.5301644825621654,0.2617001298226808,1.0519213433328427,-1.6338637204546678,0.06757465946046928,1.30276762733334,-1.7924187936280902,0.274679507864149,-0.09894590236638724,0.5532646849751472,0.012235577714531438,-0.6698241139713086,-0.07544131327028337,0.025067236654362397,-0.023815986381745653,-0.00011425362172079852,-0.021487590139899423,0.14510239692499863,0.2918357937351653,0.29349656623259546,-0.15056221935682002,-0.25896721131732353,0.1648653040258503,0.23109887308005883,-0.2636444800792409,-0.26296028339116817,-0.21239811559518473,-0.2502657029113951,-0.3003820436445402,0.1252171370032249,-0.2512100756312925,0.2796905312452749,0.08818825711324056,0.46510121849170705,-0.22091632257950933,0.09313884112787875,0.0,0.0,-0.9997430933207622,-0.022665995619733235
0.0005839795826384866,-0.02024421943317602,0.005333027557323511,0.0,-0.0,0.141053176819866,0.03453994032583738,0.49156087558520467,-1.7102580776340084,-0.30554896083317307,0.8516329542586678,-1.5303461159530438,0.26104996078892756,1.0555625040280192,-1.631763624517541,0.0663960050595434,1.2993262990524894,-1.789780434809233,0.27906946916329234,-0.10200455157380355,0.5525019317865372,0.012453731259723242,-0.6656045098053782,-0.07551003688652265,0.025089839350824292,-0.023902384907399352,0.0005839795826384866,-0.02024421943317602,0.141053176819866,0.29194468455879313,0.29210635697582,-0.15102919463912667,-0.25965974073832915,0.16531084312854985,0.230037379084201,-0.26440112178602937,-0.26437346678269197,-0.21223160419115403,-0.2503594321108922,-0.30003504666606773,0.12547154505591676,-0.25174315060271957,0.27870192337896643,0.08941902773222053,0.46573493708695635,-0.22089623228499763,0.0935508081395375,0.0,0.0,-0.9997740698827832,-0.021255803678424928
0.001571420953731861,-0.019695395291907128,0.005170046106764415,0.0,-0.0,0.134573727117415,0.03566218540072441,0.4954466168817721,-1.7079400216278278,-0.3010910616109246,0.8506853662823376,-1.5305683275586681,0.26010389194676753,1.0596781647519062,-1.629076724773959,0.06456435236491655,1.2949239399872328,-1.7865584837762933,0.2823135164615355,-0.1061986771069075,0.5521168210788777,0.012676241403249534,-0.661351107453045,-0.07554944835015033,0.02512242649926951,-0.023993576925836112,0.001571420953731861,-0.019695395291907128,0.134573727117415,0.29204911483745827,0.29090626217017573,-0.15135057068604188,-0.2603842634446177,0.16563920124689244,0.2288560172559288,-0.2652138862899781,-0.26602889382097267,-0.2119972855591217,-0.25052593105561966,-0.299558784299866,0.12588178488020238,-0.252382769155515,0.2775309896030767,0.09020727478923009,0.4665933154852134,-0.22090524386026358,0.09394887099532705,0.0,0.0,-0.9998017693097914,-0.019910351202597695
0.002797331612213386,-0.019017429744274127,0.004969321583446485,0.0,-0.0,0.1315832880949659,0.03653544011084657,0.4989884354566273,-1.7054768863477205,-0.29646937784395716,0.8499085056154352,-1.5308160374039097,0.25902633525823293,1.0639768650657253,-1.6261504104262905,0.06243666614356792,1.290117157133002,-1.7830510108094466,0.2850280984451896,-0.11092073666421995,0.5519301781528875,0.012899561736144519,-0.6570811804972196,-0.07557524564234834,0.025159597985054318,-0.024086937112243554,0.002797331612213386,-0.019017429744274127,0.1315832880949659,0.2921514864030637,0.2897798297223136,-0.15160831738964242,-0.261124436239012,0.165919299897395,0.22762502345956298,-0.2660429876824485,-0.26778191219861763,-0.21173062054218175,-0.2507169000575059,-0.29903241797776947,0.12636518865228286,-0.25306757315074235,0.2762727432744687,0.09078662744817666,0.46754457949770756,-0.22092767412725248,0.09434050184331443,0.0,0.0,-0.999827102467725,-0.01859476192354875
0.004068964186983428,-0.018317048918051235,0.004761734683263186,0.0,-0.0,0.12291123240234694,0.03691440355032683,0.5023347362875938,-1.702599585056305,-0.29194884747266764,0.8493370562791824,-1.531265303492546,0.2576632462441921,1.068128526210785,-1.6231220215559006,0.0595513358712196,1.2848751246929169,-1.7784106880426407,0.2861962616443634,-0.11724671721458442,0.5527747198939323,0.013102601282298567,-0.6527458876371384,-0.07555995043367147,0.02520961407572031,-0.02418575156480074,0.004068964186983428,-0.018317048918051235,0.12291123240234694,0.2922478877007961,0.2886667563887614,-0.15174013304718764,-0.26197452686312966,0.166169812494909,0.22640787274857596,-0.2668169605296304,-0.2695140536440014,-0.21139491631590912,-0.2509654134171454,-0.29860685545045,0.1270347833322528,-0.25384670892430716,0.2747497314664375,0.09076442361880359,0.4686306606974511,-0.2209887746721506,0.09471320267766714,0.0,0.0,-0.9998492022905293,-0.017365848064295236
0.005013130174965427,-0.017792015026443512,0.004605615609570845,0.0,-0.0,0.11952201812229135,0.0372248623324068,0.5059310370369962,-1.699707324567594,-0.28758928846371795,0.848712503125793,-1.531730675383618,0.2562330808294447,1.0721466478548551,-1.6202361583709717,0.05648177548458698,1.2797060750032725,-1.7734799808577486,0.2867391983929433,-0.12414664030075082,0.5541376871498008,0.013288012816031515,-0.6483387852969922,-0.07552712283244259,0.025264489905614602,-0.024285777202366216,0.005013130174965427,-0.017792015026443512,0.11952201812229135,0.29234195579039424,0.2874793241005743,-0.15185539696487915,-0.2628530879076505,0.1664392372721808,0.22523023432671715,-0.26755571025742503,-0.27118459457405897,-0.21103785070227024,-0.2512087127517082,-0.29824866548185935,0.12775534987132098,-0.25462852740145925,0.273135711188006,0.09050223477656819,0.46969709798508635,-0.2210648910779702,0.09507839391498189,0.0,0.0,-0.999869244134415,-0.01617079571553128
0.005944653782332508,-0.01723494087334906,0.004455437393564855,0.0,-0.0,0.11384019363241282,0.037420475071198056,0.5099464552967171,-1.696789985424594,-0.2834995932092793,0.847998922984851,-1.532223048178773,0.2546904638017479,1.075940894453149,-1.6175892353057861,0.05310335872988958,1.274659378748191,-1.768062452736654,0.28623396138611595,-0.1320087611675261,0.5563697795334615,0.013443871505411436,-0.6438112964755611,-0.07546490269075883,0.02532751294539163,-0.024387833355974994,0.005944653782332508,-0.01723494087334906,0.11384019363241282,0.29243211232517896,0.28617075144983833,-0.15194235085913463,-0.2637817379769354,0.16674040813252156,0.2241215578458181,-0.2682399277658485,-0.272749725017396,-0.21064751292376863,-0.2514521562862717,-0.2980074728505323,0.12855855950029363,-0.2554167703452797,0.2713716277575484,0.08984487682352463,0.47073293325902626,-0.22116618113298164,0.09543099553373298,0.0,0.0,-0.9998870051046025,-0.015032532153590456
0.00641121759105711,-0.016909961127719763,0.0043811962792739126,0.0,-0.0,0.10368106776489912,0.03759121385059858,0.5143485633950483,-1.6941723509838706,-0.2797926476127224,0.8473266018064398,-1.532548427581787,0.25301106979972443,1.0795769816950747,-1.6152221905557733,0.04954296585760625,1.2699295533330819,-1.762546746354354,0.2847414832366141,-0.14079629747491118,0.5596469985811333,0.013555649030757577,-0.6392230234648053,-0.07537581026554108,0.02539871829120736,-0.024488560953422594,0.00641121759105711,-0.016909961127719763,0.10368106776489912,0.29252017328613683,0.2847754624914577,-0.15202194649316833,-0.26468264573501676,0.1670010430316349,0.22311894892301787,-0.2688720152726781,-0.2742200619375513,-0.2102158258080306,-0.2516920085703473,-0.2978593947964423,0.12941588129651674,-0.25616245382210295,0.26945658282851975,0.08881540553084352,0.4716677984366117,-0.22128184531864367,0.09577462822198868,0.0,0.0,-0.9999020535668497,-0.013995830550444852
0.006541820394737304,-0.01669440689884716,0.004366677450506895,0.0,-0.0,0.09874207620346945,0.03774858202393118,0.518912539278206,-1.69170307564108,-0.2762611096626834,0.846675527723212,-1.532801792025566,0.2512653040650644,1.083151841634198,-1.6129904303111529,0.04590402602365147,1.265347327056684,-1.757006716571356,0.2827983810321281,-0.1500008137602554,0.5634069564311127,0.013646639711958798,-0.6346087965526079,-0.07527416630795128,0.025473608990739048,-0.02458858469158019,0.006541820394737304,-0.01669440689884716,0.09874207620346945,0.2926073601763499,0.2833414572522375,-0.1520974663021343,-0.26556282273695103,0.16724313217523107,0.2221637707938542,-0.26947803563090417,-0.27564934277774217,-0.20976278421032626,-0.251925242808684,-0.297748726138601,0.1303003991355996,-0.2568841670174896,0.2674700111978187,0.08762224725523574,0.4725396926374129,-0.2214035977070269,0.09611430671066046,0.0,0.0,-0.9999153858882666,-0.013008499679784432
0.006533106884706875,-0.016533186181127143,0.004376598486775795,0.0,-0.0,0.07958327458598762,0.0378215610000648,0.523439350096803,-1.6898768214802993,-0.2731383356608843,0.8461371221040425,-1.533009260892868,0.24926524923035975,1.0868879227261794,-1.61126352140778,0.04221299643579285,1.2611733988711709,-1.7519681563502865,0.2798540823553738,-0.15998472665485575,0.5683938100149757,0.01367338736982722,-0.6299854595410197,-0.07513688857618131,0.02555534736204304,-0.024684402773058726,0.006533106884706875,-0.016533186181127143,0.07958327458598762,0.2926948403841571,0.2819651297751013,-0.1521456110608397,-0.26631528574272895,0.16744295605792633,0.2213177119338862,-0.2700121259382819,-0.2770320601194914,-0.2092270600474383,-0.2521273978078603,-0.2976428074924258,0.13120863358886653,-0.2575049594761786,0.26536399141785966,0.08607234674957111,0.4731987227657846,-0.221526057508431,0.0964489858597517,0.0,0.0,-0.9999254218301515,-0.01221273015313971
0.0065182781516373075,-0.016415148110589656,0.0043837353587150565,0.0,-0.0,0.07239611561629251,0.03780159172847083,0.5277281336878475,-1.6882770775180114,-0.27012174478486967,0.8457302694257937,-1.5332451988207667,0.2471486815300427,1.0908715552405308,-1.6097288821872913,0.03851537367230968,1.2572301994813115,-1.7474011990584826,0.27663199034960645,-0.1701506862514897,0.5737667558224577,0.013674155998926022,-0.6253801097995356,-0.07499399467518456,0.025638323571336896,-0.024777767015621066,0.0065182781516373075,-0.016415148110589656,0.07239611561629251,0.29278242411582095,0.28066724782308144,-0.15216631905892744,-0.2670055606490257,0.16760706860010194,0.22049680101339778,-0.2705180231306814,-0.27844990782158324,-0.2086500515189471,-0.25230082937431014,-0.2975030979409369,0.1321270573058475,-0.25805028076706904,0.263226631860071,0.0844363843443249,0.4737550698993473,-0.2216486920063433,0.09678181937258494,0.0,0.0,-0.9999340013320249,-0.011488819788207863
0.006506996202184205,-0.016254989509351305,0.004393225045580541,0.0,-0.0,0.059764157084475425,0.03761825886996169,0.5315985663941032,-1.687075442389438,-0.26729177879659755,0.8455546310073451,-1.533531173279411,0.24482733364167966,1.0952902781335931,-1.6085321715003567,0.03480616290318337,1.2536925234292682,-1.743663119642358,0.27292165552314956,-0.18063660671836454,0.5798182879623615,0.013629264516853973,-0.6208063740479318,-0.07484122993130433,0.02572347537467354,-0.024866818450391293,0.006506996202184205,-0.016254989509351305,0.059764157084475425,0.2928701897985057,0.27951312241628956,-0.15213876672956914,-0.26759354159039955,0.16770844005223065,0.21972164661384028,-0.27097683723766075,-0.27992848778228124,-0.20800203562786992,-0.2524287904532403,-0.2973072540535815,0.1330580130185078,-0.2584665600535021,0.26103911754955494,0.08264268835009403,0.47414826878487076,-0.22177163354660334,0.09711140903987382,0.0,0.0,-0.9999406889523774,-0.010891215609148356
0.006481084893676603,-0.016146765667209656,0.004401557931774103,0.0,-0.0,0.04604817002894373,0.03726502042263746,0.5348519780918172,-1.6862565302535106,-0.2648215852677822,0.8458315553633791,-1.5339155706920122,0.2423279647176203,1.1003751346939488,-1.6077876036104404,0.031021671173603913,1.2507072906745107,-1.7410115960397219,0.2689978980312222,-0.1908740487537886,0.5863125504631745,0.0135326941902014,-0.6164911467778055,-0.0746822859601755,0.025806793636691413,-0.02494891014832415,0.006481084893676603,-0.016146765667209656,0.04604817002894373,0.29295815311764417,0.27855730737882534,-0.15206053173312056,-0.26806793614071417,0.16768714086639075,0.21903643758204372,-0.2713474242779693,-0.2815110098327263,-0.2072823506802456,-0.2524745606175096,-0.29704505705438483,0.13401784535659744,-0.2587078408249664,0.25891368290540273,0.08081297715176865,0.47432118124993194,-0.22189474801876044,0.09743753389308327,0.0,0.0,-0.9999455981424438,-0.010430760065805738
0.005806027875434541,-0.01661387320755111,0.0044581725409151285,0.0,-0.0,0.03962043448187757,0.03683196508178586,0.537817696207448,-1.6856121013039036,-0.2625240550229424,0.8463223913782522,-1.5343469757782786,0.23974931396936117,1.1057724576247365,-1.6072592060816915,0.027200351224133876,1.2479860029722516,-1.7388720998638554,0.2649769810469527,-0.20098342079865297,0.5930118905870537,0.01341171204847725,-0.6122993897450598,-0.07452037803044445,0.025889133103191853,-0.025027623841244923,0.005806027875434541,-0.01661387320755111,0.03962043448187757,0.2930462521157767,0.277693326825364,-0.151958279693135,-0.268489380893692,0.16760797911945502,0.2183943027348944,-0.27167519830604875,-0.2831400138512935,-0.2065294996258036,-0.25247403272153957,-0.2967520725280921,0.13499241256593922,-0.2588639217315614,0.2568161471849049,0.07897846536840791,0.47437493262901703,-0.22201734742051676,0.09776254704124049,0.0,0.0,-0.999949652370227,-0.010034576456539945
0.004681479823485527,-0.017501923912897517,0.004547157962070392,0.0,-0.0,0.024857773681225152,0.03620741295775301,0.5401843543115415,-1.685162763846548,-0.2607945411613113,0.8473816102272586,-1.5349236350310476,0.23716348252798383,1.1118998903977244,-1.607408009861645,0.023229065596273083,1.246084169337624,-1.7380281647569256,0.26085349270387703,-0.21030802946341662,0.600080962243833,0.013226496839993879,-0.6084893349754184,-0.07434878532627695,0.025964179541915655,-0.025093664439689172,0.004681479823485527,-0.017501923912897517,0.024857773681225152,0.2931364800192808,0.27700857618011726,-0.15180090960536097,-0.2688405366356605,0.16737851490963973,0.21789722839803977,-0.27187109537866794,-0.2848459070179599,-0.20574219141327282,-0.25233295627343133,-0.29642353292269297,0.13601324079901797,-0.2587899584933394,0.25490345262582986,0.07717515026486402,0.47409708135117423,-0.22211360598081037,0.09810661563747808,0.0,0.0,-0.9999521158486419,-0.00978601092500484
0.003344933042911766,-0.018629421848744852,0.004648858387219789,0.0,-0.0,0.021206175764228386,0.035490995959231726,0.54252648039868,-1.684772202843114,-0.25926858657284785,0.8485130197123477,-1.5355529973381443,0.23463655929816396,1.1180541264383417,-1.6077650408995778,0.019190558477451918,1.2443407711229826,-1.737471762456392,0.2567937562340184,-0.21923056401704488,0.6071541874032271,0.013023022415214462,-0.6048578180764851,-0.0741794889694766,0.026036270452957404,-0.025155464089230486,0.003344933042911766,-0.018629421848744852,0.021206175764228386,0.2932281384342595,0.27633490848022985,-0.15161787624180875,-0.2691861598854361,0.16713579898932784,0.2174530278126158,-0.2720224663578356,-0.28651641115223786,-0.20496380656380103,-0.2521478151654894,-0.2960808539107891,0.13705313562314342,-0.25866067872706433,0.2530745048259101,0.0754309564398142,0.4737035092032153,-0.22219086948194003,0.09846615477612145,0.0,0.0,-0.9999541686033008,-0.009573959101720472
0.0015698504596975982,-0.02012723711519301,0.004784086425053958,0.0,-0.0,0.014473542468696048,0.0346052030983724,0.544823375579558,-1.684490010926598,-0.2581179443942873,0.8497775306827143,-1.536279530901658,0.23221824808340322,1.124257781003651,-1.6085059909444106,0.015028111734672564,1.2428894882139407,-1.737445498767652,0.2528515622804039,-0.2274117744282673,0.6142350705830675,0.012785882560389213,-0.6015554803766702,-0.0740144265031344,0.02610291210983537,-0.02520944448923202,0.0015698504596975982,-0.02012723711519301,0.014473542468696048,0.29332243435476957,0.2756825963392789,-0.15138783894858726,-0.26952316843027296,0.166868571980178,0.2171066342493476,-0.27209293511149324,-0.2881241407775081,-0.20420278722248478,-0.25189268297876355,-0.2957128958084876,0.13812673482372512,-0.2584328567995068,0.2514061552561349,0.07377847401889093,0.47311929899766564,-0.22223311084273614,0.09885421772732547,0.0,0.0,-0.9999555438206458,-0.009429230210180887
0.00021969447693628765,-0.02126594511043335,0.004886904437290118,0.0,-0.0,0.007403527629809989,0.03362677383579705,0.5473020547314694,-1.684379756450653,-0.2573240383675224,0.8508129700234062,-1.537012871943022,0.2300387881696224,1.1300042648064463,-1.60960695931786,0.010743896231839476,1.2416023141459416,-1.737553585516779,0.24918859040266583,-0.2345867423634781,0.6210003056024251,0.012532055267672003,-0.5987218132144526,-0.07384644654628478,0.026162745529099515,-0.025252569393303833,0.00021969447693628765,-0.02126594511043335,0.007403527629809989,0.29341950189126165,0.27499561968492825,-0.15113162153652762,-0.26984986892533175,0.1666729032275901,0.21685864408855657,-0.2721069983952522,-0.2895306468200051,-0.20350404728145047,-0.2515979354592834,-0.295361620876961,0.13923177566095826,-0.25815864775811076,0.24995007878459716,0.07227686223262127,0.4724064714006949,-0.22223847026103422,0.09927228524496681,0.0,0.0,-0.9999562391758204,-0.009355198199366456
-0.001542822091753736,-0.022750746598255597,0.005021014888036135,0.0,-0.0,0.003982552135010276,0.03260749303980876,0.5498665226133247,-1.6843515211030056,-0.2567014949102151,0.8517339402123502,-1.5377475815384012,0.2279752890922521,1.1355261755617043,-1.61088144151788,0.0064038688218906546,1.2403958463355114,-1.7377243245902814,0.2456624070672612,-0.2412750830775814,0.6276084337579577,0.012270452166711417,-0.5961148621220337,-0.07367712626919934,0.02621926259445517,-0.025290449591059434,-0.001542822091753736,-0.022750746598255597,0.003982552135010276,0.2935179105322612,0.2742921081880091,-0.15086348395857985,-0.2701700416877652,0.1665126922079935,0.21665806149038436,-0.2720943269090369,-0.29083694610522437,-0.20283607392085407,-0.25128145565925863,-0.2950191803564569,0.14035063702219,-0.2578595360351048,0.24859432678809082,0.0708531112233669,0.4716286871431643,-0.22222598200958027,0.09970487105218989,0.0,0.0,-0.9999566109584647,-0.009315374413394981
-0.0030901535990772635,-0.024056253166862978,0.0051389203259824545,0.0,0.0,-0.00628042778148134,0.03181126792179912,0.5524994574095073,-1.6844669956909983,-0.25648414147527593,0.8519958634125558,-1.538318888137215,0.22629339600864212,1.1400819263960185,-1.6126165578239842,0.002166841767336245,1.2395444888817637,-1.7378780528118736,0.24269284386383863,-0.2465265361886275,0.6333647135056947,0.012011513628653794,-0.5941828395190992,-0.0735099941099945,0.026263912649531113,-0.02531328758126811,-0.0030901535990772635,-0.024056253166862978,-0.00628042778148134,0.2936203424867831,0.27358256901017936,-0.15065437367422466,-0.27044282558902505,0.1665273266853658,0.21657779649045286,-0.27205077295203234,-0.29178125106314917,-0.20227599284728534,-0.2509479954946034,-0.29477121917134586,0.14144219522443086,-0.25753061761182494,0.24753554353974455,0.06967807978733666,0.4708268636733101,-0.22215981428560458,0.10018100746368107,0.0,0.0,-0.9999560239409989,-0.0093781759478207
-0.0037580023186422496,-0.024619208117340866,0.005189770538555073,0.0,0.0,-0.008047958154138264,0.03122895563903608,0.5550471650142418,-1.684592632870925,-0.2564122127859216,0.8521506782425078,-1.5387665903881977,0.22473295258456158,1.1443147596560026,-1.6144205025936427,-0.0019604147068763415,1.238835577902041,-1.7379986432037855,0.23993866135807418,-0.25120708503221206,0.6386350001159466,0.011763841998273216,-0.5925377277951491,-0.07334766061486382,0.02630463093029041,-0.02533132044941579,-0.0037580023186422496,-0.024619208117340866,-0.008047958154138264,0.29372346734530047,0.27289686648171635,-0.15050247241282763,-0.27068264671086895,0.16655424014926096,0.2165420204503929,-0.27200118892342956,-0.2926191010848027,-0.2017528542901275,-0.25061613188578286,-0.2945661058534965,0.1425043955506925,-0.2571962904905774,0.2465935459896924,0.06860365754318998,0.47006801086828576,-0.22208435009968908,0.10066463362033429,0.0,0.0,-0.999955265950984,-0.009458651959816208
-0.004198462739158007,-0.02499048747892796,0.005223298151242617,0.0,0.0,-0.01146898473475002,0.031060668198685897,0.5574299167645604,-1.6847379395836277,-0.2566217513460862,0.8520981865493875,-1.5389750584175712,0.22340757301763486,1.1479225911592181,-1.6163576637443744,-0.005875211993330362,1.2384023697752702,-1.7380550958608325,0.23760134471874492,-0.2547826578742579,0.6429646548471952,0.011537977285977259,-0.591447927449879,-0.07319461485665095,0.026337739325275545,-0.025340053081316382,-0.004198462739158007,-0.02499048747892796,-0.01146898473475002,0.2938279333083253,0.27225779378837095,-0.15046191261762332,-0.2708608809726216,0.1666049164447361,0.21659230497907134,-0.2719399951043004,-0.2932546261830382,-0.20130041748433733,-0.25029289998650883,-0.2944439868474399,0.14351075273538463,-0.2568566222801471,0.24588188065065403,0.06771489052539253,0.4694019311805192,-0.22199089276163203,0.10116275605794631,0.0,0.0,-0.9999541745630482,-0.00957333661441403
-0.0041976533001505095,-0.024990652984939344,0.005223298151242617,0.0,0.0,-0.011468947422349258,0.031459124072601916,0.5592541298583934,-1.6848913791932558,-0.25718450879580096,0.8523765363191304,-1.5390003927444156,0.22226548263509024,1.1509907331905866,-1.6183040581251444,-0.009388405633600118,1.238114501300611,-1.7381615897542553,0.2357734105500736,-0.25722933678250565,0.646276884173092,0.01135117963177005,-0.5909117860229391,-0.07304967807507828,0.026362255105356638,-0.02533698703260406,-0.0041976533001505095,-0.024990652984939344,-0.011468947422349258,0.2939323992713502,0.2717722559679248,-0.15057341726672696,-0.27093341210574035,0.16652389048043542,0.21674255403406434,-0.2718337364076925,-0.29373616825576637,-0.200906310488848,-0.2499909961773825,-0.294349870383921,0.14441271189192095,-0.2565326083271421,0.24540176129981764,0.06703652309861977,0.4688517281146559,-0.22189730386200704,0.10166085457527324,0.0,0.0,-0.999953070025569,-0.00968802076997997
-0.004193543884306292,-0.024991352845323726,0.005223298151241229,0.0,0.0,-0.011468929113659,0.032136306166648865,0.5608036518096924,-1.6850488185882568,-0.2579209804534912,0.8528175950050354,-1.538935661315918,0.22121353447437286,1.153793454170227,-1.6202549934387207,-0.012704089283943176,1.2378981113433838,-1.7382926940917969,0.2341959923505783,-0.2591208219528198,0.6490887403488159,0.011183595284819603,-0.5906479358673096,-0.07290872931480408,0.02638254500925541,-0.025328118354082108,-0.004193543884306292,-0.024991352845323726,-0.011468929113659,0.294036865234375,0.27136224865334085,-0.1507597885891666,-0.2709538276972223,0.1663780932783616,0.2169418771059249,-0.2717051428892928,-0.29414150198002237,-0.2005411453614085,-0.24969928390606005,-0.2942695324065125,0.14526286326740456,-0.25621522296760535,0.24503524806792318,0.06646146827939935,0.4683588441656859,-0.22180365025997162,0.10215894132852554,0.0,0.0,-0.9999519523368263,-0.009802704615034723
