vx,vy,vz,wx,wy,wz,base1,shoulder1,elbow1,base2,shoulder2,elbow2,base3,shoulder3,elbow3,base4,shoulder4,elbow4,arm_1_joint,arm_2_joint,arm_3_joint,arm_4_joint,arm_5_joint,arm_6_joint,arm_7_1_joint,arm_7_2_joint,com_vx,com_vy,com_wz,height,e1x,e1y,e1z,e2x,e2y,e2z,e3x,e3y,e3z,e4x,e4y,e4z,arm_eex,arm_eey,arm_eez,com_x,com_y,quat_x,quat_y,quat_z,quat_w
0.00713182791468763,0.00393508852016686,0.0030162762134133833,0.0,0.0,0.011731341301020793,0.13857054710388184,0.8185538053512573,-1.5108927488327026,-0.07743152230978012,0.8770468831062317,-1.7314444780349731,0.1179172545671463,1.097104787826538,-1.6027089357376099,-0.16366182267665863,1.092025876045227,-1.623732328414917,0.4615521728992462,-0.5841502547264099,1.0624148845672607,0.014954954385757446,-0.4269811511039734,-0.01701946184039116,0.03010730817914009,-0.02749120630323887,0.00713182791468763,0.00393508852016686,0.011731341301020793,0.2800000011920929,0.17230302141953088,-0.1840108379752686,-0.29460259556195817,0.18896014017000579,0.16318559707727717,-0.2693580617294475,-0.28153282630343995,-0.1748046822669194,-0.27127317374671744,-0.2761825462046683,0.18679040688588033,-0.263396363687774,0.15102431255603646,0.09004389346265906,0.3772567747172873,0.0,0.0,0.0,0.0,0.05443664701086664,0.998517226422366
0.007209916868070503,0.0039616023556519,0.002988478025564567,0.0,0.0,0.011731341301020791,0.13865779121764576,0.8187389108710564,-1.5109629588058362,-0.0775627057479981,0.8771469072940258,-1.731187017634511,0.11797219547980393,1.0971604839253883,-1.6029515247792006,-0.16403039822426552,1.092089865786525,-1.623656470185289,0.4622016151507313,-0.5847959791381772,1.0594166613255556,0.014485062120142035,-0.4276540622186775,-0.01763497210161474,0.030092631202513494,-0.027515006956841368,0.007209916868070503,0.0039616023556519,0.011731341301020791,0.28006032671636116,0.1722570985656548,-0.18403469507377673,-0.29457737867641437,0.18889596671493147,0.16322407467053085,-0.26938319656572207,-0.2815032309872755,-0.1748161123132515,-0.27123681534362204,-0.27621464299213105,0.18688792984890723,-0.2633473631846661,0.15104726221921566,0.09018869247579264,0.37853709277040754,0.00013323537880821206,9.374161434677191e-05,0.0,0.0,0.05455378610005727,0.998510833402497
0.007442789044938104,0.004044660397254245,0.0029049160030589216,0.0,0.0,0.011243427986521325,0.1387337941604738,0.8189495015316285,-1.5110951513051987,-0.07774452945718971,0.8772531035714425,-1.730879918887065,0.11805762669358116,1.0971552440180228,-1.6031467825747454,-0.16437640223795405,1.092189460992813,-1.62356634122821,0.4625617659722383,-0.5855171005599774,1.0566887494463186,0.014021896607188795,-0.4287277667138439,-0.018012920090068992,0.0300842719958522,-0.027526230416977063,0.007442789044938104,0.004044660397254245,0.011243427986521325,0.2801195403131155,0.17221350338959124,-0.1840540100946484,-0.2945449143813787,0.18882303706087486,0.1632768137580656,-0.2694102447844794,-0.2814651708060792,-0.17483700473029987,-0.27120663606001605,-0.2762594430982354,0.18697925730474002,-0.26330007855225945,0.15107070456467253,0.09026023704436804,0.3797986513385391,0.0002694161855917907,0.00018894028181211278,0.0,0.0,0.05466605260172854,0.998504693375522
0.007907697529056928,0.004211295469114861,0.0027379594170137684,0.0,0.0,0.010264662189980088,0.13878724704353282,0.8192112159986908,-1.5113516822457314,-0.07802793877020192,0.877371681209367,-1.7304732444194646,0.11820422218611035,1.0970277650138507,-1.60324709275021,-0.1646771272107099,1.092360481619835,-1.6234475848479912,0.46234159121433127,-0.5863894702006991,1.05450308867372,0.013572225122166296,-0.43060547238788927,-0.017914312434955858,0.030088586387976717,-0.027512223723953448,0.007907697529056928,0.004211295469114861,0.010264662189980088,0.2801765233564835,0.17217457874421863,-0.18406421685952767,-0.29449791994617364,0.18873254582993151,0.16335816568272488,-0.26944112931968034,-0.2814101264158757,-0.17487688374990046,-0.27118885295315576,-0.27632972644439635,0.1870581749654882,-0.2632562751622719,0.15110014034406594,0.0901871097830069,0.3810215674780769,0.0004115055918681229,0.00028706183294301667,0.0,0.0,0.05476854544746487,0.9984990768296027
0.008373243118880434,0.004377767783157647,0.0025708353720038657,0.0,0.0,0.00831347260446647,0.1387924410832616,0.8195467101266751,-1.5117445937716043,-0.07840645058940236,0.8774788184807851,-1.7300116752202694,0.11840609593603474,1.0967788896881616,-1.6032717680701842,-0.16487243313055772,1.0926325865663016,-1.6233386277006223,0.4611241780221462,-0.5869185099234948,1.0528093874454498,0.013180340420848763,-0.43332057245648825,-0.01731016277335584,0.030100595823918972,-0.027478859383756153,0.008373243118880434,0.004377767783157647,0.00831347260446647,0.28022905868979603,0.17213528325435828,-0.1840574547308891,-0.2944378473696815,0.18863741401047054,0.16346585641268063,-0.26946958537152593,-0.28133471466928706,-0.17493391737336583,-0.2711821840228747,-0.2764267828061841,0.18710777970840903,-0.26321795127687875,0.15124574319072975,0.08993963688517749,0.3821286545341583,0.0005654024688947874,0.0003909769707556384,0.0,0.0,0.05485155520540977,0.9984945202110765
0.008993535761484102,0.004599819059099564,0.0023481149512977195,0.0,0.0,0.007332000757260233,0.13877336034336343,0.8199193163130146,-1.5122061063750432,-0.07883280011502883,0.8775802011100146,-1.7295224933096995,0.11863577531543203,1.0964689505501435,-1.6032583981465836,-0.16501471199668372,1.0929555381433322,-1.6232345996854396,0.4594051418825984,-0.5872748505610687,1.0513631477952003,0.012817523167961134,-0.4364568919946368,-0.016451719391625375,0.030116475959612917,-0.02743575791380583,0.008993535761484102,0.004599819059099564,0.007332000757260233,0.2802793567713637,0.17209581476050892,-0.18404215874603383,-0.29437118160925985,0.18853991709792003,0.16358682163595778,-0.2694967545230593,-0.281249049443931,-0.17499958392636625,-0.27118107684775755,-0.27653730486027556,0.18714263323195154,-0.2631823577934285,0.15144777700344536,0.08960316152882164,0.3831775393180879,0.0007252386459675527,0.0004978063524714133,0.0,0.0,0.054924764683756705,0.9984904958107683
0.009612796349560042,0.004821714073195434,0.002125877206428373,0.0,0.0,0.004404744711573948,0.13866515891053355,0.8203341995294278,-1.5128601310917964,-0.07932909850317699,0.8776369163623223,-1.7290720564241593,0.11889003602286372,1.096059615795429,-1.6031934395432472,-0.16491742994493017,1.093496118313991,-1.6232224751550417,0.4556679929821537,-0.5864704459045942,1.0505560940274825,0.012533358248989455,-0.44102975647323406,-0.014843028748425871,0.03014880422359476,-0.02737510790869307,0.009612796349560042,0.004821714073195434,0.004404744711573948,0.28032298328784794,0.17207504723947348,-0.18399693106051787,-0.2942902222186553,0.18846027821408917,0.16372620948963224,-0.2695097027026128,-0.2811447505993547,-0.17507357644097704,-0.2711906379104892,-0.27669236105339895,0.1871098554361066,-0.26315293181925953,0.1519744079071736,0.08896452358346234,0.3839837007864678,0.0009027924050035204,0.0006133173953388064,0.0,0.0,0.054968745587784605,0.9984880755464762
0.010079307036050979,0.004988429267312283,0.0019588650992288796,0.0,0.0,0.003429075384221997,0.13854471851999944,0.8207088238201462,-1.5135698156574597,-0.07981052219222945,0.8776957287381475,-1.7286514144104261,0.1191320260359834,1.0956719969041073,-1.6031169586170178,-0.1647407641240324,1.0941306130530744,-1.6232590234050384,0.4511181835371714,-0.5857732285960362,1.049890658316704,0.012260237330337986,-0.4458978357366644,-0.01300822423385958,0.030187484382902488,-0.027305466319935825,0.010079307036050979,0.004988429267312283,0.003429075384221997,0.2803643918596208,0.1720759873987935,-0.18394720163618297,-0.29420434050150795,0.18838424471155557,0.16386124886780562,-0.26951955989507537,-0.2810487678957087,-0.1751441628736699,-0.2712009936435925,-0.2768649375220119,0.18705405272326167,-0.2631217654629616,0.15254723554534774,0.08815760597526198,0.3848061429888021,0.0010862554185083492,0.000731717742452859,0.0,0.0,0.0550029844642799,0.9984861900397132
0.010605589736900687,0.005180385697528767,0.001773198779958518,0.0,0.0,0.0014659826864228487,0.138399865764838,0.8210017824402223,-1.5143913867381902,-0.08026155156011765,0.8777589677618101,-1.7282909269516284,0.11934907727230054,1.0953287402024636,-1.6030173634107296,-0.16440438006359798,1.0949543290413344,-1.6233937235978932,0.4449315552528088,-0.5852977025967377,1.0495092937579522,0.012009152444079518,-0.4513576621046433,-0.0107187599910853,0.030238955460775357,-0.02721769491640421,0.010605589736900687,0.005180385697528767,0.0014659826864228487,0.2804013378918171,0.17212074482171177,-0.18388847194345476,-0.2941085753926136,0.18831548618372773,0.1639873624744678,-0.2695233449152207,-0.2809697172284403,-0.17520781192226528,-0.271212988231683,-0.2770727850154087,0.18695193776165506,-0.2630870723299179,0.1532131788384906,0.08701387839869221,0.3856626789790038,0.0012816081781728335,0.0008559314530709973,0.0,0.0,0.05501762209304184,0.9984853835981913
0.010929298274456909,0.005301676893390925,0.001661484846128547,0.0,0.0,-1.6734917716475705e-06,0.13825184140855876,0.8211188387269011,-1.5152481003449514,-0.08061723429888773,0.8778918515890837,-1.7280376218259335,0.119510166051511,1.09512467825642,-1.6028629913926125,-0.16398557587168539,1.0959178088949277,-1.6236416292018616,0.43746664722521716,-0.5856112235297377,1.0496581023415694,0.011766360405510148,-0.45707689580292654,-0.008082328884763857,0.030300460061810624,-0.027112470073356796,0.010929298274456909,0.005301676893390925,-1.6734917716475705e-06,0.28043531981081915,0.17222582989726715,-0.18382869395208978,-0.2940121825682505,0.1882425561419767,0.16408640334539498,-0.2695209431688553,-0.28094051971472334,-0.17525550359412115,-0.271225594869858,-0.27729908173378526,0.18682429115177868,-0.26304040081931956,0.15383430127786787,0.0855492603382749,0.38653187619100615,0.0014851443449095734,0.000984287558192311,0.0,0.0,0.0550176053834711,0.9984853845189066
0.01121959138929705,0.005418006442677136,0.001567795586128462,0.0,0.0,-0.0007465865972833435,0.1381022072970294,0.8211466152794086,-1.5161226506416614,-0.08092452358239545,0.8780600838363171,-1.7278387174010277,0.11964285092499967,1.0949912650080829,-1.602680817246437,-0.1635249391054878,1.096952226299506,-1.62394699253715,0.429352944645171,-0.586325227497862,1.0500760018252409,0.011527777425586604,-0.46292779243622834,-0.00526979375102271,0.030367057206324086,-0.026998386686990183,0.01121959138929705,0.005418006442677136,-0.0007465865972833435,0.28046779728566223,0.172361462417294,-0.18376838931221473,-0.29391538743708817,0.18816750435047602,0.16417169968725884,-0.26951538861284924,-0.28093662822967763,-0.17529509766630255,-0.2712385182372526,-0.27753464702163255,0.18668371884470147,-0.2629874869101318,0.1544203073712897,0.08391855763434915,0.3874076713774614,0.001692834023392956,0.001114746147532759,0.0,0.0,0.05501015082388113,0.9984857952451471
0.011461368504655713,0.005518902729908566,0.001493133962728044,0.0,0.0,-0.0022324946092873534,0.13795695262244687,0.8208599268960265,-1.516861545208555,-0.0810606320693086,0.878361159004271,-1.72789082948405,0.11969506364459029,1.0950387260661676,-1.6023491725612145,-0.16306642084740675,1.098032289542831,-1.6243817450908513,0.4200160261601783,-0.5883125082518046,1.051624436934407,0.011277093691975238,-0.4684433416964916,-0.002159080268868896,0.030444152315165132,-0.02685545420480104,0.011461368504655713,0.005518902729908566,-0.0022324946092873534,0.2804980316342643,0.17257210377456048,-0.18371280830616754,-0.2938425035712132,0.18809117001885162,0.1642075839804325,-0.26948954772223205,-0.28101219909932584,-0.17531279347812004,-0.2712611760745395,-0.27775898537366783,0.18654091280110913,-0.2629167630396945,0.1548420283327232,0.08192462345211805,0.38809367807277817,0.0019074043330664814,0.0012489967231466342,0.0,0.0,0.05498785966861917,0.9984870230949746
0.011644061014138283,0.0055951621989550416,0.0014370513291880882,0.0,0.0,-0.0027287764124209503,0.13781557511538267,0.8204978251686463,-1.51752408937766,-0.08115296814447412,0.8786800750173055,-1.7280043415152109,0.11973132049808136,1.0951142666431575,-1.60197286766309,-0.16262812525607073,1.0990780649276881,-1.6248288613099318,0.41046622811028594,-0.5905582681298256,1.0534853390776193,0.011010012172986396,-0.4737223501388843,0.000965447321784894,0.03052417000827308,-0.026708221886880122,0.011644061014138283,0.0055951621989550416,-0.0027287764124209503,0.28052752264417136,0.17279341392906955,-0.18365999657558507,-0.2937806588944847,0.18801860924047617,0.1642308693102232,-0.26945903271527655,-0.281104139145208,-0.17532640833086396,-0.27128792407253277,-0.2779711859784204,0.18640374472731386,-0.2628445252854673,0.15520243408013826,0.07986014734013033,0.38868620429880585,0.002124275256602022,0.0013845098790345497,0.0,0.0,0.05496061316977928,0.9984885232189712
0.01188663055101879,0.0056962105827051655,0.0013626126859053729,0.0,0.0,-0.0037303085393543727,0.13768208143301308,0.8199842628091574,-1.5180317889899015,-0.08115729817654938,0.8790343422442675,-1.7282412108033895,0.11973564606159925,1.0952456779778004,-1.6015065647661686,-0.16223112074658275,1.1000534258782864,-1.6253001689910889,0.4004916395060718,-0.5933215525001287,1.0559752192348242,0.010709534646593966,-0.4785209372639656,0.00411574171448592,0.03061007132055238,-0.02655244350899011,0.01188663055101879,0.0056962105827051655,-0.0037303085393543727,0.2805555136874318,0.17303605383331955,-0.1836127947530847,-0.29374135359160936,0.18795377061428895,0.164228835094499,-0.2694191678781665,-0.28122886065048225,-0.17533186282129015,-0.2713229497142588,-0.2781588847490778,0.1862780426934191,-0.2627696589345887,0.15546370696546638,0.07766005567064975,0.3890892096344964,0.0023457890456484165,0.0015225709157675738,0.0,0.0,0.05492336642889376,0.998490572724709
0.012068492165144907,0.005772347015024902,0.001306755718989694,0.0,0.0,-0.004716927657416091,0.13756458106665656,0.8194484776602342,-1.518408185014358,-0.0810977140477357,0.8793315158153956,-1.7285017213569238,0.11971276643900917,1.095364370311682,-1.60100588746942,-0.16188594380107063,1.1009166326660376,-1.6256998436382184,0.39009842319557303,-0.5960621885382212,1.058625859996447,0.010360223500846097,-0.4832292620379191,0.007141314026039947,0.03070108357888575,-0.026402557716489986,0.012068492165144907,0.005772347015024902,-0.004716927657416091,0.28058202715160757,0.17326389912944506,-0.18357277595257215,-0.29371771100349875,0.18790818662807712,0.164209303344658,-0.26938338434940234,-0.2813564314904384,-0.17533047700210821,-0.27136598425662767,-0.2783281042137057,0.18616876192875206,-0.2627041823574016,0.1557267307117363,0.07537932502281297,0.38941635078661246,0.002571881298186221,0.0016631331244962681,0.0,0.0,0.054876268289811604,0.9984931623093793
0.012241625958834764,0.005877367628804227,0.0012474188294545054,0.0,0.0,-0.0052221962382723785,0.13745527121668252,0.8189013117494491,-1.518717337686282,-0.08100539812137587,0.8795994505142937,-1.728774339103928,0.11967595446353349,1.0954765489754767,-1.6004876063133662,-0.16156730885044313,1.1017224029279673,-1.6260628334891338,0.37949081875670415,-0.5987912258849695,1.0613588296736662,0.009985903622761656,-0.48789136154720414,0.010103013514218703,0.03079471326110741,-0.026255689641962256,0.012241625958834764,0.005877367628804227,-0.0052221962382723785,0.2806077839161914,0.1734841582476861,-0.18353642668021097,-0.29370202476085355,0.18787246682575737,0.16418081672673837,-0.2693496868962537,-0.28148548172071824,-0.17532558057368322,-0.2714130812690158,-0.278487827444577,0.18606790124574918,-0.2626434691613307,0.1559750252045374,0.07305825108762282,0.3897040595769308,0.0028003182789969002,0.0018049762364591095,0.0,0.0,0.054824124942622635,0.9984960266942858
0.012367490254045774,0.005984799205902797,0.0011984348440408081,0.0,0.0,-0.006464153090120016,0.13739854211990649,0.8184342029002997,-1.5188893309006324,-0.08087808610155033,0.8796863418359023,-1.7289846310248742,0.11958168031504521,1.095531660776872,-1.6000046454943144,-0.16128932426755244,1.1023663534567907,-1.6262826231809764,0.3684333419570556,-0.6008715629577637,1.0640952105705554,0.009556534520995159,-0.4923919611252271,0.012670838721812915,0.03089122338077197,-0.026111850801568765,0.012367490254045774,0.005984799205902797,-0.006464153090120016,0.28063192390478575,0.17365706082815313,-0.18351783667250252,-0.29369585204701837,0.18787821700945906,0.16414379110512609,-0.26933094635062205,-0.2815916913671365,-0.17530524700615582,-0.27146895386770437,-0.2786284360883027,0.18598237721346417,-0.26260538149174895,0.15633335617404795,0.07069204467746178,0.38983579620842596,0.003032863825165595,0.0019504247533264928,0.0,0.0,0.05475958051631629,0.9984995685235308
0.012410177160686974,0.006069656590490327,0.0011727195949509661,0.0,0.0,-0.006800411184847181,0.137368840075886,0.8179865072552974,-1.5190327958418772,-0.08074978440820885,0.8797300879915173,-1.729164651953257,0.11945995985745238,1.0955870813475206,-1.5995522594222655,-0.16102267319981295,1.1029621253793056,-1.626479102871739,0.35761054472711223,-0.602657315464547,1.0668203317775176,0.009126766410190612,-0.4967972075280089,0.015074089953066925,0.030985486245929048,-0.02597210896335757,0.012410177160686974,0.006069656590490327,-0.006800411184847181,0.28065572130995303,0.17381924976640656,-0.18350765051911028,-0.2936893405261424,0.1878916534616888,0.16410691186695694,-0.2693173369890096,-0.281692285380717,-0.17527707349464916,-0.271525209177046,-0.27875974482767674,0.18590090006510185,-0.2625720840904111,0.15669301830471613,0.06839017471358792,0.3898980101603151,0.0032658723959264955,0.002097030311863189,0.0,0.0,0.0546916783133583,0.9985032900913587
0.012466409974884601,0.006181580002347602,0.001138775573612805,0.0,0.0,-0.007478072205181745,0.13739419467030808,0.8175778308740029,-1.5191191641184,-0.08061987897739388,0.8796871540924678,-1.7292830508488874,0.11928237938823608,1.0956438499001355,-1.599162458227231,-0.1607788776477369,1.1034606018891702,-1.6266293178957243,0.3472771130932065,-0.603843914058346,1.0695222002955584,0.008696862147189677,-0.5010079112477027,0.017143007430534526,0.03107508082086077,-0.025840774711328916,0.012466409974884601,0.006181580002347602,-0.007478072205181745,0.2806788326885838,0.17395997607985592,-0.18351458130899193,-0.2936821380282603,0.18792041661848088,0.16407043151701994,-0.26931412653439124,-0.2817815523127141,-0.17523294515122873,-0.27158220931663424,-0.2788722005981446,0.18582754758737974,-0.26254850516971623,0.15709000068754567,0.0662203072972203,0.38981983820410326,0.0034997841973493523,0.002245975986275321,0.0,0.0,0.054617009363431945,0.99850737718266
0.012508333698092379,0.006266090596827422,0.0011133047967001877,0.0,0.0,-0.008141890917199886,0.13746251079898614,0.8171699087207134,-1.519185403935038,-0.08050877032264207,0.8796316575832092,-1.7293588830014834,0.11904016216822828,1.095748983323574,-1.5988519452512264,-0.16057140288802868,1.1038298225746705,-1.6267972101385777,0.33797814052265424,-0.604201568935353,1.0721086719288275,0.008287445780856965,-0.5049948213765254,0.018839269983940397,0.031156521778589543,-0.025714721528437134,0.012508333698092379,0.006266090596827422,-0.008141890917199886,0.28070127233289754,0.17409716191222924,-0.18353449275855926,-0.2936716821769335,0.1879466174234717,0.16403956449365625,-0.26931549819752393,-0.28186975041697887,-0.17516977935656483,-0.2716352869069782,-0.2789449677403652,0.1857652150282319,-0.26252889392517753,0.15753554066923725,0.06429831835031632,0.3895843554311165,0.0037345845552268792,0.0023972072698457986,0.0,0.0,0.0545357118009524,0.9985118207304126
0.012564643627089195,0.006377909773333968,0.001079360775363414,0.0,0.0,-0.008484897560449131,0.13755302589673263,0.8167623762901013,-1.5192412430277238,-0.08040737428774054,0.8795696697556056,-1.7294127201804748,0.11876454601924007,1.0958791077136993,-1.5985824018716812,-0.1603826957110029,1.1041322545363352,-1.6269742365066822,0.3292136908723758,-0.6041308942322547,1.074635515992458,0.007888615865690205,-0.50886609347967,0.02034297528175207,0.03123374962104628,-0.025591397165464096,0.012564643627089195,0.006377909773333968,-0.008484897560449131,0.2807233648804518,0.17423251803445097,-0.18356110705092438,-0.29365951663485423,0.18797149429954407,0.164011597318509,-0.26931923617637993,-0.2819574001870053,-0.17509676539113905,-0.2716863107707053,-0.278997225980003,0.1857085804278286,-0.262511336126088,0.15799982939219787,0.06250151432417476,0.38926802768747276,0.003969844045618978,0.0025496195672670948,0.0,0.0,0.05445098889952365,0.9985164444353753
0.01262132215194913,0.006481958118587087,0.0010504082848250553,0.0,0.0,-0.009483044380852448,0.13767882558302239,0.8163315808543792,-1.519271336782437,-0.08034864334891048,0.8795296683047826,-1.7294450674492579,0.11840898545387273,1.0961172490452344,-1.5984749193661487,-0.16024720797745082,1.1041888646208322,-1.6272384282201529,0.3229175489037656,-0.6026971350925473,1.0767017809244304,0.007536493702970732,-0.5124067543074489,0.021280955812052034,0.03129345706950586,-0.025481149377390887,0.01262132215194913,0.006481958118587087,-0.009483044380852448,0.2807444467639121,0.17437085776054842,-0.18359861515780673,-0.2936463636900218,0.18798720659921425,0.16399538515819767,-0.2693212369272022,-0.2820454383465166,-0.17499894412341946,-0.2717218280032301,-0.2789641376711801,0.18566782765905246,-0.26249811950575724,0.1585381804105898,0.06126204998613345,0.38879381491098297,0.004206448594721642,0.0027054622492309693,0.0,0.0,0.05435629889711395,0.9985216035570826
0.012665979713814913,0.006544888933867715,0.0010394795726120785,0.0,0.0,-0.009884808155161306,0.13779635118463865,0.8159134913809024,-1.5192937252040093,-0.08030024099235351,0.8794801653577731,-1.7294883129115288,0.11803509466923201,1.0963814940590124,-1.5984323689570794,-0.16012953855813697,1.1041572578251362,-1.627518342091487,0.31758658587932587,-0.600944890998877,1.078480053693056,0.007201928422616151,-0.5158577355054709,0.022041602561680168,0.031346658656660184,-0.02537582943198056,0.012665979713814913,0.006544888933867715,-0.009884808155161306,0.2807653812118448,0.17450400081618028,-0.183633795303538,-0.293635081415451,0.18800710698605536,0.16398182018817406,-0.269320349435401,-0.2821287305110244,-0.1748950860776925,-0.27175083976296266,-0.2789033204919692,0.18563269708921284,-0.2624882316893397,0.1590729693541089,0.060226764932030566,0.38834392467664747,0.004443568498782741,0.0028621684894180634,0.0,0.0,0.05425759668665833,0.9985269716946998
0.012727030263419729,0.006612457231274512,0.0010348802718967987,0.0,0.0,-0.01070379714344444,0.13789607151053274,0.815522224499056,-1.5193005174111862,-0.08027260743368131,0.8794105273599808,-1.7295545905541916,0.11762441637424323,1.0966982254042075,-1.5985221690856493,-0.16004804100912923,1.1039462704211473,-1.6278294966771052,0.31422194093465805,-0.5985530331157721,1.0796669740229845,0.006903100631741557,-0.5191277185311685,0.022442861137768395,0.031386620965069875,-0.02528054079784152,0.012727030263419729,0.006612457231274512,-0.01070379714344444,0.28078602594681656,0.174626284919228,-0.18366396177504254,-0.2936277876041437,0.18803587323328855,0.16397356440339367,-0.26931348382738474,-0.2822021321979163,-0.17477911222725404,-0.2717666426588409,-0.2787862612288165,0.18560898210764773,-0.26248518343232424,0.15961413166493643,0.05961352973638711,0.38794637220400946,0.00468173785786628,0.0030206134789086013,0.0,0.0,0.05415071607436746,0.9985327735976588
0.012773661206314171,0.006652673129512716,0.0010389019735157492,0.0,0.0,-0.011635771050588814,0.13795918197585985,0.8152077725300422,-1.5193180716954744,-0.08024418962976107,0.8792492237228614,-1.7296277296084623,0.1171948926953169,1.0970268467297921,-1.5987535680715854,-0.15998630526547247,1.1035957989784388,-1.6281369855770698,0.31277731634103334,-0.5954737181846912,1.080242476784266,0.006635043452171466,-0.5221777604176447,0.022540660127280995,0.03141391785958639,-0.025198478591986574,0.012773661206314171,0.006652673129512716,-0.011635771050588814,0.28080677642272067,0.17472654265839663,-0.18368297304501605,-0.2936225917369882,0.18809108165910304,0.16396504941599507,-0.2693061073647502,-0.2822523269938938,-0.17465623253253548,-0.27176958512209953,-0.27863066595400315,0.1855924024753356,-0.26249144918420036,0.16017787570671704,0.05941969412200671,0.3875919179539154,0.004921060637570917,0.0031801689317664844,0.0,0.0,0.05403452872039011,0.9985390676913776
0.012836408651264779,0.006705086713198747,0.0010438191776096504,0.0,0.0,-0.012121647732485554,0.13800320620290363,0.8149333673600967,-1.5193412366967936,-0.08021536296627556,0.8790401309871902,-1.7297044458011022,0.11675554413634998,1.097361666795153,-1.5990587884130387,-0.1599348721703371,1.103172608722861,-1.6284425634031112,0.31233367796700734,-0.5920360033901838,1.0804992222155516,0.0063830282681290275,-0.5251131378687345,0.022480253051841058,0.03143461174868907,-0.025123311871609006,0.012836408651264779,0.006705086713198747,-0.012121647732485554,0.2808275820257572,0.1748153160564431,-0.18369616801831484,-0.2936184860279968,0.18816007143385924,0.16395639850478858,-0.2692984510900988,-0.28229041037903657,-0.1745297724669149,-0.2717657892381725,-0.27845499119245254,0.1855795294531713,-0.26250249529003156,0.1607539174217892,0.05944498364232687,0.3872585622961965,0.005160984743270092,0.0033403033152213674,0.0,0.0,0.053913488935156906,0.9985456102306187
0.012898579650530187,0.0067572926464014365,0.001048691606579666,0.0,0.0,-0.013525291354943013,0.13801944022998214,0.8147920649498701,-1.5194061622023582,-0.08015448157675564,0.8786356840282679,-1.7297451347112656,0.11631888523697853,1.097645029425621,-1.599545419216156,-0.15988131565973163,1.1026574037969112,-1.628692366182804,0.3143980586901307,-0.5881081335246563,1.0797073543071747,0.006183505960507318,-0.5277581736445427,0.0220591340912506,0.031434566946700215,-0.025071277108509094,0.012898579650530187,0.0067572926464014365,-0.013525291354943013,0.28084852918982506,0.1748696979405035,-0.18370007672869818,-0.29361008260078697,0.18827821911193518,0.1639396533483959,-0.26930124833519853,-0.28227976787754283,-0.17440248099765693,-0.2717479794378246,-0.2782637834288944,0.18556825736288593,-0.26252722535100265,0.1613064943229712,0.060013653624447695,0.38714702331181194,0.005402654584031552,0.0035020971699850634,0.0,0.0,0.05377843223893204,0.9985528930537043
0.012945680015736299,0.006797873152843073,0.0010527491282955048,0.0,0.0,-0.013997043158975247,0.13803777764909542,0.8146852125198796,-1.5194922717144856,-0.08008790807798505,0.8781880370269601,-1.7297580078817332,0.11589215556159616,1.0979044801340654,-1.600062652132832,-0.15982373245060444,1.1021316250642905,-1.6289207739039109,0.31713293062952846,-0.5841683705982107,1.0786145372459521,0.00599991186195089,-0.5302874444482418,0.021548818872990805,0.031429111814269654,-0.02502565260958643,0.012945680015736299,0.006797873152843073,-0.013997043158975247,0.2808695296900204,0.17491687296625766,-0.18370411598370032,-0.2935978865458577,0.18840441960875517,0.16392174228610573,-0.2693092844519349,-0.282256563957855,-0.17427781490659333,-0.27172787389996933,-0.2780735727945009,0.1855564057192632,-0.2625554920640163,0.16183308313306735,0.06072511641951343,0.38711761241415016,0.005644913931833938,0.003664444515799494,0.0,0.0,0.05363866383272008,0.9985604106623898
0.012972240653986252,0.006782787292551927,0.0010715788588494537,0.0,0.0,-0.014957603396329703,0.13806112139270857,0.8146478553804067,-1.519621967123105,-0.08001006580889225,0.8776538478067288,-1.7297132508112834,0.11548621393740177,1.0981148240657954,-1.6006402757305365,-0.15975774079561234,1.101585603104188,-1.629105450442204,0.321222125337674,-0.5802140548252143,1.0769121956366758,0.0058486416998605895,-0.5325798501188939,0.02085891160039375,0.03141273902012752,-0.024992994158170544,0.012972240653986252,0.006782787292551927,-0.014957603396329703,0.2808906391549569,0.17494965121554315,-0.18370862834092175,-0.2935778332116485,0.18854649524879272,0.16390155716995164,-0.26932813807133343,-0.2822080465356502,-0.17415863629056613,-0.27170332309925466,-0.2778857663149179,0.18554332834567125,-0.26259104040520986,0.16230531482182428,0.06172381053719199,0.38725885992560755,0.005888373783538833,0.003827918587306227,0.0,0.0,0.05348930252679179,0.998568422550602
0.012963697375963977,0.006719967307714786,0.0010961559242933516,0.0,0.0,-0.015257490783117703,0.1381171800267811,0.8146260299075109,-1.5197862398165922,-0.07993697908778603,0.8771145516433395,-1.7295869700610638,0.11513405920077975,1.0982822509339223,-1.601215837809902,-0.1596931547213059,1.1010417832204928,-1.629265810434635,0.32624906491344935,-0.5765819918507566,1.0747035638644145,0.00573823916224333,-0.5346652371808887,0.02007268178679694,0.03138615966040211,-0.024974172623702683,0.012963697375963977,0.006719967307714786,-0.015257490783117703,0.28091239284437436,0.17498326986709875,-0.18372205346464585,-0.29354832674007714,0.18867844832238118,0.1638836822770848,-0.26935930907919187,-0.28214770991457117,-0.17405456931307228,-0.2716758210551517,-0.27770307713495856,0.18553097466080304,-0.26262861938062176,0.16268494026990832,0.06291295105969871,0.38760713736913616,0.00613185138802062,0.003989634127300143,0.0,0.0,0.053336945419166525,0.9985765720531165
0.012898512501813812,0.006533074130127012,0.0011496586152001667,0.0,0.0,-0.015415229816855091,0.13819044649314421,0.8146123739962394,-1.5199686999504383,-0.07986639375583483,0.8765725692590842,-1.729417808353901,0.114810196038049,1.0984271036890836,-1.6017903155432298,-0.15962930797384337,1.10049912161552,-1.6294133800726671,0.3317692525541553,-0.5731194318773655,1.0722286265629988,0.005649332745144,-0.5366417337208986,0.019235786905762955,0.03135421170960539,-0.024962629222920023,0.012898512501813812,0.006533074130127012,-0.015415229816855091,0.2809344853919286,0.1750173275132708,-0.18374016289398062,-0.29351384359432137,0.18880509543579532,0.16386701753065497,-0.2693969350634513,-0.28208116674864625,-0.1739584608403838,-0.27164673737115713,-0.2775230751067702,0.1855189913007868,-0.26266721559613754,0.1630113478118647,0.0642053666469391,0.3880632656891997,0.006375338330354469,0.00415042469047386,0.0,0.0,0.053183011911966185,0.998584782201277
0.012815157529571703,0.006312559317076048,0.0012097092202068007,0.0,0.0,-0.014918202099845122,0.13829566747881472,0.8146086426165241,-1.5201488290555203,-0.07986014128591006,0.8760968799201342,-1.7291677670123486,0.1146019660294629,1.0984956682301485,-1.6023104732426314,-0.15956998200943837,1.0999472771699612,-1.6295263374654145,0.3379490153792386,-0.5706322308486471,1.0691516481053371,0.005618578983837954,-0.5383243793621659,0.018342710037429173,0.03131544064336385,-0.024963761894748762,0.012815157529571703,0.006312559317076048,-0.014918202099845122,0.28095837918898237,0.17504792634501512,-0.1837676638470932,-0.29347510193707543,0.18890189231545923,0.163868679696408,-0.26943948508214344,-0.2820031273074787,-0.17389518838131013,-0.27161502432898177,-0.277346880426278,0.1855088774748935,-0.2627094470562233,0.16315579790078802,0.06559907643792558,0.38888072248251426,0.006617116734560113,0.004304279698072395,0.0,0.0,0.053034040424217804,0.998592705038587
0.012750771321306989,0.0061445234040905196,0.0012553896969899616,0.0,0.0,-0.014750653415998665,0.13840136046593005,0.8146306505570045,-1.5203211124126728,-0.0798820282977361,0.8756302159566146,-1.7289059895735521,0.11443812314134377,1.0985349691831148,-1.602819195160499,-0.15950876818253443,1.0994060039520264,-1.6296187685086176,0.34410360455513,-0.5685286155113807,1.0660227307906518,0.005603770832889355,-0.5398656588334304,0.017461112485482145,0.03127586619498638,-0.024969959774842627,0.012750771321306989,0.0061445234040905196,-0.014750653415998665,0.2809828737607369,0.17506927021628163,-0.18379537871197651,-0.2934368819379058,0.18899454786271797,0.1638780672269714,-0.26948051679116214,-0.28191893032577053,-0.17384441281966745,-0.2715813289709688,-0.27717744302036584,0.18549845035002346,-0.2627531046683303,0.1632313558569274,0.06697480478757421,0.38977189843250654,0.006858316357605732,0.004455801332369447,0.0,0.0,0.05288674089829808,0.9986005170423038
0.01266661568314739,0.005922027211811143,0.001315828054571089,0.0,0.0,-0.014408476169458591,0.13850722952674216,0.8147069377681384,-1.5204768326993172,-0.07996187694908048,0.8751809650745529,-1.7286214318413,0.11436534374773216,1.098514235076996,-1.6033050882128568,-0.15944343787403062,1.0988873653113842,-1.6296686018602207,0.35018784925341606,-0.5672125717481742,1.0627992922583451,0.005621247919267402,-0.5411149959724683,0.016605285444081977,0.031234765521590956,-0.024986562699688457,0.01266661568314739,0.005922027211811143,-0.014408476169458591,0.28100859477686196,0.17507110242635926,-0.1838233133512609,-0.29339988812526946,0.1890791668673472,0.1639033591421715,-0.2695182482148636,-0.2818219658675676,-0.17381924414831526,-0.2715435607767834,-0.27702223284540267,0.1854873374336941,-0.26279982673148017,0.163175806903744,0.06830322829706767,0.3908122078145084,0.007098333744439654,0.004602557972248178,0.0,0.0,0.05274285723179651,0.9986081268500805
0.01260308790972231,0.005755944673432416,0.0013614073395729067,0.0,0.0,-0.014080228650008556,0.1385915421952422,0.8148586606750121,-1.5206255465745926,-0.0800787544845102,0.8746919177759153,-1.7283358465020473,0.11435596361899605,1.09844412912543,-1.603800977078768,-0.15936098272840565,1.0984379967244773,-1.62967261328147,0.3557230832341772,-0.5666060672643093,1.0596598839530578,0.005666867424644386,-0.5421135970033132,0.01580420401968205,0.031196826491325807,-0.025009112316183746,0.01260308790972231,0.005755944673432416,-0.014080228650008556,0.28103550688291973,0.17504844040515943,-0.18384485869646455,-0.29336542855582964,0.18917473582294297,0.16393866315310981,-0.26955192850826676,-0.28170912053432173,-0.1738116711038401,-0.2715009969531183,-0.27689497145955344,0.18547155868761867,-0.2628479385141862,0.16302692286641784,0.06948632391211194,0.39193066013864875,0.00733720930517078,0.0047447359952807,0.0,0.0,0.05260225040139739,0.9986155432661304
0.012481522207492811,0.005568873994607082,0.0013864617078349073,0.0,0.0,-0.013906036034263734,0.13866441542855823,0.8150504154081528,-1.5207705423235893,-0.08021528231732261,0.8741817515200148,-1.728049715837607,0.11438022788542394,1.0983478227773538,-1.6043021704715033,-0.15926943986246792,1.0980253880127118,-1.629652308156857,0.36096697103661984,-0.566376097428684,1.0565650683756058,0.005727421403907311,-0.5429791386883992,0.015032174717187166,0.0311605652655439,-0.025034817692358047,0.012481522207492811,0.005568873994607082,-0.013906036034263734,0.2810630510704449,0.17501278436139436,-0.1838630117045972,-0.29333230985917225,0.1892761339492704,0.163979284910601,-0.2695834308160889,-0.28158786682904663,-0.17381342723164372,-0.2714558504933967,-0.27678253459691887,0.18545329841149064,-0.26289678054682664,0.16282431679332673,0.07059069299538301,0.39309098335724085,0.007575478927509931,0.004884484261520601,0.0,0.0,0.052463382055501565,0.9986228484985202
0.01233617826340689,0.005407459362256464,0.001387302584658634,0.0,0.0,-0.013311532632756196,0.1387115759918323,0.8153153781134349,-1.5209433126908083,-0.0803635253642614,0.8735988002557021,-1.727790090900201,0.11442841603778876,1.0982286058939421,-1.604845378261346,-0.15912092025749958,1.0977906355491052,-1.6296159304105318,0.3649816381243559,-0.5669816219462798,1.054018343297335,0.005806526307983754,-0.5434544258392774,0.01437270884008075,0.03113357840070071,-0.02507061802316457,0.01233617826340689,0.005407459362256464,-0.013311532632756196,0.2810909653512331,0.17495901673768224,-0.1838729070570829,-0.2932976223715648,0.18940156208380826,0.16402275711769365,-0.269609590224246,-0.2814522712348268,-0.1738214096452011,-0.27140535449808617,-0.27672313945921784,0.18541796455249934,-0.26294055211578604,0.1625383399653207,0.071398289278136,0.3941731487479214,0.007810381086668573,0.0050185784169186195,0.0,0.0,0.05233044958432809,0.9986298233310991
0.012195424906405655,0.005311225464970511,0.001360622879403861,0.0,0.0,-0.013079535990846996,0.13875845615537122,0.8155599221443901,-1.5211352958129003,-0.08049830173751196,0.8730191419330927,-1.7275451499109085,0.11446639527387631,1.0981350340522253,-1.6053957449128995,-0.1589573657569977,1.0976190353528812,-1.6296006931135287,0.3685018610782348,-0.5678301185656053,1.0517153423279524,0.005890848362469114,-0.5438239444047213,0.013750804313951029,0.031109999764549475,-0.025107551200422816,0.012195424906405655,0.005311225464970511,-0.013079535990846996,0.2811185431738312,0.1749147174949183,-0.18388240482567866,-0.2932607362933853,0.1895281886332651,0.1640624144580481,-0.2696349198845208,-0.2813226640634807,-0.17382626699992243,-0.27135311183831545,-0.27667762286729125,0.18537747661663861,-0.26297898278071297,0.1622307205728161,0.07208860983058157,0.39520453620494994,0.008043616507515812,0.005151171838336337,0.0,0.0,0.05219983298955051,0.9986366593690936
0.012010205807759602,0.005184363959964722,0.001324892330628602,0.0,0.0,-0.012601529762622458,0.13880551900141513,0.8157585763300841,-1.5213675178014314,-0.08060392502766962,0.872448739524071,-1.7273308021517901,0.11448181626530221,1.0980969976920347,-1.6059601415808384,-0.15876339461940986,1.0975770666622198,-1.6296311508004482,0.37100217978541666,-0.569172759182178,1.0499168373644352,0.005985762196360156,-0.5439791642129421,0.013205795040658604,0.03109342700246578,-0.02514659968885378,0.012010205807759602,0.005184363959964722,-0.012601529762622458,0.2811453902664093,0.1748912026877902,-0.18389130880091137,-0.2932192136624722,0.18965659962884943,0.16409381888801755,-0.269658715421073,-0.281206248498345,-0.17382427129259265,-0.27129740000834257,-0.27666018081329563,0.18532650418484684,-0.26300616908600966,0.16188892021327864,0.0725400967497235,0.3961290549631065,0.008273390285187185,0.005280728163108086,0.0,0.0,0.05207398907923676,0.998643229417481
0.011870921268535338,0.005089873040799707,0.0012980809865087428,0.0,0.0,-0.012144346358432081,0.138853914802894,0.8158121537417173,-1.5216271206736565,-0.08066040941048414,0.8719880469143391,-1.7271575722843409,0.11445205647032708,1.0981727689504623,-1.606492081657052,-0.15857920236885548,1.0975778922438622,-1.6297603286802769,0.37266515800729394,-0.5708273928612471,1.0486316308379173,0.006082054096623324,-0.5439432300627232,0.012719766134978272,0.031082843081094325,-0.02518414569203742,0.011870921268535338,0.005089873040799707,-0.012144346358432081,0.28117153886705637,0.17491705120338366,-0.18390045299070212,-0.2931764560260273,0.18976032093635098,0.16411141228967743,-0.26968129353424775,-0.2811282624696999,-0.173809248957906,-0.27124074314103314,-0.2766365717278456,0.18527587794503397,-0.26301810257584274,0.1615329215784296,0.0727978874687411,0.3969094327532507,0.00849985095555894,0.005407387383456808,0.0,0.0,0.05195271000256427,0.9986495460988252
0.011685686197943647,0.004963081910247361,0.0012623504377334842,0.0,0.0,-0.011899577454417812,0.1389030242482057,0.8157880592804688,-1.5219013828497667,-0.08069058557829031,0.8715860912433038,-1.7270063563035085,0.11439810757740186,1.0983094710570116,-1.6070066449733882,-0.1584002455839744,1.0976016292205224,-1.629942359832617,0.3738798370155004,-0.5726490628260833,1.0476212363976698,0.006179083792421106,-0.5438049550239856,0.012265314410727188,0.031075465492904186,-0.02522088728773479,0.011685686197943647,0.004963081910247361,-0.011899577454417812,0.28119731350586963,0.17496931595938917,-0.183909722466109,-0.2931330272489834,0.1898508253713851,0.1641216101253437,-0.26970321781177115,-0.28107084687227635,-0.17378725849174734,-0.27118357997695725,-0.2766096629400313,0.18522544098420557,-0.26302186215082496,0.16116905421524044,0.07295156115474669,0.39761231464883806,0.00872453783925336,0.005532495538668277,0.0,0.0,0.05183387455850301,0.9986557211813557
0.01150388046388874,0.004848246160710344,0.0012312944118797466,0.0,0.0,-0.011209244983055092,0.1389431903640238,0.8155129536126668,-1.522163263307168,-0.08064629116023962,0.8714180163895855,-1.7269500433825529,0.11430537787516816,1.0986117786512926,-1.607419410863748,-0.15829208795912564,1.0975761207250447,-1.6302764187925136,0.37398570145551974,-0.5747301509030737,1.0473751316850002,0.006271868264705587,-0.5434833461275468,0.011885609728499103,0.0310770642110863,-0.025254932473986767,0.01150388046388874,0.004848246160710344,-0.011209244983055092,0.2812220328845657,0.1750971846238573,-0.1839172368925514,-0.293097049072498,0.18988965065168678,0.1641104349305824,-0.269717970371173,-0.2810794874011688,-0.17375428594666775,-0.271127221593726,-0.2765408388791859,0.18519172297954636,-0.26300385440070234,0.16081317218614494,0.07285882105312651,0.39807297070958286,0.008944213886234837,0.005653235906300743,0.0,0.0,0.0517219324665395,0.9986615250934257
0.01136605439298211,0.004785367787148165,0.001217458898630786,0.0,0.0,-0.011273627064863314,0.13896695363263672,0.8151887418845525,-1.522405812660089,-0.08058365891114451,0.8713107781054882,-1.7269259742819345,0.11421701371168289,1.0989399434855351,-1.6077897012806857,-0.15822312189266086,1.0975016355514526,-1.6306281903615365,0.3738110934455807,-0.5768110173252913,1.0473595092502923,0.006360738505743658,-0.5431090590472405,0.011521658125834972,0.031081368372095033,-0.025288020059143983,0.01136605439298211,0.004785367787148165,-0.011273627064863314,0.2812465652823448,0.17523705768213074,-0.1839204236284961,-0.29306677120954816,0.18991609862892508,0.1640938808576039,-0.2697295362329284,-0.2811033925134056,-0.17372274251967895,-0.2710723456130128,-0.27645497201358316,0.18516865714567776,-0.2629825384975151,0.1604689746950231,0.07270713809087709,0.39844436874125094,0.009162197079813967,0.005772924321578242,0.0,0.0,0.0516093467618811,0.998667349684975
0.011188109405380488,0.004724280508194862,0.0012088781939104123,0.0,0.0,-0.011436853617161668,0.13895563030830368,0.8147673748003749,-1.522607076483277,-0.08048406817341366,0.871326614672748,-1.7269681574633489,0.11413943508747391,1.0993180906829925,-1.608071899614655,-0.15823625051416457,1.0973231792449951,-1.6310128437785,0.3730701530137314,-0.578882283029648,1.0478144441373074,0.00644131022552476,-0.5426275273068593,0.011189076807708124,0.031091195846854065,-0.02531913574113367,0.011188109405380488,0.004724280508194862,-0.011436853617161668,0.28127073124051094,0.17540021358147895,-0.1839143434909484,-0.293048581078982,0.18991764661587612,0.16406647234662264,-0.26973448474042017,-0.28115793187526134,-0.1736946556645335,-0.2710206549442957,-0.27633379016124476,0.18516798337734083,-0.2629548587807385,0.1601511261026784,0.07243799311856303,0.3986323901798044,0.009376702914148783,0.005890495975528699,0.0,0.0,0.05149513030144593,0.9986732456390515
0.011056154327304005,0.004696191834998976,0.0012097719053805191,0.0,0.0,-0.012203121501959614,0.1389044703772435,0.8143665266151612,-1.5227671632399926,-0.08035266327743347,0.8713804019185213,-1.727040840456119,0.11410220081989582,1.0996558035795505,-1.608270676090167,-0.15833192476286337,1.0970516915504749,-1.631353952563726,0.37188117406689203,-0.580794364787065,1.0487860189034388,0.006511184742871242,-0.5420857387093397,0.010879309780788252,0.03110556913396487,-0.02534981403284921,0.011056154327304005,0.004696191834998976,-0.012203121501959614,0.28129492041010123,0.1755502847206864,-0.18389730876425844,-0.2930410032800773,0.189912938600585,0.1640300813158201,-0.2697381886360976,-0.28121657506595005,-0.1736788806718188,-0.2709757952028833,-0.27619447446401657,0.18519094967448405,-0.262927867952601,0.1598741227093571,0.07208462085299577,0.3985975126972119,0.009587911638216328,0.006006922834785654,0.0,0.0,0.05137326060845014,0.9986795222164397
0.010880723461396244,0.004657770344404449,0.001210524127460977,0.0,0.0,-0.012617000811866544,0.138831793760451,0.8139767611685854,-1.5229050092972243,-0.08020407480832475,0.871454687215961,-1.72712999711243,0.11408675748568314,1.0999716769617338,-1.6084243944631174,-0.1584721838410657,1.0967299554210443,-1.6316715418719328,0.3704501990085611,-0.5826204675607957,1.0500366429869945,0.006575281450260753,-0.5415114039698472,0.010581865287699308,0.031122397720957033,-0.025380256079817906,0.010880723461396244,0.004657770344404449,-0.012617000811866544,0.28131912211672616,0.17569328574231488,-0.18387435465819008,-0.2930391330257743,0.1899048523098487,0.16398883989855012,-0.2697412155078295,-0.2812774309805575,-0.17366975275247584,-0.27093461952758385,-0.2760453739284016,0.1852266733042005,-0.2629011978203411,0.1596190243075553,0.07168642754218113,0.39844194414620376,0.0097973395156889,0.006122731363575439,0.0,0.0,0.05124725679612199,0.9986859960322225
0.010707612696269301,0.004620006128117811,0.0012111115770846448,0.0,0.0,-0.013775284140756034,0.1387352992852147,0.8137326760647389,-1.5230107705753584,-0.08003204584551546,0.8714857598623404,-1.7271992850762148,0.11416758165264931,1.1001097852220902,-1.6084471058387022,-0.1586936289946047,1.0963552127090783,-1.6318485057697847,0.3685913449869706,-0.584149031398388,1.0519602049428682,0.006612206799148295,-0.5409245723142073,0.010289749974617736,0.031145394685714003,-0.025408998888451606,0.010707612696269301,0.004620006128117811,-0.013775284140756034,0.2813433413751997,0.17578599764460845,-0.18384466714670408,-0.2930422880412569,0.18990598695352082,0.1639415426018292,-0.2697502980670151,-0.28131235660784726,-0.17369000379230157,-0.27090998022784885,-0.2759072791406043,0.18528678833657575,-0.2628823445935199,0.15942071700466234,0.07121244296507347,0.3979881241093572,0.010001783765171869,0.006236805001837917,0.0,0.0,0.0511096844762646,0.9986930460120049
0.010573318512871417,0.004591371484161273,0.0012115664923414982,0.0,0.0,-0.014167740236866412,0.13864379426321158,0.8135423079276314,-1.5231139404842486,-0.0798619750331944,0.8715081880442225,-1.727246590388509,0.11428405150162199,1.100182924562922,-1.6084171120937054,-0.15892605822031888,1.095989821622005,-1.6319757821754768,0.3666581366784298,-0.5856033741997985,1.0540978173510387,0.006638667435953931,-0.5402878646094066,0.00999249384040013,0.03117011650465429,-0.02543783807553924,0.010573318512871417,0.004591371484161273,-0.014167740236866412,0.28136756657980955,0.1758616700678469,-0.1838163575000724,-0.2930441462056166,0.18990642380857084,0.16389505601428958,-0.26976266764022994,-0.2813387116271583,-0.17372117102074666,-0.27089181261947604,-0.2757809728908359,0.1853504980570538,-0.2628663756618468,0.15923204003003832,0.07072572957231021,0.39743641950813136,0.010204540913736519,0.006350289935093874,0.0,0.0,0.05096819172679275,0.9987002770762111
0.010343021524967676,0.004543678604491584,0.001224021140772136,0.0,0.0,-0.014976301391698,0.13856411094848925,0.8134631250913327,-1.5232127492244427,-0.07969710760964797,0.8715135145645875,-1.727246804879262,0.11447431820516403,1.1001216517044947,-1.6082775501104503,-0.15917916624591902,1.0956469224049494,-1.6320004486120665,0.3645800787668962,-0.586907942707722,1.0566747807539427,0.006643419467414228,-0.5395430097213159,0.00968382600694895,0.031198348850011826,-0.025466955195252713,0.010343021524967676,0.004543678604491584,-0.014976301391698,0.28139180403489333,0.17590224775693392,-0.1837913245434325,-0.29304302759331863,0.18990497188582742,0.16385057513733275,-0.26978196593501597,-0.28134743784657973,-0.1737749503198994,-0.2708870831399523,-0.2756798909415916,0.18542108333125729,-0.2628564890433184,0.1590625293166464,0.07021295610788544,0.3966841336928218,0.010403822373168971,0.006462561880023433,0.0,0.0,0.05081862279171632,0.9987078990263136
0.010126327793760277,0.004501093780178339,0.0012427890816554819,0.0,0.0,-0.014848843933572532,0.13852526356752676,0.8134299672853488,-1.523305263943397,-0.07954745170158836,0.87155998362085,-1.727200924920348,0.11472825402429757,1.09996513549525,-1.608027889035069,-0.15942733971258768,1.095365945249796,-1.6319755959109619,0.3624539826638424,-0.5882293338385912,1.0595849107664366,0.006627168529331147,-0.5386220842170028,0.009348212256624652,0.03122851915227679,-0.025496778801495496,0.010126327793760277,0.004501093780178339,-0.014848843933572532,0.28141652742544043,0.1759275668480677,-0.18377826666343602,-0.2930363550132262,0.1898855637941078,0.163810767949479,-0.269806657862239,-0.2813497412114379,-0.17384822181338896,-0.2708936985657884,-0.2756053525714679,0.18549040431400254,-0.2628474488278528,0.15888077928819425,0.06968408166215137,0.39579186733326044,0.010597676468583252,0.006573093460107114,0.0,0.0,0.05067032565419238,0.9987154339941373
0.009754923910574306,0.0044292845096363,0.0012857543949335028,0.0,0.0,-0.014779393532314037,0.13850866734551695,0.8134218881336542,-1.5233943491027906,-0.07940608442116243,0.8716288709010069,-1.7271299284811203,0.11501688261229831,1.0997567219802966,-1.6077182358847215,-0.15967282437934324,1.095118708908558,-1.6319237606456647,0.36030171095178676,-0.589559891476081,1.0626765804795117,0.006599473248710497,-0.5376052193057078,0.008997915901440699,0.03125974543106098,-0.02552698736634249,0.009754923910574306,0.0044292845096363,-0.014779393532314037,0.28144151559815955,0.17594457184250473,-0.18377173394518692,-0.29302665775124753,0.18985636960240906,0.16377350385851788,-0.26983428440193147,-0.2813485389179635,-0.17393212771191804,-0.27090647391037737,-0.2755452742865371,0.18555903881836294,-0.26283886472269574,0.15869072280632918,0.06914665062099157,0.39482319165769425,0.010788573238712091,0.006682676729934218,0.0,0.0,0.05052272101653727,0.9987229118534756
0.00935975526290306,0.00435332321102739,0.0013344383870184104,0.0,0.0,-0.013237671441742703,0.13855375381759727,0.8134155255527451,-1.5234274530353455,-0.07933309971569823,0.8717803287391479,-1.7270383331924677,0.11537573295824516,1.0994598875538661,-1.6072670532247195,-0.15985035561383343,1.0949830847004285,-1.6318499252486687,0.3582757823527432,-0.5909911312449437,1.066186392823091,0.006529893586188196,-0.5362097279240305,0.008595404812904934,0.031291403042045064,-0.025560984867087636,0.00935975526290306,0.00435332321102739,-0.013237671441742703,0.2814679576012378,0.17595192947215366,-0.18378433283875276,-0.29301607597580454,0.1898012844910093,0.16375492444735626,-0.2698568639570839,-0.2813487144212891,-0.17403762934533099,-0.2709323032851161,-0.27552067069559405,0.1856087317896703,-0.26283298570924674,0.1584591270554553,0.06862006870898373,0.39367125097833594,0.010968001936607135,0.00678873763592072,0.0,0.0,0.05039051291618286,0.9987295911346794
0.009052379172861355,0.004294966652947051,0.0013722706801042042,0.0,0.0,-0.012714083505243686,0.13860869873315096,0.813415065407753,-1.5234291478991508,-0.07928354106843472,0.8719354085624218,-1.7269666567444801,0.11573906755074859,1.0991494208574295,-1.606794960796833,-0.15999402292072773,1.09489107131958,-1.631770633161068,0.3563347589224577,-0.5925254486501217,1.0698168501257896,0.006449952226830646,-0.5346943661570549,0.00817305702366866,0.03132228925824165,-0.02559581771492958,0.009052379172861355,0.004294966652947051,-0.012714083505243686,0.2814948931336403,0.17595234771412935,-0.1838004013265227,-0.2930083098923862,0.18974799978874568,0.16374241109719379,-0.26987350576106456,-0.2813489180493565,-0.17414476372921942,-0.27096081176540066,-0.2755093509801299,0.18564904900611762,-0.2628288499607072,0.15819700091139846,0.0681017491072426,0.3924793176830308,0.011143535142764449,0.006893608835525811,0.0,0.0,0.05026353319469834,0.9987359897544423
0.008651134842800303,0.004217934638274523,0.0014216979392439601,0.0,0.0,-0.011632182714272,0.13868254611197,0.8134275058714243,-1.5233643001948411,-0.07928241499198171,0.8720947394434077,-1.7269397024065256,0.11610910431660998,1.0988129563629627,-1.606283257357203,-0.16006628843024373,1.0948899273688977,-1.6316803325540745,0.3545747371748663,-0.5942818776776011,1.0736937704854286,0.006349111689465085,-0.5329324676153752,0.007709441684710328,0.031351460000643365,-0.025632316891390543,0.008651134842800303,0.004217934638274523,-0.011632182714272,0.28152284842844194,0.17593794178519165,-0.18382323982618967,-0.29300677413942355,0.18969984741642373,0.16374240109787658,-0.26987733700250144,-0.2813491358694815,-0.17425448210167402,-0.27099468275017957,-0.27552564956463343,0.1856696001401087,-0.2628284440214383,0.15787371196289054,0.06760065855920674,0.39120794081878885,0.011311018906641178,0.006996022584364534,0.0,0.0,0.05014735805948482,0.99874182974363
0.008349817975183194,0.004160559007955159,0.0014587869652762928,0.0,0.0,-0.010617068413812882,0.13876652617294055,0.8134643985674932,-1.5232495330274105,-0.07929933108747579,0.872156099917797,-1.7269723100157885,0.11642867086741787,1.09846984824309,-1.60580878590162,-0.16006073355674744,1.0949810098570127,-1.6315888785398924,0.3530738629544011,-0.5962465659070473,1.0778644867241383,0.006238242456814848,-0.5309131747254958,0.007220321989734661,0.031376690415737145,-0.02567059375668088,0.008349817975183194,0.004160559007955159,-0.010617068413812882,0.28155176105121005,0.17590784486109964,-0.18384993650860276,-0.29301020831287694,0.18968737783860276,0.16374653663052646,-0.26986994606525594,-0.2813404804507655,-0.1743501899090352,-0.2710317642033182,-0.2755681374536245,0.1856685100245481,-0.26283150810074574,0.15748338258831296,0.06713336069893583,0.3898359684962228,0.011470939923758403,0.007096140512238399,0.0,0.0,0.05004132067350769,0.9987471482939269
0.007975059233710892,0.004158569616212738,0.0014680097452729468,0.0,0.0,-0.010059070843649692,0.13885607606229874,0.8135147323975196,-1.5231073256582022,-0.07932616477438177,0.8721636070941503,-1.7270376581985216,0.11672049447392614,1.0981230881924813,-1.6053547804745345,-0.1600124016404152,1.0951227882447152,-1.6314967905099576,0.3517154393932567,-0.5983257320208045,1.0821966994553804,0.006121860556259681,-0.5287523948802398,0.006717182819556917,0.031399754874515705,-0.02570984779875009,0.007975059233710892,0.004158569616212738,-0.010059070843649692,0.281581199907053,0.17586911919492076,-0.1838787549351025,-0.2930163678962319,0.18969452280304194,0.16375295060826298,-0.2698563890084102,-0.28132693654016916,-0.17443820742751534,-0.2710705984705977,-0.27562502270036954,0.18565552207602593,-0.2628364704481282,0.1570543176603604,0.06668464110399036,0.3884082218230854,0.011626703778837018,0.007194996451569469,0.0,0.0,0.049940855737140556,0.9987521769329177
0.0076244098199333655,0.004207079140525498,0.001449691346630533,0.0,0.0,-0.008909522371840636,0.13897536852611944,0.8136268762441782,-1.52291834125152,-0.07933370031129855,0.8719202033602275,-1.72718949845204,0.11683988893547884,1.0978043663960237,-1.6050151655307183,-0.15983966308144423,1.0954018911490073,-1.6314210639550135,0.3509083241224289,-0.6007101724927242,1.0868591482822711,0.0059931578401189595,-0.5263082958184756,0.00619709194422915,0.03141603482743868,-0.02575144200370862,0.0076244098199333655,0.004207079140525498,-0.008909522371840636,0.28161048144102097,0.17580365406869752,-0.183917028469768,-0.29302371174349234,0.1897837098592481,0.16375313635273617,-0.26983226327320714,-0.2812999300312009,-0.17447786424111097,-0.2711174592659437,-0.27571757355445126,0.18560775414059008,-0.26284584122742993,0.15652065717136818,0.06631857377912656,0.38688192646234376,0.011771757182521887,0.007293476293293328,0.0,0.0,0.049851871490283244,0.9987566224606055
0.007371310908351191,0.004303361766155564,0.0014035765511483114,0.0,0.0,-0.008642061988544097,0.13911963857782,0.8137386144640354,-1.5227364307412734,-0.07931644233086935,0.8716142790821882,-1.7273592784141119,0.11688443647625928,1.0975155917784343,-1.6047125521760721,-0.15964979304072374,1.0957073195335956,-1.6313668930759797,0.3503494730864007,-0.6032701341005472,1.0915407003978124,0.005867007591475088,-0.5238153811974021,0.00567610625764176,0.031428678592559524,-0.025793155236617446,0.007371310908351191,0.004303361766155564,-0.008642061988544097,0.2816391875609182,0.17573945674363256,-0.1839624890203193,-0.2930266469947214,0.18989281066049607,0.16374642051086705,-0.2698083811258052,-0.28127449159696594,-0.17449649095538086,-0.27116753412493305,-0.27581356662330553,0.1855547675569299,-0.2628531362089674,0.15593745167557693,0.06598963632914655,0.38537498673700304,0.011913406711895592,0.007392812659628152,0.0,0.0,0.04976555813769557,0.9987609269606235
0.007042284910357694,0.004430687075890331,0.0013425265653788099,0.0,0.0,-0.008105980341832896,0.1393178548448934,0.8138463603189359,-1.5225725598060167,-0.07924512415551223,0.871182151711904,-1.7275645460646887,0.11677149815771443,1.0972918779231036,-1.6044863359286234,-0.15942812578466076,1.0960643036434283,-1.6313597433842146,0.35031402848947507,-0.6062043676009545,1.0962481289528883,0.005747138540475415,-0.5212283009806504,0.005153982700833767,0.03143359177136937,-0.025835015564762916,0.007042284910357694,0.004430687075890331,-0.008105980341832896,0.2816666245030669,0.17567942493067204,-0.18402342504749877,-0.29301976158901616,0.19004200947404806,0.16372470261090474,-0.2697855709015934,-0.28125323542242486,-0.17447083570215446,-0.27122436278243384,-0.2759154110713533,0.18549194614535763,-0.2628556435177316,0.15525508162370788,0.0657390112130309,0.3839168064950266,0.012048037642111572,0.007494068772827561,0.0,0.0,0.04968459860979716,0.9987649576657079
0.006795216747918497,0.004526483090464565,0.0012969472803756041,0.0,0.0,-0.007605627427465592,0.13958849859997058,0.813861499253947,-1.5224502665492206,-0.07911292561150801,0.8707668577822355,-1.7277655823586078,0.1165219807298854,1.0971632776065514,-1.604280264618305,-0.15925596425166497,1.096361220885928,-1.6314342312801342,0.3507902675953049,-0.6094212281302763,1.100780508122765,0.005649287923006342,-0.5187461768062069,0.004653597846649626,0.03143242237498411,-0.025874486412458982,0.006795216747918497,0.004526483090464565,-0.007605627427465592,0.28169288862353337,0.17565480654325824,-0.18410501951829358,-0.29299886910239414,0.1901858945546559,0.16368660766460438,-0.26977043087186164,-0.28125524249161427,-0.17440690659735783,-0.27128832299102845,-0.27598529103514036,0.18544154059611165,-0.2628475055403823,0.15449970191586465,0.0655719028066454,0.3825887870479078,0.012176118162012873,0.0075971220268491796,0.0,0.0,0.04960863612453933,0.9987687336024607
0.006466178504718512,0.004653851792807022,0.001236205347454611,0.0,0.0,-0.007328173178482737,0.13989930463811526,0.8138252860651567,-1.5223510288275206,-0.0789469678599674,0.8703608982838117,-1.7279642722927606,0.1161967278458178,1.0970874193769236,-1.6040853640207877,-0.15911125449033883,1.096624830021308,-1.6315539886172001,0.35155024408147884,-0.6127948101896505,1.1052158194092603,0.005563646904192866,-0.5163222525555354,0.004165267475540394,0.03142788008643457,-0.0259126322523046,0.006466178504718512,0.004653851792807022,-0.007328173178482737,0.2817185023942819,0.17564982835580112,-0.18419806534951078,-0.2929701943669901,0.19032682010456287,0.16363943319427332,-0.26975950834778173,-0.28127015328451027,-0.17432173293002634,-0.2713562159051314,-0.2760374408907807,0.18539802425109822,-0.26283346946333747,0.15370461655461426,0.06545033516858619,0.3813315771219383,0.012300566367160242,0.007701171826248844,0.0,0.0,0.04953544448888395,0.9987723663274274
0.006181896914128289,0.00479690071135146,0.0011754562505156276,0.0,0.0,-0.006569634702232647,0.14030478137115446,0.8135996617090243,-1.5222941460804298,-0.07872459495690866,0.8701419426271548,-1.7281644973330772,0.1157428836539531,1.0971292061014817,-1.6038467128976033,-0.15913812773158917,1.096631797317129,-1.6317721323038523,0.3531183667409305,-0.6163048422537171,1.1089924305963974,0.00553388189627395,-0.5141859164891335,0.0037380164492508226,0.0314110743929632,-0.025947882323704947,0.006181896914128289,0.00479690071135146,-0.006569634702232647,0.28174233683743155,0.17571034398946098,-0.18431849630748198,-0.2929260175253589,0.190415919465451,0.16357697885119682,-0.2697543129417643,-0.2813267089858439,-0.17420094364307934,-0.27143464693121183,-0.2759992085755137,0.18540130140491315,-0.2628061473516535,0.15286509696512554,0.06548753918829646,0.38037152761098003,0.012415076177253816,0.007807955488365572,0.0,0.0,0.04946982868601166,0.9987756184698227
0.006054569434899585,0.004953461802179662,0.001125206024600589,0.0,0.0,-0.006944082097499739,0.14072030539122912,0.8133279427599448,-1.522256753479059,-0.07850025687366724,0.8699789626094011,-1.7283626198768616,0.11528472211928321,1.0971815262276392,-1.603586308658123,-0.15924303140491247,1.0965220266236708,-1.6319829695499861,0.35493201912882233,-0.6198096090497879,1.1124430820345879,0.005533299802874143,-0.5121838725530184,0.003343063021580188,0.03138901081939156,-0.025981189638304595,0.006054569434899585,0.004953461802179662,-0.006944082097499739,0.28176552064430255,0.17578829874054772,-0.18444159406167013,-0.29287855093105,0.19048913610550877,0.1635140136690476,-0.26974947497183843,-0.28139034087236103,-0.17407908309981823,-0.2715148342973927,-0.2759294677861501,0.18542673213563568,-0.2627782633355148,0.15202652640182707,0.06557724169510781,0.37954180225435874,0.012527671040376075,0.007916544147659667,0.0,0.0,0.04940047276782286,0.9987790512872783
0.0059736600752677985,0.005196262536190251,0.0010571209713816643,0.0,0.0,-0.007824813984439004,0.14115311198223096,0.8129634157253,-1.5222606858095298,-0.07827463047578931,0.8699310596745747,-1.7285559475421906,0.11482398704482386,1.0972509497346787,-1.6032795868813992,-0.15951327187940478,1.0961648995200028,-1.632172007400256,0.3572511110239877,-0.6232950480368274,1.1151998601853848,0.005595010579921878,-0.510466802578706,0.0030170929340574033,0.03135584518671609,-0.02601030452373939,0.0059736600752677985,0.005196262536190251,-0.007824813984439004,0.2817873450784156,0.17590170000961916,-0.1845691652955991,-0.2928246230288653,0.1905296628138935,0.16345074159551495,-0.26974518814060905,-0.28146752055773794,-0.17395684085900176,-0.27159845055313986,-0.2757941241624375,0.18549920490691219,-0.2627498133070798,0.15119110557115237,0.06577777083480035,0.3789909322183008,0.012636524538930433,0.008029025556215156,0.0,0.0,0.04932232001371019,0.9987829137247319
0.005977817278592679,0.005409204717523087,0.001003945138879081,0.0,0.0,-0.009957173282072861,0.14155073463916779,0.8126330925868108,-1.5223074876345122,-0.0780636014846655,0.869853675365448,-1.7287332736528838,0.1144145463521664,1.0972431623018706,-1.602946088864253,-0.15990423468443063,1.0956124525803785,-1.632241285764254,0.35991281500229466,-0.6267129733012272,1.1171843913885264,0.005726990361626331,-0.5090220112067002,0.0027864644877039478,0.03131040185689926,-0.02603411445250878,0.005977817278592679,0.005409204717523087,-0.009957173282072861,0.2818078054831578,0.176011505190041,-0.18468549481120014,-0.2927690459353199,0.19057612657273,0.16339162036027763,-0.26974180658497365,-0.2815277670882254,-0.17384956812260882,-0.27168491178636933,-0.27562584876381063,0.18560797829151449,-0.26273301519182507,0.15038049035028309,0.06606388813446935,0.3787354183288269,0.012744976494174737,0.008146925471149957,0.0,0.0,0.04922286922377507,0.9987878198823709
0.005983938750039071,0.005692387474158388,0.000933079550473337,0.0,0.0,-0.011149961788349374,0.141928676282987,0.8123219022527337,-1.5223782695829868,-0.07786073791794479,0.8697597999125719,-1.7289016488939524,0.11403379845432937,1.0971921849995852,-1.602597612887621,-0.1603627265430987,1.0949507486075163,-1.632243573665619,0.362766167614609,-0.6300931330770254,1.1187369469553232,0.005898276867810635,-0.5077295256778598,0.0026091677718795853,0.03125809069024399,-0.026054956921143457,0.005983938750039071,0.005692387474158388,-0.011149961788349374,0.28182750288397074,0.17611929392737236,-0.18479552289283246,-0.2927125183137326,0.19062590691251016,0.16333482246286096,-0.26973892156366874,-0.2815785434870288,-0.17375064765836473,-0.2717729523076762,-0.2754391199320523,0.18573706342848403,-0.2627226155894206,0.14958363216028056,0.06639598907993785,0.37864422868595277,0.012853203836129977,0.008267856363090685,0.0,0.0,0.049111504457538084,0.998793302004933
0.0059897467394023525,0.005970227476242303,0.0008635993043959457,0.0,0.0,-0.014388870875987291,0.14224352927591938,0.8121996645170909,-1.5225585862421072,-0.07769416251148169,0.869360508540502,-1.7290017129136965,0.11377310439442787,1.0969290320689862,-1.6022716287810068,-0.16083995872535384,1.0942659260561833,-1.631990930495354,0.36591132264584303,-0.6333262949035717,1.1189135292974801,0.006195897352881727,-0.5067069425892371,0.0026106766353432946,0.03118902812890995,-0.02606439677765593,0.0059897467394023525,0.005970227476242303,-0.014388870875987291,0.28184512866517675,0.17618646120845943,-0.18488446512170773,-0.292646530270429,0.19075097790411363,0.16328873012161904,-0.26974349411811255,-0.2815647428978268,-0.17368617943801742,-0.2718620007748453,-0.27529273929920156,0.18587575955992333,-0.2627383129858478,0.14885387722090157,0.06682299474007936,0.37904496073257443,0.012960841462839967,0.008397004643204406,0.0,0.0,0.048967788870593255,0.998800358256406
0.005994100072276356,0.006188670321114601,0.0008090381295622341,0.0,0.0,-0.01549493570939837,0.14255026063451973,0.8121425799595622,-1.5227945330910957,-0.07753860074668549,0.8688339678427348,-1.729059109177727,0.11354597663291945,1.0966145841834636,-1.6019561111640472,-0.16127512808172748,1.09365249855014,-1.6316600904728358,0.3691468848130451,-0.6364498720862545,1.1185581558025801,0.006543007033962148,-0.5057915100971093,0.002678101865547853,0.031114242870199423,-0.02607010256122941,0.005994100072276356,0.006188670321114601,-0.01549493570939837,0.2818620468561466,0.17624252103714577,-0.18496975592925474,-0.29257294902145253,0.19090541515330836,0.1632461600020667,-0.26975384691837334,-0.28153437008366144,-0.17363119297905177,-0.2719501976346828,-0.2751807881564341,0.18600384896113814,-0.2627622577406133,0.14815700963097567,0.06728275264863211,0.3796255354066908,0.013068284857301759,0.008528956431501474,0.0,0.0,0.04881302480937494,0.9988079337935595
0.006034097139865575,0.006464629228855314,0.0007470281651392184,0.0,0.0,-0.017800307619794443,0.14284244172561628,0.8122214053112727,-1.5231496582810695,-0.07740575053657477,0.8680381356523588,-1.7290241471849954,0.11338749477783075,1.0961969706874628,-1.6016629023047595,-0.16161404134562382,1.0932019249751017,-1.6311678341948068,0.37256924564448685,-0.6393345224742706,1.1170830313975995,0.0069943913728750945,-0.5051020653201983,0.0028837767134134006,0.031027529397621177,-0.026068053727682967,0.006034097139865575,0.006464629228855314,-0.017800307619794443,0.28187749019035924,0.1762759322799527,-0.18504809310023526,-0.2924828252251357,0.19112174059958345,0.16321090208997055,-0.26977683195745666,-0.2814704314574001,-0.17359561827579448,-0.27203643224371177,-0.27514436130443115,0.1861073316817194,-0.262803514691654,0.14752999779718592,0.06781548614176487,0.3805857438093007,0.013175324680140385,0.00866675110032352,0.0,0.0,0.04863523315130609,0.9988166068384716
0.006091177782459213,0.006666247439336184,0.0007077048604309242,0.0,0.0,-0.018307304540329816,0.1431682456213121,0.8123018989482751,-1.5235969276668935,-0.07726788690062956,0.8670947859063745,-1.7289138609686723,0.11324317906445895,1.095817065009704,-1.6014010480676706,-0.16178238386503205,1.0930390734798634,-1.6306656596179192,0.3759169792756438,-0.64183155934398,1.1147718446759078,0.007552464198782285,-0.504526383888263,0.0032345713138616124,0.030930803356638465,-0.026063130387158778,0.006091177782459213,0.006666247439336184,-0.018307304540329816,0.28189192798275214,0.1763238066539911,-0.18513440635799275,-0.2923754353675,0.19136852682383093,0.16317523023656083,-0.26981257381594836,-0.28141132466251445,-0.1735631377836643,-0.27211438598751675,-0.2751908359198827,0.186162402323759,-0.2628463757305322,0.14699594638981744,0.06837974640555415,0.38178231072060065,0.013283383970981678,0.008809768087723149,0.0,0.0,0.048452375938269863,0.9988254939006795
0.006219581942177419,0.006923123625837716,0.0006691982539802633,0.0,0.0,-0.01859338449785673,0.14351302163245586,0.8123833339374799,-1.524096190642852,-0.07712719437236396,0.866068197414279,-1.7287610720556517,0.11310685678528479,1.0954584364707654,-1.6011568860938916,-0.16185447956936863,1.0930385730014398,-1.63015788850876,0.37922260351479053,-0.6441098801218547,1.1119888986532505,0.008170737424874319,-0.5040148949393859,0.0036672516681182255,0.030828427590537243,-0.026056585067775674,0.006219581942177419,0.006923123625837716,-0.01859338449785673,0.2819057983847765,0.1763798268615688,-0.1852251805023454,-0.29225826929816007,0.19163253693222346,0.16313930740296193,-0.26985537003473425,-0.28135493749711826,-0.17353239754304725,-0.2721876615041468,-0.2752841261062257,0.1861901396826329,-0.2628901244355881,0.14650932073679732,0.06895948942900465,0.3831126215748063,0.01339201851022573,0.008955731837956522,0.0,0.0,0.048266659636193185,0.9988344855718408
0.006364088992639359,0.007170492271682358,0.0006364156993537983,0.0,0.0,-0.016902528507805513,0.1439501077402383,0.8122420850424812,-1.524656049763927,-0.0769817981725702,0.865041921631648,-1.728602515390286,0.11292864881061877,1.09539062773379,-1.6009716524814184,-0.1616230125610645,1.093491848701468,-1.6298223160780394,0.381944208083531,-0.6457032629360373,1.1083911012571592,0.00894559638646359,-0.503546073459662,0.0043159740878483946,0.030719592419560425,-0.026049500107406996,0.006364088992639359,0.007170492271682358,-0.016902528507805513,0.28191869591291135,0.17651448650844256,-0.18534219683128644,-0.29212370350104516,0.1918957015639611,0.16310215712384152,-0.26989938151368037,-0.2813703226963603,-0.1734866786874561,-0.27223488883024227,-0.2754737033380496,0.18612909438614655,-0.26292127858929343,0.14619110884645126,0.06950302197466592,0.38460681655639667,0.0135043067555391,0.009109390629768873,0.0,0.0,0.0480978306630453,0.998842629589621
0.006477397832337584,0.007365935735929602,0.0006102428484991429,0.0,0.0,-0.016323735163859456,0.1443967568473174,0.8120119216350409,-1.5251962061111743,-0.0768170479255227,0.8640564788992589,-1.7284935346016517,0.11270327887569483,1.0954912430964983,-1.6008303921956282,-0.16129537442555794,1.0940572722600057,-1.6295880193893726,0.38436766169392145,-0.647058391227172,1.1047194519868264,0.00977407218530201,-0.503063325698559,0.005039716291671189,0.03061063170361404,-0.026043952997917168,0.006477397832337584,0.007365935735929602,-0.016323735163859456,0.2819312550127506,0.17667335166076084,-0.1854625073487873,-0.2919918407617715,0.19215449014466338,0.16305913731884064,-0.2699373979487753,-0.28142544204954406,-0.17342593686098717,-0.2722689341999077,-0.27567627378215487,0.18603950982666395,-0.2629459069308461,0.14592340289941574,0.07001115596684278,0.3860807253359496,0.013617845377526604,0.009265684039117051,0.0,0.0,0.04793478159666955,0.9988504676443214
0.006624989497440402,0.007618647888732183,0.0005765835969492872,0.0,0.0,-0.015113835095816652,0.14485915422511214,0.8115934501760281,-1.5256873899354384,-0.0766084243883737,0.8631642331154301,-1.7284981104043813,0.11237300333316223,1.0959571885088315,-1.6007856351251786,-0.16076819190325645,1.0948488146353226,-1.629573577012007,0.38614895377451414,-0.6479147455583398,1.1009329037310986,0.010714630894094277,-0.5025459740024346,0.005920484027368591,0.030501810043530826,-0.02604195220136227,0.006624989497440402,0.007618647888732183,-0.015113835095816652,0.2819431056268513,0.1768823611392744,-0.1855887341063651,-0.2918674043200408,0.19240325083757223,0.16300283973364468,-0.2699619728118288,-0.2815665285767006,-0.1733319116910175,-0.2722745568804715,-0.2759020789436865,0.18589067777882898,-0.26295658358733276,0.14577280652694685,0.07044717733222507,0.3874968148575193,0.013733997705947751,0.009427484915179845,0.0,0.0,0.04778381643665365,0.9988577010198941
0.006735204390456197,0.007808733299846564,0.0005515596757710294,0.0,0.0,-0.014005444733345694,0.14529206084374052,0.8110418203645028,-1.5260825266058629,-0.0762794827684187,0.8623439999153981,-1.728680200301684,0.11190097223824033,1.0967963873766935,-1.600901579341063,-0.1601287189584512,1.0957482961507945,-1.6297959719712918,0.3872541795986203,-0.6485716471305261,1.0973958593721573,0.0117439598207756,-0.5019141220702574,0.006921139843493269,0.030396844878291283,-0.02604372816411062,0.006735204390456197,0.007808733299846564,-0.014005444733345694,0.2819543183566286,0.17711683409042742,-0.18570848368013934,-0.29176213597655143,0.19265674526370727,0.1629118529419404,-0.2699717733787695,-0.2817837475823121,-0.17319379286225792,-0.2722491178263253,-0.27611458727263893,0.18570686235992673,-0.26294887262013356,0.14568385277858117,0.07077794977112924,0.38877136001839513,0.013852544236355104,0.009594334759570371,0.0,0.0,0.04764392150472683,0.9988643835594757
0.006833320613875698,0.008147391576406022,0.0005346812451109684,0.0,0.0,-0.01337456855586934,0.1457081818415855,0.8104143991636542,-1.5264229949277182,-0.07588205821453953,0.8615647550099171,-1.7289633280955827,0.11134825637922265,1.097848035538426,-1.6011089918991694,-0.1594253322825982,1.0967092147240272,-1.6301531705718775,0.38797460041510373,-0.6491150237046756,1.0940008282374878,0.012823815192230253,-0.5012170986200755,0.007990033843760515,0.03029407476200364,-0.02604765379174541,0.006833320613875698,0.008147391576406022,-0.01337456855586934,0.28196516801388216,0.17736577798454134,-0.18582451919854107,-0.2916676526978181,0.19291286585680598,0.16280112938106142,-0.2699730209722223,-0.28204419295827304,-0.17303062458203206,-0.2722057627787716,-0.2763194350029902,0.18550319241219004,-0.2629305424197408,0.1456290291489091,0.07104833745170734,0.3899653865962237,0.013972453504370954,0.009764058387820393,0.0,0.0,0.04751032727684246,0.9988707467946228
0.006895592617734963,0.008536700383672702,0.0005293422593519171,0.0,0.0,-0.013308381078773808,0.14603629192480674,0.8097547659507165,-1.526579761161254,-0.07523950683669402,0.860801564099697,-1.7295275915127535,0.11050217802851246,1.0993613314170103,-1.601613143315682,-0.15863613648196825,1.0976125746965408,-1.6308209082254996,0.3875890639252388,-0.648999978429996,1.0914178588069403,0.01399553894477251,-0.5002077677502083,0.00917799407258056,0.0302017003011245,-0.02606021862727805,0.006895592617734963,0.008536700383672702,-0.013308381078773808,0.28197570560643304,0.17759486126481325,-0.18591858245793624,-0.2916108523752456,0.19320354761313402,0.16262081435624512,-0.26995722867300775,-0.28238012432113574,-0.17277984215382172,-0.27212859218125623,-0.27645065763592025,0.18527256198981773,-0.2628958718474787,0.1457270353335947,0.07116186311528411,0.3907034858876408,0.014093711260312164,0.009944702113548722,0.0,0.0,0.04737739333063978,0.9988770608043784
0.006905549715165702,0.0089123569656738,0.0005380375883906607,0.0,0.0,-0.013791442110089194,0.14633591752499342,0.8091019556069603,-1.5266792122274637,-0.07449377091744772,0.8600761267858056,-1.7301566898822784,0.10955392992876184,1.1009901230438397,-1.6022113666224937,-0.1578787653348767,1.0984367612176216,-1.6315899822287834,0.3867698094377724,-0.6487940504000738,1.0892144434440594,0.015186682697206442,-0.4990371482876631,0.010385747148225506,0.03011263403459452,-0.026075875632858906,0.006905549715165702,0.0089123569656738,-0.013791442110089194,0.28198634170425624,0.17781253983475176,-0.18600543605265463,-0.29156557704203395,0.19349255359978235,0.16241190986543133,-0.2699425132460467,-0.2827308845805693,-0.17249927713424504,-0.2720439960669387,-0.2765407616685233,0.18504976228984832,-0.2628523459007307,0.1458570368208096,0.07120070835057414,0.3912667819563632,0.014214719576277554,0.010130099740658456,0.0,0.0,0.047239633328479795,0.9988835853306385
0.006917110922387738,0.00940128881550055,0.0005502316456004741,0.0,0.0,-0.014909449416396674,0.14657618291676044,0.8084671702235937,-1.526659693568945,-0.07352774031460285,0.8594365511089563,-1.730915129184723,0.1083911710884422,1.1028521172702312,-1.6030051968991756,-0.15720086731016636,1.0990825928747654,-1.632570419460535,0.3850299855694175,-0.6484256982803345,1.0878277607262135,0.016416020807810128,-0.4975171238183975,0.011630611261352897,0.030030449444893748,-0.02609804191160947,0.006917110922387738,0.00940128881550055,-0.014909449416396674,0.28199722710996866,0.17800540287555025,-0.18607731646332987,-0.29154445467747897,0.19377543568412853,0.16214206722769303,-0.2699319642358967,-0.28311072069997245,-0.17215620860011102,-0.2719453047371588,-0.27654159797431954,0.1848467801889696,-0.26278998204174253,0.14605203095367486,0.07107973505773044,0.39145970749945863,0.014335056708659977,0.01032567341462709,0.0,0.0,0.04709070476054735,0.9988906173976984
0.006925004110488088,0.009768728094025528,0.0005596156160414534,0.0,0.0,-0.015927758455886322,0.1467853186544604,0.807813512877776,-1.5265713637837997,-0.07241913952972168,0.8590404487286623,-1.7316840604807322,0.10711730669180936,1.104752355040266,-1.603864113871868,-0.15675491728604987,1.0993299558758736,-1.633658047622213,0.38232265000876325,-0.6480655444499391,1.0872074477374554,0.017639901435289238,-0.4959527241209379,0.012841182651195238,0.029956282884366095,-0.026126195099025678,0.006925004110488088,0.009768728094025528,-0.015927758455886322,0.28200835097008026,0.17819298214348306,-0.18614154043328976,-0.29153727113603634,0.19399193824411004,0.16183373365639186,-0.26993572245439273,-0.2834886269856689,-0.17178221148740028,-0.27184965133478434,-0.27641061182799675,0.18470825447974992,-0.26271675420674345,0.14628768183385193,0.0707751652145858,0.3913774221275381,0.01445479912441582,0.010530513100093229,0.0,0.0,0.04693160327843947,0.9988981052208054
0.006936814589667139,0.010257556773678369,0.0005716887804180227,0.0,0.0,-0.016512402885077812,0.1469765818462922,0.8071490205251254,-1.5264435272950392,-0.0712286845709269,0.8587841322788825,-1.7324590155711541,0.10577965298524271,1.1066745496713197,-1.6047603992315438,-0.15644213614555505,1.099348545074463,-1.6348072175796216,0.3790598345490603,-0.647710097523836,1.087027132511139,0.018860648744381377,-0.49436284716312706,0.014032065474356583,0.029886719734909445,-0.026157785565234147,0.006936814589667139,0.010257556773678369,-0.016512402885077812,0.2820196117346103,0.1783775469663993,-0.18620136740254425,-0.2915380437428598,0.19417029598037214,0.16150336131862927,-0.2699474706182965,-0.2838651498380585,-0.17139066451954854,-0.2717552164821417,-0.2762040799962721,0.1846067026011206,-0.26263715187686054,0.14654576059648894,0.0703642774449258,0.3911369383364345,0.014574200094032744,0.010740672703832386,0.0,0.0,0.046766660559076745,0.9989058411382687
0.007011620915409673,0.010713207898528362,0.0005857302592351954,0.0,0.0,-0.01806433936685533,0.14706370967010465,0.8064905835602146,-1.5261742369486735,-0.070013333317967,0.8590460532129958,-1.733158745444738,0.10444965501889014,1.108310237956735,-1.605619383402742,-0.15661100919644994,1.0985530133430774,-1.635980193861402,0.3740260257887153,-0.6473714326723263,1.0882918058106532,0.020013776836164572,-0.49274198392119545,0.015079526438897178,0.029834710721983217,-0.026204832408648845,0.007011620915409673,0.010713207898528362,-0.01806433936685533,0.282031218521297,0.17853742631188474,-0.18623368921393954,-0.2915725940285556,0.19419437686465751,0.16116727729466965,-0.2699741303258216,-0.2841669619701551,-0.17100471747084894,-0.27168829837259356,-0.2757646533435633,0.1846416984489666,-0.2625545838516211,0.14687267976345764,0.06961229972709262,0.39038581128490124,0.014692723032427378,0.010964945145622969,0.0,0.0,0.04658621405493251,0.998914272928377
0.007231402266398613,0.011020661880068968,0.0006029973379700903,0.0,0.0,-0.018260511067203108,0.14708737398569402,0.8059037330632026,-1.5258826587635737,-0.06887082271994308,0.8594480545188372,-1.7337924313659852,0.10321188324059433,1.1097179255806482,-1.6064285598695278,-0.1569634273719902,1.0974608734250069,-1.6370577603005445,0.3684366649160019,-0.6470402334458553,1.0901298055855126,0.021112623275257637,-0.49120863075726307,0.016049627796746783,0.029787120888403688,-0.026257795845874798,0.007231402266398613,0.011020661880068968,-0.018260511067203108,0.28204304094497973,0.17867163633647157,-0.18624779794619237,-0.29161794432985705,0.19417047930808715,0.16085170708744015,-0.270002800624326,-0.28441318259578774,-0.17064683188680585,-0.27163460839269093,-0.27525975577616046,0.18473012577779938,-0.26248002164750567,0.14721014847995423,0.0687474880907609,0.38944697893318525,0.01481356388495232,0.011193444188952873,0.0,0.0,0.04640380642687259,0.9989227631549384
0.007658942462397283,0.011368573386433156,0.0006307203036085006,0.0,0.0,-0.018597323850003157,0.14697140598526368,0.8054829737028251,-1.5255501265995777,-0.06789970689883026,0.8601360336089363,-1.7342782529214253,0.10218810100251666,1.1106172138108656,-1.607124725356698,-0.15770577093084845,1.0957413725554943,-1.6379115049942181,0.36169121672327703,-0.6467251107813075,1.0931903741394098,0.02209038607543334,-0.4898812726068382,0.016850793210323897,0.029748460047323115,-0.026323333942295555,0.007658942462397283,0.011368573386433156,-0.018597323850003157,0.2820553384148158,0.1787479536639783,-0.1862216502226185,-0.29168596994244755,0.1940469121535123,0.16058413918064135,-0.2700356381562299,-0.28453656044893316,-0.17035323521304593,-0.2716110272284983,-0.27462000422966903,0.18493248276327856,-0.26242477840734685,0.14756894118967656,0.06764911541471347,0.38811139457945315,0.01493986542426193,0.011430689394518804,0.0,0.0,0.04621803272313518,0.9989313757467042
0.008089796183653313,0.01159276444320177,0.0006557442247867586,0.0,0.0,-0.018191767693228975,0.14666382173219553,0.805409214244439,-1.5252469336757293,-0.0672300596936391,0.8608122181433898,-1.7345064958700767,0.10147811676590489,1.1107922121882439,-1.6077049827346435,-0.15865309300044408,1.0936252486247282,-1.6383986902924685,0.35382745902125656,-0.6464264688010399,1.0972733789911637,0.02288935226925577,-0.4889266767467444,0.017444920735075493,0.029719582490193155,-0.026398126152344048,0.008089796183653313,0.01159276444320177,-0.018191767693228975,0.28206826975712407,0.17872179359159876,-0.18613823975538296,-0.2917716750648762,0.1938910704064053,0.16040082601964786,-0.2700754531761689,-0.2844768364696117,-0.17015288613943316,-0.27162545176657676,-0.27393611682983376,0.18519971476650154,-0.2624103557290822,0.14794691377992492,0.06631938335105807,0.386475035432247,0.015076623029577043,0.011674532604117232,0.0,0.0,0.046036308683073825,0.9989397670945115
0.008665374007017149,0.011890516021797611,0.0006890927369787582,0.0,0.0,-0.017956904679881758,0.1462452698391504,0.8055364072609407,-1.5249607315143714,-0.06673499716159242,0.8614815722864407,-1.734585571460999,0.10094985732128127,1.1105477642267942,-1.6082181161126266,-0.15971912097973892,1.0912794347565908,-1.6386735959408374,0.3453160727110047,-0.6461373710145171,1.1019484909394612,0.02358477485876602,-0.48818795271934223,0.01791914973560219,0.029696370569021944,-0.026478277548449114,0.008665374007017149,0.011890516021797611,-0.017956904679881758,0.28208156818380725,0.1786362597380154,-0.18602162554748977,-0.29186756802088315,0.19371652338565423,0.16026627168303426,-0.27011929735815654,-0.2843111725760788,-0.17000645813787246,-0.271661887555686,-0.27322636786592946,0.1855045250065369,-0.262418485956682,0.1483233091629466,0.06485293941515552,0.38466515696127646,0.015219435888306739,0.011922196809721824,0.0,0.0,0.04585692927906586,0.9989480176851521
0.00922615484173266,0.012180754607584957,0.0007215887308120726,0.0,0.0,-0.01733846309717448,0.14562734703604993,0.806290192099718,-1.524883577456841,-0.06688841452034047,0.8617867669807031,-1.734029215402328,0.10103857293366812,1.1089019964520748,-1.6085960968182638,-0.16078930126073268,1.0889841045897741,-1.6382560254289553,0.3348407081256693,-0.6466892999238693,1.1084652565992794,0.023916143749374893,-0.4877000760573607,0.018021520048093338,0.029689845548441205,-0.026576363262183104,0.00922615484173266,0.012180754607584957,-0.01733846309717448,0.2820958334666032,0.1783908099365921,-0.18584117280301046,-0.29195321797364654,0.19355491436935213,0.1603137359308924,-0.27019177546859513,-0.283774713684877,-0.1700417883818506,-0.2717616975103712,-0.2726570297925677,0.18582181858925373,-0.26249485651664234,0.14859304234612944,0.06293208388756642,0.38240535225359346,0.015378205110139856,0.012179908873244688,0.0,0.0,0.04568372635637877,0.9989559535566097
0.009671804646416926,0.012412496781702006,0.0007474651703462398,0.0,0.0,-0.01712542436679327,0.14498426736547398,0.8072026768126167,-1.5249207965456522,-0.06733988666942771,0.8619387603293245,-1.7331834386747618,0.1013351250350332,1.1067869807951727,-1.6089152129223714,-0.161739615830951,1.0868532967108946,-1.6376240486995532,0.3237006838361806,-0.6475689525787647,1.1155613543322451,0.02410368346877826,-0.48725195974111557,0.01799402721315766,0.029689219245203555,-0.026678918957119234,0.009671804646416926,0.012412496781702006,-0.01712542436679327,0.28211043173303973,0.17811480360335394,-0.1856506523774081,-0.29202398231798954,0.19339555188489346,0.1604449148342323,-0.27027687356269636,-0.28311641378208596,-0.17013839503064943,-0.27188260249623225,-0.27217255554572345,0.18610947835386327,-0.2625968866282221,0.1487944052972515,0.060852903982016565,0.38001140898441144,0.01554247117802823,0.01244107689909959,0.0,0.0,0.04551265024018832,0.9989637624399167
0.010431096739811274,0.012490826052217107,0.0008101503436372394,0.0,0.0,-0.016676234906696563,0.1442986119251985,0.8084360343905596,-1.5252093581052928,-0.06843776205697884,0.8617610547405022,-1.7317104591773107,0.10206876831272473,1.1036858019920497,-1.6091072536431825,-0.16240802263984314,1.0851047680928156,-1.6365458036844547,0.31116209064538675,-0.6491487484711866,1.123865721317438,0.02398353066438666,-0.4868764579296112,0.017692294580718648,0.029701066507886235,-0.02679048877997467,0.010431096739811274,0.012490826052217107,-0.016676234906696563,0.28212573207341707,0.17778035282418997,-0.1854419042714089,-0.2920609123274871,0.19324043594275728,0.1607578547181308,-0.27038909725307425,-0.28220238646517914,-0.1703640534709425,-0.27204788303509053,-0.2718766480843287,0.18632634649714516,-0.2627560448689644,0.14887836707994173,0.058446021349269024,0.37733775563012667,0.015718327342675854,0.01270953050922029,0.0,0.0,0.04534606006368492,0.9989713383459511
0.011153756560367064,0.012367158522814435,0.000881647261290197,0.0,0.0,-0.013976562638942938,0.1436481322699155,0.8096238524438097,-1.5257335607535565,-0.07012948762768735,0.8614582847087429,-1.729679315852431,0.10318121558520943,1.0999576310412242,-1.609182805252763,-0.16269154938009495,1.0839557905609791,-1.6353210107638285,0.29766813780252754,-0.6512135470715853,1.1334988133838544,0.023588003930993952,-0.48626294552993315,0.017162314262420226,0.02971866615385247,-0.026907705204883732,0.011153756560367064,0.012367158522814435,-0.013976562638942938,0.2821428377467852,0.17749825804497987,-0.18523883167278332,-0.2920609145791273,0.193042146886235,0.16123809000994527,-0.27052248650836774,-0.2811316325275196,-0.1706997181444434,-0.27222960178005,-0.27177611259168666,0.18643723411636645,-0.2629381173647018,0.14883062632474725,0.05580747355831319,0.3742556696573383,0.015912732951199778,0.012976456990984913,0.0,0.0,0.04520643776593118,0.9989776664092721
0.012398223655942276,0.01186693468041565,0.0010217253405317428,0.0,0.0,-0.012399611333301018,0.14301819973983443,0.8107850696318425,-1.526395407720254,-0.07216809711490685,0.8610824611611091,-1.7273221339743872,0.10451493249274789,1.0958632170580902,-1.6091903124291163,-0.16275025728660134,1.0831570269969792,-1.6340106152571165,0.283616133607351,-0.6535616488410876,1.1439080496246998,0.023031623854946635,-0.48551040472319495,0.01649900831174679,0.02973962592211767,-0.027028219962420944,0.012398223655942276,0.01186693468041565,-0.012399611333301018,0.2821609979638687,0.17724684307805072,-0.18503912871301725,-0.2920392483763986,0.19281824791092006,0.1618167397289998,-0.2706670117703345,-0.2799684302787736,-0.17109983061914255,-0.27241782903736217,-0.271789835169849,0.18648613504866413,-0.2631337023199227,0.14867161851548247,0.05303904975627677,0.3709363176134388,0.016117973790432397,0.01324249143586852,0.0,0.0,0.045082568070464644,0.9989832641521939
0.013714598918703004,0.011254874896188179,0.0011746843273818808,0.0,0.0,-0.004773322791733831,0.1424980447627604,0.8114710981026292,-1.5273329950869083,-0.07511789561249313,0.8606749698519707,-1.724368054419756,0.10635638458188622,1.0913015399128199,-1.60908686183393,-0.16208478482440114,1.0833283513784409,-1.6327146235853434,0.26851254608482134,-0.6568621266633272,1.156472347676754,0.02211759448982776,-0.48407140746712685,0.015585504108457833,0.0297666558471974,-0.02714842782006599,0.013714598918703004,0.011254874896188179,-0.004773322791733831,0.2821837067604065,0.17718697392427876,-0.18486721852744525,-0.29197196825472127,0.19251909124755556,0.1626503235276727,-0.2707996803141776,-0.2786915847374561,-0.17164400921820389,-0.2725883166940075,-0.27207489163226123,0.18633175685247064,-0.2633537647251212,0.1482404485521961,0.049989181254224135,0.3669404424825725,0.01636389017221518,0.013493874910636803,0.0,0.0,0.045034883323271824,0.9989854149506184
0.014765779729790814,0.010766804132571901,0.0012969096692710957,0.0,0.0,-0.002141333382813282,0.1419410023551721,0.8119460135125197,-1.5282794592472224,-0.07829092582687733,0.8601984252723364,-1.7213615047243926,0.10830370150506495,1.0867943907013307,-1.6089910068191016,-0.16114446026487994,1.0838425463208785,-1.631539257673117,0.2532386913752328,-0.6605966108349653,1.169575076836806,0.021108218594096038,-0.48237323846954566,0.01463148692766062,0.029795859859754834,-0.027264391045229364,0.014765779729790814,0.010766804132571901,-0.002141333382813282,0.28220798533696395,0.17719373986784429,-0.18468494818631342,-0.2919117856358566,0.19223083996956733,0.16354676164376208,-0.2709111979252893,-0.27742698340407645,-0.17221691102095776,-0.2727333618519222,-0.2724350060219703,0.1860981752212348,-0.2635719876971089,0.1476405141081353,0.046891110399586565,0.3628007842535188,0.016623824718408283,0.013740221011595655,0.0,0.0,0.04501349170476711,0.9989863790685761
0.016118403532392328,0.010138836289762046,0.0014538428961083376,0.0,0.0,0.0034239095446118397,0.1412867340617455,0.8119624220551207,-1.5292225035910423,-0.08191250835079696,0.859560923006099,-1.7182834909225886,0.11045702779665587,1.0824580311488647,-1.608923013250415,-0.15961656219755802,1.0850838043082218,-1.6306486920668528,0.23765435630383994,-0.6652758696044866,1.183763497150861,0.0199044585057821,-0.4801213358027431,0.01360359361681802,0.029829681253221888,-0.02737031484586903,0.016118403532392328,0.010138836289762046,0.0034239095446118397,0.28223558314717734,0.17734135514845092,-0.18447551000056833,-0.291872628682357,0.1919765683248567,0.1645675092220911,-0.27097751207641324,-0.27620411952957014,-0.17284456265165385,-0.272828625550721,-0.27294870426229295,0.18569508834672538,-0.2637836489193597,0.14676751242214733,0.04368885925398654,0.3583751939671972,0.016913395054871213,0.013975920654887043,0.0,0.0,0.0450476960683644,0.9989848372617737
0.01713384749445867,0.009666846114162988,0.0015713659544974723,0.0,0.0,0.008402643252729408,0.1405014660066137,0.8115426746125405,-1.5301472819768465,-0.0855623052562945,0.8586429303082136,-1.7153893064420958,0.11267614359251008,1.0786836872307155,-1.6090023620770528,-0.15765029800912508,1.0869287837010164,-1.630084259292254,0.2225147365735701,-0.6705717619221944,1.1985792586436639,0.018576652429496444,-0.47785384408556497,0.012604935399185009,0.029866813632767074,-0.02747273293789476,0.01713384749445867,0.009666846114162988,0.008402643252729408,0.2822661390528083,0.1776203510462519,-0.1842292540470158,-0.29186058112416824,0.191825932905627,0.16559537382756911,-0.2710069463233198,-0.27511283189363633,-0.17348365556313838,-0.2728477536580489,-0.2735733630626533,0.18516264203533825,-0.2639718531426941,0.14566029397388483,0.04055524386579796,0.3538421260123765,0.01722944273541753,0.01420215727501692,0.0,0.0,0.045131637041360056,0.9989810485379425
0.018651729537450652,0.009391011195305053,0.0016828515351965945,0.0,0.0,0.01133597363320695,0.1396390165632161,0.8108659562869713,-1.5310612985721002,-0.08922872528469619,0.8575596805088795,-1.7126034290458148,0.1149340207204939,1.075240467173549,-1.6091685209136743,-0.15542576078755352,1.0891294588263218,-1.629711974842044,0.20763713065893033,-0.6762309574450438,1.213764631977448,0.017175761933545943,-0.47557716773679626,0.011623501679143654,0.02990589675251753,-0.02757308556465432,0.018651729537450652,0.009391011195305053,0.01133597363320695,0.28229843778535724,0.17797657233068057,-0.18396129334186168,-0.2918640376983471,0.19173649252825575,0.16662795796257726,-0.27101290256247407,-0.2740990341178493,-0.1741294276354002,-0.27282055669835215,-0.27426315421906355,0.18455388638989118,-0.26414437441676586,0.14438169899214112,0.037481650423182036,0.3492451534485068,0.01756109012505756,0.014422818547105774,0.0,0.0,0.045244880979642584,0.9989759260087993
0.02023890507528422,0.009361850567188646,0.0017600366845726971,0.0,0.0,0.012745588612106368,0.13859426287504342,0.8093881859229162,-1.531912386417389,-0.09243665520961467,0.8562543231707352,-1.7103404448582575,0.11682449539120379,1.0732819529680107,-1.6097495968525226,-0.15272628344022313,1.0920751690864563,-1.630089058325841,0.19426057315789744,-0.6829352860267345,1.229294703556941,0.01563913242604871,-0.47356370893808514,0.010794023266778547,0.029940812561947566,-0.027665264761218656,0.02023890507528422,0.009361850567188646,0.012745588612106368,0.28233345311421615,0.17856913499344454,-0.18364301783407588,-0.2919123259496569,0.19178318436930578,0.16753021213633004,-0.27098734484899073,-0.2734324218050231,-0.17465606458188107,-0.2726734131384824,-0.27502510184544043,0.18379774717371591,-0.2642394219841129,0.14281038112210626,0.03466648771652424,0.3447523167317942,0.01793850055680825,0.014643702262009565,0.0,0.0,0.045372205974004036,0.9989701511682182
0.021643324892488984,0.00961665859034964,0.0017850677697703319,0.0,0.0,0.011333907064504547,0.13753069559327114,0.8075746004111491,-1.5327249880020435,-0.09532908543657796,0.8550502662905134,-1.7083159839877715,0.11848888602645063,1.0719850301169431,-1.6104483848007825,-0.15004281432797706,1.0951706355867477,-1.6307788383788788,0.18153698652839442,-0.6900434968276665,1.2448951821201122,0.014079614542424694,-0.4716705876187636,0.010042266238507676,0.029973397956032734,-0.027751654451444313,0.021643324892488984,0.00961665859034964,0.011333907064504547,0.28236883925274014,0.17925851180141472,-0.18332052553258266,-0.291971706525616,0.191835271831885,0.16834438117930375,-0.27095892613433503,-0.2729332322820443,-0.1751130876147153,-0.2724880057385731,-0.27577071219160715,0.18303917972890124,-0.26428281426280253,0.1410955890687679,0.03199476041753748,0.34032026184775144,0.018333366733993613,0.014869137803683628,0.0,0.0,0.045485428031119685,0.998965002308302
0.023453996070797428,0.009962985815613397,0.0018148432270839734,0.0,0.0,0.007819944245104621,0.13643935770512775,0.8050328134917296,-1.5334513966853802,-0.0975094911857293,0.8541098315841876,-1.7068131187787423,0.11964672945368174,1.0721315987981284,-1.6113897132185788,-0.14744269486086875,1.0985540842207577,-1.632146359922794,0.1702347001633966,-0.6980197644577576,1.2606315821982346,0.012478155083954348,-0.4700406723870681,0.009462214538451433,0.03000079803258324,-0.02782495554912692,0.023453996070797428,0.009962985815613397,0.007819944245104621,0.28240485582500696,0.18015782151384088,-0.18299270173305676,-0.2920545491979385,0.1918871413260128,0.1689583143411488,-0.2709320613818008,-0.2728020540041979,-0.1754150213186223,-0.27222679520901044,-0.2764711553343915,0.18228897814689515,-0.26421562364891926,0.13916683898737922,0.02958367037608765,0.3360248937369484,0.018765694072219324,0.015105451873611083,0.0,0.0,0.045563546398253135,0.9989614423187786
0.024812888857705707,0.010222324515090525,0.001837186013850523,0.0,0.0,0.004695236751804915,0.1353390728875708,0.8019062247700416,-1.5340047417065272,-0.09893506423283654,0.8536834753333375,-1.7058068417872374,0.12019266401274273,1.0737371224050338,-1.6123449889799724,-0.1452210372349677,1.1015501016607652,-1.634115007491066,0.1603053077840461,-0.7062478690909652,1.276159669057681,0.01089791480178694,-0.4686434670136525,0.009084367787671419,0.030019983443288274,-0.027886300079094675,0.024812888857705707,0.010222324515090525,0.004695236751804915,0.2824414329818235,0.18120900317880947,-0.1826661437107452,-0.29216686340406356,0.19186463845603238,0.1693602955017992,-0.27091712037956567,-0.27308490264131546,-0.1755359828251342,-0.27192754224006316,-0.27695009934401077,0.18163518052523214,-0.26406217909709423,0.1371464040144975,0.027446254673660898,0.3318705979500973,0.01923135306704073,0.015351405545236329,0.0,0.0,0.04561044995280626,0.998959301901285
0.02662400700338694,0.010567387450161066,0.001867390416848691,0.0,0.0,0.002838381827449445,0.134233471364356,0.7984321180444498,-1.5344552437846477,-0.09991207854965557,0.8535626097940482,-1.7050956619473605,0.12037497221563871,1.0762096288112493,-1.6133085529391582,-0.14322428025591832,1.104315888423186,-1.6364408737191787,0.15119175655910608,-0.7146256276621268,1.2915639659533134,0.00933028399818936,-0.46738454928764933,0.008826681166493263,0.03003428729537588,-0.027940539428247854,0.02662400700338694,0.010567387450161066,0.002838381827449445,0.282478343265561,0.18235037659651962,-0.18233992999798324,-0.2922941978712162,0.1917978592820133,0.16963622199083617,-0.27090963044107935,-0.2736130281132787,-0.175549390401563,-0.2716050305433003,-0.2772969603478927,0.18103927316083576,-0.2638573877510764,0.13506620537475214,0.025484658450360798,0.3277953048263458,0.01971681937217139,0.015603087542471116,0.0,0.0,0.04563880421372221,0.9989580069001607
0.02815937846079314,0.011010422959629514,0.0018518722544491602,0.0,0.0,-0.001943559726002095,0.13301873747975781,0.7945166776816432,-1.5343678136571095,-0.09968002366188627,0.8544432123263295,-1.705281561956956,0.11963681873972887,1.0806559030539713,-1.6140030135328953,-0.14244608076002738,1.1058433604641602,-1.6394461899136121,0.1443280426140589,-0.723110004972953,1.3061841501352875,0.007869245929424135,-0.4664780190214515,0.008929047800707987,0.030033250977374755,-0.027970566938165575,0.02815937846079314,0.011010422959629514,-0.001943559726002095,0.28251612859849745,0.1835419329209432,-0.18199184328129672,-0.29251185114562595,0.19157606058625873,0.16957026356159052,-0.27090730895122545,-0.274751918505201,-0.17529713834046362,-0.2712698817069535,-0.2771704240464019,0.1807702892786357,-0.2635184793674858,0.13296937958578844,0.02394113287628575,0.32404898322870546,0.020253334503370114,0.01586944591634584,0.0,0.0,0.04561938885960057,0.9989588937289043
0.028817936767566485,0.0116465723092694,0.001721856936526267,0.0,0.0,-0.0032408035170372767,0.1317556478942816,0.7907199232051005,-1.5340790450572968,-0.09908145286429386,0.8555435767540565,-1.7057333949666758,0.1186555865793847,1.08547877233762,-1.6145256015543754,-0.14222834581652513,1.1067428743610015,-1.6424290844454215,0.13817584170744965,-0.7318841787771537,1.320224941063386,0.006473336000523806,-0.4657422365764013,0.009164302981494428,0.030027426971803203,-0.02799047691335615,0.028817936767566485,0.0116465723092694,-0.0032408035170372767,0.28255241815573895,0.1846653461604959,-0.1816323058924267,-0.29275851078435167,0.19133016674002923,0.1694007759128598,-0.27090740660838375,-0.27602741676461356,-0.17497751991439,-0.27094838980441976,-0.27687229886135317,0.18065708495343472,-0.2631578632829503,0.13086837153905276,0.02254761678909804,0.32056205144007704,0.020798364981041796,0.016144333429670393,0.0,0.0,0.045587014540682265,0.9989603716390694
0.029151086218850576,0.012709830932927404,0.0014515396637410085,0.0,0.0,-0.0058945420989105525,0.13038666066355428,0.7872546820972974,-1.533357784152031,-0.09771877523654927,0.8570741827671344,-1.7067376406720052,0.11717955952581877,1.0910129197514975,-1.614659801268807,-0.14324269046147284,1.106249116647702,-1.6452891756422245,0.13351681656562361,-0.7413482615151086,1.3329440282227902,0.005224132638921627,-0.46538371528283906,0.009684508968628231,0.030011575881732054,-0.027988368871424776,0.029151086218850576,0.012709830932927404,-0.0058945420989105525,0.2825850028759585,0.18561884345336038,-0.18124851751921395,-0.2930737936918293,0.19104175832098785,0.16901562354262706,-0.2709126506667619,-0.2775743470201071,-0.17452184019811154,-0.2706653107717004,-0.27620808310568873,0.18088599522036694,-0.2627585020734433,0.12879044119244532,0.0214308391802981,0.31767982636797826,0.021358830435649283,0.016438361152093146,0.0,0.0,0.0455281303218271,0.998963057049358
0.02899985439614161,0.01370327116790845,0.0011673394160777175,0.0,0.0,-0.007470845885279991,0.12886789999902248,0.7845010980963707,-1.5322906523942947,-0.0958201726898551,0.8586656302213669,-1.707954004406929,0.11540830507874489,1.0965247601270676,-1.6143465638160706,-0.14535279013216496,1.1045071929693222,-1.6477027237415314,0.13009194284677505,-0.7516198679804802,1.3444351106882095,0.004121400066651401,-0.4651523195207119,0.010459607583470646,0.029984137509018183,-0.027966881869360805,0.02899985439614161,0.01370327116790845,-0.007470845885279991,0.2826104797422886,0.18629924304326473,-0.18082553088922898,-0.29345001959943445,0.19076672679502704,0.16848220738710726,-0.27094875245043437,-0.27919546837667497,-0.17399204216231384,-0.27045877055047973,-0.2752786238025974,0.18142316257759492,-0.26235835627879434,0.12673241078494416,0.0205401210825888,0.3153458745718969,0.02191333007067442,0.01675668451935053,0.0,0.0,0.045453499204329756,0.9989664555980255
0.028799533750960178,0.015025159421598626,0.0007885955990508121,0.0,0.0,-0.008415617717406391,0.1272593712828194,0.7821740521691166,-1.5310162198371613,-0.09360035873340589,0.8602935435393682,-1.7092975029865136,0.11346010344389541,1.102023230579037,-1.6137651508817306,-0.14811964041123593,1.1020171698182821,-1.649848632227916,0.12740676885900593,-0.762375471038887,1.355190177519734,0.003106456076448721,-0.46499711758672047,0.011387478382228148,0.02994975419446396,-0.027933779913627613,0.028799533750960178,0.015025159421598626,-0.008415617717406391,0.2826316964526016,0.1868161885849275,-0.18037855955534993,-0.2938628525415791,0.19049991243890613,0.16786011774973675,-0.2710022569500429,-0.28086063185331267,-0.17341775309952606,-0.2702929520224158,-0.27419064565976575,0.18214398180372338,-0.26195341493668595,0.1246989335085208,0.019787302171058414,0.3133289261454201,0.022464254038193472,0.01708956969937739,0.0,0.0,0.04536942984534471,0.9989702772532867
0.028605130624891426,0.016306049491369053,0.00042181211308695016,0.0,0.0,-0.010830868528921643,0.12558509833895817,0.781094207500036,-1.5294871487869666,-0.0907576803941853,0.8616158290264698,-1.7106835326323142,0.11148962179700345,1.1063892514659808,-1.6122640806895037,-0.15236948767247105,1.0979006244586065,-1.6506546409084246,0.12654395003874716,-0.7753544694815689,1.3640616180805059,0.0023565024379282678,-0.4645609435123893,0.012656668371234366,0.029899383205562256,-0.027879553681346946,0.028605130624891426,0.016306049491369053,-0.010830868528921643,0.2826420235662506,0.18690872563272912,-0.17991473505248148,-0.2943112998499243,0.19032542583131365,0.1670689791269977,-0.27112334319216125,-0.2823760702850414,-0.17285908392321053,-0.27031192282527505,-0.27289402741208374,0.18329267146106368,-0.2616132930103885,0.12260915440920744,0.01933640968152019,0.31223129647752046,0.023006090500320375,0.017459638528704927,0.0,0.0,0.045261232421863196,0.9989751852972396
0.028447867635727465,0.01734107950525998,0.00012565153436061574,0.0,0.0,-0.011669619829028621,0.12390905763739005,0.7804534019759068,-1.5279152078124194,-0.08782096474001616,0.8626726994004387,-1.711990945900862,0.10961052859560229,1.1101617383269162,-1.6104028490013802,-0.15692082880279762,1.0933742686533012,-1.650959179091912,0.12616699856992525,-0.7889167794671195,1.3722999372447913,0.0017021061122739862,-0.4638877990655601,0.014015340779084128,0.029842980548542425,-0.027818054704067226,0.028447867635727465,0.01734107950525998,-0.011669619829028621,0.2826485689371251,0.1868590213734512,-0.1794496458593156,-0.29476232578872064,0.190214548531809,0.16625377264076538,-0.2712664140111108,-0.28379136375694364,-0.1723344603578001,-0.2703993244803219,-0.2715734345072263,0.1845324441289283,-0.26130718211222087,0.12053488107577986,0.018971319558506373,0.31137220534056387,0.0235447892292331,0.017842609471139997,0.0,0.0,0.04514465550736888,0.9989804603089698
0.027830755680921353,0.018720634418761307,-0.00011634815914041141,0.0,0.0,-0.013458276852431185,0.1222357527137949,0.7807506861595007,-1.5262659169160402,-0.08472147505157271,0.8631143716092293,-1.713101865007327,0.10795693894704948,1.1126066469229186,-1.6077609663972487,-0.1620491686492012,1.0880218664040933,-1.6501831515477254,0.1267807727966171,-0.8036646989102546,1.3791945995046542,0.0012525792967957971,-0.4626662563532591,0.01555586475520752,0.029773567095757104,-0.02774106592942889,0.027830755680921353,0.018720634418761307,-0.013458276852431185,0.28264704962762505,0.18650702465792268,-0.17898478136126925,-0.2952167679393832,0.190248499030515,0.16539737848892028,-0.2714592726272485,-0.28497918037321046,-0.17189163608871771,-0.2706483430918545,-0.2702160762163224,0.18595156782619193,-0.2610905580740478,0.11846831590830727,0.018770794012612554,0.31103630944754473,0.024076802262033403,0.018253091149605237,0.0,0.0,0.04501020954247703,0.9989865269546644
0.027011752834803067,0.01980439367960023,-0.00018114224076271057,0.0,0.0,-0.010582669974057395,0.12084732116916433,0.7818447067760504,-1.5246087834239006,-0.08168851931651055,0.8627911902104433,-1.7139196670972383,0.10668374304301464,1.1134792933097253,-1.604395960815824,-0.1673603111591476,1.0824847175524785,-1.648329970211937,0.12788992837214697,-0.8187892634708146,1.385279691993044,0.0009705567219778201,-0.46081345152253145,0.017188338710604073,0.029694224376446355,-0.02765842775653045,0.027011752834803067,0.01980439367960023,-0.010582669974057395,0.28264391501075947,0.18590674897945467,-0.1786023448095462,-0.29562753329909686,0.19045526573546528,0.16456299367196547,-0.2716901965704924,-0.2858604530635644,-0.1715738868641942,-0.27105934143912724,-0.268998565505649,0.1874412044260243,-0.2609672834357143,0.1164415697329858,0.018660110772043513,0.3109046694163565,0.0245861675715647,0.018688512616790824,0.0,0.0,0.044904489843202916,0.9989912846426248
0.025280936399172265,0.021335389176431945,-5.733096399007654e-05,0.0,0.0,-0.008844361048600166,0.11963109604011364,0.7834203558472487,-1.522946909070015,-0.07869578346323516,0.8620056535762091,-1.7145602794793935,0.10564049576910645,1.1134015046633208,-1.6005938262320483,-0.17278195817310063,1.0768358890826888,-1.6458256476773667,0.12929854276948247,-0.8341415106103967,1.3908753982530189,0.0007897907299383659,-0.458579047726324,0.018876396576300795,0.029608879399557527,-0.02757237451330114,0.025280936399172265,0.021335389176431945,-0.008844361048600166,0.28263980393799454,0.18515569840135077,-0.17826944690776844,-0.29601051171677983,0.19076633529630488,0.16374153575742248,-0.2719429757118822,-0.2865569302103662,-0.17133120788748923,-0.27156852222604166,-0.26786290371824617,0.18897542891229804,-0.26089510595696874,0.11444512208004581,0.018601046848836886,0.3108824475620636,0.02508184229596875,0.019139010226353993,0.0,0.0,0.0448161352715175,0.9989952522506427
0.02336615131876697,0.02284537443841744,0.0001424744438663361,0.0,0.0,0.002386950249345087,0.11917171211769949,0.7863305386585684,-1.5215223276844392,-0.07639420096977405,0.8595519924822909,-1.7145858574658632,0.10530401435859789,1.1107113063335419,-1.5960228815674782,-0.17764903026489673,1.0717726384217923,-1.6418057119903657,0.13122295498704675,-0.849678630295854,1.3950073650250068,0.0008665397427438809,-0.4555429941974581,0.02056113011069377,0.029503756093058307,-0.027483628059809025,0.02336615131876697,0.02284537443841744,0.002386950249345087,0.28264162177219987,0.18402785440560296,-0.17815440703664182,-0.2962460312612123,0.1914577621337557,0.16311544418105198,-0.2722136325672946,-0.28665911330337157,-0.17131315267109345,-0.27230429535311373,-0.2671609042409402,0.1903902385387928,-0.26101569876807784,0.11254892690643303,0.018650022553008794,0.31123766368056577,0.025516926196779904,0.01962904847683742,0.0,0.0,0.04483998077841497,0.9989941822271996
0.02181296639917601,0.024069980089796775,0.0003043696499213655,0.0,0.0,0.0062955045599717915,0.11910312665769686,0.7897478903715426,-1.5202133174125965,-0.07448270974250942,0.8565734143440541,-1.7143048827464764,0.10517444791129002,1.1072621299670293,-1.591387551564437,-0.18210270284460134,1.0672846390650823,-1.6374349020994627,0.1332791181137928,-0.8650371409379516,1.3985370305868294,0.0010243472464096014,-0.45220013707876217,0.02222051883402922,0.029394138604402546,-0.027392297624968566,0.02181296639917601,0.024069980089796775,0.0062955045599717915,0.2826455029157492,0.18275991638246922,-0.1781519573111037,-0.296404377647237,0.19225315551058006,0.16259857694624016,-0.272485353374604,-0.28655641764048073,-0.17135905599660572,-0.27308953266045155,-0.2666803973534438,0.19170070324797941,-0.2611836926174349,0.1107235481053171,0.01872623065715289,0.3116975439781365,0.02593086144098868,0.020132885242883963,0.0,0.0,0.04490287241385295,0.9989913573444894
0.01983001593971044,0.025632464909444444,0.0005110113236769799,0.0,0.0,0.01465414812335536,0.11991191319583987,0.7942638144326898,-1.5191622412262054,-0.07345431595324324,0.8524904398677441,-1.7133381014259963,0.10547462325149144,1.1022388995266879,-1.5866809094754548,-0.18560028737052703,1.0641482122815573,-1.6323714188944836,0.13560143630736723,-0.879934310196684,1.4007482872559474,0.0013527063364073496,-0.44819207349792123,0.02381780354279237,0.029275690554641187,-0.027294903183176827,0.01983001593971044,0.025632464909444444,0.01465414812335536,0.2826537965581967,0.18119142441876646,-0.17840309620198697,-0.2963928651145801,0.19326229026685082,0.1623298390189556,-0.27276150304403746,-0.286015655274855,-0.17153840881646773,-0.27397190473024874,-0.2667049652500617,0.19276143680725588,-0.2614630734329885,0.10903817932715994,0.018863897441298537,0.3124208399418248,0.026299548702529416,0.020666243311447594,0.0,0.0,0.04504926560496648,0.9989847664846814
0.01834506906938208,0.02680273849469067,0.0006660702638328076,0.0,0.0,0.02195306939706563,0.1216536494365965,0.7993959566721549,-1.5186352847287288,-0.07355367338571411,0.8478895196547875,-1.7115712380753114,0.10586575612139243,1.0964290453837469,-1.582275414122985,-0.18788772728294134,1.062227032505549,-1.627141416645967,0.13809712485481915,-0.8941985160972064,1.4016988139886122,0.001818172832897221,-0.44362567809338754,0.0253084189294336,0.029150259331800044,-0.027200706759825923,0.01834506906938208,0.02680273849469067,0.02195306939706563,0.28266594336869627,0.17951529007108746,-0.17891991520068834,-0.29616906454925895,0.19430604394000905,0.16237764049869063,-0.27303092844266896,-0.28518767583828664,-0.17174757941670551,-0.2748830546434446,-0.26710425966145646,0.19349554565238808,-0.2618452856598519,0.10749665390528006,0.019051380661720456,0.31338560942741245,0.0266285584657453,0.02122541594032485,0.0,0.0,0.045268572338472986,0.998974852715741
0.01643966186362246,0.028572079905987004,0.0007529331084624168,0.0,0.0,0.02640305715109079,0.12396418404443048,0.8049037932203367,-1.5184278721706226,-0.07434059527272789,0.8429728196217463,-1.7093165827771792,0.10631234374327156,1.0901396045318017,-1.5780535211356785,-0.18943736935034394,1.061046761388962,-1.6218098914967134,0.14069851339221576,-0.9080768185309493,1.4018807021471171,0.002367230619151649,-0.4387188803834411,0.026734000439039222,0.029020570626016706,-0.027108460096105073,0.01643966186362246,0.028572079905987004,0.02640305715109079,0.28268043936875004,0.17777413508947762,-0.17959736961269185,-0.29581014473069017,0.1953726383285529,0.16261886331391998,-0.27329418822053764,-0.2841808643955278,-0.171975102226156,-0.2758089255717757,-0.26773396819563156,0.1940299926856744,-0.26228923470555615,0.10603476784486393,0.01926490071469073,0.31449256204329595,0.026933377754176036,0.021800327123715903,0.0,0.0,0.04553233066187593,0.9989628656083757
0.014655761541840596,0.030421780058163712,0.0007546372496738951,0.0,0.0,0.029467255794566917,0.12746419488953853,0.8102091055076855,-1.5194773444762597,-0.07710929838224097,0.8379610126408247,-1.7061825377436786,0.10637829896922295,1.0846648302215796,-1.5752841148238916,-0.18886732682585716,1.0620415033056185,-1.617936036334588,0.14324827341792673,-0.9200564602819772,1.4003080393259342,0.0031244462141050687,-0.43316080980002886,0.02794598986824544,0.02888472140945781,-0.02701817742154862,0.014655761541840596,0.030421780058163712,0.029467255794566917,0.28269606069303477,0.17630080193229353,-0.1806025054384168,-0.2951132018486442,0.19634639337725956,0.163413040115371,-0.2734628558275061,-0.2831276843528466,-0.17207467482341254,-0.2765627841569792,-0.26872195483420525,0.19394731363604995,-0.2627230811677758,0.10485831675110564,0.019521143007253678,0.3158394832606299,0.027179450002642203,0.022423381084361323,0.0,0.0,0.04582669562794768,0.9989494051090994
0.013271682303879956,0.032090902345770826,0.0006590289278671223,0.0,0.0,0.02808954108923182,0.1312859014142304,0.8151879729703068,-1.5209663100540638,-0.08048270898871117,0.833098964765668,-1.70292267203331,0.10611739254090936,1.0799425430595875,-1.5732623022049665,-0.1876333511900157,1.0637008361518383,-1.6147887371480465,0.14574810652993617,-0.9311885274946688,1.3983712289482355,0.003954540865379371,-0.4274148358963431,0.02908716909587382,0.02874730035546236,-0.02693051876849495,0.013271682303879956,0.032090902345770826,0.02808954108923182,0.282710624858737,0.17500220365464011,-0.1816911028721325,-0.29430882482940035,0.19726382678478113,0.16437583824677912,-0.2735747671336892,-0.2821461096619088,-0.17206831644087742,-0.27721330394766647,-0.2697698590268594,0.1936642654234675,-0.26312212642030847,0.10377234576683585,0.01978343712067684,0.3171596197334474,0.027405732747865837,0.023065760819008563,0.0,0.0,0.04610729412364212,0.9989364931909315
0.01150842412211369,0.0342329165355753,0.0005300801533922318,0.0,0.0,0.02429110977740096,0.13576538885871944,0.8193785145592231,-1.5233982062110534,-0.08512315386906259,0.8286211843100878,-1.699455357514895,0.10508854742735052,1.0769955831078384,-1.5729269101642644,-0.18500148709147027,1.06675303956637,-1.613274861413699,0.1481298565363081,-0.9404389416942228,1.3957389269310694,0.0049410290823568665,-0.4212794172792481,0.030077758889931885,0.02860670725259787,-0.026849156393347166,0.01150842412211369,0.0342329165355753,0.02429110977740096,0.28272242185014945,0.17410389598305007,-0.1829524782840736,-0.29329315567834774,0.1980471715552678,0.1656900792815787,-0.2735639865439759,-0.28135733550983816,-0.17181384724653448,-0.27763441817792966,-0.27091922949073627,0.19295852220273674,-0.2634404933814748,0.10290040843196874,0.020069247187619155,0.31840454393920126,0.027589816085170377,0.023750461105149803,0.0,0.0,0.04634994552351071,0.998925263745976
0.010188984023949582,0.0358391774965679,0.00043355931456240393,0.0,0.0,0.020994230682439535,0.14036300944952432,0.8225351337773296,-1.5266571782815914,-0.09058246466940117,0.824411834948338,-1.6960441377013922,0.10326231741167322,1.075724601888886,-1.574227384936351,-0.18146527850498953,1.0702599332882807,-1.6131552069519575,0.15055321823232445,-0.9476491379050107,1.392960654714933,0.0060675645150835116,-0.4150520976489554,0.030942005544112843,0.02846922644843849,-0.026779676648752335,0.010188984023949582,0.0358391774965679,0.020994230682439535,0.2827318280648727,0.1736624182173876,-0.18422869299249267,-0.29216168956962535,0.19876524254659647,0.16722975177014077,-0.27343750883726115,-0.280745018262476,-0.1713047139533546,-0.2778444698064131,-0.27194326692533355,0.19197898885982387,-0.26370038681032076,0.10222874655409145,0.02039817330317552,0.31940997046682,0.02773729272974798,0.024471821350743984,0.0,0.0,0.046559661176271874,0.9989155109172901
0.008427316737957245,0.0379808439340425,0.0003045039752930246,0.0,0.0,0.01896702385703159,0.14503326854453633,0.8250560078483361,-1.530424708357224,-0.09654528525872866,0.8203675403044774,-1.6926674097776413,0.10094578599987124,1.0754841577548246,-1.576533732505945,-0.17737300049227023,1.074046410047091,-1.6138928406513655,0.15300216640417388,-0.9536048311453599,1.3900926273602705,0.007280213122542648,-0.40876826930504584,0.03172856547798101,0.028333659355457015,-0.026717503376018543,0.008427316737957245,0.0379808439340425,0.01896702385703159,0.28273976422273195,0.1735014906323093,-0.18551013005499262,-0.29095709947226395,0.19944392173098308,0.168908491992643,-0.2732335597845621,-0.2802421227369279,-0.17063953799365683,-0.2779234767684645,-0.27288865489609737,0.19083178506967544,-0.2639205702140863,0.1016788758979376,0.020752116735619046,0.32026926344986,0.02786226040468766,0.025215723318979137,0.0,0.0,0.04674912488205191,0.9989066619673544
0.006760931621413842,0.04010684941840288,4.171787832824015e-05,0.0,0.0,0.013898850314198642,0.14917009606814152,0.8256554631516337,-1.5354768367340932,-0.1032051875864943,0.8161644318785806,-1.689785805172645,0.09784542418156682,1.0773459629943738,-1.5813231830700085,-0.1730304044635537,1.0775685488031461,-1.6163841977428932,0.15569090058740512,-0.9556871287238139,1.3870960380882025,0.008687891507109326,-0.40283822443766093,0.032355803320220165,0.02820741410743302,-0.02666991476032238,0.006760931621413842,0.04010684941840288,0.013898850314198642,0.2827440082238844,0.17414140087990634,-0.1866080191684223,-0.28968383036059114,0.20023871555395184,0.17077075347046597,-0.27284946394702353,-0.27988097035924075,-0.16971433931589686,-0.2776658115481536,-0.27343447319839065,0.18958977546196354,-0.26400387211798526,0.10152406575660132,0.021210052833101293,0.32071330242050977,0.027931021586902294,0.026015897711309095,0.0,0.0,0.046887960972232086,0.9989001547281222
0.005487850384820544,0.04200619648500062,-0.0005456457774236091,0.0,0.0,0.006909757369369109,0.15302567398891995,0.8254703104209442,-1.540846037176939,-0.10992418034360378,0.8118703187658237,-1.6869982303335116,0.09452649395769609,1.0797886550426483,-1.5868721933892138,-0.16882997464675176,1.0806626634529004,-1.6193364110703652,0.15856508136941833,-0.9559974054304453,1.3840864220490823,0.010146305289638854,-0.3972921677363607,0.03294343738637577,0.028082141191519513,-0.02662670177568753,0.005487850384820544,0.04200619648500062,0.006909757369369109,0.2827414329378651,0.17507060063248664,-0.18761166926410572,-0.28841397489966913,0.20107485226713617,0.17264736639817455,-0.2724265541402859,-0.27954496249848637,-0.16871910101062712,-0.27730316900333046,-0.2737717036021635,0.18838453055306367,-0.26404491083170817,0.10154582667468147,0.021723474222989952,0.3209852196117429,0.027981231759230677,0.02683827597558354,0.0,0.0,0.04695698243735336,0.9988969124991719
0.003943855963670818,0.04456896054170549,-0.0016225519804999313,0.0,0.0,-0.010017615981469056,0.15624192708100262,0.8235566596715496,-1.5468492043706086,-0.11670318293349387,0.8073675858859832,-1.6843841600303466,0.0907576322519722,1.0834247022867203,-1.5940153789348328,-0.16501875995443419,1.082714267504903,-1.6232244849491577,0.16187503117208296,-0.9523446994045606,1.3810603865064108,0.011707498019229833,-0.3926665495293072,0.03345174248813866,0.02795812867071408,-0.026592636845844727,0.003943855963670818,0.04456896054170549,-0.010017615981469056,0.28272218239278746,0.17662625712912203,-0.18841408352557526,-0.28716849841485553,0.20199683605753943,0.17453638523533205,-0.27195027887349604,-0.2792530994569297,-0.1675787295771006,-0.2767246751770692,-0.2736395417505187,0.1872813053588496,-0.26400809112212026,0.10196960171532408,0.0223707498790207,0.32087484592869003,0.027991942891206305,0.027709328509025417,0.0,0.0,0.04685691654499561,0.9989016114572523
0.002830782476625926,0.04660866657650749,-0.0026918777551204753,0.0,0.0,-0.03593918821084475,0.15912159238583765,0.8200182172541435,-1.5529367046860547,-0.12311192351178478,0.8029420370092759,-1.6815280346916273,0.08676352917861482,1.0876784422076664,-1.6019498218710606,-0.16190872155129912,1.0831809737361395,-1.6275417707287347,0.16563690897937003,-0.9448493421077728,1.3779857634351804,0.013317135888008536,-0.38903943592539203,0.033929519032916196,0.027841006002675455,-0.026568666046771865,0.002830782476625926,0.04660866657650749,-0.03593918821084475,0.2826765308586451,0.17868269638651782,-0.189113990770716,-0.2859706715333634,0.20286605828964388,0.17632872101306904,-0.2715453473159058,-0.2789888026166544,-0.16637029714725976,-0.2760310792431975,-0.2729797212550073,0.18637820649986028,-0.2639466399142781,0.10278460359261218,0.023152285479927332,0.32041510832273395,0.027971407658277225,0.028627973569270503,0.0,0.0,0.0464979163887339,0.9989183869423499
0.0013797578357847412,0.049328011715490866,-0.004116931142142399,0.0,0.0,-0.05201393037175467,0.16179252954987952,0.8154721929906653,-1.5590765024893558,-0.12929105355690876,0.7985643522384075,-1.678521803795145,0.08262974720519897,1.092315231808103,-1.6103749471501663,-0.15923350350931287,1.082664837487615,-1.6321252236286035,0.16967904084147167,-0.9349710419774055,1.3748810097861748,0.014956816034660167,-0.3860315248513451,0.03438836390761515,0.027728155938138325,-0.026550954919702444,0.0013797578357847412,0.049328011715490866,-0.05201393037175467,0.28261450728258264,0.1810427418625728,-0.18974688799977305,-0.28478979583358016,0.2037035968419443,0.17806166481985725,-0.2711803381641287,-0.27874004424304893,-0.16512362429434232,-0.2752612360244433,-0.271995112992935,0.18559880230966935,-0.26386664432378765,0.10383818319841281,0.024022506677544655,0.3197291078256085,0.02793149562113775,0.029576132176981233,0.0,0.0,0.04597833338459167,0.9989424372100604
-3.504080937512255e-05,0.05194592418077367,-0.005488411093561295,0.0,0.0,-0.09190627726979245,0.1639190693027698,0.808500757584205,-1.5649176105283773,-0.13493533672478336,0.7948688048009689,-1.6741524527852352,0.07839270061455095,1.0973169282078743,-1.6186321867773166,-0.15813290958221143,1.0791937915178447,-1.6366753303087676,0.1748096024832473,-0.9203110908946166,1.3715504390689044,0.01659582180750126,-0.3850851028871078,0.034821479643981613,0.02762457944202022,-0.026540590275544673,-3.504080937512255e-05,0.05194592418077367,-0.09190627726979245,0.2825118536129594,0.18407871360086098,-0.19022751205073882,-0.28373080738878304,0.20416133708899756,0.17968066024555526,-0.2710999242124424,-0.27862308958969256,-0.16385558582464782,-0.2744796746408869,-0.27018538770148703,0.18527176908224752,-0.2637904397928182,0.10537422628519791,0.025140496929636845,0.31876487347668897,0.027845114930711973,0.030597821406375326,0.0,0.0,0.045060223160073555,0.9989842722929947
-0.0011939646240780306,0.05409111770733323,-0.006611310303784868,0.0,0.0,-0.10587689684174056,0.16581004234747246,0.8008326679611435,-1.5704616445761461,-0.14038422458375302,0.7917409759158125,-1.669398168961589,0.07422390264064933,1.1022507372097328,-1.6265719375358179,-0.15769359233001104,1.0748484532993574,-1.6410649064928293,0.18041992497343856,-0.9041554971526449,1.3680047408605998,0.018217127261987813,-0.38497038224998575,0.03525446692499547,0.027524218769170918,-0.02653253865831245,-0.0011939646240780306,0.05409111770733323,-0.10587689684174056,0.2823949708388402,0.18726336170890356,-0.19064018486052622,-0.2827199446903922,0.20440504792385253,0.18125932846733228,-0.2711023431345229,-0.2785422386662545,-0.16261755332475764,-0.27371900621699397,-0.26816289574153335,0.18513051868911432,-0.26369196341714723,0.10705973021711875,0.02637126689932266,0.31776550470577514,0.027743034286406607,0.031645405177886665,0.0,0.0,0.04400250435655689,0.9990314207322767
-0.002550016792990363,0.05666968040187764,-0.007942066384622474,0.0,0.0,-0.13600636738325989,0.16717581221690545,0.7917205645487859,-1.5752914043573232,-0.14540862578612107,0.7899632408068731,-1.6638490786919227,0.07024221695386447,1.1069633135428796,-1.6337280640235314,-0.1587223972265537,1.068678984275231,-1.64505136013031,0.1871026078095803,-0.884842785505148,1.36394307246575,0.019793581790648974,-0.38669129518362194,0.03569057354560265,0.02743078123491544,-0.02652937603684572,-0.002550016792990363,0.05666968040187764,-0.13600636738325989,0.282247401200808,0.19075850926782154,-0.19091400787923982,-0.28185809421240443,0.20415110610920464,0.18274745209968316,-0.27129387874769684,-0.278540731801953,-0.16144581150749665,-0.2730284748758406,-0.2657033285122293,0.1854019276235651,-0.26355041689356523,0.10907603477226895,0.027840838234999433,0.3167426427974596,0.027607314145335786,0.03274888860491606,0.0,0.0,0.04264371731485616,0.99909034294881
-0.003527115159839223,0.05847618092135361,-0.008858120642028788,0.0,0.0,-0.15434762339737115,0.16778449293297643,0.7822231123080621,-1.5790714564231725,-0.14996238720889846,0.7899382809320321,-1.6579026531141539,0.06681005637913658,1.1111140868698175,-1.6397497636767533,-0.16106560760034389,1.0617151085573895,-1.6481951972326407,0.19479424982833168,-0.8636627562630637,1.3593019182578876,0.02126669348217546,-0.3899715171697048,0.03611879960562174,0.027347243543212805,-0.026529656779110573,-0.003527115159839223,0.05847618092135361,-0.15434762339737115,0.2820772881834553,0.1941956802696023,-0.19099236075543247,-0.28121999442120543,0.20333338087961936,0.18412500594691594,-0.271620770403291,-0.2785884429070174,-0.16044203569333668,-0.27243462868423335,-0.26317465127526257,0.18604029838142994,-0.2633546917074249,0.11130134127665452,0.029525527878150788,0.3158382581978784,0.027448251984494094,0.033895256687313885,0.0,0.0,0.04110159431942523,0.999154972436409
-0.004612425751295885,0.06066687128365309,-0.009933628965742847,0.0,0.0,-0.1658184932799394,0.16791968466714025,0.7724846601486208,-1.5821950137615204,-0.1542218071408569,0.7910095192492008,-1.6517077311873438,0.0637215727474541,1.1149135045707226,-1.6450619846582413,-0.16423085657879705,1.0542544052004816,-1.650812055915594,0.20311690215021355,-0.8413148932158951,1.3542983494699001,0.022675173822790357,-0.3942269422113895,0.03654209710657596,0.02726989728398621,-0.026532091025728732,-0.004612425751295885,0.06066687128365309,-0.1658184932799394,0.28189307637512684,0.19759491742274454,-0.19094702021851476,-0.28070871737038383,0.20215712406617992,0.18543518360448255,-0.2720258428652044,-0.27866646361187997,-0.1595436605027328,-0.27190097093697063,-0.2606019329678214,0.18690661590214735,-0.2631134436593315,0.11365774492077034,0.031369177444889394,0.31497461955642136,0.027274591557215903,0.035068445140495876,0.0,0.0,0.03944475409255596,0.999221752852978
-0.0056145992052588755,0.06268358968016217,-0.010910418887551121,0.0,0.0,-0.18252786629728007,0.16674418159975457,0.7636480789201765,-1.5836179776547046,-0.15795423489852015,0.7947176160434117,-1.6454949853225398,0.06175788634349237,1.1173488827278981,-1.648382871913222,-0.16912375682463432,1.0473168310351098,-1.6517706784204795,0.21277598554913224,-0.8176993957649061,1.347854972458803,0.02382660591124125,-0.4009218747512651,0.03692548770833617,0.027211840524194907,-0.026530128588022377,-0.0056145992052588755,0.06268358968016217,-0.18252786629728007,0.2816799430248256,0.20046268384546853,-0.19057241217947685,-0.2806137192564704,0.20020233865354406,0.18660995508627243,-0.2725125639901614,-0.27873069542066975,-0.15897495498416608,-0.2715635411824633,-0.25847111611427864,0.18825039329502324,-0.26276341099602024,0.11625182217164486,0.03349513911672255,0.31471558186880944,0.027073038869555328,0.036299836714393796,0.0,0.0,0.03762083023953681,0.9992920859949247
-0.006468828964591159,0.06433887381923868,-0.011712945818613542,0.0,0.0,-0.1883919534127786,0.16517221354521242,0.7555732858868747,-1.5845369100570679,-0.16157056742276132,0.7989993528104744,-1.6396772093497791,0.06029461120040371,1.1190692914220004,-1.6511421031676805,-0.17452692992698676,1.0410030100208063,-1.65209127504092,0.22271285635920654,-0.7941341930283954,1.340956962452485,0.0248615307590136,-0.4082941726709786,0.037284714169800275,0.027161626610904932,-0.02652784674249303,-0.006468828964591159,0.06433887381923868,-0.1883919534127786,0.2814566596196248,0.2030236482155966,-0.19009661830891658,-0.28063287826793837,0.19812312654698955,0.18774646228251338,-0.2729362310884282,-0.2786991486692783,-0.15855095397214541,-0.2712887145332627,-0.2566275141700744,0.18973172378724132,-0.26235466895971227,0.1188912091846955,0.03572686584813031,0.3146405267914333,0.02686212016627766,0.03755180519790601,0.0,0.0,0.03573817759733473,0.9993611872901716
-0.0074910287842369205,0.06644111772792759,-0.012729479931294916,0.0,0.0,-0.20107428208079992,0.1627683441799421,0.7493248127687436,-1.5844030678272247,-0.16496348046124548,0.8043803895752016,-1.6348747613911445,0.05995598839273533,1.1191485815036755,-1.6527417752032096,-0.18099506838748652,1.0362149329426198,-1.6510095266768565,0.2331736776261374,-0.7708766389494909,1.3330960908474832,0.02563392983462947,-0.41705956965541596,0.03758760192431509,0.027128805057145655,-0.026525365576022662,-0.0074910287842369205,0.06644111772792759,-0.20107428208079992,0.28121142519208103,0.20488130953140013,-0.18941430033954454,-0.28093280878125027,0.19585598359459333,0.18879840003743906,-0.2732165150503958,-0.27842602806023636,-0.15844847239748688,-0.2711498808463651,-0.2554600173105081,0.19150319629236914,-0.2618464340780849,0.12160843746537922,0.03810456908558502,0.31506736285369163,0.02663111585962515,0.038848334771151134,0.0,0.0,0.03372864701824872,0.999431027320204
-0.008329877648001981,0.06801013048233455,-0.013492262671487008,0.0,0.0,-0.2118841259859584,0.15982721287470597,0.7446400507424886,-1.583286905231384,-0.16817663939526448,0.8099604333535984,-1.631062657214128,0.06048963526980235,1.1180823207474673,-1.6534900883069406,-0.1877906323553851,1.0337279100830739,-1.6491632301073809,0.2438695181089525,-0.7489863976549643,1.3243757053636587,0.02615158546429414,-0.42657072777644944,0.03782511994135208,0.0271120858244383,-0.02652396748845394,-0.008329877648001981,0.06801013048233455,-0.2118841259859584,0.280947480422373,0.2061278959464058,-0.18860625549251173,-0.2814687473189724,0.19366394773349335,0.1897758655452209,-0.2733487210087095,-0.27799235119982224,-0.15859379077172384,-0.27110060322434043,-0.25507736114232094,0.19334975705269875,-0.2612261609880818,0.12429708573176981,0.04056249836755328,0.3160301132791752,0.026383985254841927,0.04018320163819366,0.0,0.0,0.031610935608911025,0.9995002494996833
-0.009312578507893448,0.06926642448301286,-0.014756485604895673,0.0,0.0,-0.218702425025351,0.15654722028053727,0.7409415509408483,-1.5815511745615647,-0.17127642400849322,0.8156659946275444,-1.6278751816314,0.06157343917024822,1.1162935393647506,-1.6537014331955175,-0.1947927097969043,1.0326922057339778,-1.646834718493315,0.254713589665838,-0.727958546449932,1.3151132081850219,0.026508569574126825,-0.4365522515816756,0.03802140802592755,0.02710552263082578,-0.026523252519277427,-0.009312578507893448,0.06926642448301286,-0.218702425025351,0.28067173468522155,0.2069902458905053,-0.1877172358121579,-0.2821548221962036,0.1915186330258579,0.19070530974446467,-0.27338204457411364,-0.2774571522331408,-0.15889543326286193,-0.2711069095649034,-0.25519083529653497,0.1952422803709353,-0.2605311689977663,0.12697418461477164,0.04310040836718767,0.31730644350249515,0.026126683488165818,0.041542248563088746,0.0,0.0,0.029424928726291343,0.9995669930372114
-0.01023239125253106,0.06988787135428434,-0.016139239932481952,0.0,0.0,-0.21050089708191155,0.15327584184706214,0.7387155569516696,-1.5780259978312712,-0.17404772083346656,0.8216808541462971,-1.6270653834709754,0.06316210558781256,1.1136013108950396,-1.6528952419757843,-0.20106688643304194,1.0357077098809755,-1.6445879695507197,0.26566771790385235,-0.7098183580316032,1.3046359706383486,0.026489914144174412,-0.44673471611279697,0.038110629870341375,0.027121292642102793,-0.02652344207924146,-0.01023239125253106,0.06988787135428434,-0.21050089708191155,0.28035722099817717,0.20715378840984938,-0.18687344366584474,-0.2831331085829155,0.18962992492253297,0.19148085041374702,-0.27308642096124824,-0.27685786988157723,-0.15934569288771427,-0.27123954023980396,-0.25644296914484394,0.196890505973293,-0.25967398791193474,0.12950200175861623,0.0456536812152929,0.31942599911291397,0.025849144995355837,0.04292714853699389,0.0,0.0,0.027320766047088052,0.9996267182016496
-0.01101081150036579,0.06970251314779126,-0.0174802853367656,0.0,0.0,-0.20029086236432803,0.15004158414040625,0.736819707788527,-1.573942422723541,-0.17680024695940885,0.8278019430402379,-1.6272513691622477,0.0647539303709681,1.1108195817527864,-1.6518644263538032,-0.2069738706788764,1.0400421102173052,-1.642568179907707,0.27661695395811237,-0.6930849554303748,1.29387331682329,0.026346695730283573,-0.4567550576220337,0.03814854901821281,0.027145711899860404,-0.026524650239690136,-0.01101081150036579,0.06970251314779126,-0.20029086236432803,0.2800261650879223,0.20713770149698096,-0.1860489352844031,-0.28419385289026355,0.18785788160427194,0.19222200062224276,-0.27263048091915854,-0.27627393186678556,-0.15979947793821186,-0.2714013429708715,-0.2580319172679151,0.1984145547495741,-0.2587467780471949,0.1319207839587993,0.04823252122482549,0.32179298710861076,0.025565304659092087,0.04431123394393719,0.0,0.0,0.025318550272143463,0.9996794341248183
-0.011908352380176495,0.06941811477624257,-0.019193565150579794,0.0,0.0,-0.17506296635255858,0.14690219023479867,0.735560754314065,-1.5686777471922912,-0.17955282466629374,0.8341523350144807,-1.6296641041453068,0.0662791383667634,1.1079399004005468,-1.6504026003755057,-0.21203769349421442,1.0471921594670186,-1.641124085164987,0.2875372144178701,-0.6795672119523471,1.2825514224286263,0.02593652014799703,-0.46632574226420653,0.03806946002161847,0.02718922335994788,-0.026528362493711308,-0.011908352380176495,0.06941811477624257,-0.17506296635255858,0.27965800958470655,0.2067578897699567,-0.1852742117782701,-0.2854290954796678,0.1863545076911298,0.19289967071571074,-0.2718304835879128,-0.2757406280280734,-0.16023951232053915,-0.27162328481606746,-0.26032043716060643,0.19965982705089783,-0.2576814415073396,0.13405832389781117,0.05076208399412667,0.32477918542564166,0.025268141126546725,0.04568937948295989,0.0,0.0,0.023568443003784443,0.9997222256678989
-0.012634589149673334,0.06919508410588632,-0.020479169101095263,0.0,0.0,-0.15368915567897012,0.14385405940433538,0.7346531530269064,-1.5626273362968977,-0.18212184379808602,0.8406026045290323,-1.6343065708015974,0.06739665327880244,1.1055395263605392,-1.6490661511914089,-0.2165039881634024,1.055704004346178,-1.6405911462811322,0.2985113903951759,-0.6683864193753555,1.2709470041669333,0.025350828252087995,-0.47517660285274566,0.03788216034165369,0.02724046366683279,-0.02653535433525506,-0.012634589149673334,0.06919508410588632,-0.15368915567897012,0.2792584224818991,0.20615486266481065,-0.18453707602612582,-0.28677261080593097,0.1851624564410193,0.19346197362471335,-0.2707174435709536,-0.2753166696659828,-0.16056601231321013,-0.2718371709140561,-0.2628317860439469,0.20069788186249238,-0.256488818671898,0.1359463505157579,0.05326881873288374,0.3281234673118922,0.024958649950209435,0.047062427083101974,0.0,0.0,0.022031950521252622,0.9997572671184887
-0.013550837773092744,0.06890700788723993,-0.022192870696575995,0.0,0.0,-0.1400941622375801,0.14086397787412774,0.7339690347703604,-1.5560771461862783,-0.18457410763949156,0.847116402708567,-1.640367293013976,0.0682548486555998,1.103444023201099,-1.6478094498698528,-0.22059021574946547,1.0650820405437396,-1.640637762271441,0.3095198601770859,-0.6586920808141049,1.2591628821996543,0.02465349647144859,-0.48356960814159644,0.03762603157128279,0.027296620027090494,-0.026544432209518094,-0.013550837773092744,0.06890700788723993,-0.1400941622375801,0.27883884282066274,0.2054066094775419,-0.18382044007334244,-0.28818160343367377,0.18417205660550312,0.19394764417014415,-0.26940413333822544,-0.2749622525545521,-0.16082024282168172,-0.2720461257624604,-0.2654801608581906,0.20159829936251206,-0.25520387815639795,0.1376534339723288,0.05576967181516216,0.33169749759700107,0.02464131758405039,0.048432232059824915,0.0,0.0,0.020631327333097676,0.9997871515139983
-0.013983962035755153,0.0684142313612915,-0.023177511488589594,0.0,0.0,-0.10708748591464487,0.13836805574381011,0.7340881237760186,-1.5488577066705778,-0.18623033450701487,0.8530478385062171,-1.6492744678488143,0.06827135762880342,1.1016652274590273,-1.6474608276039362,-0.22388268398264274,1.0744760032170093,-1.6419212445616722,0.3208288747029234,-0.6527518352780205,1.2477888669818642,0.02374179521351696,-0.49041337562868215,0.03719570908176069,0.02735727363436196,-0.0265501959343405,-0.013983962035755153,0.0684142313612915,-0.10708748591464487,0.27837070765403604,0.2043088953794828,-0.18325440812994312,-0.28962696639434254,0.1837865444873109,0.19413489641640747,-0.26778630313877594,-0.2745292905252437,-0.16083719084054948,-0.27222641543660175,-0.2679030130156512,0.2022524974841531,-0.25387844256928593,0.1388291334518051,0.058178180409819584,0.3355511428523669,0.02430337063896542,0.04979399998690214,0.0,0.0,0.019560668578316103,0.9998086718191482
-0.01317480670763791,0.06739378114854959,-0.02215979352163666,0.0,0.0,-0.09646871389916314,0.13603207938229814,0.7346495358416667,-1.5416592431183047,-0.18765521658441192,0.8582360105445751,-1.6588216859560743,0.06806302830003777,1.099748916637439,-1.6475656170111437,-0.22699226729141972,1.083436605448906,-1.643435943298615,0.3323179613082452,-0.6479971494812232,1.2366612198261118,0.022774875284924844,-0.49662600085139263,0.0367012426006393,0.02741876213202396,-0.026556433675488312,-0.01317480670763791,0.06739378114854959,-0.09646871389916314,0.27791174236111915,0.20307031428352812,-0.1827276417158389,-0.2910427282086916,0.18371608690448268,0.19423773433615862,-0.2661086258350509,-0.2739745760706121,-0.16079023585829533,-0.27239340791131395,-0.27015288406223065,0.20285046875597088,-0.2525671202926968,0.13977446049423464,0.06057808101799516,0.3394359803729648,0.023975349380634732,0.05114482851842272,0.0,0.0,0.01859615690937057,0.9998270765228365
-0.011045828825860438,0.06558188423015007,-0.019259885168419755,0.0,0.0,-0.07382358363077322,0.13403766392730182,0.7362431306391954,-1.5346197281032803,-0.18859870778396723,0.8615704122930764,-1.6696005612611768,0.06739742774516345,1.0974236223846674,-1.6487152874469757,-0.22974687372334296,1.0912610851228235,-1.6453631427139044,0.34423136757686706,-0.6457600109279156,1.2261142805218699,0.021696843643439958,-0.5014285203069447,0.03606606845278294,0.027481735276523978,-0.026564426807453856,-0.011045828825860438,0.06558188423015007,-0.07382358363077322,0.2774843159131706,0.20152861413468073,-0.18229161601045918,-0.29238695496539074,0.1843632171205094,0.19417562371646016,-0.2643286261007648,-0.2731144787335694,-0.16061297428278137,-0.2725296999754925,-0.2720000335334903,0.203358509206073,-0.2513355324745999,0.14027366585779846,0.06292586285460795,0.34336668343938137,0.023676498967688538,0.052468290086835595,0.0,0.0,0.017858043663990162,0.9998405324232935
-0.008616824839903453,0.06379508837717027,-0.01579407208527478,0.0,0.0,-0.05698836738121618,0.13216299277085525,0.739152655005455,-1.5283442070850959,-0.18897946666066462,0.8626465453551366,-1.680868148803711,0.06642143012812504,1.0941908130278954,-1.6508868107428918,-0.23229739270531213,1.0977107676175923,-1.647503729049976,0.3562807486607478,-0.6452254595664831,1.2166546170528119,0.020562792626711037,-0.5048355311155319,0.0353240415883752,0.027536657817948323,-0.02657540088806015,-0.008616824839903453,0.06379508837717027,-0.05698836738121618,0.27714134695438236,0.19968516559231464,-0.18187044634684224,-0.29359782844921034,0.18572066206546778,0.19394996105331283,-0.26256635275081563,-0.27181493283959596,-0.16034799099377606,-0.27265686970774966,-0.27341597779390703,0.20382707797608035,-0.2502077655350258,0.14039091303329732,0.06518591117556868,0.3470301214033451,0.023440119846222494,0.05375065267659151,0.0,0.0,0.017288247968291013,0.9998505470730048
-0.005367915497913376,0.06141743904888537,-0.011175724032978783,0.0,0.0,-0.04618947144193674,0.13036513127959692,0.7429062789306045,-1.5225587480056744,-0.18899926236973932,0.8622741179110912,-1.6924492195248604,0.06524632913239586,1.09037588049586,-1.6537137988668222,-0.23471700032958046,1.1032785900796835,-1.649781191864839,0.3684173504320475,-0.6457830282787864,1.2078923838069806,0.019392808129151277,-0.5073473965749145,0.03451347433012695,0.027586416321215577,-0.02658828709032745,-0.005367915497913376,0.06141743904888537,-0.04618947144193674,0.2768525530297596,0.19764370906099085,-0.18145704793683481,-0.294715336002841,0.18751897663856584,0.19361841884502373,-0.260802999674872,-0.2702350945604212,-0.16002627839676836,-0.2727715673903434,-0.27455499017757323,0.2042697847437111,-0.24914790237632148,0.1402421369686188,0.06738100418714683,0.3505254737537256,0.023243812770278264,0.055006652434643075,0.0,0.0,0.016826420441193018,0.9998584257659362
-0.0022481605253746057,0.05914633463096896,-0.006758821949076622,0.0,0.0,-0.020161059481886956,0.12905979077689922,0.7479352889439235,-1.5188938817725732,-0.18803199584810779,0.8579812537019069,-1.703219427798803,0.06352759052354555,1.0845701227394433,-1.6580660784473786,-0.23658448948453253,1.1069413807529669,-1.652237581805541,0.3807392936343184,-0.6481627647120219,1.200916526122735,0.018191773807092637,-0.5078523421230224,0.03354832400173808,0.027622451831120998,-0.02660023155980385,-0.0022481605253746057,0.05914633463096896,-0.020161059481886956,0.2766943179930632,0.1955218728340643,-0.18114393581162508,-0.2954437691816783,0.190284814301193,0.19305372940254736,-0.2593036260445789,-0.26782604150683115,-0.15955394900973421,-0.2729137986721474,-0.2751261856644964,0.2046021887293311,-0.24830284790171017,0.13964723517021269,0.06944929433533692,0.3534434589834221,0.023142861663542975,0.056198734315470435,0.0,0.0,0.016624838047269344,0.9998617978300312
0.0003282176750766841,0.057261195628289914,-0.003091614836683854,0.0,0.0,-0.010968023723627816,0.12812619047382703,0.7529949598157635,-1.5161228363330548,-0.18689765489230362,0.8526005704099169,-1.7131595115822096,0.06169467927135813,1.0780292461411312,-1.6627527946749558,-0.238110686885193,1.1099901205072036,-1.6548589850560977,0.3930433955258475,-0.6510339963894624,1.1946479791345506,0.017000402698893316,-0.5076620441933091,0.03253626361793767,0.02765366994068385,-0.026612393654291876,0.0003282176750766841,0.057261195628289914,-0.010968023723627816,0.2765822001517965,0.19352193935131562,-0.1809206068851155,-0.29597728713580485,0.19320632509928212,0.19246727021142795,-0.2579243861594437,-0.2651571563275415,-0.15904980830614923,-0.27306026786739035,-0.2754941078179918,0.204854835390665,-0.24754160837589978,0.13888490595082006,0.07145221703686955,0.3561077496647026,0.023075283070703827,0.05736820843482677,0.0,0.0,0.016515172868083496,0.9998636152321663
0.003975491134288506,0.054666014912753774,0.00029718234705183866,0.0,0.0,0.009079450768710307,0.12809455308776635,0.7579277109068173,-1.5153678288826575,-0.18548277557755893,0.844984682993247,-1.7210383289135418,0.05964871900729264,1.0698705183771942,-1.6680745247464912,-0.23882509302347898,1.1117269236307878,-1.6578872370032163,0.40527013703607584,-0.6549068414247953,1.1899571378643696,0.01583962733946885,-0.5059618832400212,0.031425453991127714,0.027674396226827342,-0.02662528432511653,0.003975491134288506,0.054666014912753774,0.009079450768710307,0.27657065339959586,0.19187136059808396,-0.1809248169731617,-0.2960869288804013,0.19643447493072436,0.19186585763898337,-0.2568711397464777,-0.2619302373074493,-0.15848786765875406,-0.273239147508615,-0.2754218269841623,0.2049199800638289,-0.24696979919401713,0.13784001392738424,0.0733254434985299,0.35818596494316346,0.023080339243348975,0.05848836628361962,0.0,0.0,0.016605954924710155,0.9998621116239171
0.007066080303426964,0.052517789230779405,0.0017373983819901628,0.0,0.0,0.021481319041617264,0.12936512285915128,0.7615785780004584,-1.5161791102817426,-0.18450153117569595,0.8372790589212227,-1.7258982262932336,0.05798123350653513,1.0605308440728831,-1.673152572260453,-0.2386390176565888,1.112909634382679,-1.6615802435061107,0.41711041832772566,-0.6598564177894821,1.186499904268063,0.014719929047994547,-0.5033050088498455,0.030253130853032856,0.027686425475761868,-0.026638452438279413,0.007066080303426964,0.052517789230779405,0.021481319041617264,0.2765940874456786,0.19086361649670694,-0.18128480920016538,-0.2957921482181421,0.1992484717821458,0.19146193695710445,-0.2562002692077545,-0.2584251912051931,-0.15803304472151114,-0.2734419556667613,-0.2750741488508052,0.20475585284875672,-0.24651352793410547,0.13656241337305033,0.07501951298864248,0.35989019003158773,0.023161602517715294,0.059558923683093415,0.0,0.0,0.016820738111745875,0.9998585213765876
0.01177824024324496,0.04931436398466119,0.001752906693862355,0.0,0.0,0.02950364991994246,0.13147804445515454,0.7644002396040237,-1.518003568626367,-0.18380078988579604,0.8295153873757675,-1.7288052909649334,0.05655856996488115,1.0504272571549966,-1.678072990133212,-0.237870452603182,1.11373392234628,-1.6657032562563052,0.42870071215125216,-0.6655024936279424,1.1838406479129424,0.013626802061200873,-0.5000292703222771,0.029041016796747095,0.027692828918449007,-0.02665180001909343,0.01177824024324496,0.04931436398466119,0.02950364991994246,0.27664014933487546,0.19027303572621176,-0.18187391488069063,-0.29523765459019025,0.20180053751738314,0.19118470418045902,-0.2557764096749101,-0.2547429430805896,-0.15764602601492184,-0.27363761838034134,-0.2745493564285694,0.20444396997214964,-0.246130366440411,0.13513082790091338,0.07658589733943977,0.3613498662229589,0.02329216147504317,0.06059739630346973,0.0,0.0,0.017115732137494028,0.9998535151277899
0.01652396378856198,0.04611570578877738,0.0010081047478766039,0.0,0.0,0.04192356082718936,0.13550719864164976,0.7643368341601812,-1.521098280325532,-0.1850522911856667,0.8239027064007063,-1.7267760877998977,0.05650493318143372,1.038975668211396,-1.6819330155849457,-0.23541461706806263,1.113447620605047,-1.6707718191811671,0.4392514618901678,-0.6722747828238285,1.1830552890896797,0.012632912042765676,-0.4958087208036047,0.027832804453702516,0.027684985227936592,-0.026662037569062356,0.01652396378856198,0.04611570578877738,0.04192356082718936,0.2766642037134331,0.19077692208875377,-0.18300196779955824,-0.2942467935708546,0.203089684605726,0.1915572404511919,-0.25587583528508717,-0.2508748836765609,-0.15764256690409853,-0.2738419011084508,-0.27354720029588725,0.20371381847904255,-0.24599545788973548,0.13349131738468817,0.07784429536095283,0.3622159994892083,0.023564941869923268,0.06154646761178109,0.0,0.0,0.01753490482997369,0.9998462517370378
0.020481746631515838,0.04345243413214721,0.00038797734305262566,0.0,0.0,0.04631947835283371,0.13992812971656132,0.7635946462933834,-1.5244587201338549,-0.18719238701921237,0.8191887340866603,-1.7230805089840524,0.057079241037941875,1.0271563954078236,-1.68543153657363,-0.23227037890599328,1.1128177654284697,-1.6759479825313275,0.4492047337385323,-0.6796623164644607,1.1829819599023232,0.011677682534075137,-0.4913656596954053,0.026658159931405245,0.027673514327034354,-0.0266711801254692,0.020481746631515838,0.04345243413214721,0.04631947835283371,0.2766804735247905,0.1915308402531758,-0.18423369784881877,-0.2931592526934829,0.20390941289641948,0.1922098531366724,-0.2561209955661428,-0.24697076834354534,-0.15781182482921666,-0.27398814897076285,-0.27243411689374303,0.2028182756013383,-0.24597575340848735,0.1317620792514676,0.0789239422755502,0.36290458864564534,0.023888032758035332,0.06246406631544232,0.0,0.0,0.017998026517056825,0.9998380224023746
0.02544880287496943,0.04010890004910491,-0.00039181457116010954,0.0,0.0,0.05593222515890701,0.14506759627077437,0.7615332829121214,-1.5283115460322454,-0.19137093500019262,0.8165062769817618,-1.7157799587226832,0.05909586969154097,1.0145858788432984,-1.6881462030399303,-0.22757678500448286,1.111460539440696,-1.6812499079566734,0.45774075073691506,-0.6884997287192023,1.1844891864233291,0.01080869950125747,-0.48648999889309597,0.025572445722690865,0.027654794423142448,-0.02667793099849055,0.02544880287496943,0.04010890004910491,0.05593222515890701,0.2766797228071552,0.19276626705622932,-0.1856576750182617,-0.29189389430388835,0.20368263506054976,0.19350374128608827,-0.25667098403550404,-0.24299242731729645,-0.15838158092132495,-0.27405806416369205,-0.27110212532401123,0.20155133028558478,-0.24622865805510433,0.12985549632185878,0.07962140932359332,0.3632261927604525,0.024321126453847118,0.06331292464165016,0.0,0.0,0.018557255355707326,0.9998277993102928
0.02918826088942878,0.037591119236342604,-0.0009771955844298241,0.0,0.0,0.06392976897677688,0.15003025882805762,0.759579295722338,-1.5326757015517123,-0.19687698416125304,0.8143103770338572,-1.7062894360950362,0.06217161043045606,1.0016056754841256,-1.6907362499489234,-0.22150201805365785,1.1100463259678621,-1.686198571553597,0.4648465095087885,-0.6981100851240065,1.1870308850820248,0.010035386926924392,-0.4815395230857226,0.024622322216880738,0.027631828583812773,-0.02668265829113527,0.02918826088942878,0.037591119236342604,0.06392976897677688,0.2766648009419441,0.1940427753752128,-0.18700874676278917,-0.2905661052836069,0.20302076549254902,0.1952168155717263,-0.257372104407341,-0.23892193175207505,-0.15924099713268228,-0.273985978079824,-0.2698226427186317,0.19995292416256696,-0.246722963540944,0.12790423517108296,0.0799981440874201,0.3632979603428854,0.024845749130830732,0.06410509161651133,0.0,0.0,0.019196439165782217,0.9998157313842159
0.032373236774138725,0.03404104556886511,-0.001367134973406792,0.0,0.0,0.06914671851017891,0.1548775889767477,0.7576953519422275,-1.5373734065259879,-0.20324898607885605,0.8124318670194882,-1.6953703553344195,0.06593822892038866,0.9883582261032784,-1.6932450052923882,-0.214526287226293,1.1085949385395417,-1.6909167961432383,0.47101928526535625,-0.7082246468187524,1.1902473884133191,0.009324481903324624,-0.4765402441127942,0.023760646951044555,0.027606093044876337,-0.026686065566117086,0.032373236774138725,0.03404104556886511,0.06914671851017891,0.276640634983778,0.19534341458946478,-0.1883080621850819,-0.2891930758747223,0.20206583302257328,0.19721156214276306,-0.2581553626204276,-0.23479194995574657,-0.16028777992092033,-0.2737953879395919,-0.2685784693804905,0.19813612305918424,-0.24736510640256001,0.1259317127346557,0.08016333932200463,0.36319798576967266,0.025430077798843667,0.06486027780920267,0.0,0.0,0.01988777434601573,0.9998022186570512
0.03418419929149496,0.030505031382082992,-0.001469639559778524,0.0,0.0,0.0795327188608915,0.15841700695455072,0.7576551586389542,-1.5433565601706505,-0.21011932566761968,0.8099881485104561,-1.6824210435152054,0.07034926488995549,0.9751276746392251,-1.6961043924093246,-0.2056325757876039,1.1089195758104324,-1.6943956390023232,0.47442482598125935,-0.7194557785987853,1.1950181648135185,0.008814399421680722,-0.471544586122036,0.023210025159642104,0.027575368178077042,-0.026688980404287577,0.03418419929149496,0.030505031382082992,0.0795327188608915,0.27661011554300785,0.19626778013595844,-0.1891902955633072,-0.28781018356404703,0.2009783770419027,0.1994165663156473,-0.25915334588197747,-0.23061280977256812,-0.16150324460657062,-0.2734164581545603,-0.2680452820974639,0.19584297154869465,-0.24828590000797152,0.1239600939646017,0.07978867172488999,0.3627282231732394,0.02608550491277128,0.06551715265959501,0.0,0.0,0.02068293794378474,0.9997860851592272
0.03423562446176432,0.027369184148264367,-0.0012330495967313728,0.0,0.0,0.08263756880250016,0.16142459460892356,0.7579987545569356,-1.5500147600586598,-0.21666949364141774,0.8074760327402216,-1.6690868766835103,0.07473699123455353,0.9624272405098264,-1.6990017637323875,-0.19628380735118234,1.110319501075607,-1.6974305973316615,0.47695235868629354,-0.7309189797020875,1.2001393096378217,0.008389837795850607,-0.46667799622250294,0.022781542811292008,0.027542906233485646,-0.02668885722792206,0.03423562446176432,0.027369184148264367,0.08263756880250016,0.27658184940138686,0.19717135161661994,-0.18989522111952448,-0.28639691962722463,0.1998396830026509,0.20156877999878312,-0.26022683842347316,-0.22658167149784664,-0.16270482333581734,-0.2729494648357556,-0.2678860641939298,0.19342618610257908,-0.24922298359345807,0.12202441096812251,0.07925648501153659,0.362171170455781,0.02674581199803819,0.06613598537380593,0.0,0.0,0.021509129795628978,0.9997686519067474
0.034140219139365185,0.023430892438128664,-0.0009037330388442232,0.0,0.0,0.0891542498163578,0.16323180432216478,0.7590478645780911,-1.5582635024419198,-0.22226738055738118,0.8048804443902694,-1.6550776276450891,0.07894677443143265,0.9511531418046126,-1.7019389286064184,-0.18605062333293834,1.1143015219041934,-1.6994900660446057,0.477606752099326,-0.7428084881259844,1.2059275570970316,0.008159998665527943,-0.4621587654289145,0.022626830184330735,0.02750665171053977,-0.026680630613834813,0.034140219139365185,0.023430892438128664,0.0891542498163578,0.2765607935591386,0.19809266279876658,-0.1902112163825661,-0.28491476257997284,0.19861149696664968,0.20351241790911087,-0.2615199812913006,-0.22295109016508208,-0.1638476752153364,-0.27239246039616444,-0.2686047311512654,0.19076881173323712,-0.2501854455597106,0.1201600384275037,0.07840902789476326,0.36147943949767,0.027406578690995675,0.06666980370377691,0.0,0.0,0.02240045748888917,0.9997490782712872
0.034078773422434074,0.02045958894896986,-0.0006566218172132654,0.0,0.0,0.09454298112604481,0.1642703058807036,0.7589153269878947,-1.5676866039060628,-0.2262169975751581,0.80400701934615,-1.6417345675424888,0.08273190638731015,0.9423171643597577,-1.704096824503862,-0.17592398555447858,1.1200365852564573,-1.7017072085291147,0.47690850854493105,-0.7545313091518786,1.211990224197507,0.008097977679706393,-0.45800088833157837,0.02271607240814214,0.027467453742596824,-0.026663969897736724,0.034078773422434074,0.02045958894896986,0.09454298112604481,0.2765457000798331,0.19953910306736913,-0.1902726763770392,-0.2833516267855891,0.196956940364383,0.20501561357141226,-0.2629464940344495,-0.2201329272613752,-0.16487261699021735,-0.2718829417350807,-0.2697692963839655,0.18810696499018423,-0.25095311456113045,0.1184213271143719,0.07738137861459841,0.36069142618301403,0.028068071811083842,0.06713344566882229,0.0,0.0,0.02334564006007999,0.9997274534042692
0.03398649313586474,0.01652365637939154,-0.00032730525932611615,0.0,0.0,0.09808775802943911,0.16480314559661424,0.7580054929623237,-1.5778822073569663,-0.2290823706067525,0.8042664459118476,-1.6288297313910267,0.08623769965309355,0.935085000900122,-1.7057421115728524,-0.16586743467129214,1.1269248127937315,-1.704028069972992,0.47532049050697917,-0.7661444819890534,1.2182334065437315,0.008146348695915477,-0.4540807123367604,0.022965789915850524,0.02742631955502125,-0.026641761167691305,0.03398649313586474,0.01652365637939154,0.09808775802943911,0.27653452868645007,0.20131947878861647,-0.190165776754787,-0.281724514030856,0.19500919872987313,0.20622569358994103,-0.2644523571271533,-0.2178480045003019,-0.16582026755342824,-0.27141092825372704,-0.2712230037713306,0.18544439549212569,-0.25157759443206457,0.11676833463645513,0.07624368573099596,0.35983206956212643,0.028730042780248002,0.06755092510810265,0.0,0.0,0.024326239074863077,0.9997040732599186
0.0337622235638475,0.012841773483718498,-0.00024699032879771377,0.0,0.0,0.106448225452677,0.16444015982919016,0.7540257723572164,-1.5882558634934514,-0.22896532769888067,0.8096731073008132,-1.6189995660231666,0.08968333908034339,0.9322309194562527,-1.7051352094858885,-0.15747129533869733,1.1345488040779643,-1.7068226679873006,0.47223968370459407,-0.777085858898667,1.2242392522211256,0.00844933952724274,-0.4509086955267077,0.023541208634224636,0.02738332960647173,-0.026609603467827234,0.0337622235638475,0.012841773483718498,0.106448225452677,0.27653260786946005,0.2040272537650376,-0.18979356743631673,-0.28014991022475044,0.19196909112028515,0.20653826954204885,-0.26594509440823144,-0.21714018696722345,-0.16676889716899293,-0.27115559947887435,-0.2727834447554883,0.18318325753901307,-0.2518285242154555,0.11532893495080082,0.07496641347891088,0.3590340800288349,0.0293937754154635,0.0678597311847485,0.0,0.0,0.02539039253831843,0.9996776120163691
0.03318497989236683,0.009949019212794492,-0.0008522729890853009,0.0,0.0,0.10662745729799661,0.16358868817154035,0.7494252182256718,-1.5980669618226013,-0.22781643744271543,0.8163789705588266,-1.6107127271019497,0.09336018938427926,0.930645827920391,-1.703854057364739,-0.14992045926359995,1.1417824663221834,-1.7095074011729314,0.46881943418142896,-0.7875598104527362,1.2299562394618988,0.008838667708914717,-0.4481100364803122,0.024214348531901245,0.02733865613117814,-0.026572282739485115,0.03318497989236683,0.009949019212794492,0.10662745729799661,0.27652464907329816,0.2068101816755551,-0.18929434370622364,-0.27869284069768474,0.188745157539987,0.20651189243256127,-0.2673333601825589,-0.21689196965923885,-0.16778616442921276,-0.27093673457817663,-0.2742500728545974,0.1811458878679012,-0.25197971102354466,0.113992357673012,0.07369796626239533,0.3582966380733637,0.030052714273691737,0.06813249052860415,0.0,0.0,0.026456308923489668,0.9996499705987816
0.03210537321822351,0.006524340577994658,-0.0022022877461627672,0.0,0.0,0.10555526513101575,0.16157384247232517,0.7437065730157955,-1.606312486844567,-0.224413577395563,0.8256629883096767,-1.6060558468676531,0.09767805804641766,0.9317001572165351,-1.7011566931525102,-0.14436221738847413,1.147815590724349,-1.7118044541432307,0.46475320785807883,-0.7968859398880829,1.2349307090044022,0.009415644482942288,-0.4461887176864996,0.02509287807893436,0.02728974330238998,-0.026522755484060887,0.03210537321822351,0.006524340577994658,0.10555526513101575,0.27649851694989663,0.2096757801345264,-0.18850730446784122,-0.27759817956349686,0.18528225211226187,0.20574300437261395,-0.2684972489999163,-0.21760419387039015,-0.16899112854369622,-0.27078023603985524,-0.2754568442438824,0.17963537495786785,-0.2519821478608324,0.11287955882558054,0.07245136357176184,0.35774947485085334,0.030698266646000904,0.06832734644054793,0.0,0.0,0.027511477361637292,0.9996214876708984
0.03101691130531648,0.004087440000071611,-0.003692104767721859,0.0,0.0,0.09842163627643336,0.15858583094982007,0.7389004161724678,-1.6129565525513427,-0.2190724129860219,0.8344960596698979,-1.604206431370515,0.10243874372771145,0.933433420669574,-1.6984450582128305,-0.14073330156791672,1.1524818631318898,-1.713219000169864,0.4603921534636847,-0.804934667280087,1.2391050291749146,0.010120795533741596,-0.44494279760580796,0.026080963398831376,0.027239321999681685,-0.026467541564041033,0.03101691130531648,0.004087440000071611,0.09842163627643336,0.27643655756345165,0.21202410255068704,-0.1874947380841595,-0.2768803318761965,0.18237219337023086,0.20434760725881781,-0.2695279072402267,-0.21851182701091196,-0.17031506390241266,-0.2705464522354003,-0.27645213134844443,0.17864384514509618,-0.2519255201241246,0.11198017690297271,0.07128101830603092,0.3573681891356154,0.03132063110108271,0.06846370365327367,0.0,0.0,0.02849530786143621,0.9995939262670026
0.029564684990875625,0.0008570586190602943,-0.005677114957228224,0.0,0.0,0.0936897008840359,0.1549522860978659,0.7346995432789509,-1.618538316912376,-0.21244550668276282,0.8430300032576689,-1.6042193008156924,0.10749316469837832,0.9356170437800196,-1.6957239570239415,-0.13838417203022313,1.1562414570496633,-1.7140481499238656,0.45583552978216463,-0.8121360513166739,1.24274858359534,0.010910968854799497,-0.44414489200482005,0.027141720714728118,0.0271879000759397,-0.026408555489839412,0.029564684990875625,0.0008570586190602943,0.0936897008840359,0.27635083275918776,0.2140311844744901,-0.18633482729794332,-0.2764118074110663,0.17983671728724218,0.2025354969691205,-0.27046361308543004,-0.21955036814639545,-0.17171745943917793,-0.270255685822697,-0.2773082483307895,0.17799564991831085,-0.2518329807136768,0.1112196984455162,0.07016299388920978,0.35709682928049163,0.031927614237737045,0.06856125672885145,0.0,0.0,0.029431811914759264,0.9995667903884233
0.02818240683871974,-0.0022120407774995168,-0.0075635706217810905,0.0,0.0,0.0826088767382431,0.1499492074362934,0.7333543995538583,-1.622428897768259,-0.20309537362593874,0.8462286631648357,-1.6082609247129698,0.11252794733557561,0.9372129357204987,-1.6948146903170989,-0.13824174685690266,1.1585912973834918,-1.7129957587099993,0.45134771120949435,-0.8170237008195657,1.245044345752551,0.011860648342497787,-0.4446281435397955,0.028285267001662687,0.02713076838811573,-0.026343938939345,0.02818240683871974,-0.0022120407774995168,0.0826088767382431,0.2762094729651625,0.21495702267691116,-0.18485074669981608,-0.27644986052623244,0.17951542811887908,0.19987234213119812,-0.27129159215610404,-0.22014247460863218,-0.17308662221142185,-0.26971099282045174,-0.27812837997266515,0.17794853764398955,-0.25177089244785456,0.11078940775284002,0.06924295903658477,0.3571228191079908,0.03249915260284279,0.06856750782865745,0.0,0.0,0.030257532770078373,0.9995421360356289
0.027019379977584284,-0.004805550617580451,-0.009151883065126876,0.0,0.0,0.07866162383472594,0.14469585103842508,0.7324817419195404,-1.6261961531753724,-0.19278756973262032,0.8473566844342993,-1.613380912404794,0.11723751212076207,0.938892302246621,-1.6947930084111598,-0.13882584285993985,1.1609199888144548,-1.7115664143974965,0.4469789932840146,-0.8210000000320948,1.2468971909525302,0.012846451000838813,-0.44557472848548335,0.02943920666047442,0.027071742694645833,-0.026277317873721655,0.027019379977584284,-0.004805550617580451,0.07866162383472594,0.2760482899343165,0.2157233664490138,-0.18330446567884007,-0.276540864759778,0.17997575527848583,0.19692173267521756,-0.27210971540534884,-0.22061977713977618,-0.17435050224203777,-0.26906995350333185,-0.2790118666282549,0.1780899026228407,-0.25165348423457085,0.11047723540298746,0.06841156930999034,0.357228640211524,0.03305819841065945,0.06854112428398086,0.0,0.0,0.031043779484042112,0.9995180257280737
0.02596986705639409,-0.008299606758036655,-0.010644105406334979,0.0,0.0,0.06995865527212114,0.13902064914313653,0.7323527972285564,-1.629953602185616,-0.18037506135610448,0.8438262738860571,-1.620683321586022,0.12105594353320502,0.9409159152553631,-1.6968607707665517,-0.1409792048999896,1.1634652075859215,-1.709466406932244,0.4429246175747652,-0.8229192632895249,1.2477938337967946,0.01390057641905373,-0.44754668497122246,0.03060561407787294,0.02700861761919581,-0.026206277866059773,0.02596986705639409,-0.008299606758036655,0.06995865527212114,0.27584339764255744,0.2162672365643034,-0.18164651804312887,-0.2766958351947361,0.1821438142316704,0.19334782464671194,-0.27294218421956756,-0.22086712340489448,-0.17533419009633724,-0.2682279552986697,-0.28007649453462,0.17863294816206815,-0.25137975717943994,0.11043206576986858,0.06777416545133835,0.35750377867486627,0.03358977352483914,0.06844272665106334,0.0,0.0,0.031743021257298845,0.9994960633246429
0.025549812900613224,-0.011174626197971509,-0.011310814163432993,0.0,0.0,0.06398482439261284,0.13395887450315064,0.7300450531765819,-1.6342599708586931,-0.16645669215358808,0.8393251542001963,-1.6297791339457035,0.1232638646615669,0.9446860635653138,-1.7002526577562094,-0.14423191640526054,1.1659760680049658,-1.7086817845702171,0.4394597853533924,-0.8230440095067024,1.248134359717369,0.01496689005580264,-0.4502017279155552,0.03173164802137761,0.026944736804580316,-0.026132865546969697,0.025549812900613224,-0.011174626197971509,0.06398482439261284,0.2756225257180631,0.21751822680094668,-0.18014166155130057,-0.27661535186772634,0.18485324023043131,0.18931774277188507,-0.27366756178229595,-0.22139808283483584,-0.1758529306885848,-0.267352242212399,-0.2808916438755534,0.17943073240963833,-0.25081657298964194,0.11059150253879246,0.06733856468607625,0.35779867703735235,0.034115965419914566,0.06827572477050126,0.0,0.0,0.03238254056033942,0.9994755480084834
0.025623416119499618,-0.015409562684253416,-0.011432705482897208,0.0,0.0,0.05998896172753351,0.1293074190974809,0.7262799182476906,-1.6389335098748024,-0.1515310581845161,0.8341747307433532,-1.6400745470936482,0.12439452138586111,0.9496244629128621,-1.704530246842366,-0.1482199787233884,1.1684639462484763,-1.7087770184645286,0.43638929660217124,-0.821968409877557,1.2481029010736024,0.016041356347089336,-0.4533136848790141,0.03283067629672586,0.02688035047881735,-0.026057866397492874,0.025623416119499618,-0.015409562684253416,0.05998896172753351,0.2753909650760201,0.21923551386674214,-0.17874095207530408,-0.27636801726378807,0.18790666036543346,0.18498791002301085,-0.2742662725529093,-0.22211576322727156,-0.17606103985085517,-0.2664533256425954,-0.281538935113843,0.18039616109295836,-0.2500581860250677,0.11088840454010228,0.06703664705005102,0.3581069366969061,0.03463855649953564,0.06806283376107995,0.0,0.0,0.032982109737596944,0.9994559422191941
0.02594762056652565,-0.01959734515253678,-0.011235380616898827,0.0,0.0,0.052465602355434016,0.12650893222039136,0.7166992867222199,-1.6432155581334462,-0.13616840333606198,0.8320780817705852,-1.6545684920767179,0.12306290795095266,0.9594616601960017,-1.7096615736014567,-0.15330733489603374,1.169524442261228,-1.712366220756219,0.43399440590292215,-0.8186125897874053,1.2474888700705309,0.01705036996505581,-0.4572370723964503,0.033836354080659256,0.026818397020598732,-0.02598469632301623,0.02594762056652565,-0.01959734515253678,0.052465602355434016,0.2751652174987472,0.22257954044188258,-0.1778428979948368,-0.2757610930710862,0.1906569075571638,0.18045740578827865,-0.27416549733016926,-0.2240649110449813,-0.1755794757708765,-0.2656017759337959,-0.28116313012858873,0.18159307339288794,-0.24889820823519182,0.11145348416196263,0.06697114549311921,0.35838736027143847,0.035179309242476635,0.06772825565153304,0.0,0.0,0.03350647577856632,0.9994385003995495
0.026218369478416166,-0.023140209185758077,-0.011068355077162306,0.0,0.0,0.04977981130364368,0.12433705840689632,0.7054301130657014,-1.6469085319684102,-0.12108600200512101,0.8315184741066052,-1.670632758965859,0.12113352821996581,0.970998908464725,-1.7149950535251544,-0.1588632827624678,1.169829981831404,-1.7169294769947345,0.4318082700841702,-0.8145387106789993,1.246769243134902,0.018021872670103144,-0.46134350033333665,0.0347992531919422,0.026759112647806223,-0.02591224629073762,0.026218369478416166,-0.023140209185758077,0.04977981130364368,0.27494154985134417,0.22631725927899743,-0.17712238890006893,-0.2750753092894004,0.1931492772096053,0.1760047579021879,-0.2736686783335568,-0.22644163728033037,-0.1749300450193501,-0.2647269805124524,-0.2804086034463162,0.1828911483191509,-0.24762762395885235,0.1121029657808999,0.06697544430682666,0.35861855065306153,0.035726632385586314,0.06735021409650262,0.0,0.0,0.03400399022665897,0.9994216971072147
0.026560225855283184,-0.027553475077287077,-0.010860193735703906,0.0,0.0,0.04384193272062863,0.12353066701549466,0.6906485185743527,-1.649043286935641,-0.10687163277851591,0.8346115022611159,-1.6902094729817827,0.11804273434413173,0.9862669322353139,-1.7207170233417015,-0.16549858101643608,1.1683266876408687,-1.7234906061337543,0.43006519310606217,-0.8089319581452472,1.2458744592104967,0.018902389608019085,-0.4657938795952269,0.035662191942369977,0.026706754561298743,-0.025841426359525382,0.026560225855283184,-0.027553475077287077,0.04384193272062863,0.27472248329566074,0.2308528891970083,-0.17679117660174237,-0.2742998425907829,0.1950550180003887,0.1717713950027491,-0.27240217286516893,-0.22977225384324454,-0.17395310100377237,-0.26378941802343614,-0.2788115794010083,0.18443384750151892,-0.24613422472120788,0.11293229563680707,0.06712775557141903,0.3587200217429587,0.03628853112996483,0.0668760688814263,0.0,0.0,0.03444215274672083,0.9994066930505177
0.026810816648343217,-0.030870333596463097,-0.010704241084077974,0.0,0.0,0.039020425996316256,0.12347168303453004,0.6764349296975598,-1.6489811244492347,-0.09407575115060034,0.8386045308926929,-1.7119226020116067,0.11479504562269618,1.0024528681085656,-1.7267594383313105,-0.1726667768178649,1.1654508377497015,-1.7299283393300495,0.4285794649846279,-0.8025701846927407,1.2448669964304337,0.01970051426906137,-0.4703714975800651,0.03643994906451551,0.026660657671387665,-0.025777225884107444,0.026810816648343217,-0.030870333596463097,0.039020425996316256,0.274507142101916,0.23493866991689935,-0.17670719002804533,-0.27376114993656453,0.19696188643633544,0.167948736188728,-0.27051847603040957,-0.2332757237233391,-0.17292782834416098,-0.2627458116886725,-0.2768799827240735,0.18611311859747784,-0.24467181739410068,0.1138510579499708,0.06735753113996348,0.35875627608815064,0.036862395864983,0.06632382983270174,0.0,0.0,0.034832122873714594,0.9993931774912768
0.028736578249753113,-0.036063173031023424,-0.007258314424410384,0.0,0.0,0.03576833843363241,0.12391682284382673,0.6626044587017255,-1.647437148512556,-0.08223663464797545,0.8432046068259156,-1.7350767357991286,0.11144153185439519,1.0192579326148212,-1.7330179925148301,-0.1801944102268091,1.161649203644349,-1.7362828423770573,0.42726731780343336,-0.7956991521641613,1.2437835321403468,0.020443065615836514,-0.4750349376565561,0.03716025146422906,0.02661878393757014,-0.025717490209409825,0.028736578249753113,-0.036063173031023424,0.03576833843363241,0.2742943136522976,0.2387295513029458,-0.17678830576502197,-0.27337613143924583,0.19884729928379954,0.16442881361737205,-0.26819094701428614,-0.23688106961215366,-0.17187149914976102,-0.26160897067803385,-0.2747265433361709,0.18787819598625408,-0.24321459079711957,0.11483125920498452,0.06763947546553438,0.35874505430644993,0.03744433162053329,0.06571891675524129,0.0,0.0,0.035189586979556556,0.9993806546897975
0.03165657633443337,-0.04152392662385042,-0.0017506670421704729,0.0,0.0,0.03242024232094559,0.12555832057618174,0.6557868524239615,-1.6427462421930754,-0.07298428278702976,0.8451905399560928,-1.7577613729697001,0.10990853493030257,1.0329413299377146,-1.7395142202193918,-0.1880297394326098,1.1574779955240397,-1.7383135488400092,0.42620399651619106,-0.7883142129733014,1.24271183518263,0.021063871610050005,-0.47955736919091285,0.03774304809765173,0.026589499213374578,-0.025669747282965828,0.03165657633443337,-0.04152392662385042,0.03242024232094559,0.2742168095249396,0.2401311000044775,-0.17730125334763902,-0.27367192408157726,0.20133161030385097,0.16166895058382902,-0.265530477424485,-0.23956141844645854,-0.1713051610226001,-0.2603043429191664,-0.2732580048644325,0.18979882115407648,-0.24220091727575077,0.11586863330011986,0.06797844887180492,0.3586193826814538,0.03811047319322823,0.06496572365554482,0.0,0.0,0.035513586760175915,0.9993691936193688
0.03545259879005312,-0.04680752131359708,0.005625170440627656,0.0,0.0,0.03239665398440415,0.127556146409076,0.651989559069849,-1.6375338422277799,-0.0644049059975749,0.8457229335864003,-1.7790029970212624,0.10939903330738442,1.0446530377062468,-1.7456410249265342,-0.19584632809990302,1.1534848515517437,-1.7384395160927222,0.42524106460265243,-0.7808960463421849,1.2416631178214,0.02164632987562352,-0.48400194051030737,0.038281170843849674,0.026563561044615477,-0.02562500356669681,0.03545259879005312,-0.04680752131359708,0.03239665398440415,0.2742242869706108,0.24060439432634395,-0.17794210532180754,-0.274145831562348,0.20395139433385223,0.15915643365312968,-0.26293913698680743,-0.24174097937189803,-0.17102091648110948,-0.25898765156423104,-0.2721778041120577,0.1917464103507335,-0.2413698147572373,0.11690655074750163,0.0683300771317169,0.35846040703840787,0.03882529928187768,0.06415203168916588,0.0,0.0,0.0358373470762073,0.9993576359614906
0.04033466495773707,-0.05345609011856601,0.015114608686417343,0.0,0.0,0.033039846507338315,0.13030144930458987,0.6551907978092248,-1.6315233108515923,-0.05716789415321096,0.8427260330376717,-1.7962904512309112,0.11137893041954018,1.0514874280645297,-1.7506796987010882,-0.20354507150701606,1.1500702302616377,-1.7341309688412225,0.42450741685640353,-0.7734934342308686,1.2406764603578126,0.02214686080473117,-0.48825766941389215,0.03872293465806601,0.02654435630225075,-0.02558614387481402,0.04033466495773707,-0.05345609011856601,0.033039846507338315,0.2744418163425647,0.2389563441461049,-0.17885088205048572,-0.27497942480942156,0.2069445132075618,0.15707937877897088,-0.2607556314889119,-0.24276257440881316,-0.17142033128135042,-0.2577292687912801,-0.2720416682313139,0.19375557041948704,-0.24099657015483741,0.11792986073378062,0.06870645294348346,0.35824572106665875,0.03965904494711699,0.0631998089285424,0.0,0.0,0.03616753134912953,0.9993457408105114
0.04398862224988243,-0.058452159274414266,0.022235254828746612,0.0,0.0,0.03355868376774545,0.1340988641604781,0.6624388632436211,-1.6258937679231167,-0.05040561517055794,0.8379470231727912,-1.808592459043631,0.1156087732569386,1.0545069550952086,-1.7536166592572744,-0.21124392129982317,1.1472942635703545,-1.7268126000865147,0.4239979450447628,-0.7663144235714124,1.2396018432023435,0.0225920352677349,-0.49243672614773876,0.03908506878024827,0.0265291456777889,-0.02555113800470001,0.04398862224988243,-0.058452159274414266,0.03355868376774545,0.2748288713180675,0.23616355531407277,-0.18006831138784743,-0.275765913639903,0.2097320228358723,0.1552023623238775,-0.25929321224252483,-0.24309448507892553,-0.1724461919392076,-0.2566545712635976,-0.272612772002055,0.19582956854470146,-0.24089556893674965,0.11891656839556577,0.06910029401415725,0.3580786594274025,0.040589033760345325,0.062136010181767724,0.0,0.0,0.036502896589467475,0.9993335471906158
0.04887323765459523,-0.06509888260394445,0.03172469307453629,0.0,0.0,0.033911564419686534,0.1386118568480014,0.6724393158577954,-1.6205233484506607,-0.04396621847095408,0.8319559389582049,-1.8175036918658476,0.12136888221049529,1.05493186127681,-1.755124171765951,-0.21894284344923026,1.1449526680203586,-1.71744714734646,0.4236409430607007,-0.7592874920138947,1.238467401609971,0.02299955987837165,-0.49656363547994536,0.0393930439873097,0.026516651591429345,-0.02551875325242201,0.04887323765459523,-0.06509888260394445,0.033911564419686534,0.27533122653571457,0.2325764432859362,-0.18149632155442152,-0.27648530726489673,0.2123863741490392,0.15345702002231337,-0.2583192333026735,-0.24296133173984658,-0.17389514470989692,-0.2557009597756269,-0.27366960123421896,0.1979528997783898,-0.24096630167751065,0.11987900385523284,0.06950656100845179,0.3579418572420788,0.04158448087624631,0.06099632473734137,0.0,0.0,0.036841784130184525,0.9993211110259329
0.053838007574887936,-0.07117295193811109,0.039010299727894326,0.0,0.0,0.034720939700419715,0.14486927035837782,0.684420877924332,-1.6171005041553423,-0.03806826266316849,0.8271461833411685,-1.8187812499415417,0.13041848464546568,1.0513857918289993,-1.7523054642459521,-0.22542685297174514,1.1432726032172258,-1.7057432510818429,0.42379864742263007,-0.7526640000108344,1.2370891648416336,0.02332521408858995,-0.5004958569502027,0.03957387462007598,0.026507452678812955,-0.025487663143744264,0.053838007574887936,-0.07117295193811109,0.034720939700419715,0.27609785904104894,0.2286304844074758,-0.18337253992864905,-0.2766550385754505,0.2138012321751836,0.15191941113870147,-0.25862518982086263,-0.24246820381254472,-0.17627640379724807,-0.25509049267767897,-0.2753326876722696,0.19983769029893636,-0.24139885663740573,0.1207708804735772,0.06996519772413681,0.3579204519864461,0.04273039480904115,0.05968307205386319,0.0,0.0,0.03718875558983838,0.9993082589760175
0.0590946748280274,-0.07570203810015971,0.040157208254990015,0.0,0.0,0.037075688484547294,0.15135739324614397,0.6963944658637046,-1.6143937706947327,-0.032536728540435496,0.8233426809310913,-1.818142894655466,0.1403302592225371,1.0472406521439552,-1.7481211349368095,-0.23124509258195752,1.1415864750742912,-1.6938994787633421,0.42414364218711853,-0.7462203111499549,1.2355676963925362,0.02362169651314616,-0.5043850243091583,0.039710080367513,0.026497867074795067,-0.025456825620494783,0.0590946748280274,-0.07570203810015971,0.037075688484547294,0.27689163852483034,0.22475972140688255,-0.18529368134987678,-0.27660735804215325,0.2147242181255989,0.15048831324106537,-0.2592382085599991,-0.24203479557636481,-0.17890621040836552,-0.25455497274410077,-0.2770303361331793,0.20157282853988928,-0.2419178469799431,0.12163629901401132,0.07044442550661166,0.3579655680313426,0.043943644734099487,0.05831734393723311,0.0,0.0,0.03755925345094101,0.999294402306051
0.0665535307910633,-0.08075654826784473,0.03715277685282236,0.0,0.0,0.04358092582201576,0.15811538021080188,0.7079081864884265,-1.6132898582861974,-0.027925771670057855,0.8221346690104558,-1.8137510534949028,0.1519632813914749,1.0422714733733582,-1.7410153422791226,-0.2354417024717594,1.139737135802324,-1.6821747707346313,0.42490665729229266,-0.740197947033896,1.2336934761932263,0.02385344483459798,-0.5081949520569581,0.03974768104336153,0.026486456613593664,-0.025426419321984913,0.0665535307910633,-0.08075654826784473,0.04358092582201576,0.27770414737124854,0.22122159365190755,-0.18724250889675803,-0.27618176665901,0.2145236314191256,0.1493129089777183,-0.26046792119214335,-0.2418542282163504,-0.18204086796746577,-0.25418879467087196,-0.2786724758584378,0.20292165001253473,-0.24266122039141746,0.12243932809159336,0.07096854584303161,0.35818576888953696,0.04531481708937251,0.05684097280475098,0.0,0.0,0.037994751636344345,0.999277938737813
0.07286668525505921,-0.08411371466460409,0.03129851986439224,0.0,0.0,0.053500509152937234,0.1646286610227364,0.7190460608555719,-1.6130255563901021,-0.0241867265878962,0.823038936807559,-1.8078252489750202,0.16416156263305576,1.0381768941879272,-1.7327064344516168,-0.238026975439145,1.1382688169295971,-1.671240603694549,0.42612940760759205,-0.7343119978904725,1.2314871354744985,0.024034592860306684,-0.5119698907320316,0.03969295430355347,0.02647202370616679,-0.025394765875087336,0.07286668525505921,-0.08411371466460409,0.053500509152937234,0.27837774959894324,0.21789973838647797,-0.18909328441690976,-0.2755898246016698,0.21358076571873394,0.1483640750543371,-0.261916344446087,-0.2421068103365641,-0.18534738012289775,-0.2538205349241578,-0.2802829878137665,0.20385509359860865,-0.2435197765220011,0.12321252314210906,0.07156221280896337,0.3585334575264271,0.04684338858351109,0.05529855714681058,0.0,0.0,0.03852936498379427,0.9992574683403399
0.08132454316916275,-0.0885445091334698,0.023496754539127643,0.0,0.0,0.060303471835543375,0.1709741197096613,0.7299261757960686,-1.6133370684603086,-0.021045648036166483,0.8253918288705441,-1.800847435799929,0.17674750465756414,1.0346821248531342,-1.723572417233999,-0.23950717612527883,1.1370618059658086,-1.6608485982108576,0.42766744930010575,-0.7285196036100388,1.2290530229130616,0.02418103865616453,-0.5157208335227691,0.039574908423953906,0.026455517972443398,-0.025362257120342784,0.08132454316916275,-0.0885445091334698,0.060303471835543375,0.27895608816582423,0.2147287770653368,-0.19087286773824308,-0.2748747712206111,0.2121180625848154,0.14756765133423022,-0.2635071686263991,-0.24265997140487044,-0.18877669371259392,-0.2534292620095,-0.2818739366970728,0.20450094328781676,-0.24445600540089357,0.12396568021824048,0.07220555954123628,0.35896675062430955,0.048479906108696,0.05371084743931605,0.0,0.0,0.03913194492416024,0.9992340521051375
0.08929362624534691,-0.09274626119378454,0.016129072397373653,0.0,0.0,0.07578560263193607,0.17653670025846122,0.7408183052276187,-1.614677126877583,-0.019504089624835925,0.8294026545034004,-1.7926384517206597,0.18907204875722503,1.0332919104168048,-1.714088093202848,-0.23761519381346616,1.1376350579353478,-1.6518813855946066,0.42976964250780064,-0.7227341598616198,1.2259406046225476,0.024249610567214683,-0.5193577213929249,0.03931273622975614,0.026431660396226037,-0.02532496056608999,0.08929362624534691,-0.09274626119378454,0.07578560263193607,0.27931761978050834,0.21169511571052488,-0.1923992456017559,-0.2740652301319957,0.2100469551151571,0.14719063849637068,-0.2651656785671239,-0.24385407957575544,-0.1921396442551903,-0.2529652901849491,-0.2836991819723879,0.20424543525340597,-0.2456103615068354,0.1247171506851604,0.07295105389718103,0.3596146908686825,0.05036338886174441,0.052022019902674084,0.0,0.0,0.03988920923461676,0.9992041087718949
0.09608786492167964,-0.09633635313414748,0.009840732225432913,0.0,0.0,0.08134849996761037,0.1818546945085892,0.7517596749015725,-1.6161811242883022,-0.018526789096470635,0.8336228618684869,-1.7842651966672678,0.2009075582206535,1.0328457964440951,-1.7048486183182552,-0.234694218961522,1.1388527586196477,-1.6433636569059813,0.43200807402340263,-0.7169916639104486,1.2226245930561652,0.02429295032365749,-0.5229477878086842,0.03899923296054252,0.026404061789015453,-0.0252854721105765,0.09608786492167964,-0.09633635313414748,0.08134849996761037,0.2796012510617192,0.2086720947815846,-0.19384396436331838,-0.27322734088898115,0.20787559961861293,0.14695949032176456,-0.2667776147196166,-0.24527702855166994,-0.19537087225209507,-0.25243930778101165,-0.2856277869729253,0.20370377338404946,-0.24680798163622605,0.12546605370843503,0.07372408267193191,0.3603276024433222,0.052336015246020474,0.050297524224823496,0.0,0.0,0.04070203359021668,0.9991713288829003
0.1033597671734227,-0.10128840409588502,0.0038255704566836357,0.0,0.0,0.09374780099028737,0.18665099373230565,0.7628395164815278,-1.6179190713625689,-0.01880048376579697,0.8380627847061707,-1.7757035837723658,0.21140045479226566,1.0346241392768347,-1.6963918914015477,-0.2295964797958732,1.1415099415641565,-1.6358078626485972,0.434507677761408,-0.7113707549870014,1.2188804424726045,0.02428180685875794,-0.5264297591952177,0.03857160766179172,0.026367421852997862,-0.025240796591298513,0.1033597671734227,-0.10128840409588502,0.09374780099028737,0.27971124906952566,0.2056443386231,-0.19512940462720968,-0.27239390438823313,0.20559636553966618,0.14706119550757912,-0.2682761318085064,-0.24719646946442272,-0.19822272797547422,-0.2518478509732165,-0.28778349992074326,0.20255953721892428,-0.24810232501538723,0.12620522205541831,0.0745438809834851,0.3611880882414629,0.05450759559439924,0.04849395191726777,0.0,0.0,0.04163871685336914,0.9991327325529902
0.1076747442758766,-0.1055176143284028,0.0009933988062232888,0.0,0.0,0.08796500960736772,0.191378597349215,0.7733791343724498,-1.620063253463461,-0.019519286552587375,0.8422642330853984,-1.7674454108167152,0.21981495790756664,1.0382885099030459,-1.6888132340346391,-0.222854885720433,1.1450237220583053,-1.629539247172383,0.4369864329480781,-0.7057440342524878,1.214802461461379,0.02423463610914321,-0.5296483604380717,0.038060489092738584,0.026320559073400755,-0.025191848730453506,0.1076747442758766,-0.1055176143284028,0.08796500960736772,0.2797542738799865,0.20283809291430027,-0.19637246468246705,-0.27146603612761744,0.20339558252588533,0.14728227488694667,-0.2696517904502322,-0.24950516048534585,-0.20050471659020092,-0.25131514999061216,-0.2899420636251287,0.20094554474964815,-0.24942300205496276,0.12696697671503496,0.07537484005746291,0.36211812683834993,0.056793178579447635,0.046604039872853234,0.0,0.0,0.0425175879478541,0.9990957184950281
0.11161579403472195,-0.11192381646206834,1.1008411933410844e-05,0.0,0.0,0.08396609046183633,0.19605869620751876,0.7835451738479046,-1.6224883574132736,-0.020545892918912262,0.8463007703136939,-1.7593970742936318,0.2267921991073168,1.0432571166983018,-1.6818417840852187,-0.21497652418195057,1.1491298615359342,-1.6241607485482326,0.43945077083145195,-0.7001132945028635,1.2104936282222087,0.024162551576200012,-0.5326848345307204,0.03749163280456112,0.02626662693756561,-0.02513994643679605,0.11161579403472195,-0.11192381646206834,0.08396609046183633,0.2797509850217746,0.20018774976421072,-0.19758288210302438,-0.2704674809393709,0.2012440582607517,0.1475875892061308,-0.2709371345085324,-0.2520875068945762,-0.20238842502210383,-0.2508151320499665,-0.2921025542190628,0.1990009849519724,-0.25074770093044313,0.12774481063081985,0.07621554933383537,0.3630941970296827,0.059157597286125206,0.04465442170532277,0.0,0.0,0.043356474574546576,0.9990596659421632
0.1145875920794164,-0.11826851450867472,0.0002496374341159901,0.0,0.0,0.0504443930588191,0.20015694068458212,0.7911978917053112,-1.625992689281702,-0.021432790493306045,0.8491212523613985,-1.753701651468873,0.2295832708298873,1.051932906731963,-1.6766277206345248,-0.2054211865179242,1.1533286723379905,-1.6216525509953499,0.4413052481742432,-0.6951150712198937,1.2059891481812184,0.02406390164889252,-0.5351518060152347,0.036835286166304014,0.026197755637650307,-0.025081694869396206,0.1145875920794164,-0.11826851450867472,0.0504443930588191,0.27975471421646386,0.1984394329790804,-0.1985897835927913,-0.2693517950770604,0.19971817325944324,0.147848628366799,-0.2718170224007394,-0.2554149426453693,-0.20311602502654122,-0.2504995760393675,-0.2937455732437361,0.19656144575066928,-0.252017605959388,0.12849864027129024,0.07693258740940577,0.36415754494110153,0.06162886997649013,0.042530695965979276,0.0,0.0,0.043860438643002195,0.9990376679195051
0.11708686647073262,-0.12374613235519435,0.0004540134866073964,0.0,0.0,0.03837368105324769,0.20388492712607745,0.7976669394052945,-1.629916502879216,-0.02190567782292001,0.8511062401991624,-1.749283185371986,0.23075627019772169,1.0620180826920727,-1.6721775990266068,-0.1954397490391367,1.157539230126601,-1.6203703880310059,0.44284627300042373,-0.6904164369289693,1.2015113280369687,0.023969144488756474,-0.5373713970184326,0.03616134679088227,0.026124694169713903,-0.025021622387262493,0.11708686647073262,-0.12374613235519435,0.03837368105324769,0.27976097051913923,0.19710571839953595,-0.19947438257860067,-0.26820989036078574,0.19858276324437804,0.14799345131826383,-0.27251283871072407,-0.2590119783151982,-0.203386409744837,-0.2502163351579305,-0.29515782419567493,0.19397925093377277,-0.2532034954746579,0.12923704247355786,0.07758589409746183,0.36522220821913737,0.06413805140898772,0.04034356457682761,0.0,0.0,0.04424380294198012,0.9990207634985527
0.12021202808716855,-0.13049702738373212,0.0007071048737719576,0.0,0.0,0.011396366044360303,0.2066787585544471,0.8013056677837783,-1.6347983124164434,-0.021211961105179342,0.8509601362479421,-1.7480037480306168,0.22823953401082414,1.075302567476263,-1.669521846020451,-0.18462394557606737,1.1617616950892484,-1.6219560466706753,0.4436244812005987,-0.686435023824183,1.1971575232365959,0.023892017188840188,-0.5390100348740816,0.035457318877049095,0.026043056978288896,-0.024957789045471985,0.12021202808716855,-0.13049702738373212,0.011396366044360303,0.27977287475592816,0.19674542002335071,-0.2000692233186105,-0.26704748490657243,0.1984509975760238,0.14780884973233835,-0.2727938573520626,-0.2631899121327457,-0.2026241990219788,-0.25004218199056016,-0.29602250126160445,0.19112577790827198,-0.2542145470388829,0.1299343782754793,0.07807535998518508,0.366279189407285,0.06673157975400004,0.03801425309099549,0.0,0.0,0.044357654717734604,0.9990157148253186
0.12256101034489797,-0.13555898280611078,0.0008970185612827696,0.0,0.0,-0.009981820415932017,0.20839693723246452,0.802692044669619,-1.6402968658277621,-0.019170041267688516,0.8479507501022174,-1.7493638700017562,0.2230239483671121,1.090158841357781,-1.6677870595684419,-0.1734163216673413,1.166276250894253,-1.6255720610228868,0.4436377096348084,-0.6830868673725771,1.193144294504936,0.02385345744327284,-0.5401786903922374,0.03475865919608624,0.025957421256372563,-0.02489202521974221,0.12256101034489797,-0.13555898280611078,-0.009981820415932017,0.2797892547140901,0.19713373073730708,-0.20035066053329312,-0.2659454124935077,0.19946024717611505,0.14724698027349836,-0.2727583753405321,-0.2676364994913139,-0.20112588697643569,-0.2500061393076131,-0.29657527370917347,0.18812960548657592,-0.25503163410193336,0.1305899342417355,0.07839864872264644,0.3672565846910565,0.06939023774332147,0.035570390782175776,0.0,0.0,0.044257934542171196,0.9990201375498198
0.12546012674285784,-0.14076889762355504,0.0014108623592898326,0.0,0.0,-0.024888379021102938,0.2093650859314948,0.8025079043582082,-1.6462254617363214,-0.016188047826290186,0.8429448576644064,-1.752564501017332,0.21592651191167547,1.1061110906302927,-1.6666944436728954,-0.16193548962473892,1.1709944754838943,-1.6306037995964289,0.4431175338104367,-0.6801802674308419,1.1893685422837734,0.023841790040023625,-0.5410196371376514,0.03406374267069624,0.02586899744346738,-0.024824915308272466,0.12546012674285784,-0.14076889762355504,-0.024888379021102938,0.27980875549837947,0.19803849520111225,-0.20041399420707953,-0.2648829809837788,0.2012595038013492,0.14642398773417475,-0.2724904223342451,-0.27226002270456756,-0.19911244798081656,-0.2500252001342528,-0.2969084997824075,0.1850385721548647,-0.2556994434026873,0.1312165701442352,0.0786048724049854,0.3681787430671712,0.07209430926013732,0.03304665460018446,0.0,0.0,0.04400929325310289,0.9990311216910924
0.12808363512322482,-0.14455713847708326,0.0020759511524096053,0.0,0.0,-0.04710907537545375,0.2087532892250098,0.7997288615084612,-1.6521316485909314,-0.012133060273929352,0.8331274117987891,-1.757411274772424,0.20674521468866344,1.121778019918845,-1.6655034256669192,-0.15079193032131763,1.1765355078073647,-1.6370905448610964,0.4414324496801083,-0.6782192966112724,1.1864163227952444,0.0239172254760678,-0.5411889713544112,0.03341513132461563,0.025777880630742475,-0.024759685862451218,0.12808363512322482,-0.14455713847708326,-0.04710907537545375,0.2798456892084617,0.19968708187238932,-0.20005485021934125,-0.26404685955991586,0.20458139055216873,0.14530721931963617,-0.2719864187841454,-0.27680686032087304,-0.19657645817994307,-0.2503000044979773,-0.2971835466064035,0.18200394062702735,-0.25606451619990755,0.13176340230627934,0.07854990905211925,0.36888105201525123,0.07488433432836941,0.030402731329489258,0.0,0.0,0.04353865404554675,0.9990517432064778
0.1301726161955225,-0.1464856657311205,0.002868534423983159,0.0,0.0,-0.0520277638249819,0.20778454571532518,0.796545766437283,-1.6577666075183795,-0.008279533519481293,0.822037345156647,-1.762080973587357,0.19754000058254387,1.136319463786024,-1.6638735512701366,-0.1400183024458016,1.182200089097023,-1.643484491854906,0.43938521019971144,-0.6764886025339365,1.1837981393417487,0.024028660456399214,-0.5411184339855726,0.03279091647038094,0.025685896911174778,-0.02469526040546883,0.1301726161955225,-0.1464856657311205,-0.0520277638249819,0.27989179354447585,0.20140364765418656,-0.19960868770444343,-0.2632928720218458,0.20820605915965013,0.14425062218887194,-0.27142802703569696,-0.28110955617552463,-0.1940561162636752,-0.25062189952165864,-0.29750406678783115,0.1790722730638993,-0.25633798715904954,0.1322902218124541,0.07841534871675691,0.36947163281007067,0.0777012592969605,0.027731995111725416,0.0,0.0,0.043018863871388056,0.9990742601784989
0.13270293500015473,-0.14873298717665978,0.003875802772548842,0.0,0.0,-0.060916992502769315,0.20616262026417714,0.7928235654074413,-1.6626126685967813,-0.005282579348064411,0.8084145012096718,-1.765823193754141,0.1887822358940657,1.1476350664519346,-1.660982644901826,-0.1302444950605815,1.1880222260951996,-1.6492452844977379,0.43656646209554034,-0.6751975826919079,1.1819538763509347,0.02422391183566875,-0.5405120686269723,0.03222666279627727,0.025592042683946114,-0.02463272294531075,0.13270293500015473,-0.14873298717665978,-0.060916992502769315,0.279960430585421,0.20315516867410077,-0.199015077516118,-0.26274534936431965,0.21237926045137231,0.14343211243846907,-0.27084621454885227,-0.2847511523878141,-0.19172199879218355,-0.25120527085671296,-0.2979823455532825,0.17641209354443224,-0.25648783227601174,0.13277721100836248,0.0781150390998247,0.36979076013083756,0.08057563200306432,0.025012567397565244,0.0,0.0,0.04241024989732526,0.9991002806043278
0.13465140062201147,-0.15037490252695215,0.004631882676711664,0.0,0.0,-0.06791850908348139,0.204520633068079,0.7898134487466171,-1.6665492499103913,-0.003920539318082427,0.7944327813501543,-1.767497128305527,0.18145221883717647,1.1554070817163358,-1.6564396121180975,-0.12199214511873353,1.1933273651565497,-1.6531572690090308,0.43338713784200644,-0.6741719887090417,1.1806838316126511,0.024472255602281966,-0.5396489465179352,0.03172160255221221,0.025497843424091116,-0.024572783725139186,0.13465140062201147,-0.15037490252695215,-0.06791850908348139,0.2800468256553778,0.20456690855699755,-0.19844755969949146,-0.26234029122933944,0.21637495079063,0.14306082750843263,-0.2703934430371225,-0.2877299164026254,-0.18982994918567989,-0.25200776932993835,-0.29866867593923774,0.17417911790258653,-0.25663805163634984,0.13322498936872976,0.07772867145073378,0.369918735379186,0.0834944522581421,0.022253908949026586,0.0,0.0,0.04173166610072608,0.9991288545750532
0.13716536757322867,-0.1526373303234932,0.0056390731165617556,0.0,0.0,-0.07284108859162093,0.2028645410274084,0.7873039784339758,-1.6698464017647963,-0.0037079611076758483,0.7801987460026376,-1.7677169098303869,0.17512601069532915,1.1606877010602217,-1.6507350160525396,-0.11480948880601397,1.198269017613851,-1.6557694088954191,0.42995430271212876,-0.6733330081288631,1.179817503461471,0.024757927122454226,-0.5386053060109799,0.03125815953199681,0.025403401581570506,-0.024514671253900115,0.13716536757322867,-0.1526373303234932,-0.07284108859162093,0.2801457058924895,0.20574099892341435,-0.1978987726063292,-0.26203676948738747,0.22025279633196754,0.1430018873343512,-0.27002069312347043,-0.2902499262499808,-0.18824380908445112,-0.2529714599156584,-0.2995011671193168,0.17224498503926333,-0.2567896118259137,0.13364437818469876,0.07728119009007274,0.3699123565979723,0.08644452232580915,0.019467668482460686,0.0,0.0,0.04100387869557498,0.999158987314791
0.13886557529230797,-0.1540349020153435,0.006393803498493112,0.0,0.0,-0.08380917400723481,0.20172267922988305,0.7859727335520662,-1.6723278616196835,-0.0064655921708505594,0.768269930034876,-1.7635957604417434,0.17163948335040077,1.1601124765494695,-1.6425876845247471,-0.11072132661222268,1.2019430361688137,-1.6547185964882374,0.4263721794391481,-0.6724102420445818,1.179574108037811,0.025112505684284348,-0.5373131040340433,0.030884772364515815,0.025308985428777166,-0.024462720206849135,0.13886557529230797,-0.1540349020153435,-0.08380917400723481,0.2802723885800403,0.20646179694794545,-0.19751478665421338,-0.26179541235885984,0.2229929502459041,0.1437486803469446,-0.27014692408487445,-0.2916340230780571,-0.18750659442016648,-0.25430427133660743,-0.300692750544261,0.1711614876899163,-0.25700783486150397,0.13405190864740843,0.07680597543433457,0.3696362763131135,0.08946289418515961,0.01661851284622504,0.0,0.0,0.0401664774007685,0.9991930014232554
0.13820616213184514,-0.15304895907239305,0.006450800440059578,0.0,0.0,-0.08710038212022651,0.20091291316426718,0.7846023573611792,-1.6745218138855236,-0.010291208477260784,0.7580597932235554,-1.7582557894862618,0.16899066959292847,1.1580192561332998,-1.633733593500578,-0.10766087047970642,1.205122898117854,-1.6527606117037628,0.4228119027729219,-0.6714794432314543,1.179486855577964,0.02548199656079164,-0.5359845906496048,0.03054418459606286,0.02521461157056575,-0.024412272238315873,0.13820616213184514,-0.15304895907239305,-0.08710038212022651,0.2804014580324292,0.2071526970332346,-0.19722727079920724,-0.26154702940057195,0.22513515454999047,0.14478799857483945,-0.27040973444109273,-0.2927397563773743,-0.18701084704664697,-0.25572220380002825,-0.30192573389362315,0.1703565945905412,-0.25722392598410904,0.13444841080522638,0.07633071234767518,0.3692986820831302,0.09247578599920057,0.013772012509154958,0.0,0.0,0.039296161242305415,0.9992276075607692
0.13546094893746966,-0.14998164802723857,0.006001770424728103,0.0,0.0,-0.09401389742029731,0.20095359491041073,0.7828121817885684,-1.676075084421497,-0.016512146344981472,0.7523427924427849,-1.7504275919726262,0.16808917389537853,1.1529429749800608,-1.623417446246514,-0.10684443377137472,1.2071669234965856,-1.6490620761536636,0.41935481231373095,-0.6705464799530231,1.179701131840165,0.02587785600245787,-0.5346127077937126,0.030277460876207515,0.025120356290314633,-0.024364684336782936,0.13546094893746966,-0.14998164802723857,-0.09401389742029731,0.28053042059764266,0.2078753374277153,-0.19718187452796007,-0.2612658089254974,0.22577497503568167,0.14648827623175534,-0.27100346859346214,-0.2933017734936659,-0.18702928825724563,-0.2573163297669346,-0.30319010481655306,0.17015818557834017,-0.25743348334836147,0.1348183290807487,0.07586643334562201,0.36884889114249453,0.09545483466130321,0.010949603539372169,0.0,0.0,0.03835673105815621,0.9992641098240906
0.13192712528884512,-0.1460635797877628,0.005238987684536013,0.0,0.0,-0.09786052467641242,0.20169947496973553,0.7797914078602424,-1.6768668637825892,-0.024034116632090305,0.7511967050914581,-1.741937268238801,0.16779953621041316,1.147872216426409,-1.6124305541698747,-0.10732292899718654,1.2087362563380828,-1.6454121980529564,0.4161247446273381,-0.669482710556342,1.1799771608068392,0.02627171245582689,-0.5333598955319477,0.030070226693239346,0.02502927872746323,-0.02431996102229907,0.13192712528884512,-0.1460635797877628,-0.09786052467641242,0.28064152884941834,0.20884597717878062,-0.19734148633404247,-0.2609811076576471,0.22508843571241935,0.14855924225425404,-0.2717135715601919,-0.2939912225719305,-0.1872125173760306,-0.2588787165168666,-0.30431932965128417,0.1702975099499445,-0.25752425902262055,0.1351832705109784,0.07544384349348336,0.3683716049096995,0.09833816610849826,0.008205760543485343,0.0,0.0,0.03737882759086352,0.9993011674404931
0.12712005851768346,-0.14092995509004466,0.004222453571856022,0.0,0.0,-0.10058745089100371,0.2029452730113497,0.7758982577002965,-1.6771188189203923,-0.03247839414801158,0.7532909570548397,-1.7329775605064173,0.16794364718505397,1.1428053728663004,-1.6009681683320267,-0.10871940679275072,1.2099690776891434,-1.6417968134180858,0.4130556143175524,-0.6683262121648743,1.1802969665194933,0.026664148982560545,-0.532191492903691,0.029905164887448057,0.024940453861535598,-0.024277268425346568,0.12712005851768346,-0.14092995509004466,-0.10058745089100371,0.2807399801050241,0.20999265320052377,-0.1976455247056584,-0.2606910606838617,0.22344301895686494,0.15090342480495125,-0.27248639925960194,-0.29477129720167616,-0.18751359364000408,-0.26041423067598957,-0.3053530879119396,0.17067655297781903,-0.25753011956674177,0.1355442107063785,0.0750502271286063,0.3678747462578141,0.10115364322868677,0.005517613289367347,0.0,0.0,0.03637363711016529,0.9993382603119817
0.12263158567074658,-0.13609310954842208,0.0032685929909348484,0.0,0.0,-0.10662050758225979,0.20479189353780108,0.7694723773747681,-1.6755226498039868,-0.04200789425522108,0.7632621307499136,-1.7254965227956953,0.16832521289157182,1.1402394654086003,-1.5900198685435147,-0.11139428728403386,1.2104361510047545,-1.6399964137146106,0.4103032762471299,-0.6674596336312019,1.1808012368587348,0.02702394860814541,-0.5311961037894855,0.029832507653806645,0.024858635214443963,-0.024239761025035896,0.12263158567074658,-0.13609310954842208,-0.10662050758225979,0.2808104269922926,0.21161682446465138,-0.19815783371626391,-0.2605615751729591,0.21977381797940362,0.15356199850385993,-0.27306585668469313,-0.29615577529887877,-0.1878248538410755,-0.26160739784710824,-0.3058289479577367,0.1713765793175267,-0.25730082616803074,0.13582921492070013,0.07468206110249354,0.3673918941279841,0.1038193330706026,0.002953139563032842,0.0,0.0,0.03530811690989823,0.9993764740478319
0.11878483052754794,-0.13187329599595277,0.0024431367189839404,0.0,0.0,-0.10880731131960313,0.20694858781420264,0.7625648273298374,-1.6729672996757123,-0.05178004547129735,0.775577983389107,-1.7188297086037123,0.16872573402137137,1.1387010110685458,-1.5796111547029936,-0.11434104039262118,1.2105694807206209,-1.638952083599109,0.40765898359509617,-0.6666853564003339,1.1813443542386477,0.02736244164407253,-0.5302942010502403,0.02978951935745919,0.024781118120210104,-0.024204310956590164,0.11878483052754794,-0.13187329599595277,-0.10880731131960313,0.2808707238246615,0.213254272789389,-0.19877994337427918,-0.2605221006419314,0.21551569300351642,0.15630024084298666,-0.2734528972836629,-0.29773149252475645,-0.1881135928677778,-0.26263076245075084,-0.30606805353070077,0.17214286526510958,-0.25700685158584924,0.13609000690240974,0.07432141851178588,0.36692621618211985,0.10643085185438393,0.0004336371334480281,0.0,0.0,0.03422070133782542,0.9994143002778915
0.1130076026991883,-0.12620322526403246,0.0011602783790573554,0.0,0.0,-0.1137343826192611,0.20987209677696225,0.7548944950103761,-1.668037086725235,-0.06198753975331772,0.7927993386983869,-1.7142030000686646,0.16911936923861504,1.1395668387413025,-1.5706791877746582,-0.11775882542133327,1.209909349679947,-1.6396837830543518,0.4052531123161316,-0.6661095917224884,1.1819542944431305,0.027645926922559735,-0.5296256691217422,0.02981055062264204,0.024714594706892967,-0.024173627607524395,0.1130076026991883,-0.12620322526403246,-0.1137343826192611,0.28090815246105194,0.21480164698073828,-0.199679674970015,-0.26072715323917284,0.21011037264222926,0.15915513492914318,-0.2734359316567444,-0.2997086033053935,-0.18833412575309624,-0.2632611642260589,-0.3057477039768168,0.17302178818130853,-0.2565866176231806,0.13630187992436174,0.07397925955611989,0.3665083185983089,0.10892041027545926,-0.0019844362395815282,0.0,0.0,0.03308400152047773,0.9994525745844036
0.10780187470514976,-0.12137578711520633,-5.919092263134695e-05,0.0,0.0,-0.1174516381426286,0.21308581054640488,0.7486484083705226,-1.6613058340377536,-0.07179029156955348,0.811774222753368,-1.7111801575296202,0.1695536931690115,1.1413097122254279,-1.5632335914728737,-0.1215236267486872,1.2082790687966807,-1.6405280579168062,0.403119569286131,-0.6656063339458063,1.1827972657405412,0.027870706210915853,-0.529093144962994,0.02987358528368461,0.024658711233104653,-0.024147279844887987,0.10780187470514976,-0.12137578711520633,-0.1174516381426286,0.2809171349598238,0.21570953267565834,-0.20072609694873145,-0.2612009094183517,0.20439230277015477,0.1618851659047804,-0.27308414751320864,-0.30165288312621114,-0.1885253256429101,-0.2636485667363998,-0.30514388079783544,0.17400010873445834,-0.2562167353997338,0.13647149548569576,0.0736646719140549,0.36604308963011833,0.11127510231633016,-0.004304505244922692,0.0,0.0,0.03191010527965818,0.9994907429191333
0.09923943440213157,-0.11418902807038035,-0.0021021741514012926,0.0,0.0,-0.12010870917212939,0.2165069559302467,0.7434203392611101,-1.6532872402324128,-0.08130374292914666,0.8320024881798483,-1.709303720925863,0.1700171004407681,1.1436794775609787,-1.5568504181618874,-0.1255364672173387,1.2059553474760973,-1.6414527990497076,0.40118068012480557,-0.6651549024077562,1.183806802217777,0.028053523829350103,-0.5286578359798744,0.02996664299056507,0.024610432939460646,-0.024124031058118608,0.09923943440213157,-0.11418902807038035,-0.12010870917212939,0.2809057848241467,0.2161587114688401,-0.20188133562723,-0.2618653471051831,0.19845514629232672,0.16451605895221752,-0.27244266874648015,-0.3035738172494762,-0.1886950101938474,-0.26385954418500696,-0.3043372758059625,0.17504947291764741,-0.2558792375096684,0.1366105095984545,0.07336974856383564,0.36554409198447296,0.11353339502014788,-0.006554523018376787,0.0,0.0,0.030709606833113072,0.999528348796649
0.09058124341383636,-0.10708964180380391,-0.004194291810004359,0.0,0.0,-0.1257644050626375,0.22028614125715984,0.742521521778634,-1.6439903626361723,-0.08898754339092023,0.8512378279119722,-1.7090370890039663,0.17082419953882116,1.1452429982332082,-1.55295145798188,-0.13002741591145195,1.202507283825141,-1.6404034750392804,0.3998236713501124,-0.6653913947252127,1.185131620759001,0.02812399765781055,-0.5283307967564235,0.030090612990674198,0.024581606043144487,-0.024106342882777635,0.09058124341383636,-0.10708964180380391,-0.1257644050626375,0.28083304799376774,0.21518252516259065,-0.20320344247583147,-0.26276599784397997,0.1930094199000105,0.16661375587152258,-0.27161531483756296,-0.30478276896937667,-0.1889335966974123,-0.2638935115309654,-0.30360903413180973,0.1762587589306224,-0.2557692431957627,0.13659819122999223,0.07310881202866013,0.3650768905900457,0.1155175961321219,-0.008619757888552005,0.0,0.0,0.029452531665597182,0.9995661800893861
0.08310074595510922,-0.10088943380483031,-0.0060110424573614485,0.0,0.0,-0.12781875011253208,0.22397010451039437,0.7433968014442003,-1.6348007378669887,-0.0956478476739273,0.8692053986283447,-1.7090968890832021,0.17186034728701297,1.1460463404655457,-1.5497810118473494,-0.1349574552419093,1.1987344439213092,-1.6383886973445232,0.3987536393105984,-0.6658128743561414,1.1865460173441813,0.028150156068687256,-0.5280132104571049,0.030216733262372703,0.02456059612226314,-0.024090679810167506,0.08310074595510922,-0.10088943380483031,-0.12781875011253208,0.2807380131517465,0.21369090516360134,-0.20451151581366717,-0.2636844281647327,0.18796559436834115,0.1684142157952895,-0.2707477719301026,-0.3056341848240607,-0.18923617667610332,-0.2639141541896571,-0.30297781461625134,0.1775979538642783,-0.25571430555422725,0.13653589146826337,0.07287667350129276,0.3646137264480902,0.11740257419072662,-0.010617341917867814,0.0,0.0,0.02817487460841703,0.9996030094196395
0.07384463362105466,-0.09332033369574791,-0.008244461451585583,0.0,0.0,-0.13245967497789254,0.22726658608119635,0.7484340452804014,-1.6262907457466311,-0.09972142477412335,0.8836149589086949,-1.7096964622346253,0.1734936586222969,1.1447748392820358,-1.5481232843146875,-0.14108250680594467,1.1942919114461314,-1.6340028619250428,0.39838975574821234,-0.6666025935600584,1.188143687466016,0.028073520310079824,-0.5276941197136273,0.03034076477454688,0.024557820031007465,-0.024079595553652886,0.07384463362105466,-0.09332033369574791,-0.13245967497789254,0.2805926062954733,0.21105370277679925,-0.20571497107337777,-0.2646110537169967,0.18400246921201222,0.16949614654603232,-0.2700493403172549,-0.3055983825212059,-0.18971507925885148,-0.2639547789243272,-0.30262088124071745,0.1792848863372417,-0.25577354272075986,0.13636622253855238,0.07272212000265377,0.3641537715572852,0.11906366207851807,-0.012461694279828827,0.0,0.0,0.026850778993854314,0.9996394528365831
0.0669603243649106,-0.08759292704445991,-0.009920617314770896,0.0,0.0,-0.13604849675751668,0.2294962376427765,0.7553581758760488,-1.6190818083974032,-0.10071649871623288,0.8948778381141331,-1.7103682100199735,0.1756974747046255,1.1421434466655438,-1.5471055716849291,-0.14849030459299672,1.188846247127423,-1.6278786441454522,0.39875874388962984,-0.6677107412654619,1.1898387954212153,0.027906048183257766,-0.5273271203041077,0.03044080040238511,0.024569427187088877,-0.02407311245602054,0.0669603243649106,-0.08759292704445991,-0.13604849675751668,0.2804082346936831,0.20801555577120454,-0.2065950313114852,-0.2654987716205926,0.18093789262007168,0.16974199281477387,-0.26970108703131856,-0.3050487979133122,-0.1903624916793704,-0.2640105887844843,-0.30232285520517355,0.1813442712832169,-0.2559081348327079,0.13609872680116913,0.072656841286726,0.3637106004741616,0.12055248600574064,-0.014186207131178167,0.0,0.0,0.025490759695950417,0.9996750577913421
0.05960664444178221,-0.07984008795129928,-0.013661180407954776,0.0,0.0,-0.13863502348777304,0.23095703585288274,0.763642166239711,-1.6128105277625413,-0.09949292727889349,0.9038729368207548,-1.7110919733173573,0.17831244765637588,1.1385319943611438,-1.5465491111748493,-0.15682256431318828,1.1826776360663083,-1.6205015921821961,0.39965590508654714,-0.6690483770977993,1.1916041258149421,0.02767311122554999,-0.5269255936145782,0.030523542444615696,0.024591400200733915,-0.024069945365996458,0.05960664444178221,-0.07984008795129928,-0.13863502348777304,0.28019578160288244,0.204682939210727,-0.20723639404839495,-0.26634346613494836,0.17852096375384024,0.16938868153084996,-0.2696190619867629,-0.3041276989418853,-0.1911317332432108,-0.2640737894056129,-0.30206344087215137,0.183678766191318,-0.2560842459063659,0.13576109044996532,0.07265550577527714,0.36327927529431336,0.12191716107862215,-0.015824352886948678,0.0,0.0,0.024104835448569076,0.9997094362403495
0.05406624202457969,-0.07245295774073313,-0.01821227801533931,0.0,0.0,-0.1451773961056699,0.23032835240547475,0.7713474768858689,-1.6088697772759657,-0.09401274493967118,0.908291095151351,-1.712387164051716,0.18094788706646514,1.133698826799026,-1.5470604999707296,-0.16667969768437044,1.173992679669307,-1.6119439865534124,0.40187691782529533,-0.6707183111172456,1.1933723309865365,0.02729711017141549,-0.5263724877284124,0.030531738311625443,0.02463567418117936,-0.02407588650329182,0.05406624202457969,-0.07245295774073313,-0.1451773961056699,0.2798617874773649,0.20183491244886625,-0.20722818558468517,-0.26712368109391743,0.17747523973614382,0.1678843827919426,-0.27002439393508665,-0.3026461753020683,-0.19191518860744025,-0.26417275661772377,-0.30133125090088103,0.1864780264555319,-0.256394077877889,0.13528981471226412,0.07283539742922605,0.3628843007934389,0.12308789889972942,-0.0172611881369868,0.0,0.0,0.02265345791814958,0.9997433774946202
0.05089983117393464,-0.06583737656232816,-0.023472756863786304,0.0,0.0,-0.1478016082020782,0.22882171797279552,0.7786872878384132,-1.6057356714915771,-0.08737968957911306,0.9114312879884472,-1.7144744344628775,0.1832534942525224,1.1285964948340104,-1.5484133355606062,-0.1768903368725801,1.1644612628106885,-1.6035627426149752,0.4045599224045873,-0.6725030715505664,1.1952247479214118,0.026865737304503378,-0.5257007218897343,0.03051183076772409,0.02468694630302847,-0.02408484072657302,0.05089983117393464,-0.06583737656232816,-0.1478016082020782,0.27946729048226887,0.19920069525337397,-0.20694841312325152,-0.2678930895074527,0.17690746325122092,0.16605852118712655,-0.2704569683884023,-0.30092103259271924,-0.1926038579011204,-0.2642683203038081,-0.3003149438708587,0.18939952361940635,-0.25669064366746147,0.13476765224267384,0.07307460883111766,0.36246252630395104,0.1242088622127015,-0.018621538846323712,0.0,0.0,0.021175796384708602,0.9997757676836708
0.04718706965961338,-0.05773365005582027,-0.030101627971117203,0.0,0.0,-0.15393783479787795,0.22523358260066467,0.785076609884317,-1.6043956047640398,-0.07844942070257213,0.9119842094011031,-1.7188183011916967,0.1845449341389422,1.1230235245938485,-1.5520305791153357,-0.1877420496625395,1.153067657007621,-1.596060928530418,0.4082735795527696,-0.6745430573534507,1.1973337639982884,0.026306337600824643,-0.5247099176049232,0.03042750238763312,0.02475318261153566,-0.024100380134768784,0.04718706965961338,-0.05773365005582027,-0.15393783479787795,0.27892287720281345,0.19710432249575174,-0.2060392672633315,-0.26869892376554055,0.17740050771226257,0.16358603586721268,-0.27084605489071406,-0.2986186667682887,-0.19299679141732495,-0.2643567451959787,-0.29859012113176314,0.19252689344433258,-0.2569687672565605,0.13412757575571344,0.07344493534954032,0.3619493323116122,0.1252335739107086,-0.019806113183641654,0.0,0.0,0.01963673812509671,0.9998071806682558
0.04444456046918314,-0.05161662345423036,-0.035076026016701845,0.0,0.0,-0.15865395556253195,0.22026389921442247,0.7919857683949746,-1.604464487817425,-0.0685581929820518,0.9098857122545059,-1.7264118290577943,0.18433894045077837,1.1174246743321419,-1.558817483484745,-0.19808717655877653,1.1413343810977845,-1.589797090452451,0.4127919914988944,-0.6766510972609887,1.1995654720813036,0.025644990022276312,-0.5233635425281066,0.03028252158905021,0.024828532569629785,-0.02411914225264739,0.04444456046918314,-0.05161662345423036,-0.15865395556253195,0.2782632253634242,0.19505867136999516,-0.20470368775167017,-0.2694962053142603,0.17910945339643508,0.16082386564430728,-0.27086245594581687,-0.2956966534307701,-0.1929393585016148,-0.2643709669030276,-0.2965069773914898,0.19552886445890222,-0.25719536820105976,0.1334173200353493,0.0739247044087196,0.361351917283944,0.1261855679241797,-0.020854990156994272,0.0,0.0,0.01805047977105977,0.9998370768180357
0.04074180808538686,-0.043509530265372603,-0.041704826379337916,0.0,0.0,-0.16208105388272695,0.21429032280754612,0.7992726627450719,-1.605557175209889,-0.057968690669021286,0.905860578784576,-1.7363667023869656,0.1830448462412908,1.111807018518448,-1.5679076015949245,-0.20806419605819032,1.1293542860792238,-1.5844328197149133,0.4178951733673992,-0.6788085882480327,1.2018863335251808,0.024909562673061547,-0.5217587942114243,0.03009346809882958,0.024910504902856276,-0.024140246131887227,0.04074180808538686,-0.043509530265372603,-0.16208105388272695,0.2775198361621454,0.19305319560416512,-0.2030565288753675,-0.27027795618255734,0.18168139230432037,0.15786291414079645,-0.2705708717904469,-0.2923342198553111,-0.19255008207917457,-0.2643061802040938,-0.29415702930841015,0.19844074511179757,-0.25736917464611875,0.1326550488466609,0.07448144352602229,0.3606929340294668,0.1270847220976765,-0.02180526350947236,0.0,0.0,0.016429909590280192,0.9998650199256173
0.03792904387009098,-0.0359692335386636,-0.0471663661301136,0.0,0.0,-0.16950614227676059,0.20751133281737583,0.8095189090818165,-1.6096847075968979,-0.04813768772874053,0.8971590837463739,-1.7512891851365562,0.17903067311272036,1.1071486715227368,-1.5828289352357383,-0.21693939575925447,1.1193581968545916,-1.582101633772254,0.42402662150561793,-0.6811559526249765,1.2043453380465508,0.02402628670097331,-0.5194326899945737,0.029810936597641564,0.0250020595267415,-0.024166283255908638,0.03792904387009098,-0.0359692335386636,-0.16950614227676059,0.27659503230825067,0.1906257782357893,-0.20108827815528338,-0.2707039143154867,0.18621639199793355,0.15508837924882346,-0.2693855736715358,-0.28814902827565375,-0.19131877753712037,-0.26395557042358264,-0.29176725710570756,0.2009795954133462,-0.25719318379576445,0.13178877049021664,0.07516896131014597,0.3599111170937462,0.12787154130637643,-0.02254088825429788,0.0,0.0,0.014735053363531488,0.9998914332078128
0.03754827600857359,-0.02947284498189552,-0.04959926815130272,0.0,0.0,-0.16874484156545555,0.2011879264162139,0.8208989672935919,-1.6150564505503724,-0.038983818054056284,0.8874557039772094,-1.767267955037263,0.1743363095089223,1.1030711053082578,-1.59949044482066,-0.22544260889005166,1.110787860476054,-1.581119142186183,0.4304340608561265,-0.6836223993450402,1.2067495286464691,0.02309517886561275,-0.5169002554164485,0.029498152139310098,0.025095915444231086,-0.02419411692356404,0.03754827600857359,-0.02947284498189552,-0.16874484156545555,0.27563318151694083,0.1880608211052273,-0.1992021327028993,-0.27083611915626543,0.1910926602056177,0.15251941797242202,-0.26784220605151143,-0.283833905793854,-0.18986112688156598,-0.2634006561275302,-0.28951353256751444,0.20336789578615902,-0.2567726654979933,0.13088881637602034,0.07588354882326696,0.3591373711011385,0.12864362111744967,-0.023198702009932043,0.0,0.0,0.01304776716982271,0.9999148742627455
0.03884015451454601,-0.0216488369800764,-0.050537058940300354,0.0,0.0,-0.16417365628786634,0.19651302895866918,0.8348983497573775,-1.6233661083074715,-0.03169573953625978,0.8760537687832349,-1.7850263594434808,0.16835288440163906,1.1005015775847895,-1.619786846809662,-0.2331255782897081,1.1060304555755396,-1.5833979634424815,0.43738708247502245,-0.6864000903442501,1.2089430540800095,0.022060444193462363,-0.5139457882883458,0.029119815028165116,0.025194019269502647,-0.024226028008762602,0.03884015451454601,-0.0216488369800764,-0.16417365628786634,0.27461106158219856,0.18518386729345676,-0.19767228025311567,-0.2702306973239468,0.1965702349890358,0.15047163461596663,-0.2656768072941068,-0.27930862482404195,-0.18797417602295632,-0.26243945897780596,-0.2877214981753942,0.20539044070014134,-0.2557890696349936,0.12992073828108971,0.07665569537468322,0.35842739583663036,0.12940372272322956,-0.023680210290387117,0.0,0.0,0.011406152777150966,0.9999349477235128
0.04130416319535219,-0.0158273424900388,-0.04955129518818408,0.0,0.0,-0.1524893325151137,0.194005124270916,0.8489059645396007,-1.6332876911530123,-0.026158454899604694,0.865457300956433,-1.802455966289226,0.16243810837085457,1.0999857966716473,-1.640413284301757,-0.24008690967009588,1.1034486110393817,-1.5881263430301957,0.44442816307911476,-0.6893788232253146,1.2108235038243806,0.020961528643965773,-0.5108089722119846,0.028719972532529114,0.02529522117513876,-0.0242619185636823,0.04130416319535219,-0.0158273424900388,-0.1524893325151137,0.2736116991593288,0.1825760919946604,-0.19668269216611184,-0.26902404613088715,0.20167118571191678,0.14892045453764724,-0.2632495119457388,-0.27535171827620214,-0.18607309709511594,-0.2611582861576539,-0.2860872308543131,0.20711580068723567,-0.25446679855251175,0.12893772439607937,0.07742491816086247,0.3578326477566131,0.13021657615900037,-0.024028991134120856,0.0,0.0,0.009881345388412774,0.999951178314879
0.04457432726635348,-0.008105777261453815,-0.04823760201151661,0.0,0.0,-0.14392909630056974,0.19308484275825324,0.8629196106384577,-1.644390233004322,-0.021903869946702258,0.8554509498465521,-1.8196446832555988,0.1565736273231989,1.1009746705396817,-1.6612815186381336,-0.24651954097386722,1.1024606666312768,-1.5946493643121076,0.4515337591202785,-0.6925048472073215,1.212474582143701,0.01981559168780225,-0.507538560204781,0.02830437435589445,0.02539869285493086,-0.024300724632876854,0.04457432726635348,-0.008105777261453815,-0.14392909630056974,0.2726290097746712,0.1801757723445875,-0.1960856522650417,-0.26737512713205025,0.206471794545095,0.14773235839994137,-0.26061747264019175,-0.27181740013485745,-0.18416983552512556,-0.259632906670685,-0.2845725230383631,0.20861523248501873,-0.2528953506685514,0.12794317862061658,0.07818951139518084,0.35732159428494115,0.13106807763688264,-0.02428053069609002,0.0,0.0,0.008442114459119571,0.9999643647167928
0.04761599031682277,-0.0009016617532308369,-0.04701280536559965,0.0,0.0,-0.12551013640809236,0.1951344683408164,0.873357561775125,-1.656021430515326,-0.020841107775385562,0.8500920134381605,-1.8335428813902233,0.15277440462691277,1.1065557647783022,-1.679308529656667,-0.2521218830146469,1.1024681716584241,-1.6052313968539238,0.45810398316154116,-0.6962178435463172,1.21349825996619,0.018622462481009554,-0.5043214886234356,0.02791734095304631,0.025505980082715932,-0.02434636900971572,0.04761599031682277,-0.0009016617532308369,-0.12551013640809236,0.27168219507886815,0.17892098473334533,-0.19626997782811564,-0.2652294706314755,0.20956034968448262,0.14740299883394178,-0.2582144650845499,-0.2701024706148464,-0.18280758126768076,-0.25771950727346227,-0.28258379764649044,0.20976563682010474,-0.2509589111053176,0.12695106192129624,0.07884126727694689,0.3571372446918893,0.13200476930405086,-0.024323072956086926,0.0,0.0,0.007187051171583947,0.9999741728142068
0.050289097760699536,0.00543860933607506,-0.045938145082731474,0.0,0.0,-0.11877547306763496,0.19768520000462342,0.8822125730892786,-1.6671654679454289,-0.02075728216172694,0.8463221238209652,-1.8461070097982881,0.14993962267628658,1.1135950803470152,-1.695926518537677,-0.2572595010368296,1.1023137878913145,-1.6169052959348145,0.4643466894586498,-0.7001324397010298,1.2142776954345977,0.017425526808857797,-0.5011849940324633,0.02755345015500028,0.025613397910582043,-0.02439346864524011,0.050289097760699536,0.00543860933607506,-0.11877547306763496,0.2707484975600472,0.17806456829319095,-0.1965940696727355,-0.2630894847130823,0.21202297020366742,0.14733379135028823,-0.255931904193796,-0.26904928709927656,-0.18171183925271464,-0.25569136754001526,-0.280357004945968,0.21075334040793375,-0.24897853446268586,0.12597170986692555,0.07942867097467447,0.3570824656161881,0.1329730388959153,-0.024289216662649642,0.0,0.0,0.005999322047661087,0.9999820039055545
0.053491675591237665,0.01364776491297431,-0.04267066788787993,0.0,0.0,-0.103439959626992,0.20088175569589323,0.8872297262916199,-1.6766239381753483,-0.02274329226034193,0.8460773183749273,-1.8555224388837814,0.14947822625533894,1.1237678762811882,-1.709022537446939,-0.26120243092569023,1.1013454336386461,-1.63073330028699,0.4697320160384362,-0.7044950743707327,1.2144883968509161,0.016231312676189602,-0.49828370273686373,0.027253011169915013,0.025720042266094915,-0.024442997017803673,0.053491675591237665,0.01364776491297431,-0.103439959626992,0.2698446692755589,0.17806159757344453,-0.19713683770846321,-0.26114763673358915,0.2131775737769268,0.14780350782562057,-0.25404444468608517,-0.26947314806000466,-0.18125320399584133,-0.25349182591587516,-0.27751713402459827,0.21138210141151942,-0.24701339047740256,0.1250341142937797,0.07986578099809553,0.3573359229329254,0.1340135782240675,-0.024081408637217604,0.0,0.0,0.004964937856958262,0.9999876746200808
0.05582751796363384,0.02030929864981028,-0.03828790683585854,0.0,0.0,-0.08856334320862892,0.20325298284968502,0.890196336648212,-1.6841554972701347,-0.02556757902045944,0.8459557539855058,-1.8625996187329292,0.14997994100961545,1.1352899088882482,-1.719473006347051,-0.2638517409348144,1.099765397465,-1.6444665607638083,0.47398823947430796,-0.7091769556013436,1.2143806946965365,0.01506639791477939,-0.4955345814546141,0.02702896560255725,0.025828048127900377,-0.02449328999276846,0.05582751796363384,0.02030929864981028,-0.08856334320862892,0.269041670844532,0.17835295756593347,-0.1975182827005432,-0.25963797399754857,0.2140185163180075,0.14848802909752917,-0.2524837943767214,-0.2707128006589897,-0.18106735106130448,-0.25135280244470504,-0.2745464428673927,0.21168585129867643,-0.2452798068823837,0.12416208204629967,0.0801131407561248,0.3577753346966693,0.1351071796738184,-0.023722086614445574,0.0,0.0,0.004079313393524107,0.9999916795665039
0.05884855260337635,0.029930968954984115,-0.02936330588104719,0.0,0.0,-0.07757437693011486,0.20501455965523538,0.8916482603034148,-1.6902636934358342,-0.029011080596739312,0.8459252248016688,-1.867949590086937,0.15119308283409247,1.1478085901874764,-1.7279692710592198,-0.2655454850397431,1.097733526562269,-1.6581298362177153,0.4774104215634557,-0.7140946565912321,1.214037795479481,0.013923125894507383,-0.492897864502783,0.026861350016238596,0.02593705970167111,-0.024544147761144604,0.05884855260337635,0.029930968954984115,-0.07757437693011486,0.26831315300212455,0.17885880383180117,-0.19778346827958573,-0.25844841033164867,0.21463244476281357,0.14932884046686248,-0.2511658597509516,-0.2725426069797093,-0.18107693921941595,-0.24925153986408186,-0.27148762041482855,0.2117487509628307,-0.24370428480715703,0.12333788339438306,0.0802201066395459,0.35835102108066336,0.13623997683708486,-0.023250844844509486,0.0,0.0,0.0033035748513258814,0.9999945431817124
0.06161594165007704,0.039212803316052085,-0.019712663757112673,0.0,0.0,-0.04899038237285293,0.20464162087927645,0.8915210854118834,-1.6943921911028714,-0.03314415589333149,0.8430905284073491,-1.8691837409367928,0.15194653588920257,1.1611627417688184,-1.7331543551901212,-0.26536756671535283,1.0966074840667157,-1.669546324903002,0.47881800194199264,-0.7193279631006029,1.2131071073504596,0.012893549444225558,-0.49050251681071066,0.026823497789267164,0.026041694175756462,-0.02459289304141958,0.06161594165007704,0.039212803316052085,-0.04899038237285293,0.2678671386092901,0.17951298177576552,-0.1975603222324338,-0.2578941062453683,0.21549095403254453,0.1503566130596261,-0.2504541976959321,-0.2751609372220206,-0.18101233089506755,-0.24750196417849252,-0.26911079099351687,0.21139079339303332,-0.24257613260451424,0.12265930116773834,0.08002048963088962,0.3592187853674025,0.1374531601054164,-0.02250932122562798,0.0,0.0,0.002813673304474982,0.9999960416134335
0.06403773881461357,0.04740540154358946,-0.011215733292584129,0.0,0.0,-0.03851589252544121,0.20371962410326186,0.890984330039758,-1.6981208324432373,-0.03730823207073489,0.8389868747729521,-1.8688006756397393,0.15202247265439767,1.1746788277075841,-1.7371794398014362,-0.264612204180314,1.0957426612193768,-1.6797826507916818,0.47941721975803375,-0.7246016137875043,1.212039291858673,0.011917267773801886,-0.4881616518474542,0.02683348051057412,0.026145644808331363,-0.024640646601955477,0.06403773881461357,0.04740540154358946,-0.03851589252544121,0.26752464645184004,0.18022068871690441,-0.1972091742399047,-0.25748480196549767,0.21648943908528592,0.15139775334891498,-0.249996342208792,-0.27800481920989817,-0.1807921254484879,-0.24593174576168866,-0.2670346703773704,0.2109171061645439,-0.24162886862227723,0.12204123020506116,0.07969967266020608,0.36014612899151943,0.13869574895271888,-0.021668488231415928,0.0,0.0,0.002428515695127922,0.9999970511514115
0.0669961448626774,0.05738651449573343,-0.0008479190560489738,0.0,0.0,-0.014601236278874045,0.20174808766191404,0.8896604216156098,-1.7012215107679365,-0.04134906358264656,0.8317747661987179,-1.864629902948554,0.1501060156509854,1.1884384095095666,-1.7386028004380372,-0.2626333482420216,1.0954123454598281,-1.687012204613823,0.4781094696372748,-0.7299014658022384,1.2107268944382668,0.011072845049336803,-0.4859154510598344,0.026952925048625235,0.026248839437567555,-0.024685945484984234,0.0669961448626774,0.05738651449573343,-0.014601236278874045,0.26741850927758676,0.18105476554300995,-0.1966096903666629,-0.25733381661477917,0.2178580315470226,0.1524313304677197,-0.25015639923316607,-0.2813613754579066,-0.18011943759063104,-0.24485885839596935,-0.26565412421286644,0.21022631043369677,-0.2411639790407233,0.12157365417136173,0.0791015056507343,0.36117433780991437,0.1400054294902544,-0.020600686234851916,0.0,0.0,0.0022825037370200274,0.9999973950849526
0.06921484009676798,0.06487704873802522,0.00693183929587754,0.0,0.0,0.003445183979068964,0.19981380552053457,0.8867278117686511,-1.7042821533977985,-0.04521184740588058,0.8234468828886751,-1.857901927083731,0.146128094289452,1.2025134414434429,-1.7379667200148106,-0.26061095297336584,1.0941782966256142,-1.6922498084604738,0.4753314731642605,-0.7349593825638293,1.2092836946249008,0.01034775306470694,-0.48367653414607054,0.027137057506479316,0.026349935214966532,-0.024730177014134824,0.06921484009676798,0.06487704873802522,0.003445183979068964,0.2674907296895981,0.18233348374464953,-0.19602517493163346,-0.2571966682463236,0.21923539335165862,0.15344271004537582,-0.2507592582992598,-0.28515857811202583,-0.17897021941076235,-0.24420528634116706,-0.26438472852019607,0.20960217137464754,-0.24098433870836247,0.12124746507728366,0.0783089992936975,0.3622052032097651,0.1413650880567729,-0.01936081808526073,0.0,0.0,0.0023169554857120156,0.9999973158550363
0.07325879884712072,0.07382142242518423,0.013905276472751806,0.0,0.0,0.01688535009299544,0.1979072687144463,0.8825971130998089,-1.7073129792339528,-0.048942029279155204,0.8142880204921732,-1.8492694607434366,0.14061488653533163,1.2168234065175056,-1.7357968600610127,-0.2585561315600689,1.0922711878441846,-1.6960038971155882,0.47145850300932163,-0.7398371167767506,1.2077430790433517,0.009711533274429926,-0.4814430419355631,0.02736936663187897,0.026449467861451782,-0.024773613625886634,0.07325879884712072,0.07382142242518423,0.01688535009299544,0.26769578284942186,0.18394078372267095,-0.1954507932697507,-0.2570636108992259,0.22062607972995812,0.15444235840516712,-0.2516859852610511,-0.2892856348408434,-0.17746575400006265,-0.24382907729547054,-0.2631970186476468,0.20902696109972227,-0.24101767605815794,0.12102181128498717,0.07737256872534087,0.36323777105719585,0.14276196802249894,-0.017992802765757716,0.0,0.0,0.0024858085003847522,0.9999969103732769
0.07776412023657212,0.08142322165427388,0.018005584402440433,0.0,0.0,-0.0015827698381751748,0.19649632067347952,0.8751291904885038,-1.7106242277301273,-0.05292394391905792,0.8067597219577205,-1.8387317393834777,0.13199985120445515,1.2326188992995477,-1.729623497105562,-0.2573883977647011,1.086170432659296,-1.698436243029741,0.46567943591911076,-0.7436401780981283,1.2061885394729102,0.009273982799361256,-0.47917873885195994,0.02767051450120141,0.026540873796105955,-0.024814309964243036,0.07776412023657212,0.08142322165427388,-0.0015827698381751748,0.26804694074850816,0.18652088403843672,-0.1949991027680777,-0.25682723552505465,0.2213978377884139,0.15553412806014896,-0.2529613687668415,-0.29453663527060747,-0.17523828535821695,-0.24402913061065828,-0.26109356437917663,0.20877784763626706,-0.24133054624548392,0.12106676596101085,0.07623820313501399,0.3640871293519803,0.14428072336774603,-0.016393429138518628,0.0,0.0,0.002469980850593313,0.9999969495926464
0.08271255321555064,0.08721842335935631,0.018670039179806423,0.0,0.0,-0.020736303325434007,0.19526957186798638,0.8664732633445126,-1.713970347092702,-0.05697607327825746,0.8004743620180167,-1.8279000139580324,0.1224506275567155,1.248856773170141,-1.7219699148375256,-0.256571346320785,1.078297954912369,-1.700655532714266,0.45929249931270116,-0.7470428297439446,1.2046926204974835,0.008906263409209296,-0.47689931803884417,0.02798749528861103,0.02662899089941325,-0.02485354515374638,0.08271255321555064,0.08721842335935631,-0.020736303325434007,0.2684160062255195,0.18942998978809714,-0.19459078866113375,-0.2565383099153862,0.22182051310886577,0.15666014317213467,-0.2543036719828867,-0.30018160811228944,-0.17278715972517372,-0.24431285933412633,-0.258542034855495,0.20864478312095178,-0.24170764517063006,0.12119370452432958,0.0750434710236898,0.36484500086192373,0.14585640582327658,-0.014720547615210175,0.0,0.0,0.0022626183967768125,0.9999974402757192
0.08886864059506022,0.09415447469978377,0.019049123287773195,0.0,0.0,-0.07576662468203793,0.1944664648662393,0.8551318145428716,-1.717334706049699,-0.061168831271620795,0.7976166302194962,-1.8167620811324856,0.11094822578776943,1.2660140314927464,-1.7109189222638426,-0.2565795684663149,1.0661603521842227,-1.7026333519472525,0.45159737543704437,-0.7495237012895254,1.2033885167195246,0.00869556702001809,-0.4745818526985554,0.028332177460050345,0.02670930428072237,-0.024889024381991476,0.08886864059506022,0.09415447469978377,-0.07576662468203793,0.2687937423157004,0.19308264707133121,-0.19428578420626397,-0.25615486880319605,0.22131276688699478,0.15784360143731038,-0.2557694423579891,-0.3067193814481913,-0.16987289934205677,-0.24488949890093592,-0.2548587942253645,0.20877962721131205,-0.24221269840075427,0.1215155520779895,0.07372049951356287,0.3653741824486108,0.1475734043006713,-0.012889756207676795,0.0,0.0,0.001504953439935773,0.9999988675569307
0.0934398831135894,0.09940499867727523,0.019333323535437878,0.0,0.0,-0.11703931965450537,0.19329292395223793,0.8423052203769867,-1.720413302286313,-0.06551012370842867,0.7985607921504058,-1.806459303945303,0.09877993675092094,1.2833365487078061,-1.6978174453744521,-0.25735731433647185,1.051644360789886,-1.7048686353059916,0.4433693559482121,-0.7512215021281288,1.2022014049669871,0.008577637025155127,-0.47236300367288864,0.028668251121416688,0.02678243071736338,-0.024919937756539393,0.0934398831135894,0.09940499867727523,-0.11703931965450537,0.2691779711570304,0.19709681789650532,-0.19388538228079452,-0.25581880821909114,0.21988632372638967,0.15907580891259648,-0.2571568713552583,-0.3137123970758699,-0.16679669111560758,-0.24549204694863105,-0.2504726673452888,0.20911499737873018,-0.2426450860733701,0.12196039659557327,0.07237104684726249,0.3657453687226262,0.14939979950969035,-0.010943686245949583,0.0,0.0,0.00033456053803619337,0.9999999440346217
0.09967878619200367,0.10626432882816461,0.01971247122408148,0.0,0.0,-0.14803010322608232,0.19184123266201755,0.8283634644288286,-1.7232773258135867,-0.06996294727119105,0.8023597093728871,-1.7967836260795595,0.08611164815150803,1.3007831550561462,-1.6831763065778296,-0.2587128780209101,1.03534249159006,-1.7072972426047692,0.4347411972972065,-0.7523313130323703,1.2011021398580992,0.008529363200068476,-0.47021820338872766,0.02899786084890365,0.02685016064116588,-0.024947422735679608,0.09967878619200367,0.10626432882816461,-0.14803010322608232,0.2695670752571179,0.20137796283540466,-0.19340889990095558,-0.25549212002179994,0.2177522455003328,0.1603471053014662,-0.25847020828514455,-0.3210587892010499,-0.16359285483020633,-0.24601969034608623,-0.24555701115142992,0.20959111630438815,-0.24298120515450722,0.12249448847787181,0.07099909324236259,0.3659981886335702,0.1513083382294728,-0.008911056247038382,0.0,0.0,-0.0011457407779389957,0.9999993436388195
0.105293283411147,0.11271877460361333,0.019916809665468382,0.0,0.0,-0.21334245330202226,0.188814522841802,0.8149618625354308,-1.7255985458882956,-0.07476528940829807,0.811622880327587,-1.7895207741799262,0.07360236784622358,1.3167097178789287,-1.6671246542380407,-0.2607085297528941,1.0176127908321526,-1.7099786412257414,0.4259273061672082,-0.7520589783357886,1.2003018689843326,0.008605091591911892,-0.46818955658146966,0.029287887119258255,0.026908016913624194,-0.024967793516295318,0.105293283411147,0.11271877460361333,-0.21334245330202226,0.26996647000599366,0.20542102789627073,-0.1925374600990103,-0.25542554077203217,0.21441730275089646,0.16169850963235494,-0.25940851076326565,-0.3283194818084929,-0.16044035019243585,-0.24657149416162552,-0.24020115775974596,0.21021007911481268,-0.243158966329001,0.1232012015205017,0.06968417075729624,0.3659318669267992,0.15339668059291747,-0.006702260730470205,0.0,0.0,-0.0032791613032394943,0.9999946235361205
0.11000353366134245,0.11844368806987914,0.019604580190318854,0.0,0.0,-0.2252829153288034,0.185203007529848,0.8023937254284439,-1.727856601946629,-0.07966406272652621,0.8222527524026538,-1.7832759782098808,0.0614462103515579,1.3314514206005974,-1.6512257542747721,-0.2628868643480997,1.0001707269022102,-1.7124372098881464,0.41721435564641784,-0.7513739313357152,1.1995830762271698,0.008713426894526208,-0.4662463528892169,0.029554700649056867,0.02696094374047019,-0.024985430059202302,0.11000353366134245,0.11844368806987914,-0.2252829153288034,0.27036374764373666,0.2092109765041559,-0.19151197290176186,-0.2554065154520931,0.21080632600062915,0.16307088030116523,-0.26013094287693056,-0.33526967596456353,-0.15737590409800678,-0.24698357246904049,-0.23496038652238713,0.21085269481688662,-0.24322286910572122,0.12394092711778602,0.0684041363859397,0.365780457153115,0.15554954867380166,-0.004430023971508537,0.0,0.0,-0.005531970022998416,0.999984698536765
0.11556680670297553,0.12534203383965173,0.018796704422970045,0.0,0.0,-0.2413929898323455,0.18024450861132488,0.7923310704959127,-1.7300972438489015,-0.08475408469362616,0.8354176943405317,-1.7794891439664822,0.05037557846830723,1.3428897834741154,-1.6363047765424619,-0.265435085990108,0.9841480531658117,-1.7140894321581492,0.4088911492234239,-0.749831278092013,1.1990246138033958,0.008884431323027598,-0.4645391137410815,0.029760167150435828,0.027001347318918515,-0.024996683003757007,0.11556680670297553,0.12534203383965173,-0.2413929898323455,0.2707506532136064,0.2122913338271355,-0.19014427288467017,-0.25557643469958774,0.20679107595678092,0.16446586895227527,-0.26038679642490475,-0.3412021799250211,-0.15459834758863944,-0.24747086727173942,-0.23024306516361584,0.21157642143112923,-0.24318758477345906,0.12475085793211045,0.06723088820540912,0.36546379237618865,0.15784896997949827,-0.0020134853384661156,0.0,0.0,-0.007945846867084945,0.9999684312604897
0.11942797576645649,0.13062892570880072,0.017832836601883176,0.0,0.0,-0.22428176059959634,0.1748332491574381,0.7855188021293055,-1.7324039689623392,-0.09020569505026689,0.8484737861614957,-1.7776271460148005,0.04069808311760453,1.3509079739451406,-1.6232762445624063,-0.2684184537770655,0.9708998976991731,-1.714494374509041,0.4011504536924456,-0.7476504986675887,1.1986383990599558,0.009075504356028075,-0.4630370723226896,0.02991644891265493,0.027035916734558456,-0.025006808027123604,0.11942797576645649,0.13062892570880072,-0.22428176059959634,0.27111561582065546,0.21447039852340885,-0.1886668466667987,-0.2558272202879067,0.20303216097663274,0.16592575812314458,-0.2602055120592857,-0.34589781569286276,-0.15217993920970674,-0.24805141889958068,-0.2264932364863133,0.21240885539978524,-0.2430854002169062,0.12559086441834252,0.06617585760898752,0.3650093692872395,0.1602513105966723,0.0005095645168553568,0.0,0.0,-0.010188573685409128,0.9999480951360711
0.12474301264029444,0.13751906605899758,0.016547920397268212,0.0,0.0,-0.2113283364066782,0.16907923084755377,0.7811672137333798,-1.7347607218588774,-0.09593104309617306,0.8614474738446561,-1.7772223304670591,0.03207525098696381,1.356336949393153,-1.6116803739793029,-0.2717312455822068,0.9597521697959078,-1.7139550732591977,0.39385074351985894,-0.7449866307612796,1.1983825830885997,0.009281770170603585,-0.4616903742560401,0.030035495749101613,0.027066069442438535,-0.02501607916649216,0.12474301264029444,0.13751906605899758,-0.2113283364066782,0.27146396667768175,0.21596894144861356,-0.18710822754301382,-0.25614754455157224,0.19947661935370603,0.16742985683130382,-0.2596868589528918,-0.3496566093966081,-0.15003019335781428,-0.24873722245653243,-0.22347236593248782,0.21332851229216698,-0.2429481858544352,0.126452891247269,0.0652074853927696,0.36444999276949475,0.16273156548133827,0.00311324786791645,0.0,0.0,-0.012301724608850281,0.9999243309229194
0.1296450476989428,0.14392024785683874,0.015357608656184352,0.0,0.0,-0.18421556080967721,0.1635886219043572,0.7824026473726218,-1.7369738863064692,-0.10227847745856977,0.8721403489605737,-1.7792158997975862,0.026359851221339138,1.3550865151561224,-1.60463239510472,-0.2748859740363863,0.9548862269864633,-1.7107255034721816,0.3876257222862199,-0.741960406733247,1.1983606222157295,0.009503465940584785,-0.4609083585584393,0.03008743698816173,0.027081889297383335,-0.025023494600855675,0.1296450476989428,0.14392024785683874,-0.18421556080967721,0.2717775326365462,0.21590423911266102,-0.18564203051169703,-0.2565662717032138,0.1968535038664738,0.16904693941834267,-0.2586332856190144,-0.35079839557422743,-0.1486215691674739,-0.24988209449174298,-0.2226195951881456,0.21425995713085108,-0.24300871357548548,0.12727271353985375,0.06441973407977551,0.36383016285474273,0.16537484838269073,0.005885907226071941,0.0,0.0,-0.014143719949534079,0.9998999725902532
0.1339237202706811,0.14968882164635755,0.014299048612323452,0.0,0.0,-0.17421393122813464,0.15861611254513275,0.7852026866748927,-1.7390871942043304,-0.10889047291129803,0.8819690421223638,-1.7817278336733577,0.02180438372306532,1.3517400696873667,-1.5991979446262121,-0.27778502181172365,0.9523601122200488,-1.7067562378942969,0.3817871045321228,-0.7389617646113039,1.1984375175088644,0.009726912976475426,-0.46040749084204435,0.030119510367512703,0.027093293116195127,-0.025030289660207927,0.1339237202706811,0.14968882164635755,-0.17421393122813464,0.2720782710239291,0.21539614076969973,-0.18431675615595594,-0.256956274369392,0.19453880462393558,0.17071144980968725,-0.25742512123857064,-0.35107677444600194,-0.14749965539425836,-0.25114587645116754,-0.22253401883242716,0.2151412724162513,-0.2431439074701123,0.12805207767658552,0.06368259555367028,0.36322083814640976,0.168078121729195,0.00872107615577978,0.0,0.0,-0.01588566353667206,0.9998738148856583
0.13821364607101627,0.15558812894948232,0.012092820655268397,0.0,0.0,-0.15119816325958058,0.15524152952891135,0.7911248121124047,-1.7409255229509795,-0.11614508640307639,0.8897870870736928,-1.785079537675931,0.020002402221927295,1.3439248846127438,-1.5974147400030723,-0.27990547739542443,0.9552401510568765,-1.7013283349000492,0.3768280068269143,-0.7361820002014821,1.1987540343633065,0.009950592200486703,-0.4606238047663982,0.0301105732528063,0.027095374346782383,-0.02503571895739207,0.13821364607101627,0.15558812894948232,-0.15119816325958058,0.27234949458103913,0.21399533504698495,-0.1834193708505306,-0.2572315023073894,0.19288517640140687,0.17251177307854593,-0.25596945236201407,-0.34946098193208724,-0.14707326594477868,-0.25264385983148785,-0.22419477597436652,0.21584820669969332,-0.24345279076829565,0.1287260457994817,0.06306400332313479,0.362670275803261,0.17091930199127928,0.011700262226021028,0.0,0.0,-0.01739743622166627,0.9998486531535226
0.14025272891319307,0.15913637816959256,0.009503738524822834,0.0,0.0,-0.14779598466439264,0.1533485224757057,0.7970119240478826,-1.7417741475196986,-0.1239638896659014,0.8971907278666127,-1.7884072776024158,0.02032386442610558,1.3340140796051578,-1.597973202713407,-0.28127918438985944,0.9609342455290829,-1.6960526098712134,0.3723274501613701,-0.7339381025387691,1.1993535787153702,0.010184621708154169,-0.4613159333284084,0.030073809831474837,0.02709228566247755,-0.025040507083758712,0.14025272891319307,0.15913637816959256,-0.14779598466439264,0.27256198385013986,0.2124815652741586,-0.18292776083054402,-0.2574616081672942,0.1913463057104924,0.17444033236086118,-0.2544230720114899,-0.34681488702278956,-0.14718504597674925,-0.25411544131700237,-0.2266315919456946,0.2163401881915948,-0.24376574446321989,0.12927801923161103,0.062481150824899544,0.3621815666605024,0.17381983490374217,0.014748498021687569,0.0,0.0,-0.018875153382559743,0.9998218484234003
0.14150792989056,0.16215072721123228,0.004591393427780255,0.0,0.0,-0.1451994074235389,0.15258632958508456,0.8028723118970027,-1.7418673795003157,-0.13221331126987929,0.904278074319546,-1.7917167269266567,0.022266046914200355,1.322503790832483,-1.600318945084627,-0.2820829348638654,0.9687761704509075,-1.6908930348089108,0.3681768753494208,-0.7321032056441674,1.200169144055018,0.010426551078965599,-0.4623712278329409,0.03001580795703026,0.02708525103606427,-0.025044805835932493,0.14150792989056,0.16215072721123228,-0.1451994074235389,0.27272964412203204,0.21087988219828685,-0.1827453452069129,-0.25765564147304837,0.1898960198696658,0.17646057929573536,-0.252800909055142,-0.34337497254748944,-0.1477143931571227,-0.25553590499317413,-0.22966637852414623,0.2166617536578747,-0.2440628654052661,0.12973667640518616,0.06192628888261258,0.36174040451099115,0.17676566877903843,0.0178494360812832,0.0,0.0,-0.020326868884632823,0.9997933878563845
0.14187021166585348,0.16430397862743534,-0.0006020284042909664,0.0,0.0,-0.16145592301607076,0.15406083072034207,0.8059980690909119,-1.7402240092364643,-0.14079937888667535,0.9123151351769381,-1.794653109776286,0.026990635275768973,1.3090423496010215,-1.60591755176966,-0.28135171847847795,0.9785160445249995,-1.6870546644696824,0.3643442176354047,-0.7316096818361145,1.2014119441692646,0.010697080443675908,-0.46419148874254174,0.029927422861174613,0.027076462332983144,-0.025046180456858844,0.14187021166585348,0.16430397862743534,-0.16145592301607076,0.27274563958725107,0.20980856643865173,-0.18317620866450435,-0.2577835145771322,0.18814703311574552,0.17855398900443406,-0.2511653804384648,-0.3387475717036666,-0.14896537432503731,-0.2567147842533519,-0.23303392064594747,0.2165278910565628,-0.24434169856541993,0.1299659708682046,0.06134260301930708,0.361492168828567,0.17973910146751074,0.020999101787590544,0.0,0.0,-0.0219410680331765,0.9997592657903019
0.14215907179975312,0.16625763746486716,-0.005238107405602933,0.0,0.0,-0.16746619325256548,0.15589687593567828,0.808143552679282,-1.7380410811075797,-0.14935369173494664,0.9205077250416461,-1.7973587902692647,0.03259981656447049,1.2952447608113289,-1.6125624936360579,-0.2803144912020518,0.98845891138682,-1.6836834996938705,0.3604972798090715,-0.7316419115433326,1.2029155452664082,0.010981383106599631,-0.46620656005465066,0.02983207520670616,0.027068482022374295,-0.025047866224597853,0.14215907179975312,0.16625763746486716,-0.16746619325256548,0.2727055629858604,0.20893590695379605,-0.18371215710482036,-0.25793218737647206,0.18633142611144468,0.18062460882583534,-0.24954097772265116,-0.33380466802783865,-0.15045443681342333,-0.257691355173229,-0.2363901964960369,0.2162875615053196,-0.24456377383119726,0.13010756949280214,0.060724385978950746,0.36127127636107964,0.18272334437530774,0.02416630464498525,0.0,0.0,-0.023615296050482407,0.9997211200091994
0.14261381952917696,0.16853391034169427,-0.010853758654916222,0.0,0.0,-0.18133358004972985,0.15810426283412823,0.8080578993719357,-1.734715187492279,-0.15767938267582862,0.9288646422613124,-1.7994399225482574,0.040106657776050075,1.2810546960681681,-1.6214661477850032,-0.27883126977114725,0.9983741754236127,-1.6813691444694996,0.35648630272883647,-0.7329168445788896,1.2051231555927258,0.01130064588953525,-0.4685835823273429,0.029724910264261644,0.02706381573135821,-0.025051654444094032,0.14261381952917696,0.16853391034169427,-0.18133358004972985,0.27253611529102695,0.208529763118018,-0.18436963975592965,-0.2581835213216628,0.18439191431385682,0.18263403908088593,-0.24801629999618582,-0.3282915432350385,-0.1524403720995691,-0.2582602457446683,-0.23956899954593913,0.2158882624771023,-0.24468829739391473,0.13004866659938621,0.06000506210070192,0.36106916639013187,0.18573313224344293,0.027373494385616197,0.0,0.0,-0.025428087322124933,0.9996766539112226
0.14279680040459528,0.17037562489750657,-0.015067608238986115,0.0,0.0,-0.1915435422187489,0.15927714858060846,0.8076326010318903,-1.7307204687251494,-0.16515357713573253,0.9358683532247176,-1.8012229866133287,0.04832642122458378,1.267318905546115,-1.6320032577675123,-0.2775984385695595,1.0081571128505926,-1.6789887673579729,0.3522341174718279,-0.7350062428472134,1.2077900503690426,0.01164425714747407,-0.47112608357117725,0.029603465916947104,0.02706296077499596,-0.025057709766910054,0.14279680040459528,0.17037562489750657,-0.1915435422187489,0.27227141263966376,0.20812902046688753,-0.18477836040312706,-0.2586814814444657,0.18277616568562607,0.1844253754265201,-0.2466405042946881,-0.322567633976569,-0.15461073391468189,-0.2584378429304381,-0.2427238951539699,0.21554448522924513,-0.24474958512660855,0.12986496454305652,0.059200311694728856,0.36086864374019256,0.18876324891327664,0.03060892537737694,0.0,0.0,-0.0273428567492536,0.999626114197098
0.14251133776531655,0.1686971955110903,-0.01687721635859757,0.0,0.0,-0.19940043483835085,0.15965398202220407,0.8069459446347677,-1.7262110866319675,-0.1719725420340321,0.9418307671753259,-1.8027766861308079,0.0570947808625461,1.253932680648107,-1.6437973178063445,-0.27655828353733974,1.0178382244820776,-1.6765575861701598,0.34779632166744434,-0.7377223750003254,1.2108103661583018,0.012006604643269934,-0.4737959214701102,0.0294710335169489,0.0270650386541652,-0.025065509633770067,0.14251133776531655,0.1686971955110903,-0.19940043483835085,0.2719334109614675,0.2077315430486571,-0.1849949714412787,-0.259369249170304,0.18140882976040956,0.18604976239212515,-0.24538206418749298,-0.3166927499766323,-0.1569174909466351,-0.25826493014433916,-0.24586085860814644,0.215241466755379,-0.24475493928215925,0.12958382992828382,0.05833212657588952,0.3606683335628039,0.19180900866810513,0.0338660881120281,0.0,0.0,-0.02933606120933782,0.9995696051364917
0.14161928798935378,0.16446321197006844,-0.01586908385014379,0.0,0.0,-0.22637839059891887,0.15752279873077685,0.8081694428737347,-1.7218094789064848,-0.17586365800637466,0.9430789351463318,-1.8036287289399366,0.06532543611067992,1.2427026491898756,-1.6578802512242243,-0.27607091344319856,1.0284090042114258,-1.6731482194020197,0.34300562739372253,-0.7412896614808303,1.2145809943859394,0.012411829299078537,-0.4764689848973201,0.02933741160310232,0.027075947620547734,-0.02507773256645753,0.14161928798935378,0.16446321197006844,-0.22637839059891887,0.27159632398531985,0.20681323136140234,-0.18456041165476864,-0.2604099692659583,0.18119695423799967,0.18697698743162391,-0.2446879280730754,-0.31095424697090357,-0.1590526808045153,-0.2575501445409889,-0.24941762849028168,0.21508446595602904,-0.24470409700925522,0.1291639122354628,0.05735770554515242,0.3603473336677245,0.19484963325353769,0.03701088491540689,0.0,0.0,-0.03159879562475127,0.999500633374019
0.14008589055364887,0.1572398479307669,-0.011602583198019874,0.0,0.0,-0.23913581052356145,0.15432862165527264,0.8098795310809063,-1.717500532619082,-0.17838553914155522,0.9427302413118572,-1.8040236491136825,0.07310081893900564,1.232682160889873,-1.6722868067713887,-0.2759813184563357,1.0394828607543158,-1.6692936841685038,0.33815746242180456,-0.7450837658431668,1.2185298539698124,0.012831354509286876,-0.4791390582775841,0.02920537872257857,0.027088898175861686,-0.025091032889367152,0.14008589055364887,0.1572398479307669,-0.23913581052356145,0.27129864760746175,0.20576610057931174,-0.18384192848851286,-0.2615825372760902,0.18134494118776737,0.18758313522388628,-0.24427476654735172,-0.3055012731219777,-0.16104486578237978,-0.25657241112368184,-0.25319732119917393,0.2150192302359151,-0.24456627130187314,0.12870259451758334,0.05636674464576548,0.35999885510806184,0.19787800736510414,0.04007365833967929,0.0,0.0,-0.033988869215094177,0.9994222114649439
0.1382623612188062,0.14785020311985392,-0.005919983288130149,0.0,0.0,-0.2714803655184204,0.14853832759679528,0.812488310612165,-1.713460027311857,-0.17744831285940915,0.9388414167154295,-1.8031588938946908,0.07956038223794427,1.2258808736044629,-1.6869039226036802,-0.2770098194909783,1.0518983720013724,-1.6643245053979068,0.3332515405490996,-0.7493117003200145,1.2227886393666265,0.013282332488765496,-0.48179792139965744,0.02907910399461309,0.027105308952741325,-0.025106249444294147,0.1382623612188062,0.14785020311985392,-0.2714803655184204,0.27113222065739906,0.20449738275062143,-0.18242889375583085,-0.2630677218446196,0.1822564238319798,0.1873865959260107,-0.2445879072923471,-0.3008902012300831,-0.1626535515942178,-0.25524695266228803,-0.25755454394189514,0.21522648523363866,-0.24423738737035464,0.12816481613397807,0.05534884384822742,0.3596095025960646,0.20086742754882336,0.04290525801479808,0.0,0.0,-0.03670197903593747,0.9993262554015309
0.1366858163654198,0.14100096686648295,-0.0016556390059679904,0.0,0.0,-0.2951484127379191,0.1414273863909051,0.8137830459297849,-1.7089331193039052,-0.1736200584564359,0.9342804416441002,-1.8015778814084256,0.08451410169856473,1.2222667902421493,-1.6991392716478841,-0.2787285988720563,1.0646020771505738,-1.6594306161770456,0.3286877331825404,-0.7534977021412207,1.226925834153707,0.0137511549345128,-0.48438696051016444,0.028948711240305926,0.027125519436175145,-0.02512058275617444,0.1366858163654198,0.14100096686648295,-0.2951484127379191,0.27106184827593655,0.2035260710937332,-0.18066225665251934,-0.26478227660158565,0.18324795129342386,0.1865015632966749,-0.24542390363267622,-0.2976028371924191,-0.16385125241343912,-0.2538977299085239,-0.26198733274373814,0.21557462447326273,-0.24369752304888923,0.1276167293339348,0.0543951500887283,0.3592418979393554,0.20382742139582447,0.04556604704031573,0.0,0.0,-0.03965131475626581,0.999213577388788
0.13486893775625994,0.1315740079780592,0.004026904487267058,0.0,0.0,-0.31351115732790624,0.13329188618809015,0.8140583448112011,-1.7040288597345354,-0.16754894237965368,0.9291980117559435,-1.7994411960244179,0.08829958643764242,1.221125341951847,-1.709526844322681,-0.28098289668560017,1.0775293633341785,-1.6545951366424563,0.32438933849334733,-0.7576511725783347,1.2309686988592146,0.014233821129892002,-0.4869218301028012,0.028815123718231923,0.027148677734658122,-0.025134230847470462,0.13486893775625994,0.1315740079780592,-0.31351115732790624,0.27106599509716034,0.2027855419418622,-0.1786113442062081,-0.26666774119434083,0.18430330992955005,0.18507464321127967,-0.2466574810650084,-0.29533380586320945,-0.1647329776413679,-0.2525643221295378,-0.26647872368278697,0.21602534609718244,-0.2429754661075359,0.1270606407063935,0.0534922851638314,0.35889047189922496,0.2067645862698554,0.048094321042299173,0.0,0.0,-0.042783765941545086,0.9990843554834893
0.133383561126226,0.12293690263281074,0.008873005684179038,0.0,0.0,-0.3511615599581407,0.12335756455118282,0.8107439425702279,-1.6966255120933058,-0.15786230650085684,0.9264316895546821,-1.797979687125637,0.0900170309648204,1.2241978864543712,-1.7139739911430156,-0.2837052291187529,1.088263254612684,-1.6512295205432637,0.3210121382815907,-0.7616458401227226,1.2345897543888824,0.014744127322606233,-0.4891304476544834,0.028672984008713126,0.027174659075591568,-0.0251470173153883,0.133383561126226,0.12293690263281074,-0.3511615599581407,0.27122292445542723,0.20271514649396127,-0.17610126512644733,-0.2691409863391966,0.18483762015768643,0.1827198756766161,-0.24824562815443216,-0.2952973132403711,-0.16509911751550058,-0.251613605130966,-0.2700940440227726,0.21656787601441066,-0.24210732413562597,0.12649706604203956,0.052753492264759234,0.3586087073973786,0.2096523554064333,0.05034854677237137,0.0,0.0,-0.04629190235593594,0.9989279552481594
0.13298415166605937,0.11501547337254425,0.011865757943058108,0.0,0.0,-0.34911825511705213,0.1128528523258869,0.8065229157129161,-1.6880292362318594,-0.14724245420298943,0.9242279565391632,-1.7972913241157165,0.09123542944255929,1.22802650097471,-1.7164206203932946,-0.2865225004318814,1.0978762693703172,-1.6481802185567527,0.3180745713269482,-0.7655269131064414,1.237928344366642,0.015261271728936994,-0.4912125451060441,0.028530578827485446,0.02720155021122012,-0.025158875877073463,0.13298415166605937,0.11501547337254425,-0.34911825511705213,0.2714209153245275,0.2027380625916042,-0.17342066382624757,-0.2718441047463932,0.18532987938023254,0.18009494412667992,-0.24980655977018204,-0.2958340195164096,-0.16534804412613882,-0.25083987291677234,-0.2733387166274733,0.21713202844836657,-0.24122926643008855,0.12593920771523293,0.05209729057110271,0.3583853671938597,0.21253185264336363,0.05249728468390032,0.0,0.0,-0.04977906009123135,0.9987602541032725
0.13358317592601346,0.10507611204095753,0.01429960382385853,0.0,0.0,-0.32742725918694404,0.1011285285931082,0.8006503376393365,-1.6763860346892707,-0.13489138849007984,0.9230142606135745,-1.7989487656607077,0.09158092935999425,1.2327529477098813,-1.7144449460678375,-0.28947652070424873,1.104565592482686,-1.6456217013586025,0.3162598186888947,-0.7690867446362972,1.24047871091618,0.015790651105747264,-0.49299553523843104,0.02839063701685518,0.02723040480318909,-0.0251679392285251,0.13358317592601346,0.10507611204095753,-0.32742725918694404,0.27169755477314955,0.20281297995405978,-0.1704105172831239,-0.2751433788523767,0.18588239221995828,0.17696458814667287,-0.2511805885091639,-0.29743927554555416,-0.16540770222475948,-0.250504799859129,-0.27567677962527515,0.21776849321012667,-0.24047105796848972,0.1254064762076397,0.051644191732379954,0.35833851511016873,0.21540282030876437,0.05439743592153086,0.0,0.0,-0.05304900657918295,0.9985919100918862
0.13467300703498833,0.09760336697697913,0.015132989770232086,0.0,0.0,-0.27229013652612283,0.08926181925030895,0.7958866753257239,-1.6629727643269765,-0.12196900007816507,0.9199422150850297,-1.8025566087319298,0.09178693470760034,1.235583674449187,-1.7110579025286896,-0.2925593213966258,1.110430801144013,-1.6429948623363788,0.31538209405082923,-0.7723402913946371,1.2425141964967434,0.016320328550556512,-0.4944046810269355,0.0282586060750943,0.02725942300346035,-0.02517689413462694,0.13467300703498833,0.09760336697697913,-0.27229013652612283,0.27199289947748184,0.20232190585939241,-0.16732628426065552,-0.2787112754165699,0.1871956713211042,0.17363903788029464,-0.2522834342198055,-0.2988197450319009,-0.1654620332713378,-0.25050993904076624,-0.2777981558107068,0.21844925357658962,-0.23974356117787074,0.12489399732615072,0.05135933296179332,0.3583642243904556,0.21829041208212183,0.05611055466131517,0.0,0.0,-0.05576787719639047,0.9984437609965863
0.13626858778406245,0.08748593791077186,0.016243214933918393,0.0,0.0,-0.22916602925551824,0.07728374401967125,0.7919903435529425,-1.6481750472806969,-0.10859975569809871,0.9154166746884584,-1.8076899444254544,0.09188383537380454,1.2369316773345838,-1.7065669666402616,-0.29574284677465373,1.1156514345739896,-1.6403145858874688,0.3152372591698972,-0.7753542797066844,1.244146971605145,0.016850239127122146,-0.4955214271321893,0.02813276256291339,0.027288569168796618,-0.025185764220973048,0.13626858778406245,0.08748593791077186,-0.22916602925551824,0.27230287436395884,0.20137509796531244,-0.1641599208834118,-0.282471335764711,0.189095395532848,0.17016631763879853,-0.2531477791517845,-0.3000267268908396,-0.16551240937457307,-0.25078168743372076,-0.27975074172855285,0.21916427546091813,-0.23903958093159094,0.12439772360445274,0.05120489366797136,0.3584467443214188,0.22119100628277427,0.05767738726885558,0.0,0.0,-0.0580558246793509,0.9983133381963804
0.13778993931308262,0.07812937398838221,0.017264775501993346,0.0,0.0,-0.1413410085821616,0.06717730943973278,0.791677918858253,-1.6331860044827833,-0.09592961874575608,0.9056021019529841,-1.8163968668534203,0.09187883462828512,1.232433572984659,-1.7035269496532588,-0.2983328725139681,1.121506880968809,-1.6368900305376604,0.3165810300180545,-0.77806501606336,1.244749054312706,0.01737995300209148,-0.4960907796541085,0.028047984752517484,0.027314345446379423,-0.025193966320680026,0.13778993931308262,0.07812937398838221,-0.1413410085821616,0.2726426280748386,0.19933394392932394,-0.16145855158558883,-0.2860148062677212,0.19285416076135634,0.16681305760371617,-0.2532809045614877,-0.2994325600909436,-0.16558146561478196,-0.25154537866560994,-0.2820202829682541,0.21973703324778393,-0.23844269837743604,0.12391794844605752,0.05130891714152746,0.3587584288531569,0.22411005249103666,0.058954575278151455,0.0,0.0,-0.05946679283046363,0.9982302843284503
0.1390973370398954,0.0698189860772564,0.018186183073198862,0.0,0.0,-0.10865293563878582,0.05828053376171742,0.7920967083997451,-1.6189894104519718,-0.08366360365807159,0.8938628909392999,-1.826109520661143,0.09169899700925901,1.2259757574647665,-1.7013142644785917,-0.30063650391709346,1.1278519224948607,-1.633377029488866,0.31846411024721766,-0.7806650686006134,1.2449793838537657,0.01790700948018079,-0.4964945916301356,0.027982162723604303,0.02733787097475635,-0.025201417380370773,0.1390973370398954,0.0698189860772564,-0.10865293563878582,0.27299346538403857,0.19715837273528833,-0.15903890452397879,-0.289245361075885,0.19720571238979462,0.163559014493863,-0.25308811325238256,-0.2981630658983751,-0.16561786154096392,-0.25245454478001705,-0.284445121598263,0.2202235108510418,-0.23784189648840015,0.12344286241397456,0.051504964587684644,0.35915678827040576,0.22703465301758394,0.06012610513090084,0.0,0.0,-0.06055136423716807,0.9981650826837302
0.14125909178446097,0.06041595304822525,0.01876229294933973,0.0,0.0,-0.03264328886088847,0.05275611439719787,0.793558462881125,-1.6075774299410672,-0.07249425240577395,0.877696222410752,-1.8378070598611467,0.09096329372662763,1.2151968106627462,-1.7013387164244285,-0.3022027511436206,1.135611697458304,-1.6298640284400718,0.32158516519344776,-0.7830101317511156,1.2443582186332116,0.01842506832550639,-0.4965551316451568,0.027964422550912086,0.02735507603770552,-0.02520657409555637,0.14125909178446097,0.06041595304822525,-0.03264328886088847,0.27337007539776653,0.1950512255719331,-0.15753242633785963,-0.2916265698258618,0.20290019166368403,0.16057174571796073,-0.25227026302618905,-0.29532507235994876,-0.16553307181035337,-0.25364910206173386,-0.2872658152168953,0.22048720354449688,-0.23722111384274364,0.12297741591387036,0.051912907974671664,0.3597607495094183,0.22997073650073552,0.06105428928724277,0.0,0.0,-0.06087719492228778,0.9981452635455391
0.14337560879187292,0.05417226700686197,0.018640301333597283,0.0,0.0,0.0004934049616977143,0.050155473398402914,0.793318611712983,-1.5993665059885154,-0.062012267746747875,0.8618934284179259,-1.8492090222067556,0.08981857637767325,1.203164560433764,-1.7020347922180707,-0.30312974446524793,1.1432755718437524,-1.6276916367216752,0.3255114512016566,-0.7855321052842414,1.2431465393075576,0.018940594989824314,-0.4963789983079411,0.02796550446566051,0.02736642472938491,-0.02520954466532343,0.14337560879187292,0.05417226700686197,0.0004934049616977143,0.27374395710201216,0.19390489902672445,-0.15683656351232522,-0.29316794141059216,0.20837399432664747,0.15778557473623087,-0.2512672574888963,-0.29201743329669144,-0.1653446798154664,-0.25491823357508064,-0.2898068149169429,0.2205531636813808,-0.23656777425287331,0.12246923674721628,0.05244179554284362,0.3605644021067829,0.23293682639128882,0.061838150369182505,0.0,0.0,-0.06087227002329147,0.9981455639044895
0.14698047948070736,0.04705577841416042,0.017626534323565705,0.0,0.0,0.02662269728390644,0.0498603207166665,0.791736992649161,-1.5936797126554527,-0.05207229258779172,0.8463775605822988,-1.8603779131976454,0.08835133897642107,1.190144042269542,-1.703260463877366,-0.3035526666073845,1.15086382570175,-1.6265763563032334,0.33007268643436516,-0.7881935780438093,1.2414692216194594,0.01945412495227243,-0.496016240822008,0.027981428169788648,0.027373155493898172,-0.02521079139282497,0.14698047948070736,0.04705577841416042,0.02662269728390644,0.2741156874511104,0.19352880515391213,-0.1567930856604064,-0.294063316559266,0.21365753805831358,0.15516468927822974,-0.25010006611962743,-0.28833585508698684,-0.16507073727525778,-0.2562236105550147,-0.2921237079883939,0.22046410000332095,-0.23589044536448217,0.12192357482049423,0.05306354126171946,0.3615255065831047,0.23592657724825228,0.06250820831001663,0.0,0.0,-0.06060653459414452,0.9981617343719849
0.15064944533422409,0.04104814561622698,0.016308344828967758,0.0,0.0,0.04469964871205166,0.05331914839692969,0.7858986115226382,-1.5923144931976612,-0.04410001983901951,0.8365215205659091,-1.8693736797341929,0.08717268629250337,1.1784388245298318,-1.703325325050033,-0.3012875244021417,1.1542300346952217,-1.6287333551221168,0.3354485962683189,-0.7915316057892945,1.2390508240518663,0.019963854234307406,-0.4951979675545143,0.02802653791150078,0.027372688377419345,-0.0252062947592304,0.15064944533422409,0.04104814561622698,0.04469964871205166,0.2744490184749548,0.1950725236598326,-0.15782031928406834,-0.29388208048145054,0.21717846387523945,0.15308610548466467,-0.24911639455888426,-0.2852074835025552,-0.1648632241374816,-0.25744526987364996,-0.2926450679221199,0.21976922309110125,-0.23576866580838,0.12126654038711787,0.05378046722488421,0.36278671397869716,0.23900058664954613,0.06299522588065322,0.0,0.0,-0.06016035375053145,0.9981887255607583
0.1539725298198206,0.0356208822754749,0.015114930171807036,0.0,0.0,0.05144284226220108,0.057759190121522176,0.7788577492420492,-1.592096216403521,-0.03715930134058008,0.8290692831461246,-1.8771858238256893,0.0867153772941002,1.1674894415415253,-1.7027808038087993,-0.2980274386130848,1.1560527957402744,-1.63186416717676,0.3409942468771566,-0.7951525014180403,1.2364751788286064,0.020472874578375072,-0.49420342078575724,0.028082995388943415,0.027369749087553758,-0.025201601155388813,0.1539725298198206,0.0356208822754749,0.05144284226220108,0.27476802124426913,0.19714821762770435,-0.15912489101404456,-0.2933991790713512,0.2199172728345724,0.15129450871792974,-0.2482363380210748,-0.28238134116001845,-0.16483619824336423,-0.258542912101176,-0.2925528913655825,0.21885863773482572,-0.23587313477441163,0.12055686782030484,0.05450361819438963,0.3641212979286407,0.24210613564803043,0.06341451234542406,0.0,0.0,-0.059646849138645826,0.9982195416779975
0.1579654169935549,0.029114787583296713,0.013680002078987622,0.0,0.0,0.06716329981907174,0.06401562620885644,0.7694467529654507,-1.5940289925783873,-0.03295791009441036,0.8275498664006592,-1.8818193245679138,0.08862956427037708,1.1586002297699456,-1.70061737857759,-0.2924565775319936,1.1543127037584782,-1.6369877792894838,0.3467848179861901,-0.7994671259075401,1.2336669228971007,0.02098103892058132,-0.4927907846868039,0.02816642558900639,0.02736128563992679,-0.025198635150445625,0.1579654169935549,0.029114787583296713,0.06716329981907174,0.27505361568182707,0.20024837303132742,-0.16093605100907188,-0.29234160514627394,0.2207975164730308,0.15022122171174743,-0.24778187977926439,-0.28039388706401047,-0.1654207060049726,-0.2593267582160527,-0.2910996483041388,0.2174488722805154,-0.23652050820648043,0.11973508550499116,0.05522511957628237,0.36558456610953366,0.24528533546254025,0.06367651280015706,0.0,0.0,-0.0589763985019396,0.998259377326224
0.16097190837205552,0.024175141355146788,0.012603526612600668,0.0,0.0,0.07845631571667303,0.07040219327721446,0.7614212911576034,-1.5968550002345672,-0.03046293203862243,0.8290636128244491,-1.8835334221904094,0.09336506321023276,1.1498768782386415,-1.6977661352318068,-0.28500878517157774,1.1520949868628612,-1.642171776638581,0.3524763867832146,-0.8045168888683502,1.230900928664666,0.021495769310814247,-0.49115595601212525,0.02826819217835481,0.027348516607442155,-0.025197045837278262,0.16097190837205552,0.024175141355146788,0.07845631571667303,0.27531522132742864,0.20305688057358387,-0.16276512649702013,-0.29109943566267366,0.22060093533592212,0.14959432922560598,-0.2477655452143393,-0.2785664099823377,-0.16674631277394095,-0.2598169405498432,-0.28950742065979834,0.2156004754598735,-0.2375068538349,0.11879993851373581,0.05588450086415741,0.3671144752140347,0.2485179250271847,0.06382700122104815,0.0,0.0,-0.05819318282204352,0.9983053408016208
0.1657710267013623,0.01784327212260091,0.012211858008343013,0.0,0.0,0.08743387696980498,0.07689220979451535,0.7544972794130448,-1.6003910947877626,-0.029324491087418955,0.8329886148612085,-1.882926699347221,0.10034340367509167,1.1412853796321616,-1.6943681012265959,-0.2760688999596127,1.149497575341509,-1.647403778078464,0.35808925230342586,-0.8101510604700215,1.2281685309627883,0.02201571947303957,-0.48934449223228377,0.028384535537602805,0.027332324789872825,-0.025196550944551397,0.1657710267013623,0.01784327212260091,0.08743387696980498,0.2755577567463311,0.20562953619403807,-0.16460333782918943,-0.2897083686654779,0.2195510467482158,0.1493185392595252,-0.2480990008918299,-0.27686329031262785,-0.16866637518909047,-0.2600631998836483,-0.2878061158420214,0.21339638742268668,-0.23874761254563334,0.11777056286634655,0.05648962028251426,0.36869566631713135,0.2517929575226913,0.06388884158625913,0.0,0.0,-0.057320303515158474,0.9983558397710358
0.17073720099486742,0.012128322199278146,0.01258958453455722,0.0,0.0,0.08839538378591469,0.08255969682851654,0.7548283155147846,-1.6048377958627846,-0.0297068183740171,0.8370648333086417,-1.8762606961222796,0.11161790129083834,1.1308823376894,-1.6903118909551549,-0.2646930277920688,1.150472230063035,-1.6492924781946035,0.3632953380449459,-0.8168853203264566,1.2257626131176949,0.022549824305595104,-0.4871155133900735,0.02855678984465507,0.027305368862401407,-0.025194908966883443,0.17073720099486742,0.012128322199278146,0.08839538378591469,0.27580369564776236,0.20616425469414387,-0.16618560222693635,-0.2883364849068686,0.21780049732017842,0.149452715641152,-0.24938318376583232,-0.2747753269828816,-0.17173618147317807,-0.2599679267045899,-0.28771903692487133,0.21059618600036376,-0.2403595555294829,0.11658383528720714,0.05696264689006566,0.37026794576266203,0.2551868812969097,0.06377712819868556,0.0,0.0,-0.05643778064473088,0.9984061182283978
0.17596869767642603,0.007053956317112447,0.013868301175534723,0.0,0.0,0.08448625171630843,0.08795175808840056,0.7579212703813724,-1.6097690561929572,-0.03063921175467272,0.8406241326234661,-1.8672814466632335,0.12419759650499718,1.1197395833352441,-1.686028006844796,-0.25275735806029054,1.153489309434707,-1.6497760128516419,0.3683795970506391,-0.8239645462913006,1.2234564281713505,0.023094984705004675,-0.48476753691927754,0.02875050493569757,0.02727384156269881,-0.025192827687043555,0.17596869767642603,0.007053956317112447,0.08448625171630843,0.2760613401277134,0.20594600464297266,-0.16767322107102306,-0.28694570726376584,0.21590406863475747,0.14973778720014166,-0.2510030753880007,-0.27250975894556617,-0.17516668670673968,-0.2597351755054453,-0.2884570168387147,0.20763219148829154,-0.24197761032720722,0.11533684632227775,0.05738406066041365,0.371835310809859,0.2586336110431986,0.06360123036071086,0.0,0.0,-0.05559424459609266,0.9984534440662668
0.18235844595990264,0.0010573626706601794,0.015558356132645832,0.0,0.0,0.07040557300876227,0.09273722552909294,0.7675270600101121,-1.6159997980755108,-0.03283586517836036,0.8423110666469885,-1.8528399272606926,0.13947936555800508,1.1067955668729086,-1.6812332805532677,-0.23991970220007594,1.1620989682582707,-1.6467954493485966,0.3732141471252991,-0.8317732608948761,1.2213574931598628,0.02367266080825804,-0.48218438903299665,0.028995026628343527,0.02723099591765696,-0.02518970751687168,0.18235844595990264,0.0010573626706601794,0.07040557300876227,0.27635842769478375,0.2039873799201261,-0.16896370222704815,-0.28548844607860546,0.21383512070102084,0.15037557223626702,-0.2534141682837614,-0.2698220512293868,-0.17933621181075202,-0.25927359945566997,-0.2913816193334771,0.20438492147342774,-0.243504358511267,0.11397834683274369,0.05771643783714483,0.3734003426399845,0.2622134438357674,0.06327612493903592,0.0,0.0,-0.054891263948690545,0.998492338048778
0.1871526338414558,-0.0035025504278016675,0.01682653270948381,0.0,0.0,0.06035302655246536,0.0974717054319067,0.7794640827207613,-1.6227634794150407,-0.035434458162993794,0.8430137811945035,-1.8352072006807876,0.1552071013093856,1.094333291483613,-1.6756737932849388,-0.22729433607310046,1.1740459679411008,-1.6430900119818173,0.3778123412496196,-0.8398978576207391,1.2194530723186638,0.024281499338730316,-0.4793623252771794,0.02926277487467115,0.027182363168461822,-0.025185290643443856,0.1871526338414558,-0.0035025504278016675,0.06035302655246536,0.2766836743730192,0.20142984586230664,-0.17022069969774792,-0.28395164457719657,0.2115990106924616,0.1511456073137333,-0.2562990520130499,-0.2673802566258538,-0.18364083358123628,-0.2587082263684121,-0.2953553072605062,0.2011091060019815,-0.24466117853156755,0.11257082229911808,0.05798219105995407,0.37490110084284156,0.26588862865733415,0.06284368647119173,0.0,0.0,-0.05428863360574472,0.9985252847380587
0.19354047292057408,-0.009526876657037166,0.01851658766659353,0.0,0.0,0.05229648376094885,0.10216532167620379,0.7932694582984996,-1.6299542819078152,-0.03835518321452229,0.8429276989056513,-1.8150169001175809,0.17129225441469578,1.082257104607729,-1.669501392887189,-0.21483910828828826,1.1886676595761223,-1.6388036287747898,0.38222110930543673,-0.8482756161919006,1.2177045437005851,0.024915312810872604,-0.4763487838208676,0.029549137904093813,0.027129092379114948,-0.025179834534915593,0.19354047292057408,-0.009526876657037166,0.05229648376094885,0.2770314890031631,0.19840234947139387,-0.17144592447897858,-0.28233226509603915,0.20920014769384562,0.1520299722684938,-0.25954246398526676,-0.2651313587941477,-0.18805611048634666,-0.2580403426570342,-0.30016398149524204,0.19780926980990932,-0.24546516383653358,0.11112277786930855,0.05819142601349861,0.3763474412556638,0.2696402327945599,0.06232522657284371,0.0,0.0,-0.05376643256860271,0.998553539240058
0.199884464470774,-0.015103084638449253,0.019024993078066432,0.0,0.0,0.03621957263191383,0.10781747868392051,0.8058912170907627,-1.6371144268375177,-0.04234092931549715,0.8431288011801931,-1.792396590973322,0.1857296349122549,1.0737410669143381,-1.6621755572179189,-0.2041545848612887,1.2054673711267803,-1.6349053842803607,0.3862511168162411,-0.8566229710928523,1.2163437094825964,0.025605226687800433,-0.473046597917206,0.029876833898015324,0.027068591593818452,-0.025172998875719853,0.199884464470774,-0.015103084638449253,0.03621957263191383,0.27742433787968296,0.19573871505779464,-0.1729241824610167,-0.2805542226383672,0.20634915144851534,0.15322977097012896,-0.26304199740399015,-0.2640609333529905,-0.19203616622928543,-0.25740419192541986,-0.3054770787680843,0.19487555610018228,-0.24560695988975323,0.10968688044201856,0.05833798838008204,0.3775988896789927,0.27354456935651034,0.06163354033532623,0.0,0.0,-0.05340475721749426,0.998572947714157
0.20745986465432556,-0.020469827815206627,0.01572071520898194,0.0,0.0,0.03273372879547055,0.11365799706142674,0.8174044326520882,-1.6441760051708953,-0.04703870904631903,0.8436833857916869,-1.7697672187708895,0.199114769267348,1.0669220685958862,-1.6548030820603554,-0.1941051670135215,1.222349053965165,-1.631606210882847,0.3901339791571864,-0.8647371702469311,1.2151560006806483,0.026314637278958858,-0.469688187711514,0.03021718704929718,0.02700627455040096,-0.025165957058421694,0.20745986465432556,-0.020469827815206627,0.03273372879547055,0.27779248872628576,0.19340360522684968,-0.17443744259189098,-0.278732159037955,0.20331154983127792,0.15464605548022908,-0.26639876495238035,-0.2634626972664754,-0.1957332335993511,-0.2567455225944607,-0.31067573535716697,0.19208050020409417,-0.24546084781276048,0.10828421896219921,0.05846489555262559,0.3787357196676849,0.27752557060179794,0.06087178536332572,0.0,0.0,-0.053077884195812636,0.9985903755841511
0.21808586194576282,-0.027077548857716443,0.008519781896701438,0.0,0.0,0.02759345276437104,0.1197361287732536,0.8255265539941878,-1.6509027211711955,-0.053778397268615545,0.8453596310260204,-1.7481920944096954,0.20951539012961645,1.0645129084587097,-1.6477812982809086,-0.18551014718384712,1.2385469666467261,-1.6302520592625325,0.39366580176955224,-0.872040437391171,1.214407213462087,0.027067916514799704,-0.46625998200705426,0.03058382324301279,0.026940766616742343,-0.025158802898099217,0.21808586194576282,-0.027077548857716443,0.02759345276437104,0.27805316648804224,0.192021713609973,-0.1760038208355991,-0.2769069445203574,0.2000155315744539,0.15663405267771185,-0.2692867595053169,-0.2640382943500745,-0.19860016585457424,-0.25614240788379566,-0.3152838476038322,0.18962841675369607,-0.24490735434931957,0.10701392126996362,0.058584120798770845,0.37957671252737185,0.28170940935468436,0.059939680047906375,0.0,0.0,-0.0528023366115448,0.9986049835887868
0.22736934102460377,-0.032265054176432585,0.00035840874681170026,0.0,0.0,0.030315031526913602,0.12521950771602275,0.8301409399853302,-1.6577152506663246,-0.061094412580132096,0.8476147416692512,-1.7298377047364537,0.2169297409172239,1.066428985733252,-1.6426129278082116,-0.17820626948601956,1.2535327340547848,-1.6312107988275013,0.39690366373039193,-0.8781758500979494,1.2140068211234534,0.027841442372076745,-0.4628363339087139,0.030948356116333814,0.02687500596333009,-0.02515059151650908,0.22736934102460377,-0.032265054176432585,0.030315031526913602,0.2781332800021538,0.19167726274664512,-0.17738720955320839,-0.2751357516770579,0.19691082791950634,0.15878634765745261,-0.27150066524654826,-0.2655060611476833,-0.20059359729115153,-0.2554545721531328,-0.3190822245177492,0.18749374260456686,-0.24404688967173382,0.1059320511681238,0.058727186238365876,0.3801151149179452,0.28608614063033666,0.05887477266458944,0.0,0.0,-0.0524996067696701,0.9986209447478207
0.2397509695598765,-0.03912193987190046,-0.010517970300637223,0.0,0.0,0.03251398946404799,0.13022234366060437,0.8319211774863875,-1.6645971149779282,-0.06887608347460607,0.8503375587841638,-1.7140855753364475,0.22193127204305838,1.0718397294672635,-1.6389420615652435,-0.1719455972063142,1.2675391232165003,-1.6340382874298554,0.3999040140053973,-0.8833676702701128,1.2138879217493992,0.028631326912615714,-0.4594163682240134,0.03131118956774186,0.026809041119682103,-0.025141525930778768,0.2397509695598765,-0.03912193987190046,0.03251398946404799,0.2780675028379147,0.19216242529753028,-0.1786224108387853,-0.2734114506288485,0.19397083473022864,0.1610715784992489,-0.2731688344997098,-0.26769693542948736,-0.2018738998703947,-0.25470093465695726,-0.32221934056822876,0.18562156895113613,-0.24295820364543919,0.10500458904253256,0.05889128835891538,0.38041050983981584,0.2906187234732966,0.057702565059746434,0.0,0.0,-0.052174912485886016,0.9986379616793516
0.25106694785899475,-0.04541458602972928,-0.020461990677106415,0.0,0.0,0.036873062734547,0.13364793965592967,0.8272260241210463,-1.672960583120584,-0.07651370251551234,0.8527511358261107,-1.7072318084537985,0.22116651758551606,1.0844033360481256,-1.6403514593839645,-0.16722528310492657,1.2800052016973489,-1.6426674313843246,0.4024739582091569,-0.8859959580004214,1.2141597047448158,0.029427131812553815,-0.4565659761428834,0.03166580398101358,0.02674654457950965,-0.025132047710940242,0.25106694785899475,-0.04541458602972928,0.036873062734547,0.2777125611901283,0.19471526581620113,-0.1793830621578611,-0.27165438878241854,0.19232890911965514,0.1632383484384458,-0.2733785518342094,-0.2709855448937397,-0.2014352266414353,-0.25373518225562863,-0.32376275719436626,0.18409788707752284,-0.2413888897645743,0.10447918384003146,0.05915323834056568,0.3802737979214353,0.29546089470386483,0.056319059105590055,0.0,0.0,-0.051806680536874955,0.9986571322790171
0.2614157120329574,-0.05117254024788445,-0.02955517803247126,0.0,0.0,0.03851011897103681,0.1364023664858765,0.8200702393570775,-1.6817833182330313,-0.08377499419013741,0.8548293648144373,-1.704041807267528,0.21823697814789547,1.0994774894072454,-1.6435904451287708,-0.16304978747995433,1.29185759046903,-1.6537004485726352,0.4048876877014453,-0.8875133619428828,1.2144887728186755,0.03021558760575805,-0.45398731644337,0.03201380740546692,0.02668621470533813,-0.025122922822797242,0.2614157120329574,-0.05117254024788445,0.03851011897103681,0.27724902321083045,0.1980117495104544,-0.17993689375092653,-0.26987452653863303,0.19129106308952906,0.16526249077931646,-0.2730257078413618,-0.2746263908042966,-0.20035519028532528,-0.2526726868936511,-0.32463600461944553,0.18270527369460948,-0.23963016982080484,0.10412610952436864,0.05946114807916246,0.37999403792852354,0.30041952409709866,0.054856574507609335,0.0,0.0,-0.05142209264558025,0.9986770090414364
0.27186981025704043,-0.057569295135634434,-0.03823749541949777,0.0,0.0,0.042356142105924,0.13748312283020753,0.8070981961030227,-1.6915656694999108,-0.08975626098421904,0.8558504122954148,-1.7098548641571631,0.21022252222666374,1.1202339025644155,-1.6510315583302424,-0.16011289965647918,1.3022249295161321,-1.6706575155258179,0.4069410791763893,-0.8862388936372904,1.2148425395672138,0.030975016693656262,-0.45211810102829564,0.03234194921186337,0.026632036798848555,-0.025115252544100467,0.27186981025704043,-0.057569295135634434,0.042356142105924,0.2765303540688295,0.20305828183217423,-0.17999868563833105,-0.2680692319545755,0.19182802143977387,0.16681041560810478,-0.2713884512138445,-0.27904274337828255,-0.1977971692087403,-0.2514227925949141,-0.323917215285416,0.18158402907279184,-0.23744771005616386,0.10420264700869791,0.059893884659621456,0.3794031528496336,0.30565199026694667,0.05320900177153257,0.0,0.0,-0.050999086979779576,0.9986986998726036
0.2776597461526265,-0.06189164561455951,-0.0424182776791543,0.0,0.0,0.03675905510021108,0.1374841431836383,0.7908246698431102,-1.7019720713679605,-0.09451329932870478,0.8564393959509639,-1.7208090688173585,0.19929555106836472,1.1437909388198297,-1.659460245989836,-0.15774294415202283,1.3107784712830413,-1.690868920861528,0.40873605191994167,-0.8829556664165397,1.2150421652656336,0.03169629715221861,-0.4509027931624307,0.032644141035584294,0.0265814746515109,-0.025108542691808768,0.2776597461526265,-0.06189164561455951,0.03675905510021108,0.27571952339405054,0.20905967493451516,-0.17973494937513093,-0.2661609174240187,0.19320330380945147,0.1679346006464314,-0.26906768655163393,-0.2839806935533017,-0.19445522294440679,-0.250161234656905,-0.322073398647309,0.1806054511325755,-0.23515529783828923,0.10458312205229663,0.06041644037731322,0.3786693492521471,0.31100317499098856,0.051458015737947685,0.0,0.0,-0.05063197132883815,0.998717379181596
0.2822908930377773,-0.06686652620901426,-0.04447194425245966,0.0,0.0,0.03219997572672238,0.13660566949357206,0.7718619356075158,-1.7128867908166006,-0.09827314795424733,0.8566764439814366,-1.735950972025211,0.18599620386241716,1.1696292098898156,-1.6686933579353187,-0.15583478079105798,1.3178545927199035,-1.7137311327342803,0.4103205308604699,-0.8780362137521689,1.2151162360723202,0.03238650381815835,-0.4502201227184672,0.032925195418871366,0.026533857704355165,-0.02510261515047974,0.2822908930377773,-0.06686652620901426,0.03219997572672238,0.2748336229616633,0.21579934566862607,-0.1792006672329898,-0.2640924116565994,0.19523575828108392,0.1687050888520812,-0.2661718121583604,-0.28930245119700826,-0.19049597235087898,-0.24881569799400452,-0.3193313112468219,0.17973732223490688,-0.2327427358700957,0.10520822966426056,0.06101256080784839,0.37781622457514974,0.3164510613737198,0.04962279487293786,0.0,0.0,-0.05031038195030435,0.9987336308886442
0.285097397170873,-0.07100103649362402,-0.04471556032792921,0.0,0.0,0.009899521191331568,0.13424202507863256,0.7520065319079623,-1.7228640730564408,-0.1013270752737298,0.8565998334580889,-1.7557476465232094,0.17091197583179663,1.195791818058261,-1.6760369361593173,-0.1543256964427061,1.3199577980603163,-1.7386795151978727,0.411390291311993,-0.8704457664145875,1.214777129344069,0.033004652028186955,-0.45062059790898973,0.03317509483223637,0.02649490818909656,-0.025101344663058765,0.285097397170873,-0.07100103649362402,0.009899521191331568,0.27394064562395215,0.2225731830746775,-0.17827674072841393,-0.26218891926046345,0.1979441692237666,0.16918865513582634,-0.26256421115360534,-0.29496626354499444,-0.18616424151348548,-0.24770148389533558,-0.3149570091397137,0.17902941314777668,-0.23065166885960614,0.10624269574117162,0.061704378509258306,0.37687020569898827,0.32196886378985173,0.04766216034589053,0.0,0.0,-0.05021151185634739,0.998738606481746
0.2876574677056162,-0.07484914245795793,-0.04493946728941351,0.0,0.0,0.0015052757405144299,0.13149161199824166,0.7327664167835162,-1.7319567759449666,-0.10420062135045347,0.8565143507260543,-1.776146037074236,0.15585595799180169,1.2206740161547296,-1.6821766220606291,-0.15304812645682922,1.3198743806435511,-1.7628719915564244,0.41220274997445255,-0.8621474578976631,1.2142766771408229,0.033590136400352306,-0.45137054258241105,0.03341165716903141,0.02645823427547629,-0.02510201503845075,0.2876574677056162,-0.07484914245795793,0.0015052757405144299,0.27304500054854614,0.22897633739343293,-0.17726315418666616,-0.26034280036619406,0.2006682917554279,0.1695885763261667,-0.25882499911661955,-0.300420595864712,-0.1819259147786688,-0.24663706566652552,-0.3102342423966184,0.17841475762975942,-0.22874711945307574,0.10738781689006313,0.06240452144725286,0.3759179776347741,0.3275126085545008,0.045653304873177626,0.0,0.0,-0.05019647808070427,0.9987393621903031
0.29071954373103187,-0.07941312955991402,-0.04520660552840978,0.0,0.0,-0.018266674860144487,0.1280481148905193,0.7161789173976736,-1.7382933332656438,-0.10675724388028562,0.8565460953574914,-1.7965065003014524,0.14175193978903405,1.2407662229469185,-1.6848574704848802,-0.15241870334228644,1.314242425446327,-1.7833344808851295,0.41232876329181284,-0.85255821980536,1.2133888284174297,0.03409167610628243,-0.4528699580651636,0.033614768740685225,0.0264256718980435,-0.025107494606905114,0.29071954373103187,-0.07941312955991402,-0.018266674860144487,0.2721430669323756,0.2342551615799872,-0.1761397819597215,-0.25903538684559996,0.20328574340449854,0.16988214612837724,-0.2550778744418452,-0.3051981667317635,-0.1780887957974885,-0.24610367595079874,-0.30492018626992745,0.1780825331145943,-0.22760479625809732,0.10875512089936117,0.0630888070431585,0.3750082272459969,0.333116983815741,0.043529587242609066,0.0,0.0,-0.050378913715239365,0.9987301763003221
0.2930268924306813,-0.08280282579342564,-0.045406796897831676,0.0,0.0,-0.032122192183333044,0.12436585540238483,0.7039181138747014,-1.742377454558244,-0.1095903761541614,0.856528903859166,-1.8139524666162636,0.12916051026863554,1.2540776448754163,-1.684325886747012,-0.15206221741839096,1.305161856974547,-1.798578411913835,0.41186415697806156,-0.8425912725237701,1.2122429706729376,0.034523974280231275,-0.4548052054328414,0.033794561795030646,0.026395039337400634,-0.02511575541799315,0.2930268924306813,-0.08280282579342564,-0.032122192183333044,0.27123673632740974,0.23805504649703096,-0.17502803592072516,-0.25825483748540456,0.20548411192821658,0.17027624613271533,-0.2517456557995837,-0.30878209653274674,-0.17479094298621217,-0.2462881252345218,-0.2998058813299702,0.17792769161314417,-0.22717079160162415,0.11021053760665143,0.06371106615338334,0.3741824295288763,0.3387627084381305,0.041322701010638146,0.0,0.0,-0.050699725142726526,0.9987139419625882
0.2909408555635053,-0.0846561523780049,-0.04301118449522856,0.0,0.0,-0.04349989942226535,0.12048753191573709,0.6952102540347443,-1.7446119477255986,-0.11265056934924063,0.8564715275827509,-1.8290051416708866,0.11781116999470904,1.2618209040508817,-1.6811563568906145,-0.15192985874958911,1.2932493980400843,-1.809537030469912,0.41091455279204714,-0.8323141625867446,1.2108852442067404,0.034899413531932676,-0.45709834394689924,0.03395520643187829,0.02636599148032614,-0.02512630009620737,0.2909408555635053,-0.0846561523780049,-0.04349989942226535,0.27032679505646234,0.2406650318145682,-0.17392819215499483,-0.25794785978737444,0.20734963342230378,0.1707516239142323,-0.24876309038270764,-0.31141652686922056,-0.1719133450591436,-0.24710144749097393,-0.2948393776208157,0.17791701944074628,-0.22731487213477136,0.11174066180720568,0.06428061094038331,0.37342125550028393,0.34444238782788666,0.039047519394304155,0.0,0.0,-0.0511341599061906,0.9986917931427534
0.2853736765719051,-0.0844790860415564,-0.03894009949782783,0.0,0.0,-0.030569046365337162,0.11708267993078793,0.6947189317299769,-1.743333033644236,-0.11600574643279486,0.8575480179144785,-1.837346975619976,0.10986759828833459,1.2565441303528275,-1.672702090098308,-0.15315275925856364,1.2768943986067411,-1.8099288860192666,0.4088588998867916,-0.8217416944412088,1.209359381061334,0.0351366873185795,-0.4597702785753286,0.03409497386131149,0.02634242938186687,-0.02513963050352266,0.2853736765719051,-0.0844790860415564,-0.030569046365337162,0.2695162889476006,0.24066043132776313,-0.1730739064096917,-0.2585904516669125,0.20807847346503722,0.1714180747717468,-0.24690745852216828,-0.3116931111737864,-0.1700933133603154,-0.24942039491569584,-0.2907534956996669,0.1784366325164342,-0.22871997779139003,0.11338787551007447,0.06469943844871881,0.3727133504396673,0.34999363210338796,0.03676555864512928,0.0,0.0,-0.051439448074324955,0.998676115255496
0.2755718732521945,-0.0818189567054767,-0.03276859553387468,0.0,0.0,-0.017135225192470866,0.1140137739533273,0.6969088412678008,-1.7411470205451436,-0.11933683247591997,0.8594895407127644,-1.8431127929630189,0.1032909740371488,1.246654269213861,-1.6624457197120563,-0.15490733124673922,1.2596764601767072,-1.8066760867547536,0.40635107160330985,-0.8112036701864926,1.2077804329590156,0.035316039445415996,-0.4625111198984085,0.03422079668738521,0.0263202621068698,-0.02515343865469241,0.2755718732521945,-0.0818189567054767,-0.017135225192470866,0.26876919107654923,0.23982818155449415,-0.17233699843901643,-0.2594778638289096,0.20826713515360848,0.17212245969509105,-0.2455109603300398,-0.3111037777187778,-0.16865971935901825,-0.25224799785188806,-0.28709528648136406,0.17914560749713485,-0.2304596739034194,0.11506344279130272,0.065040815851539,0.3720222015809225,0.3554497422435533,0.03451343615933405,0.0,0.0,-0.051610572720445294,0.9986672863288691
0.2630326213973349,-0.07833503579768124,-0.02498802406570161,0.0,0.0,0.025728004406034306,0.11194303107018087,0.7048852161432686,-1.7373637611476276,-0.12243474923217516,0.8640431436495137,-1.8427379346237733,0.10004915185989105,1.2262602024353473,-1.6481833715851495,-0.15794393939610848,1.2414794936776166,-1.7952618183424842,0.40273002083771514,-0.8009369273025259,1.2060896023534813,0.035351066232229084,-0.465318321250379,0.03430578864824313,0.026300509966229305,-0.02516762855856751,0.2630326213973349,-0.07833503579768124,0.025728004406034306,0.2682055451262456,0.2372379428952988,-0.17191676203365605,-0.26078175698821354,0.20704370226272104,0.17289840992331842,-0.24525049468546659,-0.3084802227837695,-0.16819924796747504,-0.2562081115969921,-0.2846368025399735,0.18030642334551686,-0.23295411251181217,0.11678174975447286,0.0651864467072819,0.37140636171601576,0.36062041720232124,0.03237395792698064,0.0,0.0,-0.05135363384888709,0.9986805316468897
0.2536082586133925,-0.07577215120706425,-0.019149407028005994,0.0,0.0,0.05557935960557861,0.11047130613587797,0.7156183375045656,-1.7328188829123974,-0.1256643875967711,0.870693203061819,-1.8394791260361671,0.09972627856768666,1.2009698860347273,-1.6321032457053664,-0.16207208158448336,1.2243793271481993,-1.7809071950614455,0.3983239405788482,-0.7910135993734003,1.2044139876961708,0.03528240747982636,-0.4680180037394166,0.0343434446840547,0.026283302780939266,-0.02517858103965409,0.2536082586133925,-0.07577215120706425,0.05557935960557861,0.26776967011392117,0.23378879128123514,-0.171673351893611,-0.2622329204090192,0.20492450619593017,0.1737717959548755,-0.2454899001138074,-0.3048032219941151,-0.16853984074704273,-0.26047814804551,-0.2829296041465832,0.18177246812137995,-0.2354915046458083,0.11851013073044687,0.06517448607396681,0.3708078793012785,0.3655941551551222,0.030317372875288143,0.0,0.0,-0.05079856567315535,0.9987089194182407
0.24109192591595444,-0.07221391632544484,-0.011368877648447464,0.0,0.0,0.08029147813738219,0.1094954715182002,0.72863360064534,-1.727643507031294,-0.12900307022321672,0.8790787905454633,-1.8338328714554128,0.1018198244990064,1.1716262640861372,-1.614518292821371,-0.16710383803225468,1.2081871342200503,-1.7641184318524146,0.3932679824244519,-0.7813745636779531,1.2027509693916028,0.0351279138121754,-0.4706286779389931,0.03434191420316123,0.026268202408503454,-0.025186853456454206,0.24109192591595444,-0.07221391632544484,0.08029147813738219,0.2674395688451254,0.2296107953777419,-0.17157315762930198,-0.2637717904693187,0.20204665560565915,0.17472764670492533,-0.24611930998380774,-0.3001797414994012,-0.16956820463418693,-0.2649523725006564,-0.28184091860235144,0.18350465119196296,-0.23806240379277094,0.12024706608371839,0.06502671173786398,0.37022231714705994,0.37040486100774533,0.02832941001710989,0.0,0.0,-0.049996671145251755,0.9987493844175293
0.22979735715213262,-0.06876372709968077,-0.005429898961806234,0.0,0.0,0.12829415670879285,0.10927853046450764,0.7447409695014356,-1.7210051378665063,-0.13392849420555508,0.8886849229009105,-1.8259711497678206,0.10886920199622038,1.1373405817609568,-1.5979270985206733,-0.1738424986027754,1.195472561682646,-1.7448882014992146,0.38710177471288126,-0.7724680624758968,1.2012848912809904,0.034775308436320096,-0.47268543818678993,0.03424313821149274,0.026256827883816395,-0.025190926309173498,0.22979735715213262,-0.06876372709968077,0.12829415670879285,0.26731491500798327,0.2243637898714043,-0.1717028648552961,-0.2655027144693854,0.19854453666316807,0.17612730729995027,-0.24688734844556537,-0.2938204129007354,-0.17198325424241542,-0.2691136192455185,-0.2820522657089138,0.18566675486491305,-0.24032828949843735,0.12195913708929096,0.06463252774372885,0.36959053159773725,0.3749011450160581,0.02648015955660063,0.0,0.0,-0.048715292899125025,0.9988127052845055
0.2198747766698192,-0.0642412776151642,-0.004253353780278579,0.0,0.0,0.14158478092240656,0.10901795175428003,0.7620615920481768,-1.7138151282874439,-0.13960785501135065,0.8972693647329623,-1.8179899313702035,0.11753349964363613,1.1017854248101904,-1.5830328106307068,-0.18077149435591222,1.1847468835230057,-1.725372749452408,0.38050754841130535,-0.7638645195044006,1.1999067389048064,0.03434658940666572,-0.4744998339850169,0.034098562891953274,0.026245770367005698,-0.02519468741509347,0.2198747766698192,-0.0642412776151642,0.14158478092240656,0.2672223728866531,0.21865573976724303,-0.17182264543394862,-0.26726183495320277,0.1952591232665427,0.17771971888714327,-0.24751597666544267,-0.28657764572161204,-0.17487951939941274,-0.2728379101030237,-0.2828134962363879,0.18788177150922292,-0.24238470750792507,0.12365669435232476,0.06412958273057463,0.36892898843072996,0.3792854578305894,0.024697407690557477,0.0,0.0,-0.04730107729055085,0.9988806776022616
0.2085304037443958,-0.05764703527805194,-0.00654506103063973,0.0,0.0,0.1665363926905103,0.10821103307311065,0.7823135587028586,-1.7053212229735577,-0.14727842863290927,0.9014473586128308,-1.8106883086550694,0.12967393990570247,1.0640279025985644,-1.5739263197263846,-0.1875412336264092,1.1796329234941647,-1.7060369800489683,0.3728890156086821,-0.7560130139956107,1.1987547805676093,0.03373606382116962,-0.47569633490191054,0.03383346125841714,0.02623400018693736,-0.02519942073446985,0.2085304037443958,-0.05764703527805194,0.1665363926905103,0.2671447808567721,0.21189519229952494,-0.17181120500034183,-0.26924309749071723,0.19319623802930258,0.17979451160265433,-0.247716053407995,-0.27741235265021513,-0.1787321856448705,-0.27547560812786065,-0.2850234706489113,0.18999000568445212,-0.24390189669115966,0.12531151374936786,0.06339034683870115,0.3682092932290256,0.3834139579692139,0.023090913285089373,0.0,0.0,-0.04563751184946487,0.9989580659428051
0.20035748347762836,-0.051873914587375065,-0.011435003342250005,0.0,0.0,0.17133253232617013,0.10733038373291495,0.8034835755825038,-1.6974788950039792,-0.1551450766049897,0.8989823540815942,-1.804074429548704,0.14295570982190248,1.0276822287302758,-1.5710187187561622,-0.19361647247121871,1.1796351648294008,-1.6877362751043763,0.3645738048049122,-0.74826722076306,1.1978502961305473,0.03300991360671247,-0.47642971861820954,0.03345557266416459,0.02622149745002389,-0.025198908021243718,0.20035748347762836,-0.051873914587375065,0.17133253232617013,0.26696057044542754,0.20488510989810016,-0.17174812920886234,-0.27096903757881324,0.1929716389717412,0.1819094077922268,-0.2477489715625702,-0.2673421075481088,-0.1828318574114136,-0.2768397730879971,-0.28843023274440127,0.1918338248010722,-0.24488576050183775,0.12698723566592904,0.06249932870091916,0.36734147671616935,0.38738167801728607,0.021640580147504834,0.0,0.0,-0.04392590471407414,0.99903479163393
0.18951949252419684,-0.04395294978629631,-0.01795126769978256,0.0,0.0,0.17533541724137344,0.10638820182066411,0.8254197593778372,-1.6901803466563041,-0.16317536015636647,0.8909733766116775,-1.7980345129393613,0.1571899864715166,0.9925148253544018,-1.5732844560765302,-0.1991121098578263,1.1839071771559806,-1.670299392336836,0.35567717522812575,-0.7406096506433991,1.1971523432204356,0.032187267837938495,-0.476776603788424,0.032983556716667056,0.026208383351331577,-0.025194017185220637,0.18951949252419684,-0.04395294978629631,0.17533541724137344,0.2666873807230821,0.19766323177638812,-0.17163729975148,-0.2724402931696237,0.1943005536081673,0.18405749626149562,-0.24764354938839717,-0.2565727748910171,-0.18709632289024591,-0.27700244443547145,-0.29286001585503973,0.19343961542472526,-0.24538270620971242,0.12867466088486523,0.06147427117124282,0.36634889533367376,0.3912152176221403,0.02032057277392596,0.0,0.0,-0.04217417537409938,0.9991102736592767
0.1796657579779945,-0.03682262460674012,-0.023869614904890864,0.0,0.0,0.18305871912065164,0.1069861387905593,0.8449171192657485,-1.6871937562066777,-0.16888722659160302,0.8736104960911553,-1.7923408256700406,0.16922630770848324,0.9656967139587957,-1.5865022614598272,-0.2022708796251278,1.1968070589579065,-1.6568142433579154,0.3457225912895342,-0.7324937047580116,1.196797732836925,0.031170438760175175,-0.4765437885832328,0.03226347485234819,0.026193914097697977,-0.025183023249085706,0.1796657579779945,-0.03682262460674012,0.18305871912065164,0.26624251973743623,0.19169458102226772,-0.17185361636110713,-0.2728629877968741,0.19818861499116938,0.1856215842649148,-0.2477442585860915,-0.2463076028731753,-0.190417921852227,-0.2752771253417299,-0.29890665617206175,0.1942065551224742,-0.2448810871138478,0.13047196072833925,0.060253712791781947,0.36506221485949036,0.39478732803120054,0.01924985899733238,0.0,0.0,-0.04034514624060276,0.9991858031291398
0.17051058087484905,-0.030263764005647772,-0.029356824234128,0.0,0.0,0.1859858301302124,0.10847082619483654,0.8619440963778358,-1.6860417399842005,-0.17300881955844277,0.8543384691270498,-1.7871982631488488,0.17964484127095112,0.9436889734978859,-1.6029702452226327,-0.2046424399416607,1.2121618463156314,-1.6457806612150028,0.3353790153319446,-0.7242035776949846,1.1965444676864605,0.030083270806174442,-0.4761751573891021,0.031443916005977936,0.026177516128742494,-0.025168113562708292,0.17051058087484905,-0.030263764005647772,0.1859858301302124,0.2657325961268865,0.1866794248035162,-0.1722703209077111,-0.27278426031058894,0.20268632803044925,0.18676777591415747,-0.24789133387693607,-0.2369800795269806,-0.19309814851636448,-0.27277220389439893,-0.3051696652955836,0.1946502180533045,-0.24387159812739087,0.13229610077223306,0.05893799059981331,0.36367973324620206,0.3982596997744762,0.018273043618627038,0.0,0.0,-0.03848673245164844,0.999259111254531
0.16304131267415134,-0.022573879206486937,-0.031853842441564854,0.0,0.0,0.192933568705837,0.11247808543535359,0.8709757657578354,-1.6895203510156043,-0.17237468658444977,0.8327908710791525,-1.7839427939974346,0.1851414528030613,0.9353683052154692,-1.6259106747232939,-0.20528131852356285,1.2322195200965944,-1.641881147829386,0.324128671477621,-0.7154993999462865,1.1964920604458222,0.028833643210908602,-0.4755998395669919,0.030380718857766397,0.026154589078102548,-0.025141699920193508,0.16304131267415134,-0.022573879206486937,0.192933568705837,0.2650682467680711,0.18461983121331252,-0.17329421983748364,-0.27167424664138334,0.20805866460624967,0.18666183787276255,-0.24827480733924454,-0.2306964799720967,-0.19410175835615137,-0.2693273390387013,-0.3113044629070253,0.19440429726957825,-0.2418476607886953,0.13420370883225535,0.057440797228930224,0.36211430183880805,0.40149443481977154,0.017518291993138344,0.0,0.0,-0.036558754557341595,0.9993315052900194
0.16110068983521894,-0.017185315672875335,-0.02934296006480153,0.0,0.0,0.1819762400060102,0.11793026351369892,0.8712715148352662,-1.6950713815883947,-0.16813116626312555,0.8143763257763713,-1.7820942932023451,0.18649732656418713,0.9387006237386506,-1.6495119735885115,-0.20561914140573487,1.2510521393269294,-1.6445645456417246,0.3124270085961777,-0.7059906079218942,1.1961933221094883,0.02749915607721335,-0.47510835352855235,0.029159429487593237,0.026123792483793717,-0.02510267656403952,0.16110068983521894,-0.017185315672875335,0.1819762400060102,0.2644584424292239,0.185349658478811,-0.1746723177166651,-0.27012453057390323,0.21277665211847666,0.18560817843229416,-0.24887417555531424,-0.2277905560669033,-0.19385038810934485,-0.26586018494604835,-0.31577981823153534,0.19397940787202356,-0.23936880689516316,0.1362375308928049,0.05586179215275745,0.3604961674602158,0.4046979416519975,0.016895973909413463,0.0,0.0,-0.03474014812596809,0.9993963788748617
0.16398097768062672,-0.010201179049930975,-0.01951511949300766,0.0,0.0,0.17275780864762363,0.12459809286519875,0.8642174859459585,-1.7023659976055987,-0.16085096581194275,0.7985977067683754,-1.7814295148620238,0.18436947998662412,0.9518369311610092,-1.6736692806275988,-0.20570367757374278,1.2688540853559969,-1.6527863336870303,0.30034563819376336,-0.6958048710456263,1.1956873384232705,0.02609327420269929,-0.4746873975516512,0.027805132639164554,0.026086375018796668,-0.025053044297517493,0.16398097768062672,-0.010201179049930975,0.17275780864762363,0.26389452836547905,0.18840267764649352,-0.17633492312258287,-0.2681806305225711,0.21693327637384976,0.18375708996000767,-0.24966111686264497,-0.2276438738075284,-0.192588991515655,-0.262444429905929,-0.3188351625467601,0.1934166159803498,-0.23656212517499856,0.13837037831369176,0.054201039556808536,0.35882841981915714,0.4078751753012721,0.01638507592724637,0.0,0.0,-0.03301356100064305,0.9994549038301113
0.16917883771326594,-0.00403335875749652,-0.00753710583712014,0.0,0.0,0.12971398017689825,0.13170319947843917,0.8459997145602343,-1.7090268394408314,-0.14963949641857624,0.79375760937826,-1.7846793346107004,0.17685231442849825,0.9816209873757672,-1.6944742591048656,-0.2061609834110221,1.2782253069946397,-1.669124839254296,0.2877942749585674,-0.6840424314857679,1.1942850420108209,0.024625168173000842,-0.47484439579196847,0.02624853537865705,0.026030968881409187,-0.024997041104003217,0.16917883771326594,-0.00403335875749652,0.12971398017689825,0.2636778376495036,0.19448102027030034,-0.1781028676467166,-0.2662382112608518,0.21861782784464956,0.18084630227830653,-0.2505000635667604,-0.23270010913439942,-0.18991229532651674,-0.25961983123214855,-0.3180404966851752,0.1930219717286219,-0.23409064628959558,0.1407697021196233,0.05249653772479235,0.3572634006681097,0.41121595549898643,0.016055964598378464,0.0,0.0,-0.03171710049095899,0.9994968862064787
0.17401308017002115,0.0016174993009577623,0.0036066183103963807,0.0,0.0,0.11336318580582708,0.13854340650141234,0.8256308212876322,-1.714851662516594,-0.13769632577896132,0.7925894558429717,-1.789256975054741,0.16811336763203155,1.0158587098121639,-1.713484466075897,-0.20700279623270032,1.2840606123209,-1.686674818396568,0.2751895040273668,-0.6716775372624398,1.1924443244934082,0.023153556743636745,-0.47527605667710304,0.02463924419134857,0.025968026602640748,-0.02493684459477663,0.17401308017002115,0.0016174993009577623,0.11336318580582708,0.26359304413199425,0.20100191891756597,-0.17977807564772758,-0.264307509366003,0.2194696536630555,0.17772943324306212,-0.25125251012068556,-0.2391373446923334,-0.1869600500726226,-0.25686828145782775,-0.3160850643754056,0.19278043469571984,-0.23187901697489427,0.14325425234726236,0.05076121527885007,0.35576165579948316,0.4146184846758842,0.0157950131688267,0.0,0.0,-0.030584018598559772,0.9995321994845203
0.17975488889917696,0.00841580787789031,0.016816202192924953,0.0,0.0,0.0744560075051874,0.14414187432983155,0.8031074690560889,-1.7178427360665338,-0.12509249165081102,0.7994733220682693,-1.7967683697262633,0.15763807717639128,1.0580410332633885,-1.7274844205150233,-0.20910412639092935,1.2810091953724623,-1.7044523124797981,0.26263514576623115,-0.6578740921014781,1.1894214348151135,0.021702161495341033,-0.47643947239535356,0.02293882853029158,0.025886154811954703,-0.02486415457231208,0.17975488889917696,0.00841580787789031,0.0744560075051874,0.26382210238191944,0.20770418667164872,-0.18114898797357323,-0.26282205129517827,0.2185175457730421,0.17440770178821324,-0.25173622024233927,-0.24839864298142725,-0.18363573833246014,-0.25438807320205054,-0.31182016022529924,0.1930349866950889,-0.23047605847567096,0.14598911969688128,0.04905939363909911,0.3544931422229528,0.41816741292579807,0.015694981161057237,0.0,0.0,-0.029839798351666946,0.9995546940684795
0.18406686433188973,0.013457472055199756,0.026728356113800422,0.0,0.0,0.04786144019779324,0.14778246336544934,0.7854938746358341,-1.718455025496391,-0.11369307414413653,0.8086235130635591,-1.804231639378346,0.14803444339822125,1.099410995554465,-1.7379698171638525,-0.21236851814991003,1.2733655528953443,-1.71873172888389,0.25032932382936673,-0.6431534862002503,1.185195032793742,0.020330771915793716,-0.47844381866833335,0.021253331649439565,0.025793172969805222,-0.024786482556149937,0.18406686433188973,0.013457472055199756,0.04786144019779324,0.26426569221971125,0.21270229276909122,-0.18204612524136296,-0.26193515867527545,0.21696730444891243,0.17140458605040781,-0.2520812595742843,-0.25781986184862804,-0.18062402385977708,-0.2519221459845765,-0.3070947064593088,0.19370919920708704,-0.22963765983125933,0.14890805120335573,0.04740603791969113,0.35356529137398307,0.42181595687109685,0.0157021291133088,0.0,0.0,-0.02936139366179358,0.9995688613408469
0.18994012616970263,0.02014086693275717,0.03805992802461827,0.0,0.0,0.025305314734423788,0.1497624811286536,0.7720444822110812,-1.7170497535799558,-0.10331518036456666,0.8196958832156196,-1.8116540918843103,0.1391701036168695,1.1400919552319313,-1.7454743481312804,-0.2166193584517503,1.2618270228401975,-1.7300442571823411,0.2382342975156815,-0.6276549921156127,1.1799478740073168,0.019027238996036817,-0.4811613986340279,0.019580488104391176,0.025690768158081207,-0.024704585071259107,0.18994012616970263,0.02014086693275717,0.025305314734423788,0.26489123662647146,0.21627589969464925,-0.18255796732960616,-0.2616229980983031,0.2149180837999405,0.16867175905903042,-0.2523022696080612,-0.26737837622503047,-0.17786756513729865,-0.2494024729540204,-0.3019725919318191,0.19473556701972286,-0.229244055016358,0.15199350905533981,0.04578137814376235,0.35291231524665456,0.42554898968396265,0.015800181550170794,0.0,0.0,-0.0291084486753524,0.9995762593297793
0.19535018441299717,0.026074923525397267,0.046981568448245525,0.0,0.0,0.030711463742574815,0.15035820494477564,0.770721128067145,-1.713997141099893,-0.094312096766841,0.83019964912763,-1.8144959755814993,0.13371049412167993,1.1712668165564535,-1.746298997448041,-0.2234784879793341,1.2459380643872116,-1.7314065236311693,0.22706304225497526,-0.6117130217070764,1.172496202473457,0.01789201265021873,-0.485378139723952,0.01802823557339323,0.025578821991355374,-0.024616376138650455,0.19535018441299717,0.026074923525397267,0.030711463742574815,0.265788089340696,0.2162591831362541,-0.1827876189572339,-0.2620291590176553,0.21248906999726883,0.16636811905213686,-0.25310418207090213,-0.2754607822787379,-0.17616684771125785,-0.2476096970583902,-0.29763751143131323,0.1966502007127173,-0.22974305108210913,0.1552819201089388,0.04433545682485384,0.35311376055429594,0.42944756866647643,0.01606427699040908,0.0,0.0,-0.028801462802143206,0.9995851518207225
0.20050653961408987,0.03154514221350217,0.05357593405418692,0.0,0.0,0.04419233994831227,0.15039518113749537,0.772897891127146,-1.7107823657301757,-0.08563043774428011,0.8396710386643041,-1.814737540454819,0.1294664517224122,1.198347666802314,-1.7443231149361687,-0.23111568525648438,1.2287744627549104,-1.7291692589911134,0.21639170216468115,-0.5955815363961922,1.1642137724333088,0.01682208696841444,-0.49013716487500514,0.016538644946054948,0.025464603599035542,-0.02452559012677879,0.20050653961408987,0.03154514221350217,0.04419233994831227,0.2667704993644013,0.2152414243347727,-0.18288691581137165,-0.2626154381151098,0.21002401697428927,0.16417709903952035,-0.25426149427150846,-0.28290509513732975,-0.17484333390243798,-0.24607256801502655,-0.29362607220238696,0.19885309122707706,-0.2305133666986965,0.15865973839058556,0.042946827404021205,0.35359458926921206,0.43341008799437136,0.0163915251502588,0.0,0.0,-0.028359719921368168,0.9995977822534329
0.20662668306698823,0.03797084814302536,0.06105767007773822,0.0,0.0,0.09301844561578029,0.14905298737665781,0.7817949675596677,-1.7078592857489219,-0.0774207907693031,0.8454891718350924,-1.8075264328374312,0.12800440231624705,1.2149694132117124,-1.7352910523231213,-0.24029529069621974,1.2091271097843463,-1.718620746754683,0.20712917817469975,-0.5789677976415708,1.1539620439020488,0.01590971982939384,-0.4961482503523047,0.015222975424526693,0.025346949835343715,-0.024428402355764635,0.20662668306698823,0.03797084814302536,0.09301844561578029,0.26793112670286345,0.21237051638531268,-0.18263498289610522,-0.26346865163369615,0.2076056289238568,0.16218996123091098,-0.25656222271123086,-0.28889781306518253,-0.17440998445569994,-0.24568933924336211,-0.2904788701324704,0.2016782579862166,-0.23202556962782278,0.16223778869054478,0.041828499027057445,0.354790577757221,0.4375264694054539,0.016869331230946742,0.0,0.0,-0.027429897332877252,0.9996237295764381
0.2112380545255442,0.042686750993199796,0.06667151868056664,0.0,0.0,0.12618532052839881,0.14700076021612274,0.791714343313987,-1.7054598431747694,-0.06906888610683413,0.8480011741988934,-1.796486250769634,0.12762749084056568,1.2259371012735822,-1.7217655979956579,-0.24951158852602964,1.188115817423051,-1.7055293979266521,0.19909476042868451,-0.562388612172352,1.1426594175684914,0.015107381983678099,-0.502991437911987,0.01407230723550762,0.025228422844800386,-0.024330347380153123,0.2112380545255442,0.042686750993199796,0.12618532052839881,0.2692128061675108,0.209269150951991,-0.18217843722611649,-0.2643177392710393,0.2055623586177513,0.16017707758829958,-0.2594551939385553,-0.2942813650447038,-0.17435568527267423,-0.2460360950211819,-0.2873742554199602,0.20463829091245705,-0.23383582657445026,0.16588438862548874,0.040920633644580144,0.3564187047704039,0.4417460096211959,0.017454824249188462,0.0,0.0,-0.02616849708767512,0.9996575462427982
0.21731499839128346,0.04923469764638643,0.07415290008513929,0.0,0.0,0.1545437036742765,0.14434144130119922,0.8025078039902903,-1.7035081203167255,-0.06059534847736393,0.8476863732704749,-1.7821721388743479,0.12817839246529797,1.2320704643542948,-1.7043982102320752,-0.25875925903136876,1.1659383315306453,-1.6902638765481808,0.19211039634851337,-0.5458389704044055,1.1304582540805528,0.014399121228892099,-0.5105460882186886,0.013062718252723074,0.025109149229068026,-0.024231550928491816,0.21731499839128346,0.04923469764638643,0.1545437036742765,0.2705979874500861,0.20597081997254077,-0.18154389875463461,-0.26515126307127374,0.20382901774924517,0.15812254876575244,-0.26284903859364595,-0.2991715441670896,-0.17462633514684076,-0.2470140570821794,-0.2842780158640926,0.20772573952794324,-0.23588375440991996,0.16959776661982337,0.04019438806300171,0.35840626803539627,0.44605375253237195,0.01813239160065465,0.0,0.0,-0.024623558041533027,0.9996967942278174
0.22294669098438935,0.05492104850256725,0.07889233887768689,0.0,0.0,0.20817823246102798,0.14147566429052794,0.8093539416933287,-1.7032215871776526,-0.05277900592101611,0.841896521787231,-1.7660959811451347,0.1286591450827053,1.2315213164457908,-1.682944666164426,-0.264828682447282,1.1447116436006937,-1.6752603777612634,0.18772646157930686,-0.5303435893729332,1.117493522854952,0.013783208109089186,-0.5187531461079532,0.012328097368411447,0.024994621227961037,-0.024134211369808048,0.22294669098438935,0.05492104850256725,0.20817823246102798,0.2721789221709164,0.20400250038968012,-0.18080134288638977,-0.2656625910489632,0.20332027182934836,0.156205254242255,-0.2663751803832535,-0.3031372866382393,-0.17500900393455532,-0.24899249660365225,-0.2813015028119679,0.2100653473578584,-0.23825969012126927,0.17315887045528683,0.039941060809039156,0.3609083996241796,0.4505250258371233,0.018993868317920697,0.0,0.0,-0.022542353568277003,0.9997458888615661
0.22858146344499208,0.060066679667058476,0.07533460156992076,0.0,0.0,0.21761142823264568,0.1384596337492651,0.8149270959771595,-1.7036268888757777,-0.045763405201097125,0.8344702032896193,-1.7506575217613811,0.1288056771915693,1.2291136237864313,-1.6608868714135436,-0.26910661254078155,1.125029379358659,-1.6610143800767574,0.18437654259972852,-0.5154370573850784,1.1044565677069706,0.013190497946477734,-0.5270073630202272,0.011694179794106363,0.0248834796052856,-0.024039168282447815,0.22858146344499208,0.060066679667058476,0.21761142823264568,0.2737536810051936,0.20248608517098796,-0.17999786083842845,-0.26605477115232,0.20333183440284233,0.1544492641108896,-0.2696598360175444,-0.30676672362587354,-0.17533278498885896,-0.2511917831621862,-0.27852865023545736,0.21193945452399598,-0.2406627922276096,0.17662724561044282,0.039860324612761774,0.36351051370319726,0.4550615756127695,0.019925043573423888,0.0,0.0,-0.02036673888640749,0.9997925764613041
0.2355332947840051,0.06609714639842472,0.06432103064770849,0.0,0.0,0.2236141659857527,0.13497701889047262,0.8178059908633049,-1.7057713674238095,-0.04148808167351847,0.8238097268801471,-1.7387101008341865,0.12769154072380984,1.2232988509707727,-1.6388171313760376,-0.2682317583821714,1.1108137902158959,-1.6495666511070273,0.18356206758807486,-0.5022187072497151,1.0915757545198388,0.012635215459830281,-0.5350715361105707,0.011294757795090293,0.024782800773839254,-0.02395222914772323,0.2355332947840051,0.06609714639842472,0.2236141659857527,0.2751923062337132,0.2019663161152265,-0.17902657049043813,-0.26619469502414106,0.20469661761500835,0.15337379046933153,-0.2720073214099277,-0.30951788628439714,-0.1753787686081045,-0.25387372032407063,-0.27669449288573145,0.21237170555495005,-0.24314633514300715,0.17975299105053347,0.0402425890632236,0.3663382489585,0.45975854774363906,0.021022182766151094,0.0,0.0,-0.018131010134699553,0.9998356197253103
0.24108001016782815,0.07028165095449458,0.050151235280702915,0.0,0.0,0.19867419911075235,0.1326783169060946,0.8202368061129862,-1.709737731860234,-0.03985614576735173,0.8132749692751815,-1.7302505127512493,0.12555876610657354,1.2165832341863563,-1.6190690421141118,-0.2641520538868815,1.101811115558331,-1.641190738632129,0.18423955780095772,-0.49070297525479284,1.0794679929430673,0.012062795254258605,-0.5423812235777192,0.011024499423981005,0.024688746395091027,-0.023868568940088156,0.24108001016782815,0.07028165095449458,0.19867419911075235,0.27632652223110193,0.2018212854135186,-0.17833095299972662,-0.2658739929427963,0.20650233604700477,0.15298116394472797,-0.27347067911363754,-0.31158354977033065,-0.1751404911255355,-0.2565522586569968,-0.27572028662401765,0.21180836582895066,-0.2454108400140476,0.182507666907012,0.040872830617291946,0.36911450789872857,0.4645725700717704,0.02222561079543079,0.0,0.0,-0.016144558941899385,0.9998696681150856
0.2484021258670692,0.07611042952376083,0.03126764025252749,0.0,0.0,0.17717781859243487,0.13140007713809612,0.8222814034670591,-1.715274453163147,-0.04050265217665582,0.8028485737740995,-1.7247972283512354,0.12254798621870581,1.2090911436825993,-1.601322077214718,-0.25730995973572146,1.0973016619682312,-1.635462548583746,0.1862030329648405,-0.48065479844808595,1.0680265557020905,0.011475603358121597,-0.5490405894815921,0.010865572388865987,0.02460040189907886,-0.023787734971847385,0.2484021258670692,0.07611042952376083,0.17717781859243487,0.27719835564494133,0.20199746193856616,-0.17787399382274874,-0.26515700083108285,0.20868678861799914,0.15318908639949894,-0.27417030227025185,-0.31304646644677236,-0.17465121277082346,-0.2592420247805771,-0.27550828995287685,0.21037653729133152,-0.24749057248416922,0.18493356553708112,0.0417262103049359,0.3718540430043282,0.4694874826818704,0.023520653456216657,0.0,0.0,-0.014372986334662684,0.9998967032968074
0.2550177228189111,0.08135555440171592,0.014229810151916709,0.0,0.0,0.1367906611585357,0.13229094445705408,0.8216042517182919,-1.723340060848456,-0.04635845357552147,0.7975685938906213,-1.7245220421598508,0.11793578194024489,1.2040939872654586,-1.5895619716208718,-0.2458626424105699,1.1010296820447993,-1.6375481125253897,0.19031238183379157,-0.4740293364112196,1.058550744962234,0.010840757864151316,-0.5539071373641489,0.010817134600634186,0.024519066671088628,-0.023721460732094087,0.2550177228189111,0.08135555440171592,0.1367906611585357,0.27757722784120303,0.2032707277757766,-0.17793352614858357,-0.26371245437951907,0.21012018613586742,0.15479097210715517,-0.27350285782460965,-0.3140054175751422,-0.17363398772266428,-0.2613479008171195,-0.27617128865957236,0.20740348494799277,-0.24883510278364485,0.18657156889390616,0.04291659184008189,0.3743810750054647,0.4745920555522807,0.02498317720332679,0.0,0.0,-0.013005207576174661,0.9999154287117988
0.26127537016110886,0.08616298746653173,-0.001785750142656306,0.0,0.0,0.12134298880610056,0.13390341290057847,0.8199631510159144,-1.7319470185499923,-0.0539161906076164,0.7950281340342301,-1.7261737158092167,0.1128437008278875,1.2007236255762668,-1.579963800855554,-0.23314229275386514,1.1069603957808933,-1.6425424946042206,0.19508614548696915,-0.4687274367763446,1.0500231395260646,0.010192866376690719,-0.5580280706859552,0.01080469227319834,0.02444008001923346,-0.0236608047136822,0.26127537016110886,0.08616298746653173,0.12134298880610056,0.277767548051018,0.20487024865688716,-0.17816490373678057,-0.2620624233379384,0.21103983734029516,0.15683748983920942,-0.2723536068277976,-0.31498227711531196,-0.17243138455273932,-0.26313765193235106,-0.2769122076580933,0.203987816014033,-0.24986163572570522,0.18788449678894925,0.04420714363051388,0.37675447756817054,0.47976937750354404,0.026508472588969947,0.0,0.0,-0.011791870734926452,0.9999304734753166
0.26819240570321645,0.09212138805150619,-0.01617547644015699,0.0,0.0,0.08430561056471751,0.1370792523599587,0.8161298437760428,-1.7411947158666754,-0.06510613744075444,0.8002456930967476,-1.7323623460072735,0.10680575038378075,1.2022913384896057,-1.5753516061947896,-0.2181233553072586,1.1167094294841469,-1.654387817933009,0.20121164390673985,-0.46662113758233886,1.0440719505915277,0.009521690179378962,-0.5602689270789806,0.010868884775286108,0.024366211414767,-0.02361369494778606,0.26819240570321645,0.09212138805150619,0.08430561056471751,0.2775057978354968,0.20714046026917,-0.17877752814136383,-0.260055515858879,0.21038862138878567,0.15981566723262952,-0.2701437029029151,-0.31633163637421746,-0.17085741049680897,-0.2640529357543006,-0.27744625888538255,0.19976606535297356,-0.2501617879217717,0.18841238334413962,0.04565969020484002,0.37866665490852014,0.48512144014239295,0.02818228134240663,0.0,0.0,-0.010948869053541359,0.9999400593367826
0.2729470169018123,0.0966585549037863,-0.021946618261818596,0.0,0.0,0.056076113061134775,0.140303528527371,0.8102339906618,-1.7500751186162233,-0.07720559835433947,0.8110159763063374,-1.7412814886237564,0.10035458398767969,1.2074075889988587,-1.5740299898271377,-0.20327644492499544,1.1257142718308246,-1.6697344328635013,0.20790656654235828,-0.4663643564742345,1.040090058858578,0.008895083560044167,-0.5611148598388984,0.010970691161883922,0.024290701992308292,-0.023575118033197492,0.2729470169018123,0.0966585549037863,0.056076113061134775,0.2771205289934117,0.20990255378017186,-0.17939191188251946,-0.2580457373801935,0.2085613111324514,0.16297249589491217,-0.26741640999658695,-0.31800478826612155,-0.16909789172803266,-0.26431843224723034,-0.2771152869997396,0.19554824114444946,-0.2500472939658908,0.18844934366389215,0.04715564375352859,0.3801049119671776,0.4905751868724249,0.029957546445075405,0.0,0.0,-0.010388139813871341,0.9999460418198611
0.27861064439063654,0.10294178350215424,-0.02235019704900087,0.0,0.0,0.031547122989562214,0.14356989202161238,0.8025459628552201,-1.7586363740265367,-0.09009534865617713,0.8266110984751807,-1.7525732113191712,0.09354436852467768,1.215607212999692,-1.5755676025381455,-0.18857901124283716,1.1340724759950085,-1.6881233685864847,0.2150962697700237,-0.467714647260996,1.0378193167539744,0.008307204064644462,-0.5607487241236063,0.011105180773973605,0.024213766840358194,-0.023543955431355595,0.27861064439063654,0.10294178350215424,0.031547122989562214,0.27662793310502404,0.21308127185046552,-0.18000368247825296,-0.2560166044094413,0.20573601512669812,0.1662569358116062,-0.26420243331343846,-0.31995000328951323,-0.16718821300429507,-0.2640090108984832,-0.27604204223370366,0.19134958870166582,-0.24955093472306344,0.18805956020960926,0.04868244325954338,0.38113174196569377,0.49611728831839086,0.031820968375541214,0.0,0.0,-0.010072685089304428,0.9999492692207398
0.2833498166194235,0.10881513238205243,-0.01919657672540542,0.0,0.0,-0.019719193825516766,0.14499385692537403,0.7935814846020479,-1.764839659516628,-0.10294597860103322,0.8468303406754364,-1.768617043414941,0.08751074391273929,1.2275064308196306,-1.58186644459,-0.17676443262742125,1.1385542711672874,-1.7074458884218564,0.22269646338043872,-0.4719799998431251,1.0387326746892471,0.007928285157294553,-0.5588444204857717,0.011285416465118311,0.02412982209128901,-0.02352589595830068,0.2833498166194235,0.10881513238205243,-0.019719193825516766,0.2762265211114517,0.21628228244193817,-0.18018476879903977,-0.25457066796853506,0.2023082907967038,0.16938594829484557,-0.2601620777662132,-0.32193878918920216,-0.16542048460414457,-0.2627649824045435,-0.2737523402738162,0.18794740277591687,-0.24876029883949474,0.18692668060896095,0.050160182974378506,0.3814793462796916,0.5018002990489968,0.03384988504247022,0.0,0.0,-0.010269866828022433,0.9999472635270995
0.28787010810310365,0.11423973848877586,-0.016221597504158247,0.0,0.0,-0.03937326091378403,0.14575011397783572,0.7849408605924019,-1.7696910569301019,-0.11539835733576476,0.867309363702169,-1.7856478914618494,0.08219039938054402,1.2396285946552572,-1.5896162877862272,-0.16642881528689304,1.1415901934871306,-1.725759222530402,0.23041289342710614,-0.4770225853874134,1.0408518113769019,0.007646266579216059,-0.556445837020874,0.011487294897401279,0.0240433286391915,-0.0235110587762812,0.28787010810310365,0.11423973848877586,-0.03937326091378403,0.2758600700360078,0.21920653782110366,-0.1802230150571272,-0.253418774475603,0.19900231195068466,0.17230311661711092,-0.2559126622521873,-0.3236702668898568,-0.1638464697892282,-0.26127758782020444,-0.27127761170885867,0.1849818468323101,-0.24790538792249692,0.18556356093573942,0.05160897994995939,0.38150541812913835,0.5075382868257854,0.03593987061713753,0.0,0.0,-0.010663577877046231,0.9999431424370389
0.2931832090650935,0.12065452769513077,-0.012720241927756394,0.0,0.0,-0.08661409272206962,0.14496271842374253,0.778368720928064,-1.7705824804993775,-0.12628550578553477,0.8860126356236057,-1.8037268165498965,0.07924373882213762,1.2503903107001226,-1.6002599624200504,-0.1602409715549306,1.1412146201787088,-1.7394781225862406,0.23834345665258827,-0.483393461228563,1.0458455135902531,0.007623795600710975,-0.5530105531215669,0.011747706221425538,0.02395092892738131,-0.023501109533334296,0.2931832090650935,0.12065452769513077,-0.08661409272206962,0.27557765721128535,0.22108684420119468,-0.17997527355741,-0.2531941009992924,0.19637206405633612,0.17470932506781495,-0.2515943897785812,-0.32442760657262854,-0.16290481939423168,-0.25946575877081723,-0.2687360637268979,0.1831935626598785,-0.24720060120373727,0.1837570945528939,0.053009109615974576,0.380671104001535,0.5134099354394351,0.038172871286335966,0.0,0.0,-0.011529665557695249,0.999933531197013
0.29711427319521,0.1256053641431671,-0.01009317705980839,0.0,0.0,-0.11810812371857786,0.14406189981561443,0.7749097887426615,-1.7688062136562972,-0.13574549512794365,0.9011895405844997,-1.8189846099569245,0.07839233193618171,1.2579294933149447,-1.6110995738552165,-0.15721661533014133,1.1401722671893928,-1.7483419366180895,0.24640435539185981,-0.48980130627751334,1.0521896590407076,0.007839237821127205,-0.549338628179752,0.012044543648908767,0.023858073055565074,-0.02349103523346667,0.29711427319521,0.1256053641431671,-0.11810812371857786,0.27535126035889756,0.22181090714105461,-0.17977843156124704,-0.25352995708591325,0.1943570516091538,0.1767408586140761,-0.24786069483407902,-0.3242653444879172,-0.16254589039016826,-0.2578083105631087,-0.26689462844654466,0.18229205328166112,-0.2466460746699745,0.1818316497545541,0.054405033555516444,0.37933405800522885,0.519373778397074,0.040494362232633446,0.0,0.0,-0.012710660248152018,0.9999192162950246
0.2993603178980401,0.12969647977382318,-0.004698900290980855,0.0,0.0,-0.1456950754867144,0.1430617294345911,0.7741778390482068,-1.7646932104745738,-0.14395537893646002,0.9132775602002551,-1.831771261703509,0.07937624123699671,1.2626459304816446,-1.6221108141426852,-0.15696328387667355,1.138545855306662,-1.7529529873281715,0.25457942020148,-0.49624153412878486,1.0597167115371957,0.008263077693230167,-0.5454594199187482,0.012373288151978214,0.023764817615021742,-0.02348085139125872,0.2993603178980401,0.12969647977382318,-0.1456950754867144,0.275173930128893,0.22152285980801634,-0.1796257752372515,-0.25436418245004283,0.192862683905685,0.17846352640384278,-0.24465952857258186,-0.32331132870751284,-0.16268749597759108,-0.25628599291455995,-0.265654617313808,0.1821611596377748,-0.24624824270094647,0.17979938264815865,0.055790235129302534,0.3775552575848135,0.5254183780545223,0.04289336533894608,0.0,0.0,-0.014167479814637835,0.9998996362214068
0.29901793463750653,0.13209973787887958,0.0015039417821050005,0.0,0.0,-0.21129422212795254,0.1429077469958709,0.7785360927765185,-1.7578512865763445,-0.14984373347117338,0.9191948072268411,-1.835302187846257,0.08392634214116966,1.2609579333892236,-1.6296740747415102,-0.16271011330760426,1.1360306625182812,-1.7494313739813292,0.26314377154295243,-0.5021626926385439,1.0688566794762242,0.009095325958556834,-0.5419688018468711,0.012790097281909897,0.023670990593158282,-0.023470254579129126,0.29901793463750653,0.13209973787887958,-0.21129422212795254,0.27516330434725833,0.21952278245353737,-0.17977530449083226,-0.25569609879046185,0.1917825466501986,0.17981241955663435,-0.2432857442696662,-0.32135406260837296,-0.16382375617329697,-0.2554139871076098,-0.2656059624402915,0.18367255387492115,-0.24606455136559816,0.17769121129666188,0.05724793379257672,0.37515737448280123,0.5314903671924883,0.04534087838748321,0.0,0.0,-0.01628017834748408,0.9998674691142693
0.2957825956993295,0.13226734001380167,0.009150749358993737,0.0,0.0,-0.2398129146035174,0.14282809278497904,0.7835900026301923,-1.7502633247237942,-0.15443229926033658,0.9233024169046145,-1.8354076112692177,0.08942114843879438,1.2574149602307727,-1.6354938391596079,-0.17063270928338115,1.1329167351986356,-1.7437272864178974,0.2719417616295123,-0.5076766652413284,1.0783343895410111,0.01008316015941085,-0.538768648599776,0.013248282821642999,0.023577748256054926,-0.023459224914684176,0.2957825956993295,0.13226734001380167,-0.2398129146035174,0.2752340878001772,0.21722187864469455,-0.17996184760490921,-0.25714551984593575,0.19072660349016754,0.1809232734344256,-0.2426453186408002,-0.31925902348266977,-0.1652261676008387,-0.2547737084683876,-0.26578017298047263,0.18577288262953148,-0.24587069669249373,0.17558958047377807,0.05874163260880061,0.3725922903575324,0.5375447809839475,0.04778516026160025,0.0,0.0,-0.0186779428534288,0.9998255520093313
0.29146240489860126,0.13195606408344765,0.018479995644436753,0.0,0.0,-0.31393441377248843,0.1425185021944344,0.7882649358361958,-1.741371110081673,-0.15522394888103005,0.9239651933312416,-1.8274725973606112,0.09649823955260203,1.2503903880715372,-1.6364298053085804,-0.18358635995537018,1.127940621227026,-1.7343013472855093,0.2814398054033516,-0.5118707101792096,1.0881660021841524,0.011443700699601296,-0.5364985857158899,0.013818461244227354,0.023487226455472413,-0.02344670513411984,0.29146240489860126,0.13195606408344765,-0.31393441377248843,0.2755293343216181,0.21483830881741936,-0.18011617341215141,-0.25881718264898723,0.1895007988106764,0.1813194196090918,-0.24384311226937067,-0.3172135013264178,-0.16710373244940785,-0.2547276907579117,-0.2661110898314447,0.18921865510168892,-0.24551429141585676,0.17359339058231388,0.06041920137818147,0.3697592566083168,0.5435110200196503,0.05018598877359177,0.0,0.0,-0.021816647298588863,0.9997619886256173
0.28800758365222023,0.13219718859192273,0.025480437593963786,0.0,0.0,-0.36303854074924957,0.14080372458108928,0.7905976565268177,-1.731785955623939,-0.15291069655750827,0.9228074365080551,-1.817169627747857,0.1026596130731585,1.2439681229969632,-1.6346624328826485,-0.19808905385434564,1.1218367049900388,-1.724883685461604,0.29132310473001877,-0.5154397423880603,1.097673774625246,0.01299017544302975,-0.5351150111796764,0.014475991315871017,0.023400474294948466,-0.023431643783204403,0.28800758365222023,0.13219718859192273,-0.36303854074924957,0.2759732876259547,0.21298655772888317,-0.17990989102112323,-0.2607231142575487,0.18842274158275465,0.18101543111753365,-0.24584426721947505,-0.3158573201539666,-0.1687662211643936,-0.25490497234701054,-0.26613480408183937,0.19307287962597663,-0.24495688924889836,0.17166451941464275,0.06218560778268615,0.36703668024217334,0.5494224313789833,0.052549800772864565,0.0,0.0,-0.025446024864173633,0.9996761974852716
0.2837787221306625,0.13170724089949845,0.034809683879406805,0.0,0.0,-0.4064005956865701,0.1378481403136483,0.7908621593736685,-1.721588922234682,-0.1478557572341883,0.9200421144755987,-1.8047757085699303,0.10801239068118416,1.2380777064424295,-1.630507961488687,-0.21395958214998217,1.1147369180734341,-1.715473332657264,0.30154659197880657,-0.5184568765644844,1.1068955900577397,0.01470083359611003,-0.534514222580653,0.015210654541778437,0.023317050797721516,-0.023414338177714784,0.2837787221306625,0.13170724089949845,-0.4064005956865701,0.27654855182537663,0.21160859993590503,-0.1793780499456262,-0.26284145136424114,0.18747238007446135,0.1800730058574132,-0.24854882276516868,-0.31510793041366314,-0.1702420135122789,-0.25528989430914234,-0.2658818910513932,0.19728899184737764,-0.2441975655841796,0.16978918130738244,0.06402717207402553,0.36441335819388676,0.5552854288655977,0.054880926492982145,0.0,0.0,-0.029508504749712217,0.9995645292563339
0.27948493236913335,0.1310055284952517,0.04153034936350137,0.0,0.0,-0.486264307736973,0.13146197525426198,0.7875863448358501,-1.7101605788159833,-0.139058966834385,0.914502161053511,-1.7924512624740605,0.10961010960790396,1.2340182915616495,-1.6248777583241465,-0.22934053363636653,1.107706665992737,-1.7077219970524313,0.312621742021292,-0.5209882549511697,1.1150210276246069,0.016572465222382562,-0.534868117636786,0.016053343103311996,0.023246967097153317,-0.02339683766163384,0.27948493236913335,0.1310055284952517,-0.486264307736973,0.27736567498113096,0.21104426765175072,-0.17794245234644804,-0.2655424871777555,0.1872600930445316,0.17816465224006833,-0.2517377368217064,-0.3151343077252551,-0.17075272481299225,-0.25602768184518365,-0.265345222167614,0.20135155393583556,-0.24323976292410304,0.16799112236744207,0.06606130932050519,0.3622076042732855,0.5610645954998638,0.05713929652791605,0.0,0.0,-0.03436868141753285,0.9994092223597
0.2742307321960977,0.12739761425239104,0.04105974132051909,0.0,0.0,-0.5000086511024214,0.12401587150704416,0.7837431681557344,-1.6986369467698612,-0.12925348226697414,0.9081638054205822,-1.7811914920233765,0.10955647040659998,1.2304372062476783,-1.6192754753507101,-0.24407513514877494,1.1011515397291918,-1.700655928024879,0.3240359472827268,-0.5236002097909267,1.1225597265248115,0.01847126525647649,-0.535544510357655,0.016928102668876246,0.023183633367387723,-0.023380114656622306,0.2742307321960977,0.12739761425239104,-0.5000086511024214,0.2782097657999167,0.21061801071737143,-0.17619288094251623,-0.2683694522930783,0.18740817329189172,0.17593041550663205,-0.2548666827224031,-0.315280711413917,-0.17083513702564304,-0.2569084209808312,-0.26480782438542394,0.20523467730813494,-0.2422007232803382,0.16618095913988692,0.06814041180697349,0.360268029163013,0.5667984019964932,0.059340779759133065,0.0,0.0,-0.03936538436317731,0.9992248828536744
0.2672943812787834,0.12022393717846694,0.03470369757941211,0.0,0.0,-0.5046944840212155,0.11444738539508893,0.7798639956431893,-1.6875183181120799,-0.1177362493561723,0.9003497642966416,-1.7742433500691102,0.1051699334236148,1.2276313097144549,-1.6147401398764207,-0.25648103899752306,1.0964956604517422,-1.6953228299434369,0.33628769483990406,-0.5268554644515882,1.1284053860088954,0.020377312755534588,-0.5369241863775712,0.017864352571240708,0.023139307512722623,-0.02336669893030865,0.2672943812787834,0.12022393717846694,-0.5046944840212155,0.2790080646339517,0.21024807636823262,-0.1738237246784443,-0.2713782908200484,0.18855698189472328,0.17312372191445735,-0.25750022366738046,-0.31542270922532983,-0.1697804105508535,-0.25814673304649755,-0.26447683750513523,0.20847152626227325,-0.24114488323361763,0.16434716033554309,0.0703633735267881,0.3591441516984319,0.5724007217213511,0.06135646107857332,0.0,0.0,-0.044407915876024655,0.999013481894788
0.26101605468338446,0.11315766624010588,0.024853656605745844,0.0,0.0,-0.4619381502299506,0.10524097944681471,0.7777106922406417,-1.6780475802146473,-0.10624978318810475,0.8935114833024833,-1.771099030971527,0.09851133372061538,1.2250527854149158,-1.6117910009164076,-0.2671683599742558,1.0934746597821896,-1.690693485049101,0.3490023667422623,-0.5311697343221077,1.1333183692051814,0.02218284232255356,-0.5383281277922484,0.01879998780070588,0.023112220868754845,-0.023358022686667167,0.26101605468338446,0.11315766624010588,-0.4619381502299506,0.27959791370309317,0.20959906857837965,-0.1714814945649333,-0.2740683361186463,0.18997545789519532,0.1702147863354904,-0.25947324221506285,-0.31531062992586506,-0.16811250120811966,-0.25950529686202223,-0.2644670226526047,0.21124064513263047,-0.2401352741989956,0.1623955183407639,0.07260447371143389,0.3585572632488011,0.5778746977448462,0.06318210799676865,0.0,0.0,-0.04902226646903516,0.9987976859155406
0.2529682508422231,0.10303034254247102,0.01172684849454764,0.0,0.0,-0.4238833199495407,0.09635687970484667,0.7770936738413113,-1.6700437147743425,-0.09479070408269749,0.8875417766662743,-1.7713406905531883,0.08983025394487543,1.2226766568536942,-1.6102538171869059,-0.27632588180355167,1.0919089487825449,-1.6866905871205604,0.36212911145188503,-0.5364266881862513,1.1374011291907384,0.023898895700068163,-0.5397536690848378,0.01973507587815851,0.023100479734309304,-0.023353565300707348,0.2529682508422231,0.10303034254247102,-0.4238833199495407,0.28000221089818156,0.20869902913931684,-0.16916798366133212,-0.2764739231051335,0.19162709959199017,0.16723114489911847,-0.26085006611393513,-0.3149724409519907,-0.16589194602775417,-0.2609596268798622,-0.26474593586130823,0.21359193437721782,-0.23917794470230033,0.16033705152106162,0.07485357804908734,0.35844486923488367,0.5832344284281136,0.06483859550476506,0.0,0.0,-0.053255562848837264,0.9985809156125776
0.2457525012819073,0.09401233336093628,-3.7929902856059794e-05,0.0,0.0,-0.3542461701980851,0.09102760590254702,0.7779875622632412,-1.666080886641374,-0.08467608314150832,0.8884274473843665,-1.7766228341139279,0.08007988421461361,1.2187625436255567,-1.611391702810159,-0.2827330153578747,1.0929430190187233,-1.6840381312828798,0.3756700794284156,-0.5439978890980663,1.1399988279892848,0.025342067197645757,-0.5408328357510841,0.02062069644363451,0.02312725964629163,-0.023358419774852406,0.2457525012819073,0.09401233336093628,-0.3542461701980851,0.2800669876428751,0.2079050978804979,-0.16775325004524214,-0.2777854987475292,0.1921071974000763,0.16451336315443663,-0.2611948414092807,-0.3136874337158243,-0.16337251764307367,-0.2624933606582071,-0.2655026401977385,0.2151870967834562,-0.23833018686663712,0.15804651734443348,0.07703051994416418,0.35925145448169826,0.5883743634017613,0.06620371699906308,0.0,0.0,-0.05679266334471678,0.9983859941877258
0.23878160072058155,0.08564249289485308,-0.011250000590314054,0.0,0.0,-0.32736364812315494,0.08717314643749538,0.7792150012145821,-1.663465096973456,-0.07526197520872743,0.8921292887714044,-1.783458923634428,0.07066570837587999,1.214115714797607,-1.613196238875389,-0.2880320692649827,1.0947810364170716,-1.681998083797785,0.38935240970637897,-0.5524826702446889,1.1420915476404703,0.026665070517293075,-0.5417201773335154,0.021478582084035622,0.023168395154733352,-0.02336821240784887,0.23878160072058155,0.08564249289485308,-0.32736364812315494,0.2800006937020673,0.2071953494327636,-0.16672044032090433,-0.27869477775855156,0.1920362671590005,0.16196447014485832,-0.26116985810320137,-0.3120711468342637,-0.16092518793900853,-0.2639912668332035,-0.26637343727612306,0.21647739793625662,-0.23753338084038897,0.15564046323569528,0.07913667765157645,0.3603752201150436,0.5934275638025539,0.0674600775998372,0.0,0.0,-0.060060711841976346,0.9981947259393004
0.23170280685087402,0.07590317922688596,-0.02076256250102826,0.0,0.0,-0.26226242665942334,0.08706677242970239,0.7808199997704762,-1.6637445069276369,-0.06785693220221116,0.9029433048115322,-1.7933830532890094,0.06335593054357666,1.2074550619492168,-1.6159846186637876,-0.29056793981446655,1.0982219685728731,-1.6815979870466087,0.403345125082593,-0.563214607823353,1.1430790630670693,0.027671529275651686,-0.5420428786713343,0.022254421948813437,0.023243407709882234,-0.023392277823474545,0.23170280685087402,0.07590317922688596,-0.26226242665942334,0.2796169876192625,0.20677114998588852,-0.16668871982800462,-0.27868380471174625,0.19047946985216174,0.15991516595008567,-0.2603670319353146,-0.30971316436201385,-0.1590275277876421,-0.26537385635077415,-0.26739437125167603,0.21702006021012352,-0.23690379011571766,0.15297439566647178,0.08111745688549003,0.3622299712529648,0.5982674761460375,0.06845946151476635,0.0,0.0,-0.06267839499912183,0.99803377638251
0.22734195165395335,0.06940337788015952,-0.023755155360469234,0.0,0.0,-0.2184300789482011,0.08822667993640951,0.782530849154752,-1.6641843700065062,-0.061675688126482775,0.9163493095682214,-1.803228162229061,0.05963123482293809,1.19935202670212,-1.6191240508969014,-0.291578507086692,1.1024017086109288,-1.6815057206325805,0.41733065247535667,-0.5750419450923797,1.1434400275063057,0.028489312300315255,-0.5419443434534165,0.02295922159772508,0.02333948962936679,-0.0234255855209015,0.22734195165395335,0.06940337788015952,-0.2184300789482011,0.2791701912020262,0.20633854067377108,-0.1670075439304305,-0.2784951184389713,0.18824243933295978,0.1582007138910804,-0.2593967555373917,-0.30689199968443803,-0.1580781058823248,-0.2664576763428289,-0.2685631534582838,0.21717282937957808,-0.23644297159763278,0.1501781684143363,0.0829638191221478,0.36443592776418926,0.6030027058262091,0.069312813020168,0.0,0.0,-0.06485825143998848,0.9978944870176141
0.22311682819465908,0.061223030160392655,-0.021847414497573603,0.0,0.0,-0.1790981659347402,0.09052287047513964,0.7843366825523284,-1.6647682138360462,-0.05659260582895257,0.9320812053405314,-1.8130023628473277,0.0591235709591554,1.189954686336793,-1.622578495970139,-0.29122036115194744,1.1072444093342009,-1.6816896822016973,0.43130972981452875,-0.587852226570248,1.1432387636831174,0.029137789343412074,-0.5414678164972709,0.023600274132779556,0.023454477898597427,-0.023467186672720484,0.22311682819465908,0.061223030160392655,-0.1790981659347402,0.27866678140484374,0.20589850746621227,-0.16764017489080205,-0.2781457518104774,0.1854097476731427,0.15678453816853455,-0.25826307404863835,-0.30365357059635695,-0.15798733921347985,-0.26726638472332936,-0.2698634575035086,0.21697667641984586,-0.23613222637381626,0.14725522834612714,0.08467319448864055,0.3669508575391095,0.6076439997324574,0.0700351240364118,0.0,0.0,-0.06664535814395754,0.9977767266467301
0.2200946196891834,0.05421189958963461,-0.017238487131321364,0.0,0.0,-0.10557688121315946,0.09265118231996888,0.7864689994603395,-1.6638028360903263,-0.05270306847523907,0.9454470714554187,-1.8185964804142711,0.06538848835043592,1.1755684148520236,-1.6264127474278212,-0.28727518394589435,1.1131190843880174,-1.6797723229974508,0.44446095032617416,-0.6023460971191522,1.1424263920634985,0.029542122152633958,-0.5406340416520834,0.024149787466740222,0.02359358823741786,-0.023522538249380887,0.2200946196891834,0.05421189958963461,-0.10557688121315946,0.27829629462212324,0.2051516163793868,-0.1682488081745226,-0.2780694730278556,0.18265738060652167,0.15572470368514113,-0.25765733699711624,-0.2989701768625945,-0.1597386226501312,-0.26777035534426397,-0.27182488751978906,0.2159764431322331,-0.23657507137152894,0.14417713475286437,0.08604281262782709,0.36992607159409086,0.6121737919747828,0.07055304863024502,0.0,0.0,-0.06769874255036115,0.9977058084711644
0.21717455883875245,0.04765486842736767,-0.01283095827182834,0.0,0.0,-0.07712834257665117,0.09451666961495689,0.7887163895827072,-1.6620967296453624,-0.04935532808303841,0.9563201344930208,-1.8218063345322244,0.07393853968152574,1.1590669659467854,-1.6303954216150136,-0.28177298720066407,1.119699331430288,-1.6763964157838092,0.4571712934053856,-0.6173094281783463,1.141507414671091,0.029873921607549366,-0.5396214952835671,0.02466447945111071,0.02373976790561125,-0.023582974090599094,0.21717455883875245,0.04765486842736767,-0.07712834257665117,0.2779772419195909,0.20426825256562178,-0.16879585536672942,-0.27814276013569483,0.18024681338353588,0.15482955181948846,-0.257374291513756,-0.29366457296547804,-0.16212200801021193,-0.2681167697783835,-0.2742455109654434,0.21463139526502942,-0.2373630111221314,0.14103530161268676,0.08721511752741705,0.37297078922129373,0.6166600195261146,0.07099444763018534,0.0,0.0,-0.0684682363679725,0.9976532967963667
0.21381251895521305,0.03984010275702373,-0.007680038778254405,0.0,0.0,-0.008063803546863892,0.09539383401771863,0.7912232145093954,-1.6583422835056598,-0.047464458039030474,0.9583492885128809,-1.8178705007124407,0.08744234572916909,1.1371034703289091,-1.6347410042698567,-0.27219157802084337,1.128534634525959,-1.6683369972384894,0.46859793078440864,-0.6330902993392482,1.1405595085368707,0.03006846472047842,-0.5381031867403251,0.02509569635283416,0.02389910102087574,-0.02365533455695885,0.21381251895521305,0.03984010275702373,-0.008063803546863892,0.2777830562912501,0.20302312961826893,-0.1691000021634311,-0.2786647093436528,0.17916239427161604,0.1543713444702843,-0.2581817689791783,-0.2867621581868519,-0.16588067829835826,-0.2682275357963366,-0.27814718249635056,0.21238961248375648,-0.23910695120071815,0.13785579390197378,0.08801635849907993,0.37607132919106534,0.6210397419591361,0.07125459810217412,0.0,0.0,-0.06854868494729786,0.9976477724086773
0.21129213166979147,0.03397645638122006,-0.0038151835234701,0.0,0.0,0.03683694823338161,0.09579834137828304,0.7930707526035033,-1.6544571624925504,-0.046278792630451225,0.9546862773310679,-1.808242295223933,0.10211412884438271,1.1139897280014477,-1.6395677677713907,-0.2602855375466438,1.1388375429579844,-1.6575935821120555,0.47891184214789134,-0.6491179737047508,1.1397859356724298,0.030223083440572597,-0.5362592796580149,0.02549784304574132,0.024061850813898042,-0.023733969979310553,0.21129213166979147,0.03397645638122006,0.03683694823338161,0.2776700403684607,0.2019453093696555,-0.16927404291206732,-0.2792533213762134,0.1787707702326378,0.15413869934345786,-0.2598975857668014,-0.2794253545052578,-0.16996395116791885,-0.26801727897262745,-0.28296683236083836,0.20959258670488487,-0.24129589581540564,0.1346944936884369,0.08852683472637986,0.3790704008043752,0.62535011023283,0.07140330798350848,0.0,0.0,-0.06818117730293027,0.99767295596382
0.20742992871624602,0.026008579550856437,-0.0003751815081790011,0.0,0.0,0.07745328162190596,0.09577529255945522,0.7943219129139414,-1.650453835582504,-0.04573104133865295,0.9458742464820927,-1.793464883302267,0.11784244083369552,1.0898354953298206,-1.6448297979166873,-0.24627668174127,1.1504680180492308,-1.6444222769485073,0.4882192036423544,-0.6653689013507501,1.139170061223782,0.030341587347300865,-0.534120842599525,0.025873693404719227,0.024227691265808128,-0.023818281602311447,0.20742992871624602,0.026008579550856437,0.07745328162190596,0.2776304489503113,0.20101921917766746,-0.16932980430450584,-0.27990357892420187,0.1790151251289665,0.15410943493619478,-0.26242817747235053,-0.2716972403081853,-0.17433057396514542,-0.26744959980737765,-0.28863466950178585,0.20626051846374432,-0.24381189244396112,0.1315527421337697,0.08877565407467514,0.38197109299724746,0.6295977421104907,0.07145121091833481,0.0,0.0,-0.0674084264076979,0.9977254652705012
0.20360875299071185,0.01874500895076692,0.0014717063794911218,0.0,0.0,0.0889739213962176,0.0959228049748792,0.7924841828644276,-1.6482164561748505,-0.04576067092756812,0.933313264296605,-1.770988609928351,0.13072600867599254,1.0701040728734088,-1.6499296260567813,-0.2292863062511269,1.1626592398836064,-1.6313091069459915,0.4954110401181075,-0.6808576635443249,1.1394939158971493,0.03047534560139936,-0.5315595458333309,0.026241519900325402,0.024394650880892117,-0.023917566823701445,0.20360875299071185,0.01874500895076692,0.0889739213962176,0.27765503310813355,0.20123737752120513,-0.16940391987419245,-0.2802266365862451,0.1791736610266961,0.1542875232824773,-0.26614420576207,-0.2652294498652953,-0.17788366464638394,-0.26667872229275025,-0.2944806272023568,0.20211182092586144,-0.24656216319959837,0.12865062835834332,0.08867047160978564,0.3842985904603659,0.6337118409574032,0.07131813903554128,0.0,0.0,-0.06652068425500868,0.9977850462731165
0.1994504742979365,0.011571602004436377,0.0016136291938334548,0.0,0.0,0.07971859977011385,0.09622015739576173,0.7890950875500076,-1.6468355205769722,-0.04608704150618553,0.9211041259651003,-1.7468658644132895,0.14203718413885383,1.0533032047633943,-1.655023209320811,-0.2116606753104585,1.1745532779739452,-1.6190084633059227,0.5017750325541083,-0.6959626841573758,1.140143683180213,0.030624607533144832,-0.5289064864986218,0.026611009894762755,0.0245606466062152,-0.024021721209954612,0.1994504742979365,0.011571602004436377,0.07971859977011385,0.27768931720549095,0.20202822604385848,-0.16950574138358093,-0.28038176117013097,0.17900721598968042,0.15455588595438946,-0.2700445714508178,-0.25958790765056317,-0.18097142333764585,-0.26573347752059695,-0.3001191500423554,0.1977204622285589,-0.2491659618138813,0.12585277473020223,0.08841579568957691,0.38638927927149913,0.6377695482224225,0.07111324003646867,0.0,0.0,-0.06572524285026997,0.9978377585821621
0.19447638918560534,0.003306716042934409,0.001448077651171331,0.0,0.0,0.032231758860054124,0.09703440004243298,0.7812876956394087,-1.6478509198014553,-0.04726802312339152,0.9130359847958274,-1.7211725175953834,0.14866840706851606,1.0458447893078513,-1.6602046624399147,-0.19343687959301972,1.1847879187418862,-1.6101221829079666,0.5061109273766095,-0.7099734703795265,1.1415164954960346,0.03082903956349652,-0.5261615053392374,0.026993234650805012,0.02472175373874891,-0.02413601908707418,0.19447638918560534,0.003306716042934409,0.032231758860054124,0.2777195782758869,0.20444078863973913,-0.1697107794873436,-0.2800429678619552,0.17745712321641643,0.1550673704798046,-0.2739892661049185,-0.2565726828922472,-0.18270992088239363,-0.2646979169942771,-0.30465991484448546,0.19309062258690213,-0.25155234472599086,0.12336385310172808,0.08790044692133457,0.3879802684905131,0.6416816450655459,0.07073055725329772,0.0,0.0,-0.06540361877605645,0.9978588911519485
0.1907433076119548,-0.002921581074400402,0.0013238517567515373,0.0,0.0,0.0015528571836038727,0.09731098139980952,0.7718831875289868,-1.6507201974208536,-0.048482439265801286,0.909829889710706,-1.6988137136571693,0.15181549771044117,1.046495997991699,-1.6657206992117255,-0.17655524692068394,1.1924870608804314,-1.6046826339398441,0.5090993442214451,-0.7232311161664808,1.1434765400794835,0.031086186188846236,-0.5233640012402949,0.02738586372624221,0.024880556331481774,-0.02425366216966022,0.1907433076119548,-0.002921581074400402,0.0015528571836038727,0.2777472403115378,0.20756883266480916,-0.16973158215347783,-0.279428591645763,0.1750016352186924,0.1555665165867312,-0.27728853871011366,-0.2557912583464439,-0.18343467397340704,-0.2635646446432059,-0.30783886980106717,0.18875172270435933,-0.2535897593063603,0.12108680419107992,0.08721910740864973,0.3891915683972492,0.645499316545633,0.07022899901494388,0.0,0.0,-0.06538812344469737,0.9978599066564309
0.1857487231877613,-0.011261953325522761,0.0011579178345322294,0.0,0.0,-0.026422539552357766,0.09709728158150728,0.7610223052593381,-1.6552799848409798,-0.04972734359594488,0.9110573845414015,-1.6794956039923894,0.15178548687925705,1.054542189607253,-1.671541835253055,-0.16089750238909223,1.1978741391347003,-1.6023860814479682,0.5108590263586777,-0.7358019902155946,1.1459720684931827,0.031391402061742076,-0.5205186026600692,0.02778798026534226,0.025037257466465228,-0.024374355669491563,0.1857487231877613,-0.011261953325522761,-0.026422539552357766,0.27777253234615695,0.2113353645728392,-0.1695825607843181,-0.27853806729948993,0.17169737933013965,0.15605269242834724,-0.27998693176837663,-0.25703206571203574,-0.1832428942849976,-0.26236669175577393,-0.3097679479075487,0.18469465092281662,-0.2553598434245983,0.11900784526992846,0.0863984338176341,0.3900580875548559,0.6492308836716871,0.06961904093623163,0.0,0.0,-0.06565178109067288,0.9978425946208261
0.1818269460832926,-0.0187019582059694,0.0009759203889042611,0.0,0.0,-0.0766122042354902,0.09501968408361663,0.7533432491696802,-1.6609964551260834,-0.05057374724688434,0.9182298720026241,-1.6693509328537266,0.14684783327035064,1.0737698936405078,-1.678476644106782,-0.1492589723247181,1.200247638214093,-1.6042589956464675,0.5104874472062175,-0.7468189043351086,1.1493115850652638,0.0317960366194781,-0.5176858073100449,0.028194714037594003,0.025185378004187853,-0.024493951739994087,0.1818269460832926,-0.0187019582059694,-0.0766122042354902,0.2777935570249191,0.21431656072982536,-0.168899564739121,-0.2777015395031425,0.16806737022252893,0.15635560065492227,-0.28119733689581855,-0.26117830837651107,-0.18163858623208082,-0.26096197631443985,-0.31005000587377896,0.1816494011411471,-0.25652567027497303,0.11733008656165307,0.08539306749550263,0.3903370605459114,0.6528061952155368,0.06880893010216269,0.0,0.0,-0.06641623103028353,0.9977920045058148
0.18032988142762707,-0.02632857937200326,0.0006536227794215477,0.0,0.0,-0.08967703486016253,0.09216147435542497,0.747847705363081,-1.6668772150117617,-0.05092647834680979,0.9263626715311635,-1.6628793609830048,0.14058389955271922,1.0960974466915305,-1.6857984086068774,-0.13933543592261596,1.201996289480191,-1.6069798102745643,0.5093814653272813,-0.7573291195126677,1.152922534598754,0.03222655348229005,-0.5148655683375323,0.028597753602438235,0.025330014396996163,-0.02461077178864238,0.18032988142762707,-0.02632857937200326,-0.08967703486016253,0.2778115691617131,0.21667136419249874,-0.16800357505945598,-0.2769492103851725,0.16471217965813248,0.1564906257869164,-0.28186181761759516,-0.2660589224441999,-0.17966041074976413,-0.259394555624696,-0.3099934555965898,0.179037841654397,-0.25743130814983817,0.11579085600150714,0.08432821907941263,0.39041512210052126,0.6563406470589912,0.06791359463778256,0.0,0.0,-0.06731099460812195,0.997732043188383
0.18052221270925745,-0.03558289303424607,0.00015425030142068863,0.0,0.0,-0.10950459208033184,0.08729409825844837,0.7494482711100807,-1.6726254956940045,-0.04944172420073302,0.9343139867369945,-1.6655689320312097,0.13217104493210527,1.1236574350354762,-1.6939782994584396,-0.13388103438326376,1.2032421232702641,-1.6103247220699604,0.5066596491692158,-0.766785158847387,1.1570898039409747,0.03269635749389775,-0.5120902724850637,0.028981522245046035,0.025465873063344937,-0.024716428592980195,0.18052221270925745,-0.03558289303424607,-0.10950459208033184,0.27781970193609595,0.21696265153084648,-0.16657300080161844,-0.2766103707746831,0.16286084002360524,0.1560416066642758,-0.2814104004414064,-0.27214381852847075,-0.17707446397261936,-0.2575043188761484,-0.3096765537966384,0.17757563923483496,-0.2577338370047414,0.11454163674130106,0.08312467719061607,0.3901085409029831,0.6598125731285948,0.06679647764226852,0.0,0.0,-0.06840351665489071,0.997657736355131
0.18239077796528724,-0.04277028881965644,-0.0003301413156658883,0.0,0.0,-0.10439938101868468,0.08127860631793757,0.7548729591071603,-1.6782008111476896,-0.045724326744675796,0.9378118477761745,-1.6726579219102857,0.1235622563399377,1.1513341367244714,-1.7015347629785535,-0.131265290081501,1.2045998647809029,-1.613474652171135,0.5032644215971233,-0.7753440551459787,1.1614699736237524,0.033169291913509355,-0.509375885128975,0.029326266143470996,0.025597187457606193,-0.02481215808074921,0.18239077796528724,-0.04277028881965644,-0.10439938101868468,0.27781773917376995,0.21613851416046131,-0.16484073503169386,-0.2765155135362012,0.16299229518990546,0.15494416493411034,-0.28071039527615477,-0.2782706570448256,-0.17446993449200088,-0.2555356490381921,-0.3094284624661483,0.17684629874618257,-0.25766129335182913,0.11348495012596868,0.0819083378163383,0.3895721722684249,0.6632996983826159,0.06551804393529896,0.0,0.0,-0.0694450278790347,0.9975857798219059
0.18485290522630005,-0.052466909536882475,-0.0009756732302218517,0.0,0.0,-0.099706569067158,0.07420773096740822,0.763812897941814,-1.6836171316412778,-0.039954614861366866,0.9372159567160102,-1.6837909929454327,0.11477335921237965,1.1791181249114182,-1.7085181529132218,-0.13125892685583004,1.2060604753116002,-1.6164453490995443,0.4992501735329055,-0.7830782699613617,1.1660458478503501,0.03364510390047844,-0.5067174867368661,0.029635137296281755,0.025724324617140856,-0.024898762073672306,0.18485290522630005,-0.052466909536882475,-0.099706569067158,0.2778064962834693,0.2142980551074821,-0.16282940117274802,-0.27662997738283707,0.164926923165702,0.15326018936243596,-0.2797664319879876,-0.2844273511198681,-0.17185309639073698,-0.25347518464931623,-0.3092434077236153,0.17679022574518555,-0.2572498043581207,0.11260337984660591,0.08068162898196125,0.38882727682902934,0.6668007951946212,0.06409132294356823,0.0,0.0,-0.07043965191454868,0.9975160426971373
0.18705800192628688,-0.06106971244411821,-0.0015503422428786438,0.0,0.0,-0.09134437805783145,0.06743918173015134,0.7727957766216532,-1.687473823244755,-0.031318733164181156,0.9273581211096968,-1.6989996565076018,0.10672479293022612,1.2030815350321618,-1.7127417346032765,-0.13520959854269246,1.2070984015097985,-1.6204184030111017,0.4950010381065883,-0.7888571195877514,1.1702711229714062,0.03406314966447937,-0.5044489955672852,0.029863933038611245,0.025837971546794642,-0.0249595205218961,0.18705800192628688,-0.06106971244411821,-0.09134437805783145,0.2777787122445611,0.2122501719073729,-0.16092276348678292,-0.2769431021259157,0.17008604865462865,0.1507790746633735,-0.27872660219242923,-0.28998846216840396,-0.1695226782698212,-0.25180376558894785,-0.3087469050080631,0.17774465969068068,-0.25628572280873696,0.11204143386102146,0.07958622939054527,0.38793724073608915,0.6703255134992874,0.062401103285642814,0.0,0.0,-0.07135079735306915,0.9974512838816145
0.18919341702820755,-0.06935835229530339,-0.002105596761864392,0.0,0.0,-0.0880854541342118,0.06116307652197206,0.7805131222479619,-1.6905158470169857,-0.021913056288702572,0.9142398349224375,-1.7156694471262968,0.09912220395814915,1.2254510404398808,-1.7155931086207812,-0.14049076442964947,1.207742108605229,-1.6251060326512043,0.4908349756151438,-0.7937440266116307,1.1743085713913808,0.034449975982380025,-0.502348283592325,0.03006005618058575,0.025945895758923143,-0.025010381968548663,0.18919341702820755,-0.06935835229530339,-0.0880854541342118,0.27774448259375417,0.21046096967152272,-0.15915976888425326,-0.27728626477945484,0.1763004346825947,0.14810413685383939,-0.2774706595197379,-0.29531870540137173,-0.16735673950811744,-0.250237591748444,-0.30800425353279387,0.1790307327714375,-0.255125325742836,0.1116084088919579,0.07858020021761544,0.3869888393310078,0.6738592298844686,0.06060838896351365,0.0,0.0,-0.0722293791655281,0.9973880472440816
0.19425601368054893,-0.07912504342117091,-0.003464561170683777,0.0,0.0,-0.08011402350979575,0.056810612288805254,0.7826735446086296,-1.691168113396718,-0.011290933506993383,0.8938165616530643,-1.73566899391321,0.09291273240859706,1.2437203618196337,-1.7145185814454005,-0.1486200890862023,1.2069810239168315,-1.6321633503987238,0.48720729351043707,-0.7961998742360334,1.177788326373467,0.034743725537107535,-0.500688339655216,0.030173448057701953,0.026038928888738152,-0.02503737205496201,0.19425601368054893,-0.07912504342117091,-0.08011402350979575,0.2776944883740865,0.20993461628031318,-0.15794770865878266,-0.2777015693040183,0.1849131652844306,0.14511916947847253,-0.2757034610232233,-0.30027405757680103,-0.1656332565633328,-0.24918757713294185,-0.3064205155875473,0.1810240408247709,-0.25353000817101334,0.11150416974143623,0.07784298747974494,0.385909002383806,0.6774145571085122,0.05856534666739982,0.0,0.0,-0.07302840368084233,0.9973298613075956
0.20112886713169975,-0.08647319481759155,-0.005323481029614886,0.0,0.0,-0.06860812757005,0.05418167200584251,0.7814379726321651,-1.6904711110087542,-0.0017933181057182522,0.8713030888913915,-1.758150024052996,0.08757705099056833,1.2588234902001345,-1.7116617162067156,-0.15737025308995867,1.2044684392615006,-1.6407520338319814,0.4842873475729273,-0.7969266175507352,1.1806144324632792,0.03496867617090734,-0.49954184445624167,0.030226303703294925,0.026120172755327076,-0.025051247368817434,0.20112886713169975,-0.08647319481759155,-0.06860812757005,0.2776059001469268,0.21019269888140424,-0.15722244358933452,-0.27808911046479684,0.19424812513146109,0.14248990968628658,-0.2731002358074767,-0.304725240554343,-0.16418112688939915,-0.24844323335878712,-0.3040715980697074,0.18316407072571803,-0.25188177858063976,0.11160534250961578,0.07734136699612676,0.38485817282292145,0.6810855550261644,0.05634527987478157,0.0,0.0,-0.07371263583687115,0.9972795231618771
0.2145277648746926,-0.09643298825564581,-0.008972250641538226,0.0,0.0,-0.057946309921024196,0.053149819553184985,0.7770555333162731,-1.6885238209596047,0.006662282734536043,0.8468527517353117,-1.7829304982263303,0.08305105926970459,1.2709926945658827,-1.7071532635734632,-0.16669571224170218,1.2003328430537994,-1.6507597433832975,0.4820232189332064,-0.7960511020456369,1.1828348407378564,0.035129874908866786,-0.4988711318717553,0.030223063999213852,0.026190492208115757,-0.02505296999767709,0.2145277648746926,-0.09643298825564581,-0.057946309921024196,0.2774815491329019,0.21117888662935988,-0.15694868632707967,-0.27845224509676847,0.20415041354639052,0.14020581726574374,-0.2696186427519379,-0.3087272551471295,-0.16297464923767752,-0.24800236299738232,-0.3010209987712567,0.185433179527926,-0.25015760869126247,0.1118962285748819,0.07705483805726551,0.3838350276371684,0.684863738142527,0.05396117493868452,0.0,0.0,-0.07429051014461872,0.9972366419774457
0.22856149644744458,-0.10536580563628076,-0.012802821584045889,0.0,0.0,-0.028529488653229528,0.05588916958703725,0.770120958511073,-1.6857760161734545,0.011460031776760556,0.8236114682916269,-1.811045537057977,0.07910492084920413,1.2779183020958533,-1.7023702391351645,-0.17530300079558314,1.1931441350338552,-1.6629693860617965,0.48113791694721353,-0.7923094198251001,1.1839833289671402,0.035169675413411684,-0.49912360532639116,0.030139573393031385,0.026240957307611376,-0.025033341608762454,0.22856149644744458,-0.10536580563628076,-0.028529488653229528,0.2772470101212653,0.2127870335492484,-0.1577295465782485,-0.278479264942062,0.2138135595721779,0.138971252385074,-0.2648235423226148,-0.3114343743214042,-0.16196413260105666,-0.2480694854795977,-0.296742216169606,0.18751583684364598,-0.24858357152847382,0.11251167403472825,0.0771806365942203,0.3828667319661817,0.6890004052279086,0.05125907114080087,0.0,0.0,-0.07457501363586733,0.9972154066906559
0.24220006814783795,-0.11395887901723442,-0.01651635841251609,0.0,0.0,-0.017039416524099446,0.060130001869625284,0.7630592120381505,-1.68304041830393,0.014790098254497256,0.8016008021166702,-1.839907365349621,0.07530107252443088,1.2829727616447668,-1.6978948935866358,-0.18344561418948224,1.1852276021471395,-1.6755857427532848,0.4807541045145346,-0.7875602852839694,1.1846785356218998,0.03516786001049556,-0.49976821501667673,0.030029859268464732,0.02628241011049025,-0.025005179126030553,0.24220006814783795,-0.11395887901723442,-0.017039416524099446,0.27696943626954007,0.21443715730324228,-0.15892856181339546,-0.2783212409657371,0.2228596743465881,0.1381736614920207,-0.25939684766296595,-0.3136040424182335,-0.16100299236944052,-0.24828569353909738,-0.2922162525406157,0.18945890464517587,-0.24701555888188464,0.11323688781577457,0.07745273730527474,0.38195170068175643,0.6932776455695809,0.048433620428953224,0.0,0.0,-0.07474493224004397,0.997202685066798
0.25801197674977433,-0.12397110440281131,-0.020826058104062014,0.0,0.0,0.011132441186401325,0.06810837419022991,0.7574007314844775,-1.6809754443283265,0.014444839639159362,0.7841029682268323,-1.8695043723743685,0.07168005303873766,1.28378846997825,-1.6949921902269125,-0.19008573848539223,1.1764429903660834,-1.6883052588941954,0.4815267538293623,-0.7805620239904296,1.1841941440048127,0.03507545024443132,-0.5014364883446922,0.02986595035047056,0.026299286734473962,-0.024955708844712578,0.25801197674977433,-0.12397110440281131,0.011132441186401325,0.27658635578476465,0.21577892538916357,-0.161160828490071,-0.2776399540756057,0.230444873381664,0.1383507217058135,-0.25330761319245476,-0.31438168904547387,-0.1601135452537326,-0.2488428117109674,-0.28746713937563867,0.19101432971442173,-0.24563662681774373,0.11421070226007954,0.07806577656502146,0.3812354509347497,0.697900636264911,0.045307442281717694,0.0,0.0,-0.07463391877445805,0.9972109998231906
0.269870641701755,-0.13149753718217183,-0.024059953060573402,0.0,0.0,0.028990172368077393,0.07850865880027395,0.7548817654068654,-1.6800232681517417,0.011784245009319207,0.7713297470830955,-1.8968557850099523,0.06822014904509374,1.2827234047536666,-1.6928914716610541,-0.19503332183767966,1.1679588779807093,-1.699960107413622,0.48287729797168416,-0.7728444900936806,1.1830453193531587,0.03495200723409653,-0.5036040845398719,0.029692813709306605,0.02630139703754909,-0.02489383404519266,0.269870641701755,-0.13149753718217183,0.028990172368077393,0.2761363939453776,0.21637277240884417,-0.16405023702077237,-0.27653576170299277,0.23628986601528437,0.13909142281902692,-0.24737041577087837,-0.31452043120037426,-0.15927259815922498,-0.2495374225680756,-0.28302726669488854,0.19214293953079448,-0.24448872758189436,0.11524984986646993,0.07882344606478056,0.3807016632235416,0.7027450183836312,0.0419938008820352,0.0,0.0,-0.07434482245050625,0.9972325944205809
0.284214001580454,-0.14021612549903564,-0.024812308569939493,0.0,0.0,0.04567123279972271,0.0911712723318483,0.7552954465723954,-1.6801105658881939,0.006960875265157161,0.762969826992888,-1.922109568778138,0.0649107444064263,1.2799014929108896,-1.691539893929775,-0.19839988826200927,1.1597554646432402,-1.7106204408292582,0.48476765860015375,-0.764455077524942,1.181275842138208,0.03479957580566407,-0.5062381024830616,0.02951105737324375,0.026289713994349137,-0.02482037207944534,0.284214001580454,-0.14021612549903564,0.04567123279972271,0.2756239576623417,0.2162662449257594,-0.16754190575335198,-0.2750198970998356,0.240607428985401,0.1403200329319259,-0.24167271325341583,-0.3140605653591266,-0.15847558835152753,-0.2503619671869679,-0.2788729933509157,0.1928797111522641,-0.24357180245109358,0.11635152849614963,0.07972006118554026,0.38033478079447225,0.7077962041187743,0.03850504845971827,0.0,0.0,-0.07388936627710314,0.9972664446130574
0.2958287685555311,-0.14713098238453148,-0.022922387310805863,0.0,0.0,0.06319616718638262,0.10673711384431656,0.7613191381096839,-1.6823308273003652,-5.9326322605894426e-05,0.7660707441660074,-1.9385600021252263,0.06265561447407193,1.2752671998280747,-1.6893584590691786,-0.2000433772515792,1.151792564071142,-1.7179414801872692,0.4871030498582583,-0.755461953007258,1.1785638756476917,0.03466091394567719,-0.5092170639679982,0.02935558528854297,0.026252806992628254,-0.02473061653570487,0.2958287685555311,-0.14713098238453148,0.06319616718638262,0.27514390160258,0.21483977459227235,-0.1717823143605674,-0.2728629439854093,0.2412755948843054,0.14201411675019207,-0.23794803881329094,-0.31329473671409264,-0.15795703008700482,-0.25135223730827266,-0.2754121392364429,0.19325059063602773,-0.2431867350721538,0.11752248252036725,0.08075142999443746,0.38023806448651554,0.7131628692150115,0.03477095927183449,0.0,0.0,-0.07325911735266698,0.997312940718563
0.3056883644966705,-0.1526423655420985,-0.01763990865303877,0.0,0.0,0.0675200219025596,0.12285063939634659,0.7692345501855012,-1.6850188951939344,-0.007803110522217754,0.7737977234646671,-1.9513046871870756,0.0612616596044972,1.2697563320398333,-1.6863837968558075,-0.2012213573325425,1.1438439786434176,-1.7235877811908722,0.4894895586185157,-0.7464061034843329,1.1754829417914154,0.03453629283467308,-0.5123020634055137,0.02921698370482773,0.026206429785816002,-0.02463538930169307,0.3056883644966705,-0.1526423655420985,0.0675200219025596,0.2747070621699095,0.21293960287194963,-0.17612716483465884,-0.2705215239671213,0.24051527001670303,0.14383724853927135,-0.2350734111136068,-0.31245345032996885,-0.15766217795900975,-0.25241429032280804,-0.2722691738958426,0.19353633877169102,-0.24301066199129195,0.11870684494224867,0.08181167051976443,0.3802620703850841,0.7186423623934386,0.03095386651693856,0.0,0.0,-0.07258571473740989,0.9973621779554603
0.3168333191254989,-0.15871621216289544,-0.010790957961805124,0.0,0.0,0.07300752691380975,0.1391172382729843,0.781182364345743,-1.688112781311457,-0.017048837205108466,0.7931764267671565,-1.9544163045401757,0.06289267856985903,1.2617526810902817,-1.6805108255491807,-0.20167874992610169,1.1357688307762146,-1.7243736753096948,0.4917523109425719,-0.7375478141296369,1.1714952012094169,0.03446370335474897,-0.515588919703777,0.0291331759116684,0.0261375972454866,-0.02452855168107467,0.3168333191254989,-0.15871621216289544,0.07300752691380975,0.27443830525645846,0.2099524417884947,-0.18046848684317504,-0.2680787120168908,0.236207280398575,0.14601097618492617,-0.23442701857672474,-0.311524904685526,-0.1581645969222362,-0.2536756553860104,-0.26996642948989075,0.19375495855907676,-0.24346908389125835,0.11989428773330034,0.08286968641485616,0.38065378851664294,0.7243775233912926,0.026959196319624526,0.0,0.0,-0.0718575459324561,0.9974149051886907
0.3251388837741271,-0.16338868142939342,-0.005651670149886544,0.0,0.0,0.07646378114567498,0.154074061554498,0.793905138253019,-1.690090449956747,-0.02679687417828663,0.8179848930583542,-1.9520971830934288,0.06759728398174025,1.2518749572336678,-1.671858670476538,-0.202267195796594,1.1272435209785518,-1.7214842596306252,0.4933939042429511,-0.7294245867345198,1.1671955324709418,0.03445362217294482,-0.5186296506569935,0.0291029422212607,0.026058273009346943,-0.024419925265157454,0.3251388837741271,-0.16338868142939342,0.07646378114567498,0.27427542385143727,0.20660360949139311,-0.18444168243399772,-0.26590806187306415,0.2301250870594176,0.14832986766827716,-0.23488047301644657,-0.31063567979853773,-0.15948493716674023,-0.25504021107936825,-0.2681913077540036,0.19409578409536904,-0.24434587207386788,0.1210391255285202,0.08380066411794197,0.3812300102758247,0.7302747795071738,0.022854139788810717,0.0,0.0,-0.0710948637757242,0.9974695586055301
0.3362974318004491,-0.16943558181066196,0.0011972805413498766,0.0,0.0,0.0797183300744052,0.16779755528729687,0.8073576407936902,-1.6910170500095074,-0.03701790372053012,0.8479062101015676,-1.944664292037487,0.07519608363509174,1.2402325421571732,-1.6605895408071005,-0.20297904592007399,1.1182943232930624,-1.7151340463986764,0.49445059293737775,-0.7219935188499781,1.1626021414995193,0.03450240094501238,-0.5214386215576758,0.029123155740447916,0.025969069433183625,-0.02430961445833628,0.3362974318004491,-0.16943558181066196,0.0797183300744052,0.274212238450463,0.2029096933529337,-0.18807786351492264,-0.2639906149177641,0.2222719454425026,0.1508139367700342,-0.23622272024086888,-0.30977155780152604,-0.16159383056069362,-0.2564862102157467,-0.2669043781874339,0.19455428782197767,-0.24562356721995796,0.12214539991386107,0.08460984305165851,0.38198201431382334,0.7363246699365286,0.018645139706607645,0.0,0.0,-0.07029967511016359,0.9975259172970923
0.3447769391456552,-0.17384798593666817,0.0066500837699726145,0.0,0.0,0.08540695594462418,0.17687294553392185,0.8225615516734807,-1.688608716456936,-0.0477349080431917,0.877733615656884,-1.930667536476484,0.08776101761927363,1.2232885978256285,-1.6467662853403737,-0.20426766076483402,1.1101319941763697,-1.701672985003545,0.49388142195172036,-0.7161858863412189,1.1577663200979051,0.03466624136602219,-0.5234265108951008,0.029224189504300457,0.025864659029488955,-0.024199228838999543,0.3447769391456552,-0.17384798593666817,0.08540695594462418,0.27432331507309127,0.19825641590006576,-0.19055576225264748,-0.2631869071971683,0.21362186655131954,0.15349893315337135,-0.23842872121511344,-0.30796230731379187,-0.16508235167677845,-0.258144848714692,-0.2670789870337629,0.19531361181115256,-0.24757072948304992,0.12316789873253461,0.08506961354651901,0.3829688163669349,0.742643173282536,0.014257056455020551,0.0,0.0,-0.06944769294992162,0.9975855942945113
0.3468314345204731,-0.1734796002895682,0.009171089802223475,0.0,0.0,0.09163268771088483,0.18396451600039232,0.8388436310566387,-1.684927125962881,-0.058549794852017126,0.9051938625768972,-1.9148947565028303,0.10197361827326495,1.2041219908457539,-1.6328077514011128,-0.20528948994783255,1.1031768966752749,-1.685548808712226,0.4925902200719485,-0.7110963287548377,1.1529767825626411,0.03486773218565549,-0.5250130603806331,0.02935562988456625,0.02575581204235697,-0.024089806995247133,0.3468314345204731,-0.1734796002895682,0.09163268771088483,0.2744782418012619,0.19310061318614233,-0.19253278259326692,-0.2627727369712531,0.20514300144456749,0.15626462539611247,-0.24055735967667538,-0.3055208530653622,-0.16908281697739933,-0.259791825419947,-0.2680521039243497,0.1960539300844203,-0.2497594005422557,0.12415251667138325,0.08536834895327126,0.3839985099614556,0.7490191839348811,0.00984740532126478,0.0,0.0,-0.06853354930159741,0.9976488122681877
0.3440111748126048,-0.16911333534525635,0.009742579781091274,0.0,0.0,0.11528048879466771,0.18583588526011077,0.858595369526972,-1.6781822497454977,-0.06940454179241907,0.9219733669350918,-1.8964103008978652,0.11961912010939552,1.1791832939936577,-1.620319885273393,-0.20462800046572321,1.101065521200116,-1.6631282332998067,0.4893452967158879,-0.707944494385559,1.1485955229458904,0.03514637578225048,-0.5254461529593055,0.029559262043151707,0.025639219561036538,-0.023984826060209,0.3440111748126048,-0.16911333534525635,0.11528048879466771,0.2746901586651802,0.18648386394655378,-0.1932058267640793,-0.2634646892698935,0.1987924459927506,0.15910644693182713,-0.24276317958051227,-0.30113920151619705,-0.174105869690979,-0.26140080310690833,-0.27150765430135615,0.19643925897030348,-0.25251122790441527,0.12501711763161885,0.08521801166173322,0.38504864911778064,0.7554372119932217,0.005485960823884743,0.0,0.0,-0.06738340933520298,0.9977271551613519
0.33712361857520845,-0.16260214240450813,0.008079382734230145,0.0,0.0,0.14144074474697405,0.18563224260623648,0.8799892434707044,-1.6711730223435626,-0.07934810565068132,0.9290258517632118,-1.876732431925261,0.13752039923117632,1.1520774089373087,-1.6107830909582288,-0.20265761590920975,1.1040194401374226,-1.6381525076352645,0.4848446502135353,-0.7060517852122967,1.14461454978356,0.03545611122479804,-0.5249737134346596,0.02978050049680929,0.02551602529218564,-0.023881074470969352,0.33712361857520845,-0.16260214240450813,0.14144074474697405,0.27486794499250555,0.17931068273968997,-0.1933076174714421,-0.26432230757717684,0.1945848820233022,0.16178718458513378,-0.2450574190578615,-0.2954784679980325,-0.1792731961815644,-0.26274984589193595,-0.2768981496565047,0.19644271269901165,-0.2552457935459153,0.12579810483302126,0.08477037808479879,0.386043398856164,0.7617451090079085,0.0012940641743347694,0.0,0.0,-0.06597214921447947,0.9978214647561068
0.32811397928406155,-0.15355240791481756,0.005863275593863405,0.0,0.0,0.1662726893772642,0.1834589597375061,0.9029418631958269,-1.6639128678406663,-0.08842675744269311,0.9268452672717663,-1.8559217526075935,0.1556644669483197,1.1229143882027046,-1.6040475093401396,-0.199444803606289,1.1117814315053132,-1.61075138544234,0.4791520477559132,-0.7053542612836912,1.1410135360291371,0.03579535963049588,-0.5236417258588167,0.03001845117586736,0.025386564482827317,-0.023778489799811866,0.32811397928406155,-0.15355240791481756,0.1662726893772642,0.2750133339745494,0.1716043581613263,-0.19285342964629595,-0.265290743650156,0.1924877483933172,0.16432074163740212,-0.2475372818329468,-0.28859099639009783,-0.18456329015026862,-0.2637695799499535,-0.2841833495023653,0.19604952042712193,-0.257841844624115,0.12649487147296481,0.08403879193031576,0.3869871880863335,0.7679484675710017,-0.0027368944790325403,0.0,0.0,-0.06431295343447797,0.9979297791029862
0.32004070020968856,-0.14578641198136763,0.0039038830436766143,0.0,0.0,0.20939653796906246,0.18029858161193835,0.9246461061904054,-1.6589619064560306,-0.09481037057076484,0.9118289526265408,-1.8341427975549156,0.17032380165675454,1.0949660353362571,-1.6038212753259218,-0.1946009585204035,1.1287107822986742,-1.584195917328964,0.47184287104755673,-0.7060976022711166,1.1382127071802435,0.036132667509194166,-0.5210765985628735,0.03023815863371754,0.025250834278547424,-0.023677548057793714,0.32004070020968856,-0.14578641198136763,0.20939653796906246,0.2751024760162601,0.16458149557909343,-0.19204306117176626,-0.26590984132258955,0.19355020352842517,0.1662474827439974,-0.25044980378905146,-0.280716127912353,-0.18885113916972115,-0.26425321059408885,-0.2940202869926357,0.1949787951620474,-0.25947632470800464,0.12709373841580993,0.08293017421870963,0.38772091955668525,0.7739727005649069,-0.006481886270473773,0.0,0.0,-0.062223182029305026,0.9980622603916791
0.3121488399593758,-0.1381122367469117,0.0019841093140154915,0.0,0.0,0.22635976148669945,0.17726386963533097,0.9440413054365376,-1.6552588214667945,-0.09975830014221942,0.8936881198762705,-1.8125947063358934,0.18324313015462101,1.0688923011318998,-1.6058861543066225,-0.18957585517245423,1.1483150392484203,-1.5592936285986354,0.464007454351164,-0.7072112659852092,1.135771670163824,0.036455743995387674,-0.5180570530490234,0.030441896179511853,0.025113382508817058,-0.023577158540809672,0.3121488399593758,-0.1381122367469117,0.22635976148669945,0.2751694892962965,0.15840586381353636,-0.19121733209138098,-0.2662492595814582,0.19549896829435615,0.1678444408938074,-0.25344319914483343,-0.27288753970017976,-0.1926100383546961,-0.26431796352298315,-0.30441038879490173,0.19369320881701343,-0.26032432715006887,0.1276650864734352,0.08170081726400401,0.38832627593959246,0.7799266694973294,-0.01011322438940758,0.0,0.0,-0.05996381126511212,0.9982005516621206
0.30389324023215136,-0.12926191512156618,-0.0007989198470920165,0.0,0.0,0.2682571969697146,0.17563778842584452,0.9538486806245947,-1.6553633499604006,-0.10035776604826631,0.8719427256056904,-1.792924045370176,0.19107584984829762,1.0504334414234535,-1.6130340586488061,-0.18508673351831179,1.1725361215380512,-1.5412962814936277,0.45510662433046595,-0.7088197678900682,1.1343154924420211,0.036714891276250654,-0.5139806562891375,0.030587399109768175,0.02497326977586804,-0.02347793199050312,0.30389324023215136,-0.12926191512156618,0.2682571969697146,0.2751818403888207,0.1556041717774783,-0.19071932993520924,-0.266118706358273,0.19871102862364923,0.16831986585666642,-0.25658321115702504,-0.26628721033601394,-0.19479418078295058,-0.2637770891970453,-0.3148177405456036,0.1922670747952602,-0.25961501953470173,0.12822365721940124,0.08024727709102412,0.3885153164803775,0.7857075170255622,-0.013461363600351932,0.0,0.0,-0.057285850689138294,0.9983578172733569
0.29860748391775715,-0.12290303611352563,-0.003570765973283375,0.0,0.0,0.240620710880688,0.17450583599006328,0.9540484905816042,-1.6573480102591789,-0.09799696015229886,0.8521683476865294,-1.775670712383894,0.19559474087033704,1.0395688395947218,-1.6218466390497408,-0.18235507236721998,1.1950767440004988,-1.5306965893564317,0.44596870895475166,-0.7099288888992025,1.1334714472580414,0.036904728814708784,-0.5095893331588461,0.030661547395329062,0.024832217940666642,-0.023377375283206887,0.29860748391775715,-0.12290303611352563,0.240620710880688,0.2751375325024128,0.15587204077102987,-0.19036980573057893,-0.26600839662283765,0.20178082052957957,0.16798506256620635,-0.2596294584345331,-0.26158139485427784,-0.19593884483797,-0.2628731207361045,-0.32327783839685825,0.19118135983741363,-0.25797327617699506,0.12885439803006643,0.07877663760182953,0.38835379408582404,0.7914111994636746,-0.01664018096254525,0.0,0.0,-0.054883429174097824,0.9984927687279923
0.29307115694668073,-0.11425628567464649,-0.00820081645192955,0.0,0.0,0.21417708623594028,0.17384669696912172,0.9450551792979244,-1.6611316986382005,-0.09280358045361956,0.8342799618840224,-1.7607304304838185,0.1969427526928484,1.0359709002077582,-1.6322520859539504,-0.18130505969747904,1.2160093970596784,-1.5271754376590254,0.43660393543541465,-0.7105601709336042,1.1332131288945675,0.03702824644278734,-0.5048966687172654,0.03066741907969117,0.024690267513506118,-0.023275545798242096,0.29307115694668073,-0.11425628567464649,0.21417708623594028,0.2750390097498894,0.15906806562353598,-0.19016048834056584,-0.26590985544905277,0.2046974502523858,0.16685261725542452,-0.2625942434051596,-0.2586967704200062,-0.19610241362690087,-0.2617159299847638,-0.3298244538062083,0.190449590160208,-0.255611307599777,0.12955266799118983,0.07728719706137127,0.3878567198625995,0.797041045501828,-0.01965698055573728,0.0,0.0,-0.052744760575464365,0.9986080263205563
0.2890267433017364,-0.10635959917632624,-0.012766620000967399,0.0,0.0,0.07990158241014307,0.172519984923733,0.9214960242120123,-1.66530367359519,-0.0833889339029647,0.8226935269597633,-1.7526467213263879,0.19405805928489342,1.0456689862677682,-1.6436473409143777,-0.18412104553471387,1.2293271814974454,-1.5356733751698182,0.4272283041276612,-0.7087849146471574,1.1340524122978632,0.0370035627991176,-0.5001625486363013,0.030532936883481365,0.024552164438108988,-0.023171210162287865,0.2890267433017364,-0.10635959917632624,0.07990158241014307,0.2748094998443356,0.16649340885932654,-0.18983075320978243,-0.2662332258829091,0.2068184429262499,0.16447716651331132,-0.26493695240554815,-0.25944015111906543,-0.19496446111165622,-0.26020085052907305,-0.3317731596840744,0.19073605998836868,-0.2528811645383483,0.1305860597007127,0.07593206090233584,0.3865420430909214,0.8025873770507481,-0.022419919494915577,0.0,0.0,-0.05194684012353602,0.9986498514500364
0.28495300426329084,-0.09892026358422146,-0.017254272153457983,0.0,0.0,0.026956939734631636,0.1707364210429101,0.8938677219244161,-1.6693069132474752,-0.07273975494675954,0.8133518208677953,-1.7474564027327757,0.18992721361036505,1.059713259339332,-1.6554599851369853,-0.18851576201044568,1.2394388237824807,-1.5480456524170356,0.41795178273549477,-0.7059146905174624,1.1352789241534011,0.0369164004492072,-0.495527805044101,0.03034009229248534,0.02441566111519933,-0.023066634401822324,0.28495300426329084,-0.09892026358422146,0.026956939734631636,0.2745283449498507,0.1750445466940348,-0.18936313083674902,-0.26653164756213543,0.20871264256614375,0.16170347107868072,-0.26692347063795013,-0.2613172607318904,-0.19344746525947354,-0.2585185674389075,-0.3320238264864045,0.19143850752768235,-0.2501089080675214,0.1317510866826977,0.07464140108419795,0.38491092384927894,0.8080983139001404,-0.025087904220876703,0.0,0.0,-0.05167763279749296,0.998663818443648
0.2803770489956175,-0.09007949544207093,-0.022426496546429368,0.0,0.0,-0.10412901329050442,0.16739680895653486,0.8598386209744677,-1.6721860941212912,-0.059977452369192025,0.8090408784695543,-1.7498464731929393,0.18363887202352866,1.0825510192662475,-1.6683655362576244,-0.19693858151395727,1.241165545840676,-1.5681126207972946,0.4091475450505432,-0.7000128702045634,1.1373642032536175,0.03666567416467632,-0.49139306679941147,0.029996118387386493,0.024283300212118775,-0.022963105747923974,0.2803770489956175,-0.09007949544207093,-0.10412901329050442,0.2741193289581973,0.18524387042821694,-0.1884751873149737,-0.26702480741691903,0.21020051015835114,0.15825904704333874,-0.2678960709228908,-0.26541595784528815,-0.19125141510816718,-0.2563820052075315,-0.32842088526138896,0.1932398820028334,-0.2473752783269945,0.13329532267875793,0.07358358174187156,0.3825111058147683,0.813516207325917,-0.027532077739194298,0.0,0.0,-0.05271750356107533,0.9986094656162078
0.276995837908835,-0.08330245569061868,-0.026307885463421048,0.0,0.0,-0.1851404806210989,0.16306206519500582,0.8283232361651393,-1.67450463743164,-0.04770587825288029,0.806486036341924,-1.756082724779844,0.17666468654687612,1.1073168192345355,-1.681794967788916,-0.20707343819622775,1.239851869069613,-1.5895847678184503,0.40074598015500973,-0.6919736578487437,1.1397039073591049,0.03633429822870173,-0.48810926574067437,0.02957753838004116,0.024155970103143215,-0.02286254257286111,0.276995837908835,-0.08330245569061868,-0.1851404806210989,0.2736312850879935,0.19462093281343404,-0.1872754951670605,-0.26738926008144887,0.21168735163247027,0.15491007090237247,-0.26813431792181136,-0.26986443895807655,-0.18886507079378226,-0.2540536507556784,-0.32373688321331345,0.19547147585523142,-0.24460002170604844,0.13508667446090755,0.07268699020548362,0.37976027253191763,0.8188716863783505,-0.029851874582863418,0.0,0.0,-0.054566243575280476,0.9985101527085656
0.27315339726674004,-0.07509066160005982,-0.02622282168326384,0.0,0.0,-0.2632818198081804,0.15776745032948947,0.7992324988142804,-1.6762824082890382,-0.0359076445814796,0.8056250704595675,-1.7660288754850626,0.16902895873555776,1.1339423428647792,-1.6957297170391448,-0.21885966932257772,1.2356055241364698,-1.6124123036861417,0.39273282011541044,-0.6818727878137277,1.1422890214106212,0.03592513030609833,-0.485646250550277,0.02908699579375725,0.024033492531788606,-0.022764839800612,0.27315339726674004,-0.07509066160005982,-0.2632818198081804,0.27306701353966045,0.20320455064442272,-0.18578781706522915,-0.26769093008732003,0.21316156245975937,0.15167682769435303,-0.26766152376128644,-0.27462414307838173,-0.1863031562496856,-0.2515125971308646,-0.31803169797598974,0.1980956646942267,-0.24171087274011416,0.13710466222275994,0.07193397406042998,0.37666380091457197,0.8241669625903552,-0.03205170179941117,0.0,0.0,-0.05719495015669411,0.9983630290012613
0.2703471027595413,-0.0679978269134284,-0.022356235422194004,0.0,0.0,-0.3136740348047077,0.15307145379483703,0.7804737122586142,-1.678281573148874,-0.026977298960376293,0.80529312732128,-1.7790244743227959,0.16179044931553882,1.1571726369170041,-1.708348318361319,-0.2318308006685513,1.230483713058325,-1.6318626031279564,0.385410515878063,-0.6688363861579162,1.1447821236573732,0.03541352101959862,-0.48504047167415804,0.0285277170344041,0.023919175629718945,-0.022670525788831025,0.2703471027595413,-0.0679978269134284,-0.3136740348047077,0.27258237222066295,0.2088411030329838,-0.184443139960757,-0.26778418174484975,0.21484408890539652,0.14922110285907558,-0.26632012561198787,-0.27859581513233733,-0.1839422904068882,-0.2492300566045531,-0.3128090275515478,0.20100886077934804,-0.23883795634609056,0.13945580293651752,0.07142406434616491,0.37332696574119417,0.8293833156617788,-0.03408364339086871,0.0,0.0,-0.06032627437650748,0.9981787117645068
0.2683031437837333,-0.061491969323499415,-0.013370426873175745,0.0,0.0,-0.3162814163743044,0.14870029499825965,0.7659434226986309,-1.6803092177097614,-0.019311061236434463,0.8050832282751799,-1.7922060359269376,0.15500096720643367,1.1782537728834603,-1.7198682338572462,-0.24488002366314654,1.2253907686815815,-1.649593408004595,0.37839168908361087,-0.6547109404435533,1.1470787413418293,0.0348694246181717,-0.48524960635516495,0.027951538710532596,0.02380879368865863,-0.02257885260937306,0.2683031437837333,-0.061491969323499415,-0.3162814163743044,0.2721727641227727,0.21325756078046557,-0.18318331075289473,-0.2677972475267052,0.2164851370349664,0.14713158547576527,-0.26477779588342903,-0.28210707946603863,-0.18177019117184678,-0.2471060226511154,-0.30797300483120693,0.20389728476644808,-0.23594116792893635,0.14189854741440294,0.07098066599122653,0.3699561176356745,0.83457457087934,-0.036054164341364256,0.0,0.0,-0.06348302640953994,0.9979829183697914
0.2660120272076846,-0.054469882466418,-0.0018943701154350288,0.0,0.0,-0.2837425366645915,0.14533422905235344,0.7622345558439311,-1.682274524982159,-0.015076602665850855,0.8049800582230091,-1.8035519532859323,0.1499840910546483,1.192181586932677,-1.7273575359812148,-0.2572436102737598,1.2212143477339013,-1.6621895919625573,0.37219464012350045,-0.6380430070253523,1.1485268399119377,0.03426273082060598,-0.48766353891159475,0.027356557001789617,0.023709777160547677,-0.022496666902532946,0.2660120272076846,-0.054469882466418,-0.2837425366645915,0.2720475551457359,0.21457183142370065,-0.18222231189083693,-0.2678540617684127,0.2178517946643236,0.14597912958658896,-0.26318755028779944,-0.28440679918777195,-0.18022148373422056,-0.24574798008837395,-0.30441256887030804,0.20664176893539454,-0.23336712565610138,0.14464070251974925,0.07079236651501042,0.3667076410973091,0.8397172726690768,-0.03788336382534064,0.0,0.0,-0.0663144729067133,0.9977987726406085
0.264369865251418,-0.04882125304385476,0.00671698675992344,0.0,0.0,-0.2637608910459861,0.14311091981541657,0.7626491740632514,-1.6837653930370624,-0.012529225375216783,0.8069112529405033,-1.8122014913421407,0.14640060097623914,1.2017246444637957,-1.730619188827964,-0.26885470250048266,1.2178045042718832,-1.6710247721236484,0.3664356535658816,-0.6201030813300847,1.1492707471434886,0.03362279242943402,-0.49131015974741693,0.026796559883783093,0.023619031849263526,-0.02242185352728344,0.264369865251418,-0.04882125304385476,-0.2637608910459861,0.2720969893181553,0.2146484540138745,-0.18159191707455313,-0.2679154685364802,0.21834913658091243,0.14528963659135014,-0.2619450436699745,-0.2863084950298233,-0.1791613819185415,-0.24501431308725938,-0.3018002523613697,0.20922803523232802,-0.23108361364369553,0.14752894799563854,0.07071882941463146,0.36360716058597475,0.8448331313780865,-0.03962192599787011,0.0,0.0,-0.06894604516561868,0.9976203901565067
0.26209694559126057,-0.041716482753397705,0.018193043517665538,0.0,0.0,-0.24433301331383225,0.14199874951289254,0.7670731888367579,-1.6847949486512404,-0.011622251226351831,0.8108205256553795,-1.8182292534754825,0.14421083806799012,1.2070042628508346,-1.7297701629308555,-0.2797341203460324,1.2151400286417742,-1.6762030078814578,0.36110260910712766,-0.6009263568199602,1.1493299465913038,0.03295052925554607,-0.4961553628628069,0.026270579403409603,0.02353632890690978,-0.02235420850607065,0.26209694559126057,-0.041716482753397705,-0.24433301331383225,0.27231623461613286,0.21352484167749264,-0.1812823137506405,-0.26798474126704425,0.2180192941258522,0.14504061253680428,-0.261053180231699,-0.28784661062910305,-0.17856629753098277,-0.24490314864540336,-0.30009745642632696,0.2116796816884221,-0.22911603290493446,0.15056664948488882,0.07075869752770074,0.36063759495066716,0.8499228897003026,-0.041272358610652926,0.0,0.0,-0.07138335532682177,0.99744895437425
0.2602368610537258,-0.035374970225251046,0.02745431489669381,0.0,0.0,-0.21123994219086395,0.1423011342815768,0.7714762215574198,-1.6843388308412754,-0.013030191847624608,0.817837813725838,-1.8189762021200016,0.14453844872948066,1.206454412581829,-1.721135924928464,-0.28752665497505864,1.212564824292293,-1.676435362547636,0.3564097724066906,-0.5809476916463338,1.1476995955006435,0.03221917713884841,-0.5025573202337207,0.02586050112642206,0.023473969212948132,-0.022306537145945746,0.2602368610537258,-0.035374970225251046,-0.21123994219086395,0.2728247110588619,0.21221248281681482,-0.18138634305338916,-0.268104516230759,0.21626602234673228,0.14540849427726088,-0.2609473458770176,-0.28930837280258,-0.17878322828930288,-0.24579907706752138,-0.29936810035815375,0.21353155200684776,-0.22806373308825054,0.1537692369132575,0.07096285148079617,0.3582706185984173,0.8549725449858948,-0.04276651020000611,0.0,0.0,-0.0734902066567258,0.9972959387892602
0.2590628469493596,-0.028969065208966464,0.03260590870363262,0.0,0.0,-0.19665390347224318,0.1428234470793261,0.7754939218553213,-1.6831078188350568,-0.01515978058943375,0.8256072264451245,-1.8180228586380298,0.1457435048471849,1.2039926453278615,-1.7098750234223332,-0.2938499356834934,1.2099257575777862,-1.6750075923135648,0.35195119449725526,-0.5609262065532119,1.1453969309536312,0.03146663960964922,-0.5094822756946086,0.02549790297276699,0.02342076349304989,-0.022267777069758337,0.2590628469493596,-0.028969065208966464,-0.19665390347224318,0.2734144072120006,0.2109059655643568,-0.18156600013933516,-0.268309689971104,0.2141155805527962,0.1459691158133032,-0.261074865895352,-0.29076496709755045,-0.17928116570495173,-0.24701451365559837,-0.29893855858158686,0.21508986768071336,-0.2273980674851836,0.15700075317661671,0.07119587285194333,0.3561398396343463,0.8600125102182993,-0.04419792481124972,0.0,0.0,-0.0754512859459397,0.9971494890181232
0.2582162252518032,-0.02179302925258255,0.03518721518608186,0.0,0.0,-0.15694999755508957,0.14310490363277495,0.7776803690940142,-1.6795177441090345,-0.018632385879755034,0.834138810634613,-1.8137461990118027,0.1488541301805526,1.1976943388581276,-1.6931383814662695,-0.295947780366987,1.2068981491029263,-1.6701422985643148,0.34803058952093124,-0.5414343951269983,1.1414147671312094,0.030666542181279507,-0.5174914319068193,0.02525704773142934,0.023392865172354504,-0.022253497794736177,0.2582162252518032,-0.02179302925258255,-0.15694999755508957,0.2741289474070072,0.20980442004049427,-0.18173191344893153,-0.26889905833604444,0.21136166532676143,0.14689226193478022,-0.2616475509041424,-0.2922403970284779,-0.1803899468941182,-0.24887454353572688,-0.2990616034010346,0.21579255176670442,-0.22778514567275462,0.1602673638433147,0.07152703036693958,0.3547852962003756,0.8650427116081119,-0.045471351942978806,0.0,0.0,-0.07701621911380235,0.9970298400717076
0.2580833839760909,-0.01618517428667434,0.03411833626719569,0.0,0.0,-0.12839982156636737,0.1435702784846608,0.7790021159901068,-1.6749357472245514,-0.02268464071676107,0.8416575308029465,-1.809358294766683,0.15223383588286524,1.1896118579002533,-1.6756423803476197,-0.2953853405152378,1.2042647531399362,-1.6642355443193366,0.3444405861485465,-0.5230329687205655,1.1365209462550974,0.029827016280390948,-0.5258313612296026,0.025067985236931316,0.02338213387590188,-0.022252922689613815,0.2580833839760909,-0.01618517428667434,-0.12839982156636737,0.2748218958194439,0.2088119368800237,-0.18196851582466597,-0.26960722440747287,0.20884453820349042,0.14797196522398404,-0.26213189885464505,-0.29338372141972247,-0.18161380386817041,-0.2509202780634514,-0.2994884409179235,0.21590562014268871,-0.22867303353057816,0.16345895309542158,0.07187151811735384,0.353946623458337,0.8700847559823437,-0.04664552638020646,0.0,0.0,-0.07829634016294228,0.9969301295061198
0.2578833612816276,-0.00887325586305937,0.032693504069288,0.0,0.0,-0.10041622859402498,0.14421592246239573,0.7794763192964288,-1.6693815091768138,-0.027305044117383485,0.848183483458482,-1.8048613531371724,0.1558772830579142,1.1797806027417004,-1.6574020867164325,-0.29221539955156367,1.2020177480119927,-1.657307993477354,0.34117462482446675,-0.5057002927105021,1.1307335567588992,0.02894884421794607,-0.5344955007044165,0.02492968785540703,0.02338822898813165,-0.022265779846258316,0.2578833612816276,-0.00887325586305937,-0.10041622859402498,0.27549368085769504,0.2079254017668606,-0.182275009496615,-0.2704317536328402,0.20656143169111701,0.14920589632441542,-0.26253399996834753,-0.29419014244405933,-0.18295482370730795,-0.2531479244969599,-0.3002149207440003,0.21543302358006242,-0.2300503476478571,0.16658719538108827,0.07223585103664862,0.35361875079070115,0.8751384083611459,-0.047722417422426965,0.0,0.0,-0.07929738032595983,0.9968510046508655
0.2577002380321971,-0.0024861911008922447,0.031442028613618,0.0,0.0,-0.05305916772747731,0.14549505069422033,0.7805590172513173,-1.6644564881347694,-0.03227913128928489,0.8491241020651964,-1.8027458655146453,0.15803351181630904,1.1693821778664224,-1.6411334714637356,-0.2843829432072549,1.2025977275692499,-1.6510766779000943,0.33836795418308335,-0.4908143521214909,1.1234667347027707,0.027999503623085252,-0.5429490627004548,0.024831444589206234,0.023422964262023855,-0.02229866967536509,0.2577002380321971,-0.0024861911008922447,-0.05305916772747731,0.2761296359822154,0.20694364462057566,-0.18274000402776625,-0.27107126510650226,0.20604809536440308,0.15052267271839664,-0.262397253704527,-0.2944528365900924,-0.1839102078042068,-0.25542496292905364,-0.3015705472802611,0.21376797028215452,-0.2318521261406602,0.1695196723879102,0.0725996452752018,0.354218506041003,0.880214250431611,-0.048626799333410756,0.0,0.0,-0.07982629001031206,0.9968087898003255
0.2575130603119937,0.003963706308965385,0.030199124907645536,0.0,0.0,-0.03425236373268675,0.14726587037484237,0.7820863569012055,-1.6602902035587108,-0.037128979555116286,0.8481749263233863,-1.8016455421367517,0.15934311299441525,1.159162619222815,-1.6258112584742215,-0.2751313423952803,1.2044840420667942,-1.6453545951785948,0.33577297746132195,-0.4771215110444105,1.1157367814045684,0.02701390908959392,-0.5511907307574383,0.024739411346112877,0.023467618960869283,-0.02233807092013124,0.2575130603119937,0.003963706308965385,-0.03425236373268675,0.27675136200223976,0.20593217009490988,-0.18332240096164204,-0.2715211882548296,0.2061628515853374,0.15180063081147924,-0.2620673411386553,-0.2945661275134488,-0.18463836537458647,-0.2576950533442591,-0.3031843398196025,0.21169962008261947,-0.2336864679326394,0.17234293762574837,0.07294826900623412,0.3551512352310566,0.8852992213259523,-0.04946104619795314,0.0,0.0,-0.08016771590000608,0.9967813889350944
0.2590488674524941,0.011002319070920986,0.027541876233254384,0.0,0.0,0.012651230999999334,0.15083362018832805,0.7852050524491532,-1.659225542957966,-0.04103989669909857,0.8432929022954059,-1.8032419968109865,0.15793280948240018,1.1503495516685336,-1.613237667542237,-0.2633682583960199,1.2100648054709804,-1.6414556537683191,0.33377558594712836,-0.4669304833962364,1.1071474277056177,0.025918906984420887,-0.5585990983706257,0.02463982060838204,0.023533555876033813,-0.02239027930996739,0.2590488674524941,0.011002319070920986,0.012651230999999334,0.2773376009785212,0.20488479970106957,-0.184321849070222,-0.2712392327722043,0.20765818751087145,0.1528107132705654,-0.26131176543204965,-0.29452687923068915,-0.18460025977568026,-0.2599332009719884,-0.3054451742969841,0.20886772751007843,-0.23534776770202684,0.17475157568003152,0.07325595881833752,0.3569675133403889,0.8904077118405931,-0.0501165120647504,0.0,0.0,-0.08004161014237014,0.9967915231610955
0.2623695534970683,0.016077072920275926,0.02402288731760682,0.0,0.0,0.017070819940391634,0.156239031258827,0.7871215102047874,-1.6602944817680578,-0.04462743787847162,0.8398280511968411,-1.8065797623533468,0.15465266198421343,1.1443874450543754,-1.6024664892600136,-0.25087377366323355,1.21703864634037,-1.6407808293230257,0.33227288869854354,-0.45883815269917266,1.098288384624399,0.024759971543412265,-0.5652621788904069,0.02451085116123208,0.023609272020761494,-0.02245096831421296,0.2623695534970683,0.016077072920275926,0.017070819940391634,0.27785303705156994,0.20447916825528406,-0.18576240491012566,-0.27034057779879783,0.2089881197832962,0.15371931387244706,-0.26029766033962665,-0.29492699028690245,-0.18399402852829816,-0.2619699949972744,-0.30745346241001825,0.2057333542252338,-0.23665088141593868,0.1768691766440406,0.0735566821051121,0.359198448592923,0.8955986304208634,-0.050680045419050225,0.0,0.0,-0.07987144849001235,0.996805172396345
0.2697176513435787,0.022442030744707374,0.01728576608002186,0.0,0.0,0.021437585370820834,0.16346013950757105,0.7878500995441124,-1.663471518800809,-0.047895468144605914,0.8377634347058259,-1.8116380262833376,0.14952501923275685,1.1412422241499791,-1.5934761808468747,-0.23765663003835552,1.225388914346695,-1.6432915865801847,0.3312589730351017,-0.45281943492591387,1.0891628755399814,0.023537866910024054,-0.5711888801306486,0.024352854144616198,0.02369465051183047,-0.022520036570942745,0.2697176513435787,0.022442030744707374,0.021437585370820834,0.2782985164712255,0.20470795212515286,-0.1876284245180018,-0.2688277559867883,0.21015105688003877,0.15452551631837033,-0.25903032787118097,-0.29577233506261513,-0.182819702956063,-0.26380509151271375,-0.30920270991727894,0.20231539911219268,-0.23759417375817565,0.1786863649391088,0.07385076716684452,0.3618517370490569,0.9008709918707609,-0.0511527450558228,0.0,0.0,-0.07965775569487277,0.9968222720012109
0.2776739863492276,0.02794002465607001,0.010311848913820141,0.0,0.0,-0.0111213875887986,0.17299875027786668,0.785540895249981,-1.6685361720335026,-0.0517793986946345,0.8427641298621894,-1.8192628220869946,0.14265002600418822,1.144908864194384,-1.5866223387420177,-0.2248786784744318,1.2330627163442283,-1.65159341148459,0.33082852573492205,-0.44975181654668767,1.0806200282218363,0.022240299713582927,-0.5754093598717681,0.02410801445232489,0.023793572177125428,-0.02260160147964668,0.2776739863492276,0.02794002465607001,-0.0111213875887986,0.2785444676947708,0.206068223084017,-0.1900395137205273,-0.26662989990567004,0.2097582337682587,0.15546589975487732,-0.25735740484046477,-0.29812609390683603,-0.18103681129807878,-0.26497259148450464,-0.3096274691660509,0.19891151448475214,-0.23801257201026263,0.17997719918316066,0.07408282634136454,0.3647004396803366,0.9063929801520247,-0.05150710272405727,0.0,0.0,-0.07976861567068896,0.9968134067888442
0.2856176514405594,0.03333293395723234,0.003361855991758367,0.0,0.0,-0.02408249635386462,0.18291620688083118,0.7821241138646233,-1.6739840467388816,-0.05619411671964047,0.850838614771,-1.8273195165854237,0.13542302601182662,1.1509626416059646,-1.580681436910079,-0.21258600471684524,1.240006592984383,-1.6619080173281529,0.3306546311538953,-0.447709753536261,1.072448487465198,0.020924267269527633,-0.5789200480167683,0.023818347934418557,0.023896135837556082,-0.022687186128818076,0.2856176514405594,0.03333293395723234,-0.02408249635386462,0.2787109904277783,0.20778959480227763,-0.19250586775311704,-0.26426975592432794,0.2086168763533698,0.1565288040108584,-0.255590533068394,-0.3009815189632343,-0.1791022477953144,-0.2658197293595606,-0.30945444853471704,0.19561897308163698,-0.2382220683791396,0.18104998401402977,0.07429434209843087,0.36754639154092866,0.9120143342476627,-0.05181569373235107,0.0,0.0,-0.08000867090987693,0.9967941676089578
0.29470969858131835,0.03953615823811807,-0.004592731308478148,0.0,0.0,-0.05648523307932517,0.19245386888416316,0.7761866165898169,-1.6794913828086393,-0.06263282526141159,0.8672350743928776,-1.8350165887520862,0.1281545108381231,1.1621922334799397,-1.5771752995653796,-0.2022641555835997,1.2440014832581463,-1.6765406479915743,0.3311813846946909,-0.447867404239682,1.065545317072135,0.019590320231285555,-0.5805816363829832,0.023391583950097612,0.024003535379261635,-0.02278048960635295,0.29470969858131835,0.03953615823811807,-0.05648523307932517,0.27867894193444115,0.21022725629505087,-0.194827874681814,-0.26188078263344067,0.20527715870203334,0.15810185716848382,-0.2537554083726005,-0.30481915455407366,-0.1770477988121941,-0.2658542186678908,-0.3076582149353849,0.19280569039088113,-0.2380588997374065,0.181618318931694,0.07449137868332414,0.37017880763542343,0.9178840881929946,-0.052013145876117044,0.0,0.0,-0.08057169965506146,0.9967488155070436
0.30152255784560006,0.04426746496691262,-0.010561383365151332,0.0,0.0,-0.07600453744344378,0.20035941494055648,0.770802235374084,-1.6838312702110179,-0.07050707800170522,0.8864236390934535,-1.8421834876330998,0.1217944291957584,1.1748125406985095,-1.575619674072816,-0.19350113447469036,1.246309031947301,-1.6919683057528272,0.3320361070621472,-0.44926656166521395,1.0597873510649571,0.0182873307136246,-0.5811005098601947,0.02289930108683902,0.024108276397992782,-0.022878769838895932,0.30152255784560006,0.04426746496691262,-0.07600453744344378,0.2785272811754392,0.21233736877940476,-0.19673038657053424,-0.2598966763639876,0.20117852378192821,0.16002216277393674,-0.2518160400279051,-0.30865460252465154,-0.1751961574422026,-0.26538699394933274,-0.30527484409136846,0.19040054938812395,-0.2377322799502188,0.18186088946585405,0.07465771547550579,0.3725320308658343,0.9239036776125429,-0.05214822515307997,0.0,0.0,-0.0813292507098718,0.9966872894639375
0.3068539304046645,0.049718306792899666,-0.01532302524607926,0.0,0.0,-0.09544578793255895,0.20663937351379794,0.7659687577531891,-1.6870083787406864,-0.0798111327637268,0.9083931404524112,-1.8488223339216063,0.11633914735060791,1.1888180004002948,-1.5760067583849797,-0.18629070607802084,1.2469359884181848,-1.7081878105035186,0.33321748638095755,-0.4519022597859684,1.055170008626122,0.017015174886462568,-0.5804812393079584,0.02234176142015856,0.024210369527841412,-0.02298200691942698,0.3068539304046645,0.049718306792899666,-0.09544578793255895,0.2782564865998351,0.21412805504339374,-0.19823046322096405,-0.2583323197628166,0.19633087590350676,0.16227853856490154,-0.24972885870119269,-0.31247484638233264,-0.17355241874346922,-0.264424507719681,-0.3023181829049203,0.18839494468094092,-0.2372370772643902,0.18178241469964945,0.0747946896565593,0.3746059085090444,0.9300725031644103,-0.052221181054707036,0.0,0.0,-0.08228050970145522,0.9966092101336756
0.3087737233128981,0.054063779388493105,-0.017180945724248883,0.0,0.0,-0.10776574140368977,0.2091880962252616,0.765631377696991,-1.6887606382369995,-0.0906546339392657,0.9290671348571768,-1.8534702658653257,0.1137806363403798,1.1996700763702388,-1.5801386237144468,-0.18207766115665452,1.2458587884902954,-1.7211995720863338,0.3349471986293792,-0.4565528631210325,1.0525411367416382,0.015874409582465936,-0.5782990753650666,0.021709851920604734,0.02431169897317886,-0.02309324964880943,0.3087737233128981,0.054063779388493105,-0.10776574140368977,0.277914360165596,0.21445209314206956,-0.19882560050774062,-0.2576490087597652,0.1915988735025094,0.16490919373255217,-0.24768408857868962,-0.3146570991719062,-0.1726908651549201,-0.26313324621676043,-0.29955449156014197,0.18719286310384964,-0.2367392632661585,0.18118347783355135,0.07489326337706345,0.3762181318077575,0.9363377988338467,-0.05219941958785057,0.0,0.0,-0.08335446522758942,0.9965199612283853
0.30692155867462323,0.057697836045212086,-0.015846292416636654,0.0,0.0,-0.10865981101412343,0.21026314186075565,0.767189245384473,-1.6903256776814277,-0.10187228088482043,0.9482945888661418,-1.857147800234648,0.11242999747180592,1.2085733774762886,-1.5857954351947856,-0.17907058189694697,1.2444605447638493,-1.7326492836269047,0.3368625016883015,-0.4620119269507434,1.0507216529490857,0.014805858061523552,-0.5756179175984402,0.021061969797861273,0.02441101119172974,-0.023207344293880917,0.30692155867462323,0.057697836045212086,-0.10865981101412343,0.27756924877086514,0.21421397727384972,-0.1990542104328751,-0.2572588495663213,0.18713901453189868,0.1676094733999196,-0.24564919696159648,-0.31598185284610686,-0.1721647493412568,-0.2617924296488851,-0.29702219497539106,0.1863088025087045,-0.23621362691170497,0.18037276981209002,0.07496806305350023,0.3776570385221188,0.9426110861106559,-0.052140528586908035,0.0,0.0,-0.08443723272604464,0.99642880013053
0.3039653296510368,0.061562101348704476,-0.013593258336186407,0.0,0.0,-0.10082098513198316,0.20768328283268694,0.7737500885358218,-1.6923772102365124,-0.11342571804729693,0.9615674196527543,-1.8579525695397303,0.11423650115298521,1.2108627087794814,-1.5953505692573686,-0.17911047717699638,1.24315737044582,-1.7394776682441044,0.33915966190397717,-0.4695081285272647,1.0509703907255943,0.013967854978266029,-0.5719986721300165,0.020408401950799845,0.024500976656921775,-0.023327727228976202,0.3039653296510368,0.061562101348704476,-0.10082098513198316,0.27728050846893054,0.2126227993778105,-0.1983458713725846,-0.25744208810965374,0.18384098570203694,0.1704124203789422,-0.2439965869369102,-0.31471200006866457,-0.17252143726457383,-0.260553660852939,-0.2953989795910472,0.18622177793026942,-0.2356753348281333,0.17905130532477606,0.07497695606372812,0.3786931612229437,0.9488279575911847,-0.051990259940234526,0.0,0.0,-0.08544179914378504,0.9963431632520359
0.30171637224131137,0.06461633526546631,-0.011902356233733922,0.0,0.0,-0.0961277153661397,0.20358329699732972,0.782602953223081,-1.6954615153372286,-0.12408648553089392,0.9710780050462251,-1.8567303603944871,0.11779542786713942,1.2092096802706906,-1.6060011243590935,-0.1813125749691745,1.2421796400673115,-1.743286473963123,0.34166443444645156,-0.4780631824038344,1.0525679619839556,0.013318732219676587,-0.5680386060132433,0.019802235216887416,0.024583663493663498,-0.02345058803061524,0.30171637224131137,0.06461633526546631,-0.0961277153661397,0.2770255184374177,0.21052217036050005,-0.1972170434987189,-0.2577135032797216,0.1812359287042577,0.17301860380803594,-0.242758622175371,-0.3121551236153978,-0.1733720431343515,-0.2594622790517526,-0.29443193484732133,0.1866895530261557,-0.23508962129677757,0.1774438092178043,0.07494854537687236,0.37943746777395004,0.9550114355694785,-0.051784108016783244,0.0,0.0,-0.08639952158740868,0.9962605696651187
0.29875641743264697,0.06850379833529954,-0.009648949624255223,0.0,0.0,-0.09141564180421015,0.19795707942774685,0.7937570443520174,-1.699582740664482,-0.13385099831681946,0.9768112356273025,-1.8534730323232138,0.12311381545777483,1.203598459179585,-1.6177514997812412,-0.1856855588177074,1.2415286606320968,-1.7440635739610746,0.3443776531001695,-0.4876813409993278,1.0555197837261052,0.012859248341276113,-0.5637363504904969,0.019243659962040322,0.024659042470515345,-0.023575936650069282,0.29875641743264697,0.06850379833529954,-0.09141564180421015,0.2768044142195812,0.2079156328952847,-0.19566417977860578,-0.2580561818913853,0.17931728047272696,0.17544379169640545,-0.24196347416070652,-0.3083173560809769,-0.1747120875346997,-0.25847614934850294,-0.29411909053553487,0.18771392816532712,-0.23446195568922318,0.17555502552066862,0.07488134763815206,0.3798818620871163,0.9611613859350863,-0.05152184838572375,0.0,0.0,-0.08731022347994218,0.9961811707093658
0.29565275232748023,0.07144766914887157,-0.00771058436769695,0.0,0.0,-0.08359459120142694,0.1907050097719409,0.8048783722691809,-1.7057559182151005,-0.14044656971684433,0.9782991031757914,-1.8457617507531094,0.13057401997502882,1.1938037743362098,-1.6289452573714347,-0.19335708752847622,1.241560357121321,-1.7408539678614874,0.3476640049797984,-0.4982845068264464,1.0604049322696831,0.012759012838404698,-0.5592569001019002,0.018816132908866103,0.02472736598485006,-0.023700618187341694,0.29565275232748023,0.07144766914887157,-0.08359459120142694,0.2766395604524475,0.20560394289923456,-0.193622688492136,-0.2582705141477086,0.17786563192729155,0.1772084341253436,-0.2423213289184088,-0.3034681559474211,-0.1766550041421603,-0.25765120069149255,-0.2947299642403848,0.18956982494532348,-0.23368525979276816,0.17333205202291135,0.07484940109323902,0.3798267222880748,0.96725615615455,-0.05116452304019522,0.0,0.0,-0.08814294655078178,0.9961078360164356
0.2899752531931806,0.07189233279982983,-0.0059200397047848305,0.0,0.0,-0.08481644435461924,0.18267663245877477,0.8152233333541792,-1.7121887565232237,-0.14554028524658996,0.9784632130311087,-1.836486537869161,0.13868657607011997,1.1831692127654194,-1.6394713629896818,-0.20209844152514664,1.2418861664258516,-1.7365647669021904,0.35114649267723896,-0.5092934362876864,1.066066231292027,0.012797475929031691,-0.5547012024774005,0.018449983926704886,0.024792079580947753,-0.023825136613315676,0.2899752531931806,0.07189233279982983,-0.08481644435461924,0.2764959908448733,0.20355993356407723,-0.19137213006895487,-0.2585104028965336,0.1765241876163226,0.17865656064502788,-0.2431226960837836,-0.2985380743105935,-0.17876810533786414,-0.25678169111682514,-0.2956208686551681,0.1916863218336413,-0.232812571179963,0.1709852255491231,0.07481592513412247,0.37955455894517603,0.9733055854359494,-0.050785010886521896,0.0,0.0,-0.08898777809495768,0.9960327180116739
0.28139208475542044,0.07027943827281699,-0.004005116912035588,0.0,0.0,-0.09908044124785405,0.17237398024791767,0.821653909121568,-1.717829934822825,-0.14625839135036442,0.9762653977825093,-1.823842736964043,0.14791194847426684,1.1725697232267038,-1.6471751558666041,-0.212884967000438,1.2430049501932583,-1.7308890555913634,0.3550364612243494,-0.5213519276764523,1.0736845138554385,0.01317148803522844,-0.549940151234086,0.018261073430319543,0.024845697800628837,-0.02394951220440606,0.28139208475542044,0.07027943827281699,-0.09908044124785405,0.2764027588642561,0.20251772272534413,-0.1885519849692428,-0.2591324790279189,0.17530647298529317,0.17912988283752798,-0.24505588794700656,-0.29417338271048216,-0.18118566623825424,-0.25591509711761473,-0.2969801872733751,0.19428312485072746,-0.23166813752325227,0.1683188303206867,0.0747739794711648,0.3787702462730634,0.9791812378769881,-0.05039052440910244,0.0,0.0,-0.08997460802756942,0.995944059628996
0.272982725927887,0.0673631091230455,-0.0026842113584293896,0.0,0.0,-0.12072158166915724,0.16046367084177685,0.8244941761860481,-1.721241099330095,-0.14395201148895134,0.9737958398002845,-1.8100451265390107,0.15705916041938128,1.1626398276824221,-1.6526699708058283,-0.22376410620143744,1.2437723072675557,-1.7252122782743895,0.3593956679105757,-0.5335688986457308,1.0819414762350226,0.01373080421203315,-0.5450432197405743,0.018178364906746607,0.024896862540537346,-0.024069167387027003,0.272982725927887,0.0673631091230455,-0.12072158166915724,0.2763357861683919,0.20218317343457895,-0.1853696966953501,-0.26027498714305686,0.1739776881127184,0.17888282427904534,-0.24755827069956424,-0.2904185816394043,-0.1835911222998733,-0.25511578029331705,-0.29825327437165444,0.19689971399713643,-0.23050824363232927,0.16556504195283706,0.07479692756752393,0.3777450332438777,0.984882847047769,-0.05003658503007431,0.0,0.0,-0.09117686188572116,0.9958347151293091
0.2618329275810468,0.06323236072439359,-0.000923886322058698,0.0,0.0,-0.1426246021324033,0.14692625677428006,0.8237007033939545,-1.7223952740717392,-0.13858455913857776,0.9710512518739471,-1.795079749220839,0.1661272664160395,1.1533876260599265,-1.6559290863000429,-0.2347369794554721,1.2441839865193918,-1.7195344220560331,0.36422978900372976,-0.5459462662872212,1.0908448443962977,0.014477666040945147,-0.5400087642841614,0.018203143057270117,0.02494554412148248,-0.02418404505946315,0.2618329275810468,0.06323236072439359,-0.1426246021324033,0.2762953904099189,0.20255962809532566,-0.18180465681846458,-0.26193524650487815,0.17253250964000588,0.17788199576107444,-0.25062998948030063,-0.2872727035937937,-0.185991188726027,-0.25441273447906343,-0.2994384849360397,0.199536997233393,-0.2293335357447792,0.16272484124577005,0.07488151162549138,0.37647481902054314,0.9904083075861517,-0.049723683238530964,0.0,0.0,-0.09259707445105332,0.9957036616399009
0.25206935108644707,0.05979566983715845,0.0006114347622945827,0.0,0.0,-0.17875072958863927,0.13112770778556979,0.8170327234726692,-1.7187558358105333,-0.12896282863445085,0.9671611131097265,-1.7813634921151869,0.1731717656366522,1.1445884366448116,-1.6556969173252583,-0.24435533909127047,1.2433203269655888,-1.7139364672968025,0.36970943914583054,-0.5588434679576975,1.100185030928024,0.01543173844961872,-0.5347633144030208,0.01840884692501275,0.024991411800818656,-0.024287298241128706,0.25206935108644707,0.05979566983715845,-0.17875072958863927,0.27629883071550954,0.2039338179149677,-0.17771998141709622,-0.2645726328096759,0.17155795910632665,0.17574721639256716,-0.25406288510420033,-0.28490168190707194,-0.18792451943191912,-0.2542504089419302,-0.30028139670690085,0.20188694038692956,-0.22845756667830489,0.15974797276078687,0.07503837311416058,0.37509273796916687,0.9956429612178065,-0.049481927927655114,0.0,0.0,-0.0943767540783891,0.995536552965097
0.24225069795409415,0.056273327971257364,0.002157344267919581,0.0,0.0,-0.193236053167183,0.11484612937336156,0.8085089835983063,-1.713270570366429,-0.11798355299442216,0.9626884351556121,-1.7687271221612513,0.17919728575417615,1.135852325850955,-1.6544298145633478,-0.2534481831826266,1.2420850672687476,-1.708358921397191,0.37543828606318935,-0.5718923651684928,1.1095722630046876,0.016449672154312037,-0.5294182799183408,0.01867709792881772,0.025035700391386993,-0.024386675775391404,0.24225069795409415,0.056273327971257364,-0.193236053167183,0.2763198478004107,0.20558741846326906,-0.1734883919159711,-0.2674825170966166,0.17088987231322816,0.17318917592479813,-0.25748389394600335,-0.28273297786436224,-0.18961801973577314,-0.2542994921043256,-0.30102580082698904,0.20412303733153578,-0.22767310353497897,0.15674963985595924,0.07521112818372429,0.37367251556821224,1.0007609182682173,-0.04926912863559735,0.0,0.0,-0.09630031341879833,0.9953523243733554
0.2329159590910235,0.05197289256358246,0.00356509386060383,0.0,0.0,-0.2297114647050048,0.09846760207214081,0.7966327736010922,-1.7033388620385759,-0.10450617399496565,0.9564233032556683,-1.760340033242336,0.18210842575018216,1.1269617556379394,-1.6515210339656243,-0.2612642440944908,1.2402834164408538,-1.7028020379635005,0.38176915937891354,-0.5851733108552599,1.118739454792096,0.017577617581432226,-0.5237828928690692,0.01907642832240805,0.02507482149387495,-0.024478369455139794,0.2329159590910235,0.05197289256358246,-0.2297114647050048,0.2763851244862263,0.20760380251362257,-0.16923762127183042,-0.2710148392307623,0.17133936698474175,0.16985524719761813,-0.26057586967160695,-0.280816757482156,-0.19055500098680378,-0.25495312693436767,-0.3016201056382178,0.20608230029692548,-0.2271245431235618,0.1537084769766827,0.07546725513190725,0.37229309444787245,1.0055847795536883,-0.049130375461223036,0.0,0.0,-0.09858649774610555,0.9951284854038484
0.22820132685755454,0.04863800416356849,0.0041737113721088135,0.0,0.0,-0.22310124213280372,0.08347560535185045,0.7847111048176885,-1.691928867250681,-0.09033996344078338,0.9495066190138459,-1.75510872900486,0.18328837165609002,1.117067800834775,-1.6491483449935913,-0.2686889949254691,1.2383863180875778,-1.6967699695378542,0.3882950418628752,-0.5986142028123139,1.1273969560861588,0.018731974647380408,-0.5181872667744756,0.019535976898623627,0.02511043011327274,-0.024564510182244703,0.22820132685755454,0.04863800416356849,-0.22310124213280372,0.27646245155483484,0.2094578219329374,-0.16530432071924817,-0.27453819755943787,0.17244408378953244,0.16623683340467588,-0.2632378193815908,-0.2785112416839103,-0.19105697972080185,-0.2558686359349549,-0.30228130190469893,0.20796758835034834,-0.22667198972825733,0.15068648677009833,0.07573463811513065,0.37108902340705935,1.0103043634444475,-0.04905866470653564,0.0,0.0,-0.10080639640452704,0.9949060611152861
0.2250531453596364,0.04351759714901844,0.004395265848590458,0.0,0.0,-0.21635777089950026,0.06989820663315718,0.7727430570297514,-1.6790106611756175,-0.07547097737327763,0.9419251931114837,-1.7530970917298243,0.18270207905712035,1.1061501500125113,-1.647322599704449,-0.27571451441886347,1.2363918400727785,-1.6902530969908602,0.3950198810690872,-0.6122182788184058,1.1355344492655535,0.019913278000715857,-0.5126322065121851,0.020056962649015575,0.025142455146683812,-0.024644985548757877,0.2250531453596364,0.04351759714901844,-0.21635777089950026,0.27655207294111067,0.21114611992829954,-0.1617020688539362,-0.278069821449615,0.1742164640051329,0.1623442891409656,-0.2654469591478481,-0.275806899210482,-0.1911086391611121,-0.25704500667152475,-0.30301104760552855,0.20977865818947394,-0.22631873256491192,0.14768338756263769,0.07601285481967526,0.37006417458809643,1.0149175590620592,-0.049055353505536914,0.0,0.0,-0.10295871703980043,0.9946856300286631
0.22396235320827662,0.03881761765613393,0.004274903151851861,0.0,0.0,-0.15821322982273348,0.059795315681885494,0.7618389722103115,-1.6652803992709295,-0.06119447902668905,0.9344578858178398,-1.7562405858188865,0.17943675817850135,1.093670402725156,-1.647344291783296,-0.2830630839587401,1.2342642187499084,-1.6830897988894815,0.40175741327066805,-0.6262829714956185,1.142943974011219,0.02107341341728053,-0.5071378300109738,0.020644737335924892,0.02516876149009197,-0.024717114494146347,0.22396235320827662,0.03881761765613393,-0.15821322982273348,0.27663826218877846,0.21244153819267564,-0.15901135727492333,-0.28129791796016523,0.17672002035152312,0.15852157107312032,-0.2667246251181046,-0.27231426588196644,-0.19044777258712983,-0.25850397380513923,-0.30383143752351555,0.21168500679735164,-0.22596417991941095,0.14468446920207154,0.07625199582401522,0.36935002707160935,1.0194721716241193,-0.04919870890444144,0.0,0.0,-0.10453231244139494,0.9945214907962796
0.22284441602079158,0.03417611858127338,0.004152918700128794,0.0,0.0,-0.1348428894209553,0.0513543177109499,0.7511324137449267,-1.6516723701587093,-0.047427955011909086,0.927741398031895,-1.7612532675266264,0.17528861961685707,1.0808211312844207,-1.6480320600362923,-0.29051395219105924,1.2320279593651111,-1.6759839814442856,0.4084747009552441,-0.6404497978778982,1.1500083231008968,0.02222107608730974,-0.5016654173915204,0.02125555645817746,0.025192865457099218,-0.024785117138750277,0.22284441602079158,0.03417611858127338,-0.1348428894209553,0.27672306906718475,0.21371227627139364,-0.15673799400484606,-0.28428142446025395,0.17928167283212093,0.15480715271482978,-0.267566225695218,-0.2685851608280586,-0.18953350622971665,-0.25999820657039524,-0.30461342932295793,0.21361851917842137,-0.22557834166820637,0.1417193766913404,0.07645884763524581,0.3687380272457953,1.024003111399137,-0.04939922511291045,0.0,0.0,-0.10587325892196738,0.9943796322558313
0.22161152882214658,0.02873182803583112,0.00401438536265647,0.0,0.0,-0.07585371109228004,0.047828125480849006,0.7403000229969621,-1.6395901775417419,-0.03568624412246907,0.9248328676733834,-1.7704335432499647,0.16943851838676402,1.0677401267278652,-1.650193554850725,-0.29814828581248337,1.2293679165438964,-1.669884221914869,0.41507211477997213,-0.6546491929688133,1.156058749757134,0.023326498868230447,-0.49624185783502,0.021914229632014982,0.025211671380720172,-0.02484061103538037,0.22161152882214658,0.02873182803583112,-0.07585371109228004,0.2768043789367836,0.21523976193378275,-0.1558196204381079,-0.286438800004135,0.18139137939983038,0.15160793678164391,-0.2674151234708308,-0.2645164868563487,-0.188129812979067,-0.2615305498754362,-0.3050895460231607,0.21558295456910342,-0.2251002862344874,0.13884402535641613,0.07663363116047385,0.3684528809880206,1.0284739566537051,-0.04973916391071935,0.0,0.0,-0.10662750231677377,0.9942990373874886
0.2206750385023011,0.024740305604486684,0.003910714832063011,0.0,0.0,-0.04122036037981383,0.046706854347856035,0.7289265735218156,-1.6294110044836996,-0.025892653502523705,0.9254102457601292,-1.7805549485179097,0.1633718641331561,1.0561910967987316,-1.652058763572803,-0.30458107640823506,1.2266815794775119,-1.6649813439983587,0.4214070355519654,-0.6690756843353697,1.161587803123089,0.02440572323170135,-0.4910014768202716,0.02260066255425606,0.025231219693803444,-0.024888830837041426,0.2206750385023011,0.024740305604486684,-0.04122036037981383,0.276883644481691,0.21719751749282426,-0.15556495892723113,-0.2879857046047213,0.1826728126225033,0.14894221354196505,-0.2668188199717449,-0.26092770202323057,-0.18663541563594718,-0.26296013928306017,-0.3053263927996792,0.21724811124711707,-0.22470983171304262,0.13600993108588144,0.07673015211456856,0.3683796237689529,1.0329096959187436,-0.050155698796376026,0.0,0.0,-0.10703734690460152,0.994255000675191
0.21962685659677292,0.01937692210109334,0.005474509313130316,0.0,0.0,-0.005601513686514488,0.048058937026116084,0.7169966693394464,-1.6211890019476416,-0.018102617468685224,0.929572724808867,-1.7916442634394532,0.15708249477812902,1.046217634270971,-1.6536192552974591,-0.3097781337296158,1.2239681999557295,-1.661309405301626,0.42747199395671465,-0.6837357340667104,1.1665806473734286,0.025458003694298993,-0.4859494867448052,0.023315645136440574,0.025251531521252427,-0.02492956955729124,0.21962685659677292,0.01937692210109334,-0.005601513686514488,0.27696080753006613,0.21959823467177633,-0.15600544949362205,-0.2889027205249529,0.1831156438462019,0.14682770506441528,-0.26579191532113233,-0.25783450932717333,-0.18505271960450495,-0.26430298794983353,-0.3053164036006285,0.2186052656327605,-0.22441811971826203,0.13321492176864638,0.07674836043953182,0.3685248775533192,1.0373093302433305,-0.05065100933335576,0.0,0.0,-0.10709304006661789,0.9942490034037197
0.21885258458070928,0.014689645900363108,0.008068391336844838,0.0,0.0,0.025599853706220112,0.051914472813503025,0.7049770372418259,-1.615577845619275,-0.014190613077237107,0.9390135075037295,-1.803709959754577,0.15251913337180253,1.0407956792758062,-1.6537035457216775,-0.3111136734772187,1.2226411167245645,-1.6608048029817069,0.43302008710228473,-0.698524974286556,1.1707291637475674,0.026474983306028505,-0.48141853840878385,0.024067803742722237,0.02527592482510954,-0.024959124570999008,0.21885258458070928,0.014689645900363108,0.025599853706220112,0.2771026248542162,0.22238878542450788,-0.15714980421986957,-0.28908067993515074,0.1822877394567392,0.14575823227151619,-0.26414392615041477,-0.2562858714153493,-0.18389606931405966,-0.2652636251166921,-0.3050607768239721,0.2189639124011983,-0.22437180108357024,0.13050409372930452,0.07666033155247012,0.36902757745831977,1.0416583155210202,-0.051269219812149026,0.0,0.0,-0.1068385102670863,0.9942763864861267
0.21825465614211836,0.009984854760976509,0.012428283046644896,0.0,0.0,0.033032255014297206,0.05642934910093366,0.6934089835446614,-1.6109529245071685,-0.01191163701542583,0.9501463299473892,-1.8157957128893871,0.1489849305496766,1.0369449232060175,-1.6531751264746373,-0.31069362980241955,1.2218494307822907,-1.6615272240283399,0.4382601419033913,-0.71335746634465,1.1745402063601291,0.027479777560354433,-0.47712113611543405,0.02483490230560375,0.0253020763294234,-0.024984722330163304,0.21825465614211836,0.009984854760976509,0.033032255014297206,0.2772835431835399,0.22518851736179413,-0.15847769395329048,-0.2890005176599747,0.18103105373761597,0.14513128604788697,-0.2622949941402864,-0.25528786234302947,-0.18300288223952224,-0.2660484549029482,-0.3047099621773632,0.21887704286594836,-0.22446724392319542,0.12784159318013405,0.0765005833838426,0.3696523286005725,1.045988421743879,-0.05193668187488444,0.0,0.0,-0.10651007252682061,0.9943116234110569
0.21761801443926565,0.004673585716677895,0.017783696799038295,0.0,0.0,0.03751808733218196,0.06163907925096858,0.6843424594173062,-1.6086402137119036,-0.013960912949047471,0.9643491211418926,-1.8268919630119438,0.1489845015681707,1.0363376283874879,-1.6510465202423241,-0.3052752358982195,1.2223478357952375,-1.6652172514452386,0.44244278308290713,-0.7282748692310778,1.1775049690443737,0.028459419388897175,-0.4734804236974853,0.025639692836333664,0.025332993160610877,-0.025001836904826075,0.21761801443926565,0.004673585716677895,0.03751808733218196,0.277599756176082,0.22756050848169113,-0.1599873529094559,-0.28850348583103763,0.1788548639652389,0.14564103237630702,-0.2601182936540719,-0.2554883420337894,-0.18304669444988908,-0.26634116709796735,-0.30412881344542975,0.21754275003011286,-0.22503137851854355,0.12529588929652163,0.07615852250966203,0.3706491997603324,1.0502750194416597,-0.05272801422800585,0.0,0.0,-0.10613701832737941,0.9943515139730886
0.21714096218129303,0.0006479860622190421,0.02180227042677119,0.0,0.0,0.04013448803989345,0.06677606576480559,0.6784970329787868,-1.6072310720785306,-0.018538177237273037,0.9772035442292694,-1.8356385120692162,0.15143066424374985,1.036277845931741,-1.6485849203398593,-0.2973984949863871,1.224513315380766,-1.6691961120814087,0.4459208842868416,-0.7427378547592809,1.1800767107365224,0.029433514833307063,-0.4703182361017052,0.026461863536566807,0.025365032761608466,-0.025018569726783495,0.21714096218129303,0.0006479860622190421,0.04013448803989345,0.27799489105550146,0.2291021711985228,-0.16147016265617833,-0.2879507192330657,0.17673207069849248,0.1468009289362139,-0.25806035117902676,-0.2559029117301763,-0.18374329182481108,-0.26630447484049674,-0.30393543827028763,0.21559022407525086,-0.2258015576696388,0.12288618183766403,0.0757261781283872,0.37174103221124455,1.0545364828923576,-0.053591299287151,0.0,0.0,-0.10573793188977496,0.994394031438078
0.21650676628248028,-0.004654739056936353,0.027157684179164594,0.0,0.0,0.042847004756856724,0.07183763642723698,0.675991030266652,-1.6067586919436088,-0.025736294758433826,0.988660067319869,-1.8419490445118678,0.15641329337197957,1.0367856885378177,-1.6457780943467069,-0.2869731004421537,1.2284071090129702,-1.6734744161367412,0.448668564454867,-0.7567297300467112,1.182240993930743,0.03040186014886077,-0.46765215179094927,0.02730205286150934,0.02539823637702144,-0.025034906772466805,0.21650676628248028,-0.004654739056936353,0.042847004756856724,0.27847184699315286,0.22978045114279255,-0.16292543140760493,-0.2873548869379123,0.17465242084461965,0.1486247354018278,-0.2561224708721056,-0.25654022261452536,-0.18511619445058392,-0.2659199069434747,-0.3041411529509496,0.212996252136178,-0.22677018220559644,0.12061203452727821,0.07520529590419674,0.37293662714750603,1.0587718887970994,-0.054529180212949245,0.0,0.0,-0.10531185412578961,0.99443924569608
0.21618562787513876,-0.009067189928794912,0.030889037924890225,0.0,0.0,0.047236645033390416,0.07678037797673926,0.6810347063896742,-1.6078615723034508,-0.03555225230789163,0.9939666556624263,-1.8447234557511714,0.1652170259935344,1.0365408805127327,-1.6443938905229936,-0.27327119351293144,1.2373818980100055,-1.6767434934870553,0.4501162572190738,-0.7695068586617698,1.1839258090521279,0.03134597111224691,-0.4659456808406574,0.02815638272575311,0.025430302713245437,-0.025049777132853005,0.21618562787513876,-0.009067189928794912,0.047236645033390416,0.27908119842266804,0.22843516312972356,-0.16434380869453968,-0.2867692150427798,0.173674521853524,0.15111455496681764,-0.2545648539590584,-0.2567141192851098,-0.1874817682371721,-0.264868530193187,-0.3058781646614207,0.2095243743580248,-0.22778439204300688,0.11861458342383766,0.07456746401752554,0.3742113970343583,1.0629656607141857,-0.05558727412538308,0.0,0.0,-0.10484210264010642,0.9944888805381392
0.21710278827849827,-0.012367519600874826,0.029760253472396747,0.0,0.0,0.05074184926163016,0.08154519740492085,0.6892463322728863,-1.6097552515566347,-0.046066479990258216,0.9962390400469306,-1.846227802336216,0.17511631408706246,1.0359061509370804,-1.6438724882900713,-0.25861504720524037,1.2482814714312545,-1.6792617626488209,0.4510014913976193,-0.7817663978785271,1.1855228170752525,0.03227426041848953,-0.4646090492606163,0.02900651644449677,0.0254625350353308,-0.025063761044293642,0.21710278827849827,-0.012367519600874826,0.05074184926163016,0.27970740851014847,0.22625939129511746,-0.16570554935767956,-0.2861638344949192,0.17330193796260462,0.15377219450204485,-0.2531670925634073,-0.25662529622034014,-0.19011472624614237,-0.2635611194040951,-0.30825188402103315,0.20579503971756546,-0.22873724687424937,0.11672774190837477,0.07387395527786139,0.37546079729147597,1.0671535804867742,-0.056687130127102074,0.0,0.0,-0.10433746709438627,0.9945419513325358
0.21915735773843653,-0.01513310044276878,0.024448043236939557,0.0,0.0,0.06458806036788414,0.08548701909155788,0.7058319369904119,-1.6140967588871715,-0.057324255055461036,0.9892417082133204,-1.8449635938383067,0.18651291382355725,1.0340366495343356,-1.6463639413794646,-0.24259497416922152,1.2636980657967234,-1.6788939110075052,0.4503532288452754,-0.7926361100175057,1.1871999917695155,0.03314515990384207,-0.46415961963626057,0.0298176601466436,0.02549697755826995,-0.02507465538712075,0.21915735773843653,-0.01513310044276878,0.06458806036788414,0.2802716085615639,0.22194086046764533,-0.1668140048790396,-0.2854744190999325,0.17492825725350963,0.15663469041111255,-0.2522789671215144,-0.2556557169225166,-0.19307515751709167,-0.26172779237967636,-0.3123471908928921,0.20168499983428528,-0.22954082678371604,0.11513901529744115,0.07304232591790183,0.37656488161764684,1.0713580282261737,-0.057873469544574584,0.0,0.0,-0.103695089975673,0.9946091334363149
0.2216279092289318,-0.01640908024160445,0.01675452804192901,0.0,0.0,0.078031613183295,0.08971472521527413,0.7247918609243152,-1.620752366116413,-0.06771983195526006,0.9771862508585836,-1.843476897248855,0.19745398370119144,1.03213295684411,-1.6511259686488364,-0.2272009285739995,1.280995285854888,-1.677241054291909,0.4487443676648234,-0.8024959206007986,1.1890094217199543,0.03395686703375892,-0.46405848316275156,0.030589323705778604,0.025531839059952356,-0.025081930234311864,0.2216279092289318,-0.01640908024160445,0.078031613183295,0.28068533023962605,0.21724823020538941,-0.16796540191613962,-0.28435818822121384,0.17783475711870153,0.15928128339051675,-0.2515628520515296,-0.25428122889895427,-0.1958395168115004,-0.25965664398269495,-0.3171540960720869,0.19769098533109639,-0.22998974936250785,0.11375588036645382,0.07213667545892556,0.37749287765244327,1.0756064911301315,-0.05908767896919285,0.0,0.0,-0.10291894885435847,0.994689745582367
0.2249318730396043,-0.01796963447295949,0.006501647070623895,0.0,0.0,0.09208125335634058,0.09424120400888956,0.7462331430556667,-1.6298263974201215,-0.07721434110023301,0.9598446377338138,-1.8417576823670132,0.2079189875378051,1.030193531455902,-1.6582609320489254,-0.2124611329681322,1.3002579139115704,-1.6742452619454038,0.4461316021804055,-0.8113003012795855,1.1909570692536922,0.03470671330041318,-0.46432134158049637,0.03131972727938908,0.025567138428763986,-0.02508542241188339,0.2249318730396043,-0.01796963447295949,0.09208125335634058,0.28094178968324107,0.21218425362790175,-0.16915406682371598,-0.28277683308224727,0.18208653207086156,0.16170410345346647,-0.2509909298628876,-0.2524892525096284,-0.198391825689657,-0.25733650809154385,-0.32269903498687513,0.19382011510270755,-0.2300396102547998,0.1125881128820348,0.07115840482929489,0.3782426115228779,1.079900953488854,-0.060331014835705465,0.0,0.0,-0.10200298243734175,0.9947840929437338
0.2277859916097442,-0.019417704465939618,-0.0023791127694905434,0.0,0.0,0.1146723400202324,0.10030329080585074,0.7658736277371636,-1.6430413023783603,-0.08406716271733405,0.9383572751226344,-1.8421109310136392,0.21541129066967016,1.032191310937588,-1.6686241073677168,-0.19927575843981887,1.3206191902550357,-1.6737139970064163,0.4417101967936527,-0.8185308162982644,1.1934841183515694,0.03529560754899506,-0.46460254311275023,0.031937213856368656,0.025606459073829822,-0.025087182530954193,0.2277859916097442,-0.019417704465939618,0.1146723400202324,0.280945396122451,0.20825911501338393,-0.17068347409003043,-0.2802142668625747,0.1877038433164304,0.16343184264372504,-0.25031971991393637,-0.2512606022150078,-0.2000153645392359,-0.2548191803734243,-0.3279895111070468,0.1902501607916535,-0.22936702022868843,0.11176908554783901,0.07002393494289592,0.3785297687923519,1.0842706681444092,-0.06161743095323724,0.0,0.0,-0.10086217317412878,0.9949004080924844
0.2307078794502175,-0.020833808739183758,-0.011445264905117492,0.0,0.0,0.12381877652478954,0.10715487107741982,0.7837883082863227,-1.6577249904378097,-0.08975732728588175,0.9162790926459895,-1.8435739702903307,0.2214639537179699,1.036582710078129,-1.6798705199303532,-0.18694346754525165,1.3408098210795563,-1.6746187796099827,0.4365933202923492,-0.8251001945195289,1.196228918691094,0.03580917897992408,-0.46484066417010933,0.03250293075465238,0.02564736923131232,-0.02508895746163594,0.2307078794502175,-0.020833808739183758,0.12381877652478954,0.28084662517246145,0.20508678801650804,-0.1723710289490292,-0.27722397660592585,0.19361812764617745,0.16483773381550115,-0.2494662130287308,-0.2505591645289513,-0.20118918955185483,-0.25226119461004937,-0.33289300543670197,0.18688466242142726,-0.22834137539406593,0.11109010630616746,0.0688402070726495,0.37862125527242113,1.088671126617835,-0.06292054599795774,0.0,0.0,-0.0996302223448091,0.9950245317556367
0.23548018368816406,-0.02290303875781363,-0.0187741019404844,0.0,0.0,0.14707007517752171,0.11650641319843356,0.7943870471074022,-1.6755320842449466,-0.09221827353422436,0.8958949996874901,-1.8486536832956162,0.22316318521132822,1.0494083991417507,-1.692117012464082,-0.17743726418568623,1.358758192795972,-1.6804618652050307,0.42981659219815244,-0.8299185862907992,1.1994778101260843,0.03610142263082355,-0.46482085952391994,0.03291925730613558,0.025692206735794358,-0.02509287415215602,0.23548018368816406,-0.02290303875781363,0.14707007517752171,0.2804875855262463,0.20448864295567187,-0.17463550805183808,-0.2732796498815789,0.1995360522707041,0.16536541736873786,-0.24824560310358765,-0.25203444714447515,-0.20111145685376194,-0.24976764239631397,-0.3361800106556374,0.1841917882447679,-0.2267886105741223,0.11078060015702745,0.06753602642702239,0.3782172516385014,1.0931505515025208,-0.0642639283950511,0.0,0.0,-0.09816673126973524,0.9951699818984773
0.2409470995432614,-0.025308779345390893,-0.020462322908525177,0.0,0.0,0.16291463228128292,0.1271019150198501,0.7989885690263832,-1.693893745398291,-0.09356964769988105,0.8789332919539176,-1.8559405938363986,0.22250790786571248,1.067895946451103,-1.7040130705214456,-0.1696024661561335,1.3737729074290157,-1.690378590558583,0.42224616396169307,-0.8336313947175557,1.2030060742623527,0.036253327109779306,-0.4645578658853013,0.03323959518904581,0.02573946076713932,-0.02509489222071492,0.2409470995432614,-0.025308779345390893,0.16291463228128292,0.2800956610948421,0.2056740397128488,-0.177148925398821,-0.2689732014512064,0.20479854478416976,0.16556845546128904,-0.2466746769495063,-0.2550986405416431,-0.20037281891201375,-0.24732778854731116,-0.337863804644907,0.18193805338094005,-0.22510018876411908,0.11068420527587779,0.06619112351132536,0.3775036945687995,1.0977297971168387,-0.06565938417155,0.0,0.0,-0.09654532348003367,0.9953285892177195
0.2507311054073526,-0.029069548843381435,-0.0177907139564365,0.0,0.0,0.179607067789857,0.1390079258260527,0.7972720352789531,-1.7128396421097785,-0.09375208995949763,0.8655770600128638,-1.8655527824392681,0.21937216030290507,1.0923482497724193,-1.7155399465790158,-0.16352849020264495,1.3856970203610561,-1.7045868870157457,0.41383957425848833,-0.8361794733657286,1.206828656964577,0.03625738455985601,-0.46403867314354735,0.0334588092071219,0.025789260604562093,-0.02509491009494433,0.2507311054073526,-0.029069548843381435,0.179607067789857,0.2796690926099053,0.20867939304462407,-0.1799021416922829,-0.26425489431907423,0.20935688930472995,0.16543726266126643,-0.2447790908872759,-0.25979321813198497,-0.19894508930488483,-0.2448874058467198,-0.3378825160730974,0.180138309768855,-0.2233126454547442,0.11080878959255043,0.06479822023823607,0.37646647908589687,1.102414203664431,-0.06710969914610564,0.0,0.0,-0.09475748726461444,0.9955003860407571
0.2604962459893902,-0.03299498360999581,-0.012817092311497023,0.0,0.0,0.21041045547674458,0.15070586037248926,0.7876148271159485,-1.72882211036407,-0.0932041611432886,0.8575192112475635,-1.8794386745072325,0.2131176678499638,1.1249270827437816,-1.7259642319897044,-0.16029542123970508,1.3902394896229873,-1.7249534584295287,0.404647194601309,-0.8368186608243448,1.2108072373442924,0.03604039280281331,-0.4631868133034844,0.03349526106075455,0.025837353667996537,-0.025090475156992816,0.2604962459893902,-0.03299498360999581,0.21041045547674458,0.2793840325365846,0.21343655536793868,-0.18255223565340656,-0.25983190840176756,0.21299397494696184,0.16505791887611265,-0.24222101447654346,-0.26677469006496646,-0.19666260789369028,-0.2423802091576314,-0.33485615619910264,0.17909586022883275,-0.2217657929879284,0.11126046152234112,0.06340214297935759,0.3750305646335807,1.1073595635019815,-0.0686934245123456,0.0,0.0,-0.09266264061001522,0.9956975620313525
0.2705220690741194,-0.036890154320052264,-0.007721996651245677,0.0,0.0,0.22291263128146796,0.16203697749341914,0.7755307076642146,-1.7434246488488638,-0.09242060468890345,0.8509068271288505,-1.894407574947064,0.20581297282702643,1.1597556494749512,-1.7357217440238366,-0.1580074091370289,1.3916721601898854,-1.7469101536732454,0.3952377492991777,-0.8366854752485569,1.2147328887994473,0.03574018721253826,-0.4622748965540758,0.033460063967280664,0.02588488586927549,-0.025083173809644695,0.2705220690741194,-0.036890154320052264,0.22291263128146796,0.2791564089174454,0.218592346653502,-0.1850367701158696,-0.25551561586427135,0.21631190668614567,0.16460386412350345,-0.23946304610885707,-0.27432616131801657,-0.1941064213494966,-0.23972638001339405,-0.33078287463029177,0.17831432834725905,-0.22035031814891956,0.11182505401607296,0.062012048495633146,0.37348602365767136,1.1124115763948514,-0.07032958726183727,0.0,0.0,-0.0904428747540783,0.9959016449460348
0.2818542328200559,-0.04119287976960014,-0.0019693782982929675,0.0,0.0,0.2547711861271239,0.1715813065843221,0.7596642189444267,-1.7539762354527522,-0.09122011335029345,0.8458504221187191,-1.910170071400128,0.1964827412560301,1.1971528272216114,-1.7431185291363638,-0.15749999551245802,1.3848369833655085,-1.7701748216954547,0.3855825553003418,-0.8345913305305519,1.2181728914953194,0.03524756004424912,-0.4614361483388796,0.03324992112063159,0.02593138679423226,-0.025065372194288872,0.2818542328200559,-0.04119287976960014,0.2547711861271239,0.2790751526705348,0.22419724790063758,-0.18707637393742582,-0.2519151216232314,0.21925157077382387,0.16404061160663086,-0.23659074795538507,-0.28281412564809694,-0.19108023825778983,-0.23715901653257537,-0.3245202968147505,0.1780719679605021,-0.21959524702321787,0.1126861460382251,0.060682637157679034,0.37182349689774613,1.1177375962814455,-0.07209421162350237,0.0,0.0,-0.08790531079519205,0.9961288352085792
0.2903093367790965,-0.044763368754855724,0.002347248104901667,0.0,0.0,0.272996443291496,0.1790808360450541,0.7438754516725362,-1.7622479813603253,-0.08972999562795925,0.8388273853522084,-1.9238608049658625,0.1864748135065807,1.2326365629067775,-1.7482410907172239,-0.1572770895436406,1.3740136889884111,-1.792430272469153,0.37619355249290315,-0.8312642701829857,1.2210435841519098,0.034682181708586356,-0.4607892418996646,0.032959135553727946,0.025975487096450076,-0.025043155080101527,0.2903093367790965,-0.044763368754855724,0.272996443291496,0.2790776337855137,0.22943600925618,-0.18860408113287117,-0.24887850282837154,0.222384019121542,0.1634420384419605,-0.23403260825357095,-0.2910551439195665,-0.18798340376458209,-0.23479814646245506,-0.3175718026921575,0.17795540550188388,-0.21919824123041592,0.11369996396511262,0.05944621860275168,0.3702006452006584,1.1232229425356937,-0.07392628313615338,0.0,0.0,-0.08518558693765128,0.9963651016460221
0.2998587684715816,-0.04895838004136492,0.007715502467293966,0.0,0.0,0.2923524297279427,0.1844088220968842,0.7281692232936623,-1.7680985741317272,-0.08793229947332296,0.8297158181667329,-1.9353513605892656,0.17574718361720457,1.2660882547497745,-1.7509484644979239,-0.1573563260026276,1.3589550796896221,-1.813613951206207,0.36708724033087503,-0.8266278738155962,1.2233096789568663,0.03403954283567146,-0.4603460682556033,0.03258270875085146,0.026017037976998836,-0.02501624877913855,0.2998587684715816,-0.04895838004136492,0.2923524297279427,0.27916904259473085,0.23431951027516532,-0.1896225643922282,-0.24647994307696144,0.22573297585201657,0.16280642529113035,-0.23180704581281275,-0.2990815067797825,-0.1848142522982233,-0.23268579987311094,-0.30989509913984237,0.17796379720864788,-0.2191312512085058,0.11487875293939238,0.0583046341369212,0.3686180570379736,1.1288774907588959,-0.07582998240832237,0.0,0.0,-0.08227232531288627,0.9966098858066834
0.30674195015101213,-0.052832846080989426,0.012069652215218605,0.0,0.0,0.30927713255281086,0.18736326551208132,0.7131231364149312,-1.7712130798743322,-0.08409391185985157,0.818231892127257,-1.940694898366928,0.1634500479468931,1.292566326948313,-1.7472645812309704,-0.15747984470083162,1.3388293545979717,-1.8299705443473964,0.3588190316580808,-0.8194821505592419,1.2238389746500895,0.03334411419928073,-0.4606342969032434,0.03211320886531701,0.026050506983525477,-0.02498115373488802,0.30674195015101213,-0.052832846080989426,0.30927713255281086,0.27938625388420546,0.2386870114386889,-0.1901227951870335,-0.24485681057362646,0.2290055627728335,0.16179763234781175,-0.23084982935921314,-0.30645772799136545,-0.1815279775104632,-0.23185559079272539,-0.3020008962804634,0.17810180616420368,-0.2198136689947299,0.1163903605541252,0.057413556471398904,0.3673644274852001,1.1347337789260425,-0.07782502293300173,0.0,0.0,-0.07918964535734349,0.9968595688802802
0.3119734190419003,-0.05669085242276266,0.01614846002597065,0.0,0.0,0.3136262326308822,0.18964041285933203,0.6982090383624809,-1.7731869068856423,-0.07951689379003218,0.8068099868698766,-1.9433852475709643,0.15051094041420943,1.3157851287665268,-1.740743824209159,-0.15741608804091817,1.3168382098755025,-1.8441988371599174,0.35096214346301136,-0.8112733834781332,1.2236877980713663,0.03263453616706945,-0.46122442579899836,0.03161243672142382,0.026079935890335876,-0.024943236928755563,0.3119734190419003,-0.05669085242276266,0.3136262326308822,0.2796518286833396,0.2428725765447689,-0.19047776121241816,-0.24347552145300969,0.23198788151897964,0.1606651906755664,-0.23043851697503787,-0.3135174806083958,-0.1781977451973134,-0.23147980017195174,-0.294103256599728,0.17822085193075216,-0.22066034518997604,0.11803435864255518,0.056621513534993714,0.36622128300630585,1.1406596284359691,-0.07985395128623786,0.0,0.0,-0.07606284278561236,0.997103025743765
0.31745719414251494,-0.06078577808346758,0.02064910233737227,0.0,0.0,0.31687243831518963,0.19108141536036358,0.6832087348000366,-1.7721620700680294,-0.07333729007782863,0.7987300487091911,-1.9388271045799441,0.13592156538596564,1.3293713305432058,-1.72624410631565,-0.1562377652153373,1.2906904286490044,-1.8524816835728972,0.34437380974682497,-0.8002189233039437,1.221879641023966,0.0319115302901572,-0.46259906128622014,0.031052229326003464,0.026096715323197153,-0.024899693071627274,0.31745719414251494,-0.06078577808346758,0.31687243831518963,0.2800321922852443,0.24675783285824207,-0.19071840315486607,-0.24269885286174614,0.23350428872804788,0.15928001659003546,-0.23169787593270175,-0.3197349939409042,-0.1747434105764289,-0.23291369695495662,-0.2863254402784991,0.17821465528344782,-0.22242726889923145,0.12004889199118648,0.05616127958202121,0.36531713332472465,1.1467243544757364,-0.08195928527185543,0.0,0.0,-0.0729029162480284,0.9973390420526678
0.32147728542256904,-0.0643560507377641,0.024025991129188184,0.0,0.0,0.31871609480318935,0.19255028835211235,0.6688468497819626,-1.7686179169955163,-0.06687866852511298,0.7969266987190796,-1.93132302007423,0.12145781259124105,1.3370903386519506,-1.7073929143639712,-0.15504477984415224,1.2621294436259913,-1.8570331214712217,0.3387494488404348,-0.7877014717087151,1.2191152287503848,0.031197664224936705,-0.4645232336165813,0.030467213870276916,0.02610340966986349,-0.02485398026272798,0.32147728542256904,-0.0643560507377641,0.31871609480318935,0.2804777927768345,0.2502200396030087,-0.191051090120707,-0.24236544353105413,0.23325205236378577,0.15787292082393287,-0.23379046142898788,-0.3253898235691915,-0.17141834278956825,-0.23521142583414137,-0.27861852431666256,0.1782614214453752,-0.22458177387257885,0.12224435497486973,0.0559120232805405,0.364576585138316,1.1528693641034455,-0.08410609479492098,0.0,0.0,-0.06972386592658425,0.9975663298850116
0.3269735342520871,-0.06842573386586043,0.028526253747540583,0.0,0.0,0.32069147819923816,0.19404899780280319,0.6551684169815134,-1.7623767365629854,-0.060121347375500546,0.8018426837829444,-1.920665189050711,0.10712854334941253,1.3385282846597526,-1.6838832979018867,-0.1538360976399137,1.230985028812518,-1.8575899394658897,0.33415705882585955,-0.7736178301274774,1.2153271075624685,0.030493582688415267,-0.4670357067997639,0.029855640408081495,0.02609930753421325,-0.024805945505459722,0.3269735342520871,-0.06842573386586043,0.32069147819923816,0.2809932319304118,0.25324498237937926,-0.19148808294040628,-0.24252467220690727,0.23106846598694894,0.15642465536866634,-0.2367648779800939,-0.3304551353502006,-0.16819735806528913,-0.23848484760207175,-0.270937407309628,0.17836798183624314,-0.2271792884278897,0.12464297819763138,0.055895223079816876,0.36400249459957146,1.1591003204767523,-0.08629730551575243,0.0,0.0,-0.0665243971856748,0.9977847987312106
0.3307943191322602,-0.07164983384931645,0.032014338872751735,0.0,0.0,0.3238065571325115,0.19546505285856822,0.646841096333586,-1.7520253314421723,-0.05506266187876444,0.8197072790935644,-1.9067345967946139,0.09519744702041677,1.327958272483486,-1.6556340616482943,-0.15376743231900036,1.19698760500894,-1.8505646254007628,0.331243808990201,-0.7576530302086695,1.2100545166490166,0.029787258753248533,-0.47069206024305194,0.029226484936841095,0.02607985940994695,-0.02475367287899224,0.3307943191322602,-0.07164983384931645,0.3238065571325115,0.2816188429267361,0.25445913483540894,-0.19211463236376647,-0.24374980773863336,0.22533610485236114,0.1554048161120179,-0.24057057765457512,-0.333491414668385,-0.16566639062204994,-0.24330264533698767,-0.26376833056437465,0.17887268231838144,-0.23054531436481612,0.12727966718331898,0.056242572388999754,0.36377542965830245,1.1654691921117217,-0.08855518135421274,0.0,0.0,-0.06329315582396201,0.9979949781566256
0.3299304042870151,-0.0715130976876838,0.033386755519759774,0.0,0.0,0.33069204965951465,0.1965108239450134,0.6417459441492189,-1.7400768817617347,-0.050783699396281336,0.842014840589119,-1.8921209192619877,0.08476536448758394,1.3123088178153228,-1.6262120358072802,-0.15426318286559898,1.1624518008186275,-1.8402128420197053,0.329012109253269,-0.7410673368722205,1.2041998772093885,0.029069489875557637,-0.4747945915621059,0.02859054509407054,0.02605468319961801,-0.024699704255908728,0.3299304042870151,-0.0715130976876838,0.33069204965951465,0.2822738054853219,0.2546547560857118,-0.19274975505524797,-0.24550766108357475,0.21828231898796324,0.1545443891922746,-0.24437822753273292,-0.33545717346519566,-0.1634712898335517,-0.24864569476889908,-0.25688322506840816,0.17954889677915067,-0.23409344202375276,0.13000979778954044,0.05672958747017805,0.36367018199519685,1.1718640115398626,-0.09081193937275267,0.0,0.0,-0.05999251969603533,0.9981988266775916
0.32506687631179193,-0.06844954339908657,0.03312228677364581,0.0,0.0,0.3661931567795487,0.19553726829158571,0.6482669635174366,-1.7242922212641973,-0.04877766122360929,0.8730292025093849,-1.877832903741644,0.07982911004756506,1.2830759445921733,-1.5962074963519206,-0.1565205103610284,1.1285278003376265,-1.8205996645757785,0.3285148124425457,-0.7233578721061349,1.1969295701441858,0.02828890105145267,-0.47997461474285674,0.02793846639374701,0.026016531774075702,-0.024641496827825904,0.32506687631179193,-0.06844954339908657,0.3661931567795487,0.2829543131475265,0.2512961863531573,-0.1931616234054343,-0.24893643812790414,0.20889420181465085,0.15421078361559598,-0.24780740523792433,-0.3339346128218133,-0.16272453341096094,-0.2552456557997994,-0.25152316245760176,0.18080583017510848,-0.23841098287258564,0.13288871396724106,0.0575719884140536,0.3639803311866329,1.1782288101430123,-0.09297573102566485,0.0,0.0,-0.05633678165821,0.9984118223620928
0.31764692924393345,-0.06425751834574844,0.031244598973828582,0.0,0.0,0.40444918965281085,0.19370716380385253,0.6631484283850743,-1.7083349365454454,-0.04758200909082706,0.9038546578242228,-1.8635765589200535,0.078527459444908,1.2468719069774337,-1.568305499278582,-0.1599391483916686,1.0983038384180803,-1.7957319365097928,0.3286400116406954,-0.7054967765624707,1.1889835183437054,0.027444481348189026,-0.48560021989620644,0.027260412390415486,0.02597617794974492,-0.024581910146830175,0.31764692924393345,-0.06425751834574844,0.40444918965281085,0.2835986969562677,0.2455223586831289,-0.1934313533976986,-0.2529030894871264,0.19934857034471773,0.1540495293432321,-0.25077347416048423,-0.3299277457158411,-0.16292699159253948,-0.2621930397797283,-0.2477970895350355,0.18242491397163535,-0.24293956359678154,0.13581821982703424,0.058539491131763426,0.3645096527175116,1.1844761417462275,-0.09499527227420072,0.0,0.0,-0.052298252355249854,0.9986315100178776
0.3079248563425541,-0.057766541133462475,0.028741905967202833,0.0,0.0,0.4457373574384686,0.19095270036576467,0.6870522073541688,-1.6921913615212996,-0.0472608985594259,0.9344762514273698,-1.8493543920608673,0.08114815215007035,1.2031448211234363,-1.5426724958591744,-0.16461103404155703,1.0720728347794377,-1.7651936725641681,0.3294369877817539,-0.687472046138003,1.1803082253497383,0.02653117748783331,-0.4917066822616525,0.02655432670592118,0.02593344737005492,-0.024520835022065934,0.3079248563425541,-0.057766541133462475,0.4457373574384686,0.28420409710647965,0.23705286363035605,-0.19350616663748846,-0.25730038146579953,0.1896668930208813,0.15408516290677246,-0.2532641201350817,-0.3231139949788229,-0.16422534920709575,-0.269407680883141,-0.24589936320174977,0.18446333267039267,-0.24774947074317116,0.13880336792274475,0.059648674333523034,0.3652766544548985,1.1905967068786802,-0.09685914329468051,0.0,0.0,-0.04784645911384337,0.9988547023217478
0.29947691279155925,-0.05270840237667215,0.026589079509274634,0.0,0.0,0.5104540001025606,0.18702724504356247,0.7225104263768705,-1.6785243362761475,-0.047881626488210975,0.9563981589789552,-1.8357226112141074,0.08947950902466487,1.1513160848273738,-1.5246651808802916,-0.16988779049223374,1.0573091297768642,-1.7299048052384343,0.33048765132060404,-0.6702029097538746,1.1712452752085842,0.02547317844493183,-0.4980403783802796,0.025778340283208256,0.025892823701724414,-0.024470068129281018,0.29947691279155925,-0.05270840237667215,0.5104540001025606,0.28474837319495583,0.2253954194342051,-0.19319136362197029,-0.2615551946466681,0.1821536465292876,0.1543422944532469,-0.25528301260508,-0.31210654615117855,-0.16715778721807015,-0.2761306960836688,-0.24779233240697932,0.1866947647717959,-0.2524164066965875,0.14172252823111112,0.06078127018806788,0.36628721147560434,1.196515881098233,-0.09847265361951504,0.0,0.0,-0.04274714197503783,0.9990859231582466
0.2907450499380459,-0.04723929830499536,0.02436135859730099,0.0,0.0,0.536914727552327,0.18297026546385453,0.76131645031273,-1.6661673787121596,-0.048705054742570614,0.9743915421601665,-1.8223828017138528,0.09993138287861059,1.0976335704326674,-1.510019327872075,-0.17503058878131753,1.047759466589643,-1.6934980301616314,0.3315452290340684,-0.653314588304897,1.1621178554800848,0.024349342234647728,-0.5043936018617102,0.02496870385500825,0.025854453896709647,-0.024423445984631635,0.2907450499380459,-0.04723929830499536,0.536914727552327,0.28526766028685063,0.21270995017010733,-0.19269158936930214,-0.26518834316072026,0.17558929891752553,0.15464406251062973,-0.2570732931792796,-0.2994607412352098,-0.170755748781287,-0.28202073292778973,-0.2513395948418966,0.18890142719754704,-0.2568402045047154,0.14462405276190496,0.061909962448862155,0.367334388689784,1.2023519183007565,-0.09998298061187727,0.0,0.0,-0.03738228635645844,0.9993010380594848
0.28185243947884425,-0.041080461294622894,0.019507963532724992,0.0,0.0,0.6048247259065088,0.17971106059849282,0.8042138144373867,-1.6581449955701832,-0.04945238074287767,0.9810886941850181,-1.8099576383829123,0.1151241650804868,1.0439628362655673,-1.5047961920499804,-0.1785831097513435,1.0533082708716388,-1.6569178476929687,0.33230404369533056,-0.6376385316252718,1.153132408857346,0.023034723941236814,-0.5105570293962952,0.024056137306615766,0.025826420402154326,-0.02438723167870194,0.28185243947884425,-0.041080461294622894,0.6048247259065088,0.28572282753884787,0.19923925759559075,-0.1921564602897636,-0.26747959141599886,0.172040269934968,0.15492612559575114,-0.25881036126853724,-0.2845893463183703,-0.17568708117623855,-0.2858180706845454,-0.2592547259591518,0.19055080780310396,-0.26042037929078077,0.14739653569384845,0.06292378086695903,0.36847375342077404,1.2079720050096507,-0.10122583387419574,0.0,0.0,-0.03133758283956032,0.9995088573403308
0.2762179921164868,-0.0374338574482474,0.012721565480416917,0.0,0.0,0.6005325229186129,0.1782401937525719,0.8439953156675271,-1.6526419103432162,-0.050563363197187905,0.9839523828660067,-1.7981279784670248,0.13171821664302327,0.9959480661469026,-1.5054449116667874,-0.18144625590111194,1.0669991375448604,-1.6239767424189138,0.3324693239723834,-0.6227118195965892,1.1446911681156895,0.02161842339690064,-0.516253145984732,0.023079201641779144,0.02580124200232184,-0.02435896679973946,0.2762179921164868,-0.0374338574482474,0.6005325229186129,0.28604797882815963,0.18691757590766758,-0.19191286067529922,-0.26852608822712926,0.16954863577054077,0.1553027500351246,-0.2604515245328305,-0.27002330867477803,-0.18093286947105075,-0.28756693166062686,-0.26903698573953616,0.19180528021406135,-0.2627836697409421,0.15009503447964637,0.06378801307945196,0.3694461055657726,1.2135009341515026,-0.10232923052703528,0.0,0.0,-0.02533464199847029,0.9996790264453933
0.2703204555510415,-0.03190641255150499,-0.00030609259668301636,0.0,0.0,0.5958744444015541,0.17871479922905564,0.8803871752550964,-1.6498794839359248,-0.052069955183049785,0.98264577669593,-1.7869461465340395,0.14983666165230342,0.9540862276290477,-1.5124814238112705,-0.18355945454767114,1.0895474779491239,-1.594994465892132,0.3319889183084552,-0.6086002942174675,1.1368419505082645,0.020091506177917717,-0.5214408908325892,0.022032240996710396,0.02577916956327569,-0.0243393498329589,0.2703204555510415,-0.03190641255150499,0.5958744444015541,0.28623169015806454,0.17594271142995957,-0.19203639638492132,-0.2684354996518101,0.16823713964459985,0.1557856014257784,-0.26202533416802626,-0.2560056419317768,-0.18644378795481598,-0.28722369458294744,-0.2808225535560026,0.1925864059951983,-0.26369410916907154,0.15270695637592385,0.06448172603337272,0.370247962492867,1.2189306960656092,-0.10328091706077638,0.0,0.0,-0.019377360375899808,0.9998122413257714
0.2660640846816983,-0.027513610179933576,-0.013688095630359776,0.0,0.0,0.5167828674074232,0.182496771520863,0.904775536977326,-1.6499718305869744,-0.053759921046618524,0.9802009112989676,-1.7793644645179698,0.16856013419321375,0.9297162282208999,-1.528295800233115,-0.18583574246328594,1.120636461875757,-1.576060705030195,0.3299910222681671,-0.596125812556309,1.1303009287669112,0.018443131555194312,-0.5256034160892548,0.020877116928414464,0.025754617309967916,-0.024325923788217973,0.2660640846816983,-0.027513610179933576,0.5167828674074232,0.2860357351242923,0.1688897958002821,-0.19295525906424155,-0.26736672325244415,0.1677582798342939,0.15629338261559386,-0.2630504819825229,-0.24574215971394014,-0.19172720501914675,-0.2841444875188895,-0.29328993356964356,0.1929864560669776,-0.26229807587637166,0.15511869076912319,0.06478013137078609,0.37072105533219457,1.2242561806566437,-0.10402349767704991,0.0,0.0,-0.014210243254474408,0.9998990293957929
0.26162083859369867,-0.02304631344592849,-0.02758531258083285,0.0,0.0,0.484367705256352,0.18724210345401182,0.9240317940711972,-1.6509345036286573,-0.0554659261296574,0.9776944105441754,-1.7731367613260565,0.18705266556487543,0.9131543005888275,-1.5472728804900082,-0.1883570748166394,1.1539232856952208,-1.5615353355040917,0.3273836792661596,-0.5842318540582296,1.1242955178022387,0.016758644228013184,-0.5293637657394774,0.0196818482274047,0.025728953214218985,-0.024314548945627533,0.26162083859369867,-0.02304631344592849,0.484367705256352,0.28568416633285015,0.1634744427104881,-0.19409942080306491,-0.2660199060508146,0.16749705498663833,0.1567977012745848,-0.263866218903517,-0.23739138730779583,-0.19667620895739588,-0.2799288338353791,-0.3055576518694167,0.19322383427155523,-0.25970618564771897,0.15746779447949796,0.0649158762358029,0.37103062948303767,1.2295376864763403,-0.10468345328878895,0.0,0.0,-0.009366888575199716,0.9999561297369098
0.2567081250913835,-0.017562007609346203,-0.043170000068271104,0.0,0.0,0.40098454370077585,0.19314818677062578,0.9293743297457693,-1.65312917301288,-0.05701464320568793,0.9763891628155342,-1.769983389773048,0.20334278245886306,0.918821503766454,-1.5729240441265007,-0.1921071685814799,1.188488542030636,-1.559322648896621,0.3232507641928702,-0.573527371295943,1.1196658778935673,0.015027171534781687,-0.5321501793626409,0.018397383759013203,0.025700108676504057,-0.024306817224267155,0.2567081250913835,-0.017562007609346203,0.40098454370077585,0.284932322621059,0.16228523294176753,-0.19557778003396561,-0.264682395156592,0.1673741594667118,0.1572352119599921,-0.26420297996788566,-0.2346988748151783,-0.20051309346980117,-0.27403567902870285,-0.3156970606941669,0.19345637758772277,-0.25534784450676323,0.1596635290379857,0.06466222447933202,0.3709263646446097,1.2347019088382902,-0.10514122570972315,0.0,0.0,-0.0053571437464165,0.9999856504024847
0.25298096350477556,-0.013991155824770153,-0.05486466151733704,0.0,0.0,0.3545065965485862,0.19825020887387484,0.9286069004581525,-1.6554338172651255,-0.05751563227162339,0.9755856732909496,-1.7689640080699554,0.21697246236726633,0.9358007559696067,-1.601181015372276,-0.1973331549133245,1.220311076308672,-1.5635149668042476,0.31819811821557015,-0.5635225673994193,1.115744919444506,0.013341352798026784,-0.534496642362613,0.01708892276376272,0.025663709227676287,-0.02430161854807431,0.25298096350477556,-0.013991155824770153,0.3545065965485862,0.2839573663301193,0.162876819701349,-0.1968674521473566,-0.263625670534178,0.16743749962921092,0.15737757604421893,-0.2643214073755492,-0.2349568728396713,-0.20329773458377964,-0.2676653354899782,-0.3236585379024125,0.19394124858643105,-0.25033719088029904,0.1617722202792251,0.0641743422219608,0.37062866113352705,1.2397978956309648,-0.10549590947966163,0.0,0.0,-0.001812094988162181,0.9999983581545291
0.24959920597911125,-0.009151656184302503,-0.06174016743898253,0.0,0.0,0.3035393815949516,0.20247046636918958,0.9211390474094799,-1.6578590642087734,-0.056867642301278096,0.9753324312086289,-1.7702848421266444,0.22768460423685533,0.9651852384066331,-1.6322956159710862,-0.20417766208545468,1.2491258355573944,-1.5747312602515395,0.31213685977630934,-0.554285058393502,1.1126011284784632,0.01170559995471906,-0.5363606385026986,0.015754146249561955,0.0256190247712836,-0.024299197707128208,0.24959920597911125,-0.009151656184302503,0.3035393815949516,0.2827377361603655,0.16541526259829126,-0.19795392375180582,-0.26286814964345007,0.1677049842463283,0.15719534655233966,-0.2642012304882895,-0.23830307896873448,-0.20495562149068414,-0.26078988337681275,-0.32923488543246426,0.19471912584577172,-0.24482069145893465,0.16377830989077405,0.06342649173545258,0.3701259879791336,1.2448190526606941,-0.10573754224997872,0.0,0.0,0.0012233021921323165,0.9999992517655935
0.24782312192826467,-0.005484106300286797,-0.06127991140462002,0.0,0.0,0.2435905479732341,0.20414276578678528,0.9086713822415249,-1.6619599742385056,-0.05326248873741602,0.9722112050423257,-1.7745158007511723,0.2322934813654192,1.0084651980835635,-1.6641656773594693,-0.21282374006337798,1.2708439752459515,-1.593438314130672,0.30489312083675346,-0.5459941184291477,1.1101553761042082,0.01026028199479564,-0.5379517055474794,0.01441018270830129,0.025560107771665435,-0.024290671778054766,0.24782312192826467,-0.005484106300286797,0.2435905479732341,0.28148775963256,0.1696514486211667,-0.19833984912173802,-0.26235629326812243,0.1691818608857958,0.15621223363660508,-0.2640375664038165,-0.2453171291108682,-0.20472499557407384,-0.254008184282931,-0.3312595101785474,0.1959419689504805,-0.23941923873557797,0.1656620315290366,0.062383884977389545,0.36951844125000805,1.2497827296073618,-0.10583754782923138,0.0,0.0,0.003659202219916322,0.9999933050971459
0.24758439112761252,-0.0022546804177888584,-0.05163776043516088,0.0,0.0,0.22228788000530578,0.2046003946676278,0.8950174032495576,-1.6668483816946926,-0.048585811003039846,0.9680012493895799,-1.77983023541478,0.23437433731025814,1.056363859858649,-1.6957074956825138,-0.2222250101622191,1.2895082020415707,-1.614609696114292,0.29729504181215416,-0.5379543384680383,1.1079382830514357,0.008910619506563196,-0.5395227594014543,0.0130739934908119,0.02549394158771835,-0.02428052729318062,0.24758439112761252,-0.0022546804177888584,0.22228788000530578,0.2802865397041807,0.17433641843086636,-0.19837457744231926,-0.2618756182459347,0.17110553651836255,0.15494162456332033,-0.26383628310145923,-0.2533463708044564,-0.20370121675329303,-0.24717824232382954,-0.3318907937453911,0.19731032718093455,-0.23412755482178252,0.1675056619173791,0.06124046898802803,0.36886750498876786,1.254733317460005,-0.10588435431978165,0.0,0.0,0.00588205709759359,0.9999827005525148
0.24773199045264527,0.0014174646745307299,-0.03855025592761491,0.0,0.0,0.17884863113047897,0.20134755302793705,0.8812994326536472,-1.6741086791914244,-0.04164162819058851,0.9612936588147512,-1.7875509015642679,0.22986732355247325,1.1124077912133472,-1.724199732335714,-0.2336249523796141,1.2998224903757756,-1.640018199212276,0.28923712470210516,-0.5300868176496946,1.1061101068670933,0.007867640066811316,-0.5413600514427973,0.011797691959565365,0.02540425093880353,-0.024269279934322603,0.24773199045264527,0.0014174646745307299,0.17884863113047897,0.2794222492151536,0.17937852233155177,-0.19735136021614044,-0.2615325666537126,0.17403930962982958,0.15306314243903293,-0.26353281361087066,-0.26371513699313937,-0.20095422503311558,-0.24091270197779205,-0.32944110609272925,0.19924373202418308,-0.22934327983310776,0.1693058624972748,0.059998951401922185,0.3681457056267051,1.2596864809210484,-0.10581122637869647,0.0,0.0,0.007670503061646975,0.9999705812586595
0.24784404628558593,0.003936242100207073,-0.0287297074324816,0.0,0.0,0.15479445977338915,0.1974832607397383,0.8685320330640453,-1.682899778708815,-0.03367126173375666,0.9552266756072644,-1.7963569498119438,0.22255809400947119,1.1685206561994055,-1.7480746041983353,-0.24707938422663747,1.3050738242096627,-1.6644424455097073,0.2814730414404324,-0.5220375395594887,1.1041501078468103,0.007029258000749527,-0.5436671278797661,0.010597505530593276,0.025297043549541678,-0.024251355160511315,0.24784404628558593,0.003936242100207073,0.15479445977338915,0.2787445294670761,0.18434023293724147,-0.19610643191474486,-0.26094824656822546,0.1769336220216392,0.15091663033901687,-0.26310622206865725,-0.27442052452178556,-0.1976305140354661,-0.23514758618173928,-0.3258880472256742,0.2017182608004543,-0.22489970734674636,0.1711127551366223,0.05882288369984209,0.36748983037786265,1.264640561233346,-0.10567564855759536,0.0,0.0,0.00921839293102288,0.9999575097131724
0.24799452944272635,0.007510704448510583,-0.015641842037440738,0.0,0.0,0.12820312025731986,0.19294301878947498,0.8568154756839464,-1.693383157253265,-0.024566464412671275,0.9498678743839266,-1.8063628719403189,0.21215105629884326,1.224709726296936,-1.7668450474739066,-0.26280502401865374,1.3047281366128187,-1.6877786104495698,0.27403378715881965,-0.5137873314894167,1.1020443806281457,0.006417055309821807,-0.5464935440283554,0.009481463223122683,0.025170471662512198,-0.024226048603080787,0.24799452944272635,0.007510704448510583,0.12820312025731986,0.2782730609178543,0.18920295307043994,-0.19462309617432402,-0.26010448662555996,0.17978107781559366,0.14847982152399428,-0.26254078352592997,-0.28558307436100144,-0.19370904106133807,-0.22990079285246642,-0.32115096014405725,0.2047901948164669,-0.22077542544877402,0.17293052786435847,0.05772314825064167,0.3669070550079643,1.269595655111166,-0.10547103331639217,0.0,0.0,0.010500362084025678,0.999944869678376
0.2481515334985527,0.010437518708908407,-0.005028380725818904,0.0,0.0,0.08730102582826466,0.18818397074937832,0.8468941748142245,-1.704660892486572,-0.016494306968525215,0.9476404218003154,-1.8159472197294233,0.19924458395689754,1.2745084892958392,-1.7741400189697742,-0.2811765610240396,1.2951877284795048,-1.7061364334076639,0.2680245712399484,-0.5052241906523707,1.0992464423179626,0.006181825097883123,-0.5505497781559824,0.008562972085201199,0.025019710388733078,-0.02418109803693369,0.2481515334985527,0.010437518708908407,0.08730102582826466,0.2781188557855785,0.1936161001200045,-0.19305328757749826,-0.25907210701213534,0.18171236046300546,0.14633235215462628,-0.2618459813590662,-0.2968256965315863,-0.18961484349286842,-0.22626058958567824,-0.315105737571822,0.2087393048407343,-0.21755354640898517,0.17476068421334304,0.05695282444357643,0.36666576739066836,1.274551846086979,-0.10516697552520782,0.0,0.0,0.011373320211561977,0.9999353217020415
0.24847706008365944,0.01269552043305278,0.002510179407320956,0.0,0.0,0.0708651606243999,0.18334774490302572,0.8378649249386328,-1.7158106370614126,-0.009130955978225044,0.9468269919833312,-1.8249832898951495,0.1857946863254675,1.320914590301422,-1.776709796144412,-0.3005032809451223,1.2819254103188331,-1.722012049303605,0.2627839186730293,-0.496610230121475,1.0961236274586275,0.006094736499317851,-0.5551337198569225,0.007735822578139888,0.024858483453639425,-0.024127310567284718,0.24847706008365944,0.01269552043305278,0.0708651606243999,0.27807192568882155,0.19770569425278767,-0.19146719982710456,-0.257990387993495,0.18317624540356822,0.14438831790455756,-0.2611194689625333,-0.30782280943680607,-0.18557923371285978,-0.222953399950598,-0.3086422128040784,0.21297381553492759,-0.21457271009893927,0.17658156253480795,0.056343897088984095,0.36658893910557416,1.2795096524059772,-0.10482787063273673,0.0,0.0,0.01208192312765854,0.9999270109030646
0.24896291145872543,0.014740610967934411,0.008066183027738425,0.0,0.0,0.029849944391128137,0.17835796608303014,0.8316817642547761,-1.7250162941905172,-0.0046040169232022254,0.9501080212828059,-1.8312746611638713,0.17266331219042688,1.3558577793435418,-1.7670740135587175,-0.3218211415223783,1.2592765452483519,-1.7299432023786583,0.2601657372970993,-0.48814167046489604,1.0920203478577044,0.00636519928453849,-0.5611563342121932,0.007180060280146635,0.024668431240850337,-0.024048043945535585,0.24896291145872543,0.014740610967934411,0.029849944391128137,0.2782192629618713,0.2006878586293459,-0.18990442738728514,-0.25719251226665896,0.18318220961770246,0.14320037567834082,-0.26050187471048425,-0.31819072345664257,-0.18206665003791925,-0.2214749167770719,-0.3013392386867374,0.2180788069944954,-0.21268175464885886,0.17831702415674955,0.05631143677744227,0.3670777915506156,1.2844757568091156,-0.10441915403442599,0.0,0.0,0.0123804002461037,0.9999233599080213
0.2494473808024018,0.015667437161687708,0.009544828655914939,0.0,0.0,0.008676370037000383,0.17298139961293132,0.8265220740666758,-1.7322344894592576,-0.0014784449998003395,0.9533083192431009,-1.8352750883652613,0.1602661959253829,1.3825712410303255,-1.75231037919338,-0.3427880786072741,1.2334342358204047,-1.7335697097273974,0.2592813269450114,-0.47968741420369915,1.0873392178462105,0.006786444356503802,-0.5677609919355463,0.0067807984305545774,0.02446899876499979,-0.02395391705123565,0.2494473808024018,0.015667437161687708,0.008676370037000383,0.2783945730099311,0.2030895098688176,-0.18830634160875695,-0.25673958944042846,0.1828962625339627,0.142384673606994,-0.26011718719468224,-0.32753053428744333,-0.17894540244543075,-0.22087901394960466,-0.29400549576249513,0.22328682200161648,-0.21124238513025717,0.180006501819615,0.05665746962404289,0.36783828356092013,1.2894505176406639,-0.10399186500133231,0.0,0.0,0.012467157250296273,0.9999222819750024
0.2500966596795087,0.016883603189448444,0.011515368420918215,0.0,0.0,-0.014919604604801684,0.16717379436326724,0.8225029463378283,-1.7372378437564922,8.543389132960408e-05,0.9564186496516832,-1.8367224719661932,0.14868734160868038,1.400113438757566,-1.7318322320397086,-0.36336394417314544,1.2040331303500216,-1.7323990906946933,0.26032904277627283,-0.47124909774328666,1.0820141274195452,0.007375722231070251,-0.5750142827343481,0.00655594174168073,0.024259112860398512,-0.023843229768457465,0.2500966596795087,0.016883603189448444,-0.014919604604801684,0.2786010561081079,0.20486410632097715,-0.18666683672891107,-0.2566931468142094,0.1822855833305272,0.14197778777535774,-0.25999720681495914,-0.3358284540917422,-0.17623601610816614,-0.22144282586215847,-0.28658310202822895,0.22865105493148682,-0.2103361140046331,0.18164153602120844,0.05743542298792154,0.36890269830657363,1.294434925254721,-0.10354387872100164,0.0,0.0,0.012317972660714197,0.9999241308967045
0.25064609827655443,0.018003685909341958,0.013198414280150839,0.0,0.0,-0.05098651134610382,0.16040380091334758,0.820532777848152,-1.7395367077909982,-0.0012581553668357028,0.954421759224855,-1.8373134778096125,0.13821477869238982,1.4030435901994889,-1.7074083422239008,-0.3792862796153015,1.1758595111851506,-1.7259975287776725,0.2641293582004997,-0.4634919149371293,1.075933169000424,0.008154283896706504,-0.5827847524331167,0.006588093687941393,0.024039713267344408,-0.023717296824683078,0.25064609827655443,0.018003685909341958,-0.05098651134610382,0.2788551877467678,0.20570984455020092,-0.18486046049875926,-0.2572321746852869,0.1828856428868695,0.1423269368282489,-0.25979388416428484,-0.34148471178623474,-0.17406896377193165,-0.2239330473812101,-0.28035091041703186,0.2331716612571869,-0.21040689257243098,0.18307650768387537,0.05880671498908208,0.3704353958941858,1.2994347117268124,-0.1030702898099732,0.0,0.0,0.011808144629156938,0.999930281429869
0.25123041310680394,0.01908025338443215,0.014964045168688878,0.0,0.0,-0.06587979630911413,0.1535376515060375,0.8193313610525086,-1.741206475891746,-0.0038621051308629253,0.9499626381752578,-1.8379020675157125,0.12809400507607108,1.4003427110325826,-1.6822333893237198,-0.3930761594898428,1.1492721262173005,-1.7180836001554358,0.2690132517869085,-0.4560079389036846,1.0696055533794253,0.008992635718851309,-0.5906195491552355,0.006725103954802495,0.023816441519347083,-0.023586060442119975,0.25123041310680394,0.01908025338443215,-0.06587979630911413,0.27912899267931396,0.20625929183614272,-0.1830457257333899,-0.25788343510325856,0.18412478399126594,0.14300289983924544,-0.25949128413171907,-0.345983571129555,-0.17203972795502764,-0.22710423736276336,-0.27471200763793635,0.23724970719929786,-0.21069325478679587,0.18441718840929572,0.060421558675056344,0.3721079489751267,1.3044409673087873,-0.10258717538538173,0.0,0.0,0.011149390034063004,0.9999378436192263
0.2522442426385585,0.02067302096184088,0.01608800823585388,0.0,0.0,-0.1044587825817211,0.14751942527408804,0.81983966838855,-1.7430225690970054,-0.00994847686244871,0.9378389773460539,-1.8397633467729275,0.11850199647820944,1.3845222305793035,-1.658311164149872,-0.40057439872851713,1.1307241813494615,-1.708610616051234,0.2765107581821769,-0.4492023260547567,1.0628774074407727,0.009918964306752239,-0.5980775356292722,0.007129111810802254,0.02358334481071395,-0.023444698747390743,0.2522442426385585,0.02067302096184088,-0.1044587825817211,0.2794537495535154,0.2063556755165023,-0.18144722501850594,-0.2584041786867551,0.18752491617076933,0.14457832284574493,-0.2586840034781976,-0.34704964754565865,-0.17030178086037234,-0.2320454814651286,-0.27142852502355164,0.2398210242737252,-0.21161109675916395,0.18551005266849266,0.06260061733913391,0.37399850083583996,1.3094644122398815,-0.10208319808141544,0.0,0.0,0.010104861053137803,0.9999489445882209
0.25349863201671136,0.022418736203827703,0.015769846952304326,0.0,0.0,-0.11179983602035505,0.1424467282262274,0.8208166745562966,-1.7456334974043644,-0.018243551854258744,0.9224819006541607,-1.842910719462312,0.10818657716019835,1.3651433428033048,-1.6372722112215488,-0.4039039204541881,1.1187004097379172,-1.7012189308611247,0.28483299943260243,-0.443099273225436,1.0563338116671033,0.010859688516715149,-0.6047495087751973,0.007679313423488121,0.02334751707698721,-0.023302252218575008,0.25349863201671136,0.022418736203827703,-0.11179983602035505,0.2797725130087481,0.2064260930349496,-0.18007393258006402,-0.25866177096858156,0.1919246197621815,0.1467121627435121,-0.2573921488509711,-0.34658734587448276,-0.16834869178963321,-0.23742673459568997,-0.26949334538217484,0.24122301970478993,-0.21260055951983206,0.18640249707346165,0.06494352832486379,0.37585524398203696,1.314511965530423,-0.10155652238665007,0.0,0.0,0.00898691345766328,0.9999596168778541
0.2558037897426138,0.025170265816331375,0.013901917442965539,0.0,0.0,-0.12004688230328295,0.13843624268730126,0.8223202189860435,-1.749137346847699,-0.029019893487341582,0.903492390822907,-1.847502894986134,0.09705847516082872,1.3417669250988058,-1.6194723386030943,-0.4025502871865264,1.1140059221249363,-1.6961653857276993,0.29408175132882075,-0.43778547931176,1.0499975403340966,0.011816584829760368,-0.6105384712035835,0.008393749724536229,0.023108621298048946,-0.023158586982530194,0.2558037897426138,0.025170265816331375,-0.12004688230328295,0.28008454343160755,0.2064673153089959,-0.17895649119265203,-0.2586282994174943,0.1974292044954778,0.14945670164014402,-0.25549344654441397,-0.34436746428493736,-0.16614003651422293,-0.24329674725512074,-0.26911868504800934,0.24130327925853182,-0.21372871754375197,0.18706653685751012,0.06746622215590214,0.3776786079526126,1.3195866022545555,-0.10100434722307214,0.0,0.0,0.007786486637672626,0.9999696848534166
0.258110120138839,0.027883452854813043,0.011498737148940565,0.0,0.0,-0.1091231433002313,0.13750147606389454,0.8249874658739336,-1.7558200333554008,-0.043597343315083026,0.8843954105933135,-1.8553857733137329,0.08506023926803762,1.318470427909724,-1.6075545814461438,-0.394255965088423,1.119689093329585,-1.696228707065949,0.3039922175140903,-0.4340783980173562,1.044517067762522,0.012768614487588141,-0.6144676585323534,0.009320236095495902,0.022868557557768128,-0.02300596677769836,0.258110120138839,0.027883452854813043,-0.1091231433002313,0.28032858970646674,0.20659980746685042,-0.1785643119444038,-0.25766535589513606,0.203328545837531,0.15310481512886553,-0.2524696116234183,-0.3408513617101954,-0.16356605700527765,-0.2488627919975514,-0.270657364860129,0.2393540923823732,-0.21492904159790713,0.1873406395842056,0.07004571473286905,0.37929067779993514,1.3247271978224697,-0.10039049364590591,0.0,0.0,0.006695283649489985,0.9999775863372403
0.26054139880359084,0.030735921998629474,0.008968404458406522,0.0,0.0,-0.1046011192084673,0.13790741555679292,0.8275255351685561,-1.763633042000807,-0.059531298501846366,0.8667075436275742,-1.864544661572346,0.07306814616402783,1.295985758877718,-1.5981262200153792,-0.38351606577634856,1.1290131973532525,-1.698574968255483,0.3140580859035251,-0.43106218083546716,1.0394843604702217,0.013719673322227113,-0.6175477917377765,0.010326086162911838,0.02262919882419878,-0.02285031347463911,0.26054139880359084,0.030735921998629474,-0.1046011192084673,0.28054449291756517,0.20691052521643477,-0.17849097203765693,-0.2563297327363797,0.20895077515785554,0.1570044659635221,-0.24890204259964555,-0.3369357087716333,-0.16085355208490124,-0.2540770475894155,-0.2727712681751961,0.2366615469678795,-0.21606304333162535,0.18743033615949453,0.0726220468409655,0.38077745167886884,1.3298951467642415,-0.09975086256431848,0.0,0.0,0.005649292239559548,0.999984042621277
0.2632568274488006,0.03383301753381456,0.006149650121538285,0.0,0.0,-0.0928601918709261,0.1420467921640147,0.8274422770079511,-1.7736862950886663,-0.07817520563884536,0.8581174392109888,-1.876693918298069,0.06246282068940981,1.2785228512321543,-1.5953648660618527,-0.36802661605179454,1.1453394470019966,-1.707465037990074,0.32408393779769445,-0.4299360328855424,1.0359640667358274,0.014672117276439498,-0.6181272027584223,0.01150649748048555,0.022396117755516382,-0.022689306884645856,0.2632568274488006,0.03383301753381456,-0.0928601918709261,0.280687325884803,0.208210253304262,-0.1793073732357174,-0.2540784272064091,0.21253241615752044,0.16144392919941392,-0.24448080411776238,-0.33290355346768546,-0.15831772714163658,-0.25791562862727946,-0.275577353165123,0.23245785491640208,-0.21681879029235385,0.18709005656859662,0.07505383874708617,0.3818049150785109,1.3351342978958896,-0.09904338715848734,0.0,0.0,0.0047207027032056086,0.9999888574209154
0.26527783549312856,0.036283755628592484,0.004034235070531077,0.0,0.0,-0.08648584804754296,0.14803710673004333,0.8253844771534208,-1.7823616974055763,-0.09683192241936793,0.8568641152232881,-1.889624770730733,0.054030480561778366,1.2650301158428199,-1.594834942370653,-0.3515749741345656,1.1620546169579018,-1.71827308833599,0.3336568986997002,-0.42988188005983824,1.0333549529314041,0.015662683697882967,-0.6174707356840373,0.012743932718876659,0.022169784642756,-0.022529012756422172,0.26527783549312856,0.036283755628592484,-0.08648584804754296,0.2807904789224267,0.20985152266247795,-0.1806017779774422,-0.25176811660876824,0.21429793011587975,0.165756052813449,-0.23993826190464246,-0.32943070876763186,-0.15624121526757948,-0.2607403113335087,-0.27809251170074084,0.22797126911419086,-0.21740990514718253,0.18652419988116384,0.07730562596385394,0.38258199538729276,1.3404121734201904,-0.09829818271100527,0.0,0.0,0.0038558520939878087,0.9999925661746837
0.2678842829162087,0.03934246935130942,0.006135343573987483,0.0,0.0,-0.07926707349268095,0.15612356898446458,0.8210905510215807,-1.7894767131656406,-0.11550314584746871,0.86391953830249,-1.903440763600743,0.048058999908300246,1.2560335157009275,-1.5968320657714055,-0.3340336701187958,1.1792102308514019,-1.7312532107417393,0.3427169702302374,-0.43104173880643565,1.0317777309280176,0.016696422998882927,-0.6154146630746815,0.014045946329133526,0.021951093445890236,-0.022369525475928995,0.2678842829162087,0.03934246935130942,-0.07926707349268095,0.28084869528762424,0.2118804074280176,-0.18242948723729113,-0.24938075116836755,0.21406326972019327,0.16994164893433902,-0.235314293674879,-0.3266271692406604,-0.15473390601904505,-0.262464740906683,-0.28027672231540585,0.22317762663756124,-0.21781555445863462,0.18571320089922513,0.07934695346480357,0.3830756522406587,1.345733903491726,-0.09751025093002964,0.0,0.0,0.0030631860402688007,0.9999953084346359
0.2699873346236441,0.04215265313569021,0.011522128569103895,0.0,0.0,-0.11474218901464166,0.1653059829886141,0.8133119023763218,-1.7912604946356554,-0.13238956836553684,0.8817876737851358,-1.9150590071311362,0.04921682580159254,1.2503668092764342,-1.5996960355685306,-0.31756881739084575,1.1910806321180782,-1.7435922966553612,0.3506165851767245,-0.4330078076857786,1.0314938150919402,0.017880185829618776,-0.6118486156830422,0.015425742388917819,0.021748347566104855,-0.02221934604816712,0.2699873346236441,0.04215265313569021,-0.11474218901464166,0.2810358926653862,0.2141760091965129,-0.1846371625100726,-0.24766366323376082,0.2109286768159103,0.17366295119416647,-0.23143523236041758,-0.32453454771638796,-0.15506468556863645,-0.26288666171289543,-0.2811423237056779,0.21881991499282805,-0.21842033382561274,0.18475869939170753,0.08105845258467945,0.3830856930434017,1.3511177026308498,-0.0966588674256435,0.0,0.0,0.0019157675168663838,0.9999981649157269
0.2721176309345972,0.04495960837644299,0.02248035743832449,0.0,0.0,-0.13723158442052472,0.17441875063097761,0.8046441119020956,-1.7905038947669367,-0.1483330082040842,0.9028389731135484,-1.9253343942646792,0.05358285796291147,1.245116539012928,-1.6027235269833067,-0.3018270002033286,1.200586947540824,-1.7550259298430033,0.3579787398831771,-0.43529471647567447,1.0316459579536548,0.019139675425741548,-0.6077986775825808,0.016837551921176093,0.021552783730350307,-0.022074976036002728,0.2721176309345972,0.04495960837644299,-0.13723158442052472,0.2813095804303884,0.2163994680695287,-0.18687848389202466,-0.2463388949049859,0.20691030209523203,0.17710939783093704,-0.22785865916921333,-0.3225196382513859,-0.15623635851653456,-0.2628751572382843,-0.2815326399489781,0.21473710878633043,-0.21910390460906257,0.18375260702378576,0.08261870373665088,0.3829465653192332,1.3565268572419877,-0.09578277861986031,0.0,0.0,0.0005434523870401787,0.9999998523297405
0.2744398966121367,0.04819604533401042,0.03602044889703393,0.0,0.0,-0.22562632338397687,0.18133351246181545,0.7958043402490713,-1.7818752177632777,-0.161044543501562,0.927159400370257,-1.9304585783527444,0.06725754164374131,1.2372374356939249,-1.6054220351462178,-0.2890293200571958,1.2032844547468882,-1.7616443995099798,0.3637273601757789,-0.43836375741431327,1.0325458181592133,0.020648022437503896,-0.6030383770569016,0.018331649820678413,0.021378082129208813,-0.021953210082406617,0.2744398966121367,0.04819604533401042,-0.22562632338397687,0.2819351069629192,0.2177361443348397,-0.1888154074454633,-0.24665451149003328,0.20155434017541443,0.17988982999125303,-0.2255314167179544,-0.3198626216885607,-0.15987501688102415,-0.26215608026872933,-0.28102647079027565,0.2116428184100588,-0.22030885625712499,0.182688506098261,0.08377841526204435,0.3826217140900786,1.3620004467666145,-0.09484865351651729,0.0,0.0,-0.0017128118969013686,0.9999985331366271
0.2761404940088215,0.050889535745359434,0.04618060775101324,0.0,0.0,-0.2733017092839354,0.18570664578762186,0.7893677898324455,-1.7686602011896104,-0.17068004642183365,0.9464874010389809,-1.9310609214007857,0.08453346210388524,1.2258162547189462,-1.6076562006313067,-0.2776565833661996,1.2036931988998103,-1.7635983435007243,0.368763233320071,-0.441282134861327,1.0333856867196467,0.022314332633798582,-0.5984201101729505,0.01985778520331497,0.021217154694918118,-0.0218411073281179,0.2761404940088215,0.050889535745359434,-0.2733017092839354,0.28275039838626975,0.21788628665505994,-0.19029338329726467,-0.24816256454113678,0.19690905124555386,0.18205770362667953,-0.22424143727733112,-0.31633659048080165,-0.1644927464077374,-0.2614080026854177,-0.2807770894287671,0.2090572695031009,-0.22192917122386804,0.18170123834706214,0.08479816677792888,0.3823018721918076,1.3675109927470865,-0.09389255317644435,0.0,0.0,-0.004445818583942562,0.9999901172997255
0.27852270537235485,0.053892322253178145,0.05972034190423055,0.0,0.0,-0.32773059406309574,0.1871781774724905,0.785674831041923,-1.7502092776390226,-0.1768038557269251,0.9601158932424506,-1.926500990986824,0.10592066575414824,1.2103513284371452,-1.6093602581666067,-0.2679106061561751,1.2014890204255397,-1.7602271208396325,0.372985412295048,-0.44402851021060574,1.0341570669641862,0.02416097848282121,-0.5939639932834185,0.021420495566697048,0.021071952275143795,-0.021740036380763814,0.27852270537235485,0.053892322253178145,-0.32773059406309574,0.2837823312729597,0.21664492758545129,-0.19124218172751273,-0.25103301140845546,0.19302572806996818,0.18357266824102533,-0.22421476266139967,-0.3118038743779939,-0.1702391493147998,-0.2605463783206529,-0.28082003954311047,0.20703701136246896,-0.2240505685023884,0.18080467824977503,0.08566211055640256,0.38198831215111656,1.3730637293595533,-0.0929113652270574,0.0,0.0,-0.007723068260199168,0.9999701766636085
0.2800619335472605,0.05684784984232889,0.0696126711913006,0.0,0.0,-0.40937142551625616,0.18402947764843738,0.7852416130929039,-1.7282966070163728,-0.17590350363976703,0.9606864134279584,-1.9120418691577834,0.1281113779852865,1.1892293701664778,-1.6113403270450921,-0.2602828216309164,1.1995826918058672,-1.7498826671105174,0.376385702894857,-0.44595408339339937,1.034352985282357,0.02627535422708678,-0.5901367340523466,0.02297131837650118,0.020952951960050724,-0.02165531751905712,0.2800619335472605,0.05684784984232889,-0.40937142551625616,0.285139212062439,0.21402805495550942,-0.19114126249480026,-0.25519569908459516,0.19109250719181597,0.18380885522051357,-0.22680299749913244,-0.30564263945528386,-0.17628009506191994,-0.25998921702120203,-0.2822099880566397,0.20566061880581618,-0.226534970487106,0.18013489601799315,0.08643025870820391,0.38177797146783754,1.3786838680792308,-0.0919091962994292,0.0,0.0,-0.01181659571336745,0.9999301815955686
0.2792029564573903,0.05923382050633958,0.06962711027322101,0.0,0.0,-0.440321065328947,0.17939849882028464,0.7857794050986949,-1.7058692852465018,-0.17210497302361472,0.9563447891806189,-1.8938336673264335,0.1496203028811849,1.166717420976897,-1.6133328704879832,-0.2535984844614109,1.1980682875101383,-1.7373105525397348,0.3794910348951815,-0.447460721175258,1.0342408719544227,0.028481287084734647,-0.5866337683624947,0.024501138635409484,0.020845568067250922,-0.02157790208898055,0.2792029564573903,0.05923382050633958,-0.440321065328947,0.28656683812061173,0.21099209151314133,-0.19063905648908228,-0.2596188067125166,0.1898701262588289,0.18348295775246032,-0.2304100045482138,-0.2990518707866744,-0.1821812557615515,-0.2593901333532563,-0.2841185544924373,0.20451971201938987,-0.2290478933666058,0.17957144390539867,0.08717157175713527,0.3816258183230523,1.384316814346955,-0.0909028180624144,0.0,0.0,-0.016219384389320513,0.9998684571332529
0.27622357404241227,0.06143247228378969,0.06126916716591851,0.0,0.0,-0.5091332946858594,0.17263974326376183,0.7873277423473505,-1.685757559795793,-0.16084219764273366,0.9412472498101689,-1.8673060944733721,0.16533511089017702,1.1443879326375639,-1.6149534196234665,-0.24962086963037472,1.198635401060948,-1.7215894528019893,0.3820126596838235,-0.4475685027786172,1.0330540946183298,0.030847671956647678,-0.5842243579861064,0.025912715686270203,0.020771311815434068,-0.021521514480879817,0.27622357404241227,0.06143247228378969,-0.5091332946858594,0.2879242964733678,0.20789076612536092,-0.18946173981753434,-0.2639170214151031,0.19027345688649305,0.18160859589975142,-0.23643342544296775,-0.2925378389002844,-0.18659225065343826,-0.2593334636591954,-0.28717046301349464,0.20400674869300725,-0.23124107451406004,0.17934301720184823,0.08791383008328371,0.3816887868957635,1.3899229591569073,-0.08990332243355138,0.0,0.0,-0.021309837389510995,0.9997729196324696
0.2719045595957635,0.06339947027084682,0.047065410763026665,0.0,0.0,-0.5353956347650671,0.16582583664701542,0.786416358099534,-1.6676954443638143,-0.14674522369526918,0.9262864308861587,-1.8400631741835525,0.1763558834791183,1.1260155920798964,-1.61612940293092,-0.24806217290461063,1.1990048633171961,-1.70721198962285,0.38425515104944885,-0.44638493599799967,1.0311495100076382,0.03320246089536408,-0.5824597409138312,0.027204886723596302,0.02071535372390197,-0.021478215536962334,0.2719045595957635,0.06339947027084682,-0.5353956347650671,0.2890176048072485,0.20570148577198533,-0.18814777483304967,-0.26779872162954677,0.19056431198505772,0.17893898176193881,-0.24289270932533585,-0.2871760267912462,-0.18973271751261142,-0.2594066233144401,-0.28994635573105065,0.20400206134287555,-0.23289162202830688,0.1793869345018034,0.08869553541584832,0.3818020678122445,1.3954604279536467,-0.08891854635798015,0.0,0.0,-0.026662272534966815,0.9996444984209492
0.266385025414154,0.0650224069271573,0.02813691344971808,0.0,0.0,-0.5656283155218766,0.15894845876699448,0.7826741736812086,-1.651992147358564,-0.12938647812160714,0.9114829583380083,-1.811996987662636,0.18197446875274187,1.112197382805439,-1.6167937522897353,-0.24928731727413836,1.1991468561956515,-1.6943808667934857,0.3861763983463439,-0.4437152053444431,1.0284188282317839,0.0355439045144102,-0.581437191997583,0.02835963790913902,0.02068045429097345,-0.021449979840186782,0.266385025414154,0.0650224069271573,-0.5656283155218766,0.2898069129038889,0.20461473953768547,-0.18669898388746767,-0.2712387581787037,0.19071627870405453,0.17531134720100464,-0.24983104762886119,-0.2831664843942264,-0.19140543692481857,-0.25977971184809195,-0.2923925202632996,0.2046025730020371,-0.2339369968671339,0.17974525553423557,0.0895255558737394,0.3819719688466865,1.4009188601317315,-0.08795071045796457,0.0,0.0,-0.03231611835895105,0.9994776978473358
0.2615710465704303,0.0669383508734654,0.012083415192766513,0.0,0.0,-0.6106838221473517,0.15130812828787285,0.7730589799869525,-1.6394184151521103,-0.11017832113430008,0.9066658369623699,-1.7910949839995467,0.17977826612500067,1.107963066548109,-1.6166004366599596,-0.25573417444068614,1.1945807016812842,-1.6874120324276964,0.3872990876866074,-0.4388471093888469,1.0246197718840382,0.037678042265514806,-0.5816137203230307,0.02919778475860273,0.020675644771052666,-0.021443892350921836,0.2615710465704303,0.0669383508734654,-0.6106838221473517,0.2901430813452372,0.20566187641475647,-0.1849110851140077,-0.2741943057681831,0.18917190558525462,0.1708691917309601,-0.2556949772309835,-0.28200896669771874,-0.19090559923590333,-0.26048821498220975,-0.29249010923904756,0.20639677207059776,-0.23401950118257064,0.180595567718149,0.09034385281648193,0.38218539216443126,1.4062615873721926,-0.08701140517727118,0.0,0.0,-0.03841916436991248,0.9992617113695079
0.2565336810850538,0.06868832275110937,-0.004995159374979186,0.0,0.0,-0.6294774375187313,0.1432438716292384,0.7616090290248398,-1.6278503909707072,-0.09067405696259866,0.9062710339203474,-1.7739045917987826,0.17462221952155266,1.1073922291398046,-1.6161942780017853,-0.26413144590333065,1.1878523174673323,-1.682601174339652,0.3880344885401428,-0.4330780329182746,1.0204019621014597,0.03969539742683987,-0.5822344264015555,0.029889633064158254,0.020683531125541776,-0.021447559440275654,0.2565336810850538,0.06868832275110937,-0.6294774375187313,0.29029024951159954,0.20740078770192563,-0.18293984361890825,-0.2769961140712368,0.1869076660495867,0.16611160622181015,-0.2608533377982269,-0.2819238530551816,-0.18957657725258648,-0.2613198962645442,-0.2915976259573407,0.2086540993865142,-0.23376992772615687,0.18165456262865848,0.09114397315851597,0.38239668102474855,1.4115564003586767,-0.08608443441335115,0.0,0.0,-0.044708530213179394,0.9990000737368226
0.2507895733705605,0.06933590896024046,-0.020919356029480696,0.0,0.0,-0.6786170849702999,0.13364183558867532,0.7478597427789982,-1.6176946827998528,-0.07232634144691905,0.9184828861974752,-1.7693573878361628,0.1629448603265561,1.1150432572915003,-1.615820206128634,-0.2767038392619444,1.1746643535219707,-1.6822659252927854,0.38753706660981363,-0.42501807814607256,1.0151984164348016,0.04128426225641025,-0.5837891626243408,0.030141110066324472,0.02072520265713907,-0.02147882928749403,0.2507895733705605,0.06933590896024046,-0.6786170849702999,0.28994327497023803,0.21003432020671756,-0.1804639978808036,-0.27970762702928736,0.18295976537401507,0.16135078802927819,-0.2636265011368894,-0.28415063283040265,-0.1864102533081679,-0.26233343975888435,-0.28811758663076537,0.2119369861132169,-0.232968988270327,0.18326858869156534,0.09182723898838165,0.3825499803983102,1.4167273434308858,-0.0851914781289032,0.0,0.0,-0.051486885919387895,0.9986736707144752
0.2460314141773839,0.06896238407714883,-0.028632532876843312,0.0,0.0,-0.6531709209540983,0.1228444942165737,0.7357529168948529,-1.6083399076014755,-0.05508892791112856,0.9342064285794134,-1.772049692531045,0.15012392347965078,1.1234060861170294,-1.6168997221841261,-0.29061082578622405,1.160957648203923,-1.681854385882616,0.386262070459242,-0.41616260188703336,1.0095615547436934,0.0425881738908804,-0.5856933616674864,0.030117691458704375,0.020786235867909945,-0.021523194474866614,0.2460314141773839,0.06896238407714883,-0.6531709209540983,0.2894534752704203,0.21231715037790297,-0.17759511415023752,-0.28242526954284386,0.17908468296889968,0.15675558759402483,-0.2649481582414915,-0.2862984498237734,-0.18290451892442944,-0.26323978011930493,-0.28449399133914416,0.21553782187096482,-0.2319064830863679,0.1851254831792714,0.09238425702554806,0.3827044337006154,1.4218200102735026,-0.08435732210413194,0.0,0.0,-0.05800883362170088,0.9983160698004665
0.2396061412328615,0.065650484737468,-0.033747768387770716,0.0,0.0,-0.6236636445496644,0.11066039168061029,0.7255516294389968,-1.5999143533408646,-0.03913965693209395,0.9540041395677961,-1.7831410808632002,0.13597623853442828,1.132594726979732,-1.6196656519403823,-0.3060661714810584,1.1466491130682146,-1.6813543364405632,0.38408495356830274,-0.4063841829506255,1.0034219714311456,0.04356149047648959,-0.5880029980952922,0.0297753463427608,0.020869731979193878,-0.02158275252440944,0.2396061412328615,0.065650484737468,-0.6236636445496644,0.2887979736551643,0.21418097798156469,-0.17427274123438571,-0.2851568484833418,0.17535201617877388,0.15243562477659597,-0.26462003116019167,-0.28834996405636626,-0.17901282263999158,-0.26401808453151915,-0.28070479005937543,0.2195021609520435,-0.23053369741265942,0.1872663313631887,0.09278989607744872,0.3828574827607342,1.4268218631354659,-0.08359138456244886,0.0,0.0,-0.06423383985058814,0.9979348745374365
0.23399296279090565,0.061821386569096706,-0.035127229057253795,0.0,0.0,-0.49127143092078973,0.0964077423469955,0.7221221818517034,-1.5941066939670308,-0.024633392575197255,0.9698109018544735,-1.8033438218900786,0.122703097886048,1.1373984806526165,-1.6253325798763678,-0.320434154799351,1.1371963938268332,-1.6790842799326549,0.38057081781041174,-0.39654171452499376,0.9966914377246914,0.04399086279311002,-0.5906477282540156,0.028949704173450882,0.0209855265812411,-0.021661407923182614,0.23399296279090565,0.061821386569096706,-0.49127143092078973,0.2881035645349095,0.21439924139512898,-0.17027930188244866,-0.28781381181160937,0.17406383843643353,0.14850104758494653,-0.26268230006706883,-0.28861864595703735,-0.1753730200046274,-0.2647490879356463,-0.27854660084065397,0.22313007798613219,-0.22902945501252753,0.18961617820711316,0.09287141458676759,0.383227557043482,1.4316618289225376,-0.08298169563596067,0.0,0.0,-0.06913563364949397,0.9976072695003194
0.2279628595044757,0.05787429803646978,-0.03660018287169331,0.0,0.0,-0.43591688181786925,0.08187992584246856,0.7212960949310889,-1.5894104058925922,-0.010816183800880726,0.9829284594609187,-1.8263571995955248,0.11013161448331979,1.1399191159468431,-1.63208414041079,-0.3337468344431657,1.1305696689165556,-1.67611890572768,0.376444011926651,-0.3868300456267137,0.9898014252002423,0.04419581047617472,-0.5933256103442266,0.027927137911319733,0.021114550817471284,-0.021749243140220642,0.2279628595044757,0.05787429803646978,-0.43591688181786925,0.28739288449287415,0.21399387842402556,-0.16614571542391715,-0.29032049631205903,0.17392307206479252,0.14482004382329333,-0.26019782791733986,-0.28804439643508095,-0.17193525169371243,-0.26544949309234034,-0.2772781448402892,0.22645217124926093,-0.22749087968927342,0.192033777372517,0.09278225042354178,0.3836661703751687,1.4364332144077008,-0.08243325180732287,0.0,0.0,-0.07348371527851728,0.9972964171142228
0.22143161848328,0.05303065872579337,-0.03822988543945999,0.0,0.0,-0.29085723733079205,0.06909413652745261,0.7263390585207024,-1.5876963387888212,0.0008375233200453112,0.984737224232119,-1.852562964822238,0.10080199063612269,1.1345790111674712,-1.6411417989203565,-0.34178560825351356,1.1346711610945373,-1.6715185080583277,0.37048780033364875,-0.37811925441313227,0.982859431980894,0.043825262060496376,-0.5956436476598566,0.026410085032694007,0.021277092356915373,-0.021866122726351026,0.22143161848328,0.05303065872579337,-0.29085723733079205,0.28663955722004175,0.2122449115610295,-0.1624499522262587,-0.2922006261569082,0.1771540702640579,0.141784694535011,-0.25711392567705105,-0.2848605623205031,-0.1694119196215509,-0.2661992186073041,-0.2792463934136502,0.22832497593885007,-0.22617719306183232,0.19449877443843747,0.09215851092162708,0.38429048679670946,1.4410211716133816,-0.08202822623738588,0.0,0.0,-0.07638411325615801,0.9970784659404045
0.21643722140529767,0.049778207460940874,-0.03945248273129476,0.0,0.0,-0.21415807606014362,0.058650630920265553,0.732283080283266,-1.5880559330376296,0.010790014567856786,0.9809366732549206,-1.877340680131546,0.09414145812535507,1.1257902188942979,-1.650261378918703,-0.3465799794603999,1.1441952818288257,-1.6672215223885498,0.36362841324164297,-0.37042596606680966,0.9761325656794583,0.04319543079831277,-0.597622665648277,0.024692341877828095,0.021455310450759362,-0.021996177929955035,0.21643722140529767,0.049778207460940874,-0.21415807606014362,0.28586368907529575,0.21051507483265794,-0.1593949796201436,-0.2934448781174059,0.18151559379201362,0.13926414227596595,-0.25405997852449436,-0.28072580701125854,-0.16762150573365073,-0.2668565757533851,-0.28264864304754395,0.2292786601004046,-0.22494678494719783,0.19688535377655492,0.09121519057297328,0.38502095279142867,1.4455102323912659,-0.08168593366057253,0.0,0.0,-0.07851926215259288,0.9969125967059561
0.2091833333664255,0.04467481302641244,-0.03944132835245889,0.0,0.0,-0.12445392688661627,0.05094657886701781,0.7392809483437577,-1.590840809477063,0.018752822903199073,0.9705756616850322,-1.9004481979287566,0.0906026020037157,1.1129679616827244,-1.6594533801365348,-0.34757981023106427,1.160061520309401,-1.6632793968400135,0.3557127035008035,-0.36392271368262924,0.9696573043385384,0.04226235133739054,-0.5992051784235696,0.022739878356403214,0.021651863297357993,-0.02214164287747384,0.2091833333664255,0.04467481302641244,-0.12445392688661627,0.28506145791078996,0.20881400461487018,-0.1571141523453398,-0.29397673739693614,0.1871630000926145,0.1373089450509494,-0.25101808503991746,-0.2754793075654258,-0.1666856893794162,-0.26738597900591016,-0.2877177534210906,0.2291455006714776,-0.22377582553127434,0.1991718279190462,0.08989794381337701,0.3858846206467326,1.4498836273470745,-0.08141701141049945,0.0,0.0,-0.0797598982184187,0.9968141043525556
0.2025534182203553,0.040019293874350624,-0.03822910366580029,0.0,0.0,-0.04078346188655856,0.04865670046554169,0.7448247934763244,-1.5954426968326931,0.022947726556314604,0.955976272431705,-1.91798172948452,0.09133218461647614,1.0984313912116577,-1.6667555175148518,-0.34376858203456995,1.181324038368003,-1.6617642835928845,0.3464382214901547,-0.35948175507096175,0.9641362801194195,0.0410018397602612,-0.5997375367352595,0.020578769438613677,0.021870753593527907,-0.022306594137962033,0.2025534182203553,0.040019293874350624,-0.04078346188655856,0.2842860359411974,0.20780996010079095,-0.15640915655861645,-0.2935816507820136,0.19299383190499264,0.1363230718419171,-0.2484375865225403,-0.27012005063156963,-0.16691209690292214,-0.2676406222695958,-0.293779789200819,0.22764412920391353,-0.22266243201244856,0.20118348797485835,0.08805866407935004,0.3867647381319854,1.454055258287833,-0.08125218046972386,0.0,0.0,-0.08016642688555178,0.9967814926052768
0.19467940228030284,0.03465253136012631,-0.03514261737179447,0.0,0.0,-0.013407272363337065,0.04870486377666737,0.749369668487746,-1.600674985693051,0.025428855164836388,0.9406735502326725,-1.93308466930802,0.09366761390657058,1.0837911901852266,-1.673205935467894,-0.3380693350918597,1.2040467313848995,-1.6614380157910857,0.33666869306650365,-0.35592581997983735,0.9590723309665921,0.039627092384482615,-0.5997908731492667,0.018344879786197525,0.02209692424199041,-0.02247963548423005,0.19467940228030284,0.03465253136012631,-0.013407272363337065,0.28353229376415795,0.20719729281961713,-0.15638595467472324,-0.2928102713650379,0.19856700928040313,0.1357746905475847,-0.24597433209649927,-0.2648975097993207,-0.16756900908239267,-0.267701285849705,-0.29996672147931075,0.22560256550229774,-0.22150207512206446,0.20305033511928336,0.086001438954944,0.3876314735526785,1.458137455038153,-0.08113167261203322,0.0,0.0,-0.08030006737461709,0.9967707355152597
0.18579327949105887,0.028558413614791472,-0.031261684265559975,0.0,0.0,0.025441241927695625,0.05518790040738284,0.7496183705157958,-1.60699931704081,0.0228320424301694,0.9281326691405136,-1.9413999038246958,0.09943305831760721,1.0715196737303188,-1.6771637903383143,-0.3279640143737201,1.2271611128862079,-1.6649705354983988,0.32591900637803206,-0.35478254851813507,0.9554539434611798,0.038051159559892404,-0.5984194192748804,0.015982876334769306,0.022333270708958682,-0.022673588747588482,0.18579327949105887,0.028558413614791472,0.025441241927695625,0.2828803312463256,0.2080175363915624,-0.1582265487476919,-0.2910892101430477,0.20257920387946537,0.13644907524767455,-0.24416796814359304,-0.26078403262033834,-0.16914856471203327,-0.26738132879889903,-0.3054558254255535,0.2224383408496695,-0.22060623934233878,0.2044843017165016,0.08349887640778554,0.3883873114162807,1.4619638985739303,-0.0811305375984655,0.0,0.0,-0.08004647392159195,0.9967911325913368
0.17912988906238597,0.023973656676051194,-0.028349525438477186,0.0,0.0,0.04584570299902026,0.06331301714257737,0.7486746639299854,-1.613903849027477,0.01728830311017632,0.9182632276071959,-1.9464854324379792,0.10599874970144875,1.0617519479531514,-1.6804966900784233,-0.3166602969957672,1.247837457376029,-1.6699087202835534,0.3152230644526974,-0.3546028110700157,0.9523961683018852,0.036446588700458284,-0.5964665835580003,0.013609696308357094,0.02256740600793047,-0.022871286590368682,0.17912988906238597,0.023973656676051194,0.04584570299902026,0.28228182639353555,0.2092656446891813,-0.1605170313817286,-0.289052897130876,0.20553798830454897,0.13781898042045954,-0.24264238834770963,-0.2574802916003102,-0.17092679634517952,-0.2668085048494906,-0.30995686633632613,0.21906376175455752,-0.2199267378629252,0.20568538459186475,0.08092064616018335,0.3891036013231066,1.4656562426915531,-0.08118992491374508,0.0,0.0,-0.07958947960722516,0.9968277257058268
0.17024757926559517,0.01792307649471199,-0.024468946055725138,0.0,0.0,0.0699033721119814,0.07337421085685414,0.7463250607252123,-1.6214924603700631,0.0082700215280063,0.9115435183048254,-1.9477630108594894,0.11350796371698321,1.054936289787293,-1.6830927431583402,-0.30394362285733323,1.2656392604112612,-1.6765042394399639,0.3045904897153386,-0.35555911809206003,0.9499993771314623,0.03480825247243059,-0.5938282757997515,0.011223338660784251,0.02279893425293265,-0.02307339943945406,0.17024757926559517,0.01792307649471199,0.0699033721119814,0.2817463502287865,0.2110125439410072,-0.16332667953081895,-0.2866293513120021,0.2072983249080106,0.1400060991956727,-0.24148923161704228,-0.25512995156363166,-0.17293926372093685,-0.26597605039734157,-0.31332017751596586,0.21545669589389368,-0.21956413383822931,0.20661414986569154,0.07826444094978849,0.3897736847303667,1.46919047832489,-0.08132067043334244,0.0,0.0,-0.07889264396718153,0.9968831178868802
0.162789585431124,0.012824299579614241,-0.02129772821298087,0.0,0.0,0.10509916494811089,0.08370564930821497,0.7450914126462662,-1.6295145386113565,-0.003580679579708902,0.9097872285458904,-1.9461856729422626,0.1203766835566893,1.0533517207950354,-1.6865127738565204,-0.29039275556659544,1.2790804736029637,-1.6830578777365957,0.29466257459269174,-0.35786325305413724,0.9486641525649108,0.03325933223375342,-0.5904805968300656,0.008903061864727588,0.023016753944550414,-0.023272798345155575,0.162789585431124,0.012824299579614241,0.10509916494811089,0.28130306855130655,0.2124762703756733,-0.1661705585591106,-0.2840825988939944,0.20754744894149374,0.14286222432111367,-0.24062706558262026,-0.25409640110936593,-0.17472390881965646,-0.2647766347067059,-0.31551438613235233,0.21184530278804928,-0.2197564294564038,0.2071501835375604,0.07568230938216658,0.39030840602116773,1.472494142846419,-0.0815530796177112,0.0,0.0,-0.07784488456300738,0.9969654828264478
0.1549752461678033,0.008030309960768067,-0.018602274716474076,0.0,0.0,0.11816424320859463,0.093966766242654,0.7446471541546857,-1.6378821303638125,-0.016117783424515766,0.9099233070245155,-1.9435496599628377,0.12676494683210654,1.0538514176240332,-1.6904867328703401,-0.2766273361272541,1.2908823753778749,-1.6893113794235082,0.285074296837243,-0.36063299500025225,0.947720923819221,0.03176101349974771,-0.5869110573369725,0.006618968563718572,0.02322778473787296,-0.02347063835567006,0.1549752461678033,0.008030309960768067,0.11816424320859463,0.2808944411002673,0.21374258160321788,-0.16894955406703605,-0.28146394591638335,0.2072234526723026,0.1458791073216998,-0.23988202356088625,-0.25354909448902785,-0.17634626644125626,-0.2634305073201383,-0.3173154187258874,0.20826925612998592,-0.220125618906769,0.2075219544468853,0.07315266923220999,0.3907900620716302,1.4757027657559283,-0.08182462605719382,0.0,0.0,-0.07666677349857316,0.9970567716240226
0.14651077813150082,0.003249988972843105,-0.016195158689068238,0.0,0.0,0.14493649824860977,0.10323071570243107,0.7476958542202528,-1.6478806168127518,-0.028236577994763194,0.9141865252302243,-1.9387497858932385,0.1309553811756464,1.059334087257202,-1.6968358736485243,-0.2628977472822254,1.2992220618403874,-1.6935271236758966,0.27657222300051504,-0.3641832459431428,0.9475706015498593,0.03045341754421736,-0.5830941943881603,0.004467279160543037,0.02341640477803034,-0.023662527145531315,0.14651077813150082,0.003249988972843105,0.14493649824860977,0.2805589775626476,0.21420059125703458,-0.17138802223745225,-0.2787373095816734,0.20565675465518618,0.14880498142040038,-0.23958636087669793,-0.25397408384555775,-0.17730208360391694,-0.2617685362268426,-0.31861253334027767,0.20487382648968797,-0.2209954372308097,0.20759090507626163,0.0708495787185141,0.39115360930825827,1.4786693873600318,-0.08218336184150897,0.0,0.0,-0.07522159380282016,0.9971668425222349
0.14031231780584677,4.5896064274773135e-05,-0.014930110102374938,0.0,0.0,0.1525584104160928,0.11191465422654323,0.752587237896827,-1.6587091953708566,-0.03938271556622635,0.9193745072071364,-1.9320178324213402,0.1341239504086282,1.0660829985370996,-1.7039129865857265,-0.24994653721268448,1.3062183450047782,-1.695911699762711,0.268544389508092,-0.36756703744714053,0.9477787118118542,0.029266075302775165,-0.5794433661951471,0.002426681648313134,0.023594680313880616,-0.023847830795253114,0.14031231780584677,4.5896064274773135e-05,0.1525584104160928,0.28024663475270456,0.21423066961707268,-0.1736144074814857,-0.275956887573753,0.20363236566942058,0.15151911833010334,-0.23970227966301594,-0.2546168856935348,-0.1779574179265441,-0.26006740308082726,-0.3199185607967531,0.20173374223288754,-0.22199100496039592,0.20760168120331993,0.06867643014682229,0.39137521415274384,1.4815163790033412,-0.08257526170032525,0.0,0.0,-0.07370024438299429,0.9972804389828805
0.1320536527208152,-0.004080666275262608,-0.013244576537264907,0.0,0.0,0.1616179849126542,0.11990919378765175,0.7596688288478893,-1.6705244184973143,-0.049372756441768056,0.9256616601577169,-1.922989416151093,0.1360779343566928,1.0743369601953483,-1.711855364676851,-0.2379205054245322,1.3116178637227185,-1.6961197557930763,0.26108023642490724,-0.37075297584613914,0.948412853722962,0.028221666203955095,-0.5759898863302976,0.000518127567864725,0.023760660408207995,-0.024025307370510948,0.1320536527208152,-0.004080666275262608,0.1616179849126542,0.2799617731585526,0.21376081408750738,-0.17559825791731595,-0.2731207766328844,0.20104904459039905,0.15399088704405908,-0.2403090427688073,-0.2555143588514808,-0.17826139028497034,-0.25832057466754504,-0.32124419681162,0.19888721077336047,-0.22315849447931155,0.20755233062591882,0.0666570672678933,0.39142862565489794,1.4842211788950057,-0.0830065802617285,0.0,0.0,-0.07208836357962538,0.9973982493650225
0.12509365848234638,-0.007631036478508987,-0.011825329588296962,0.0,0.0,0.17478801809784203,0.12773858868660243,0.7673867521091148,-1.682674009639483,-0.057145386396978734,0.9345456270071174,-1.9102958793250417,0.13666852044228178,1.0831843502819536,-1.7187056131660936,-0.2275530685527396,1.3143236960929172,-1.6942319571971893,0.2541021250474913,-0.373668450432328,0.9495946411043406,0.0273852721304418,-0.5730546966481668,-0.0011711154791275349,0.023910327501093537,-0.024185381587952946,0.12509365848234638,-0.007631036478508987,0.17478801809784203,0.27971685169121396,0.21315731357734669,-0.17749336654588757,-0.2702386292097212,0.19734692014640975,0.15598640325349653,-0.2417553112684294,-0.2567490912576011,-0.17822164795172818,-0.25684457675327543,-0.32230242074633775,0.19652016161354616,-0.22453062743657437,0.20745435793627579,0.06477779167797204,0.3913022294034142,1.4867201530589507,-0.08349637300349197,0.0,0.0,-0.07034492082888988,0.9975227276175602
0.1175960399002501,-0.01142340357754234,-0.010294182440982734,0.0,0.0,0.18033692841762225,0.1354770347690926,0.775026382591862,-1.6948042967571662,-0.06407506926021037,0.9445771243279943,-1.896276228989546,0.13682253003263703,1.0921494295963874,-1.7248474456943,-0.21802904213277194,1.3156732994203384,-1.6916221437545924,0.2472799343880839,-0.3763497706072835,0.950963374442206,0.02663350766614223,-0.5703718587756157,-0.0027705202183614538,0.024053912036694013,-0.02433791108062276,0.1175960399002501,-0.01142340357754234,0.18033692841762225,0.2794887599750207,0.21257895065343724,-0.17932561176896183,-0.26734586993778187,0.19312409636966865,0.1578162484721171,-0.24344081703995463,-0.2581239741232023,-0.1780785317843846,-0.2554975334827196,-0.3231619169940814,0.19438051841723514,-0.22597433250136328,0.20735583544425817,0.06295423418654328,0.3910898245653341,1.4891325660909598,-0.0840110331415557,0.0,0.0,-0.06854590459575101,0.9976479634435937
0.10966531853995894,-0.015453007802728453,-0.007642923782651136,0.0,0.0,0.19497844766859967,0.14287844930703775,0.7808861984656403,-1.706156148360325,-0.06919521824098517,0.9578791616054673,-1.8797480005484373,0.13645069243816232,1.1008240076211777,-1.7279924521079428,-0.21138719297372421,1.312439207847302,-1.6878385268724885,0.24064724577161026,-0.37786732843289,0.9526264999921504,0.026091366648100925,-0.5685092210769654,-0.004144516701881611,0.024185037383666397,-0.024469567068780836,0.10966531853995894,-0.015453007802728453,0.19497844766859967,0.27930508439357465,0.21240493379768682,-0.18104412621303273,-0.2645719938696333,0.1876670081847064,0.15925322573122763,-0.24563783627522337,-0.25992610805340516,-0.1778530933639226,-0.2545965360763078,-0.3230962844749002,0.19302497328468504,-0.22764398211438255,0.20740374384893834,0.06123936004363842,0.39061248433966533,1.4913172974036288,-0.08459235670474856,0.0,0.0,-0.06660057578921258,0.997779716823581
0.10417231279165903,-0.018431467497101478,-0.004255757308924135,0.0,0.0,0.2026294790857167,0.14970765767905547,0.7852968135132238,-1.7164263927306116,-0.07404928712639938,0.9721854787606453,-1.8626511111282393,0.1365816208820503,1.1089862248358815,-1.7293977475223634,-0.20620371252656572,1.3065660336556346,-1.6834445849347575,0.233970669205659,-0.3787861562405641,0.9542324472075471,0.025630785255298893,-0.5672243187347284,-0.005425029464486864,0.024306245761601106,-0.024589685445579768,0.10417231279165903,-0.018431467497101478,0.2026294790857167,0.27918304302371466,0.2124964423766055,-0.18260096553177552,-0.2620106141394346,0.18175720090704955,0.16064555106804904,-0.24780132914881325,-0.2618831643109895,-0.17778790911683096,-0.25386252151437216,-0.3224789808563031,0.19206732799338722,-0.22947275674805184,0.2075452137691759,0.05954935910868628,0.39009432477827943,1.4933981124598246,-0.08520667449248809,0.0,0.0,-0.06457864321977731,0.9979126208440761
0.09744050787230378,-0.02207079144551163,0.001929177401156779,0.0,0.0,0.21179769354835842,0.1558512269447628,0.7879709412272159,-1.725400614337279,-0.07858452876098446,0.987695162112896,-1.8448728305789144,0.1373149826406286,1.1165345119169123,-1.7287184553077588,-0.20276770472096717,1.2975306106874578,-1.6783193283929276,0.2272415044359291,-0.3789875630575877,0.9557698811762607,0.025267931695382762,-0.5666316807843171,-0.006593526491017703,0.0244155712515259,-0.02469597901934041,0.09744050787230378,-0.02207079144551163,0.21179769354835842,0.2791348541012177,0.21290194589193884,-0.18397913181768324,-0.2597125056127574,0.17531476679398508,0.1619762732859178,-0.24992326087963046,-0.26403367342145684,-0.1779134723991901,-0.2533278126885419,-0.32119126430762923,0.19159108666359642,-0.23149441752632732,0.20780148893367392,0.05788634934839535,0.38952789758886175,1.495354411120598,-0.08586052721008083,0.0,0.0,-0.06246494246075109,0.9980471586870909
0.09208899880305609,-0.025093760112865186,0.00810045390748082,0.0,0.0,0.2251527294428141,0.1607910041482403,0.7895068067054336,-1.7321076024896824,-0.0829941410607157,1.0022645382067332,-1.8278802885459018,0.138463350209909,1.1224604184524372,-1.726463744416833,-0.2015039226792466,1.285587268236738,-1.6725117170180266,0.22057595498000196,-0.37771378156657404,0.9561026925221086,0.02498145276107467,-0.5675541543616699,-0.007664493791078437,0.02451029946230567,-0.024783841009663705,0.09208899880305609,-0.025093760112865186,0.2251527294428141,0.27926021011976093,0.2133293568145636,-0.18508178269673162,-0.25792912475898133,0.1690979619165167,0.1632734456824597,-0.251770627580822,-0.26602362664524876,-0.1781830721081369,-0.2530244114334068,-0.31927370622541856,0.1916921583575309,-0.23360511338478285,0.20837984327905532,0.05632296661247687,0.38924207872604566,1.49715524009214,-0.086568595125125,0.0,0.0,-0.06021765371252623,0.9981852704690439
0.0863155139297299,-0.028332243744614453,0.014779952247269409,0.0,0.0,0.23079391644959774,0.16520986548409994,0.790803622167844,-1.7380317718936844,-0.08736558362411738,1.0159234284208365,-1.811469270632818,0.13971657048051167,1.1275901542260096,-1.7237707519760501,-0.20112231882432322,1.2729079413872506,-1.6664074854208877,0.21394236758351365,-0.37581551275574265,0.9558922894872153,0.02471962592636165,-0.5691184728191447,-0.008703502145810707,0.024598979435932745,-0.024864174479332105,0.0863155139297299,-0.028332243744614453,0.23079391644959774,0.2794588722575169,0.2137198618278912,-0.18605742665926672,-0.2563380889782461,0.1630914953029784,0.1645594448256228,-0.2533872294597796,-0.2678786725538682,-0.1784920123165449,-0.25280193210419016,-0.3171972165075847,0.19201575530458134,-0.23568500041029491,0.20909187488479622,0.0547970939734935,0.3890859413463358,1.498890589062984,-0.08729982368934608,0.0,0.0,-0.057913742456003225,0.9983215906884613
0.07997618889720609,-0.03185532967580808,0.022121984511613846,0.0,0.0,0.2457127384844701,0.16819298500195135,0.7925976943224667,-1.742702594026923,-0.09170567442197336,1.024776248261332,-1.7977624535560612,0.14091796893626446,1.1300962641835213,-1.7209800127893686,-0.20290853525511915,1.2605823017656808,-1.6594795770943167,0.20741709414869572,-0.3722592918202282,0.9540846329182388,0.024487448623403914,-0.5723889563232659,-0.009701147791929505,0.024672213505255055,-0.024925798119511452,0.07997618889720609,-0.03185532967580808,0.2457127384844701,0.2798514082096517,0.21381312301128633,-0.18669317890822987,-0.25516494951651664,0.15867174418428096,0.1658187538896534,-0.2546198951251291,-0.2690481745650397,-0.17881525607253038,-0.2527815046101929,-0.3153464012499894,0.19285389193795585,-0.23745340231352965,0.21018931543546973,0.05338067609972908,0.3893264037698591,1.5004536546766758,-0.08809351990930733,0.0,0.0,-0.055460564309991314,0.9984608784556445
0.07518402459451642,-0.03459966339890168,0.02763126887237871,0.0,0.0,0.2533923410885806,0.17068030932345066,0.7945176490510886,-1.746969069998998,-0.09606120910925355,1.0307628959417343,-1.7856026240266287,0.1418937137708641,1.1319816556687539,-1.7184003677505713,-0.20511267373624897,1.2497774531634955,-1.6526908438939316,0.20103813997971332,-0.3680720875182978,0.9513818905330622,0.024241601322920855,-0.5765440016984938,-0.010722379724029438,0.024741654400713742,-0.02498144081954916,0.07518402459451642,-0.03459966339890168,0.2533923410885806,0.2803437516379815,0.21382035197572738,-0.18720925257223486,-0.25412984387199844,0.15519657215916927,0.16707584620962507,-0.2556464070590311,-0.2700150777861401,-0.1790840820793063,-0.25280795358414765,-0.3138412964380799,0.1937560219968559,-0.23895252950864146,0.21144597682968402,0.05202327725802591,0.38984815156341185,1.5019288372534971,-0.08892049405795449,0.0,0.0,-0.05293036286522895,0.9985982058300301
0.06966651615793079,-0.03765036266755671,0.03396055947702814,0.0,0.0,0.26266992553993385,0.17256873059802905,0.7965896654730806,-1.7507471101215253,-0.10043539946827182,1.0332873091101646,-1.775311500693743,0.14259687701884943,1.1331172412118087,-1.7160757169700587,-0.20782164726048138,1.2408096662794168,-1.6460702293194256,0.19483593430441726,-0.36312267764543105,0.9475979161663697,0.023979241149320908,-0.5817675665020943,-0.011772103054681803,0.02480651327641681,-0.025029858755610455,0.06966651615793079,-0.03765036266755671,0.26266992553993385,0.28095665896454686,0.21372464100713562,-0.18758424109165164,-0.25326319604989783,0.15290304726857018,0.16833102422302149,-0.25648681938274664,-0.2707361372698046,-0.1792876798723796,-0.2528948194574106,-0.31276893603303285,0.19473655015988584,-0.24013551307362097,0.21289745107514374,0.05073653736589276,0.39070801191182813,1.5032978602326834,-0.08978766676647446,0.0,0.0,-0.05030716310340162,0.9987337930301987
0.06559441834740255,-0.0399245943563384,0.03852720748489663,0.0,0.0,0.2766471534802966,0.17479186562391436,0.7962968721985817,-1.7535452235203524,-0.10391677292780245,1.0336847752332687,-1.7683210235375622,0.14203416584775996,1.1348024102357719,-1.7133058389792075,-0.21039563302810385,1.234542673596969,-1.642097051327045,0.1891135610640047,-0.35674418222445686,0.9427460592526654,0.023635575547814355,-0.5884104159015878,-0.012906600058508647,0.024878664945180602,-0.02507520511818047,0.06559441834740255,-0.0399245943563384,0.2766471534802966,0.2817021740170626,0.21415319705003807,-0.18806179637965798,-0.2524668328678733,0.1516859256932105,0.16932439670293434,-0.25703134231762154,-0.27168624400414604,-0.1791719548542552,-0.25315553748677344,-0.31188184403280705,0.195578163854472,-0.24080206423312292,0.21464451455527386,0.04960422328018771,0.3917852633812176,1.5045500581081097,-0.09069890865626247,0.0,0.0,-0.04754400198423499,0.9988691445206039
0.062099791296032596,-0.0418364157167955,0.04236304666846852,0.0,0.0,0.28266497793067064,0.17730743348455186,0.7947581187607006,-1.7557734314065714,-0.10703691050338623,1.0335892080687559,-1.7627866491675377,0.1410198264325468,1.1369169742728653,-1.7102106087482893,-0.2127969633035648,1.2292213096068456,-1.6395252758207228,0.18359918061357294,-0.3499394743345107,0.9375887783244254,0.02325353283847039,-0.5955927724448532,-0.014087024067591188,0.024953269287764736,-0.025119064917537168,0.062099791296032596,-0.0418364157167955,0.28266497793067064,0.2824977472639427,0.21484950428727703,-0.18862263566977358,-0.2516980173677791,0.15082729657838762,0.17020948424794982,-0.25742597362356795,-0.27281239303578503,-0.17894140051564786,-0.25347523884870865,-0.3109654544205908,0.19633362402509444,-0.2412655564626818,0.21647235635400883,0.04851783570218904,0.39293111208772363,1.5057580929536085,-0.09162663834957546,0.0,0.0,-0.04472035879986519,0.9989995442986005
0.058524823915966494,-0.04376326812560091,0.046268991158845967,0.0,0.0,0.2990904575198131,0.18132250376332262,0.7887413314042183,-1.755746262577864,-0.10928052846485603,1.0341464550449297,-1.7613924592733383,0.1392142611484115,1.141115058786594,-1.7055953397200658,-0.21418547812992564,1.2254542800096366,-1.6420154419655983,0.17865917258537736,-0.3428653190628841,0.9323275703936815,0.022750795559169586,-0.6039094368998821,-0.015437386909840044,0.025031319344774462,-0.025158091063181367,0.058524823915966494,-0.04376326812560091,0.2990904575198131,0.28339669588380134,0.21648727279893631,-0.18960876279974087,-0.2509982152285717,0.15045375874341405,0.17080546764343074,-0.2573184773867675,-0.2747776723548218,-0.17850909086758573,-0.25389645758175955,-0.30946973982215076,0.19671769091296573,-0.24128351063502743,0.21832051802685393,0.04755130845743198,0.3942028669537635,1.5068745888196504,-0.09258761948261122,0.0,0.0,-0.04173224646854192,0.999128830334051
0.055780209409280905,-0.0452978909871488,0.04919991792681072,0.0,0.0,0.30748928379713514,0.18636423225801146,0.7812728306565148,-1.7537535696935196,-0.11174112690003729,1.0363603529448693,-1.762712007245192,0.1373483058638298,1.1470295314032297,-1.7007400258802452,-0.21439497753118095,1.2212857250124216,-1.6486295689470492,0.17435869167988693,-0.33601683041510677,0.9273247829853343,0.02219603204866872,-0.6123565205444509,-0.01689305421090325,0.025111981694443293,-0.025194402157257382,0.055780209409280905,-0.0452978909871488,0.30748928379713514,0.28434850691029656,0.2182811831282261,-0.19090365721061703,-0.25043926921204024,0.15006957018161823,0.17140699299567935,-0.2567332877047306,-0.2772551742977232,-0.17804217858525417,-0.2541935377971164,-0.3070633370923952,0.19674992418597143,-0.2411679342384106,0.22007469026302004,0.046707884780588474,0.3954502342198732,1.5079449519801598,-0.09356629126705228,0.0,0.0,-0.03865983509498571,0.9992524291441219
0.05221695031821825,-0.04722820426625201,0.05310621255865262,0.0,0.0,0.31771879197415115,0.19265620231341832,0.7720364656012796,-1.7493673052925331,-0.11446595933431605,1.0405916835253053,-1.7673362848850396,0.1354088089787044,1.155034183309628,-1.6955923908031907,-0.21316869814808556,1.2166282013058665,-1.6602657637917073,0.17083701269271295,-0.3294431535670393,0.9226366943464831,0.021577912149950886,-0.6209624257798375,-0.01847695894181149,0.025195825236061443,-0.025227406921868138,0.05221695031821825,-0.04722820426625201,0.31771879197415115,0.28536469260087377,0.22027224667525938,-0.19257789322630794,-0.25004526818747125,0.14967522742172926,0.17201110401800848,-0.2555658486968302,-0.2803561811297097,-0.17753245212664218,-0.25432728471723165,-0.30356110828564986,0.19634760877125645,-0.24086015721659018,0.22171618545940353,0.0460225071986986,0.3966718351493561,1.5089591357570429,-0.09456650633364912,0.0,0.0,-0.03548482722154545,0.999370215204084
0.04922862867976517,-0.04888783720620328,0.05600860414023411,0.0,0.0,0.3323144760116419,0.20020676287822334,0.7638505529612312,-1.7414916710784811,-0.11756993545434186,1.046539379570346,-1.7768871930356196,0.13342955002847795,1.1641151420772065,-1.692329581253804,-0.209657178457397,1.210208765732555,-1.6791658534740002,0.16899050852785333,-0.32410105031270303,0.9192291150729247,0.02086479536956185,-0.629134687809989,-0.020231932289719087,0.0252846048970241,-0.02525443477162088,0.04922862867976517,-0.04888783720620328,0.3323144760116419,0.28647275541264267,0.22156395086474628,-0.1946917390745513,-0.25006882897461225,0.1496152687619135,0.17261603967550349,-0.25358565762018,-0.283404572042681,-0.1769682667563124,-0.25413503609153215,-0.29821930888115034,0.19528239913512505,-0.24035799049474624,0.222967806765959,0.04567835149219497,0.39769529883339166,1.5098943836413896,-0.09559880136154007,0.0,0.0,-0.032163579392294375,0.9994826182383941
0.04640761801526384,-0.05058692218796087,0.05639370423383555,0.0,0.0,0.34555888079617236,0.20810687305548944,0.7567784251788489,-1.7322566526440486,-0.1207303597699275,1.0522363234597902,-1.7884676697162467,0.13128540421334628,1.1736001630242046,-1.6902885752228587,-0.20517226122319762,1.2032667719400854,-1.7008016390296103,0.16794620855496467,-0.3193307122072351,0.9164358496379394,0.020111141104000484,-0.6370541238440911,-0.022058485881783458,0.02537460541442179,-0.025279005613321293,0.04640761801526384,-0.05058692218796087,0.34555888079617236,0.28760503676648314,0.22239397161967164,-0.1969555129221512,-0.2502771308439126,0.1499498155513076,0.17319015463498907,-0.2513172703361065,-0.2863339492233382,-0.1763374250228435,-0.25376562997028324,-0.2922763909615278,0.19391851454916745,-0.23965617087440425,0.22403432717387917,0.04549974089609622,0.3986106786585557,1.5107984792154567,-0.09664457785682026,0.0,0.0,-0.02870958640822162,0.9995877948675989
0.04362728206254758,-0.05238106644554968,0.05463399351216396,0.0,0.0,0.41560796119533416,0.2160214924683359,0.7559687583349073,-1.7200139494469542,-0.12352371306266044,1.0524220009549305,-1.8051330292454122,0.12797105735024603,1.1838970061105025,-1.6935790063670046,-0.19808559399098205,1.1960518749860622,-1.7279826222130867,0.16948324929063127,-0.3163212282009998,0.9156241808803036,0.019248773211774546,-0.6439619415368021,-0.024070020379999946,0.025463521885775168,-0.025297447349517964,0.04362728206254758,-0.05238106644554968,0.41560796119533416,0.2887285035819961,0.2211234381310065,-0.1993847281539665,-0.25114325447287816,0.1525340634384762,0.17359738844669637,-0.24859208064434835,-0.28847894124939877,-0.17532892823156918,-0.2528989030481391,-0.28530848322992447,0.1918003309555599,-0.23862162761328592,0.22452938025448352,0.04587997240622647,0.39914638676187486,1.5116314898030117,-0.0977254861321013,0.0,0.0,-0.024554972002233683,0.9996984812181968
0.04171927839452449,-0.05377549275257822,0.05120482259931557,0.0,0.0,0.47840350129505455,0.2240042090415951,0.7594083318343525,-1.7077630620736348,-0.12533878649656585,1.0488161582213185,-1.8239273979113642,0.12339332241278456,1.194431928487924,-1.7007157435783968,-0.19047310547186816,1.189539982722356,-1.7573763498893136,0.17218174097629677,-0.314452201128006,0.9162069031825432,0.018321673099238184,-0.6498869199019209,-0.026143427651662,0.02555300603405787,-0.025315876548679974,0.04171927839452449,-0.05377549275257822,0.47840350129505455,0.2897903965069697,0.21863848604500294,-0.20187531030355016,-0.2520685159603866,0.15639221332813869,0.17372315870010194,-0.2457797511350043,-0.28995038077477747,-0.17395616638816094,-0.25176283824031925,-0.27823892125258504,0.1894786557895792,-0.23712250639806998,0.22467065748488205,0.04649456623881987,0.39935141582237177,1.512438599879925,-0.09882296937016335,0.0,0.0,-0.019772098469372872,0.999804512953466
0.03937047149598428,-0.055498876751650036,0.04663453616488427,0.0,0.0,0.5555027908006235,0.23207052703946812,0.7680646066482248,-1.6955021271625392,-0.12595284671092835,1.0405555473497283,-1.8453355054729255,0.11726455300903103,1.205259135709359,-1.712574508327704,-0.182215077426428,1.1838911542525659,-1.7894866165633379,0.17630612110504157,-0.31398328859359026,0.9185014895091835,0.017315102626945703,-0.6546052874853977,-0.02829279480143804,0.025643187107142203,-0.025334290356393188,0.03937047149598428,-0.055498876751650036,0.5555027908006235,0.2907766964859687,0.21463783454459914,-0.20443073801465442,-0.2530379839751525,0.16176592430617848,0.17350658190347376,-0.24279945573574852,-0.2905932717500973,-0.172147057145342,-0.25030056573708603,-0.2710490104266533,0.18692236601371734,-0.23507535232833127,0.2243776132211914,0.047395051356375846,0.3991529016237307,1.5132139124549353,-0.0999408013348539,0.0,0.0,-0.014217851427992593,0.999898921241928
0.03725620145475377,-0.057041668878338385,0.04281320949443279,0.0,0.0,0.6648334328743206,0.24028526060283112,0.7825571447610842,-1.6861799992620952,-0.12409254815429471,1.027945287525655,-1.8686644658446292,0.10863480181433341,1.2166051268577567,-1.730384033173321,-0.17512303497642337,1.1779242604970936,-1.8239905312657325,0.182324322406202,-0.3159010112285612,0.9230114966630931,0.016189935646252807,-0.6574690192937849,-0.030514375539496347,0.025732119625899934,-0.025360541243571785,0.03725620145475377,-0.057041668878338385,0.6648334328743206,0.29165577795356507,0.20930443556398867,-0.20694004868556778,-0.253511649686736,0.1683983475740934,0.1726519741050055,-0.23980675083733036,-0.2902368170422619,-0.1696654206067144,-0.24846941910114367,-0.2635324711233128,0.18458821817965096,-0.23231555151872185,0.22341701283450138,0.04865595764686093,0.39853707613946765,1.5139496624469757,-0.10108680347912004,0.0,0.0,-0.0075698748841543425,0.9999713480866531
0.03509122139176584,-0.05865894341213384,0.03863488359806683,0.0,0.0,0.7113699039595532,0.24859075398685787,0.7988816615767192,-1.6782691068947317,-0.12123281351971257,1.0142685673557803,-1.8925075920728522,0.09916375166414228,1.2283705139102836,-1.750143911116397,-0.16887851512561064,1.1713981513793659,-1.859473140050583,0.18912459259781073,-0.3188284625514192,0.9284251007036516,0.015016557377888543,-0.6595204173085781,-0.03275281202513711,0.025819072345397074,-0.02539108893744504,0.03509122139176584,-0.05865894341213384,0.7113699039595532,0.292489224865746,0.2035781803009557,-0.20941252575753683,-0.2536378222783403,0.1751940158844289,0.17153992788215996,-0.23667193410484963,-0.2896046070008828,-0.166991401024171,-0.24645596059312794,-0.25591487826185455,0.18243108070019065,-0.22904577348484875,0.22217194188617032,0.050054166945111576,0.39775030441353176,1.5146694468477597,-0.10224476793351074,0.0,0.0,-0.00045618812754719406,0.9999998959461908
0.032563052618695555,-0.0597766165994273,0.03428161771108357,0.0,0.0,0.8352890159798674,0.25727838019912025,0.8167633981658855,-1.674932345747948,-0.11598562345338576,1.001748885099705,-1.9161747877414401,0.08858920114401482,1.2422637234513572,-1.7721307862263451,-0.1666790286365611,1.1612249979606046,-1.8973572833033694,0.19788494011243915,-0.3244133012799114,0.9360441697331572,0.013726358633273546,-0.6592921276505177,-0.034965449478477156,0.02589337886848415,-0.02543797080691617,0.032563052618695555,-0.0597766165994273,0.8352890159798674,0.29320117329748774,0.19799516138789153,-0.21178046227384184,-0.2528613505175897,0.18148643042485593,0.16986594240401137,-0.23363056973850435,-0.2890796623480484,-0.16405601803022035,-0.24408504823177402,-0.2472513701784825,0.18115994065251356,-0.2247850626908158,0.22020439199217343,0.0518037853222685,0.39654794161456536,1.5153511699575644,-0.10343444089476875,0.0,0.0,0.007896717077678417,0.9999688204436151
0.030193336879300474,-0.05979824814945732,0.0313372852710575,0.0,0.0,0.9014432417109157,0.26674061530054743,0.8326455122576308,-1.6736243149408927,-0.11070251188133493,0.9941529653106744,-1.9386085266104107,0.07902505180726843,1.2562376745045183,-1.7928172660848267,-0.16797094156320844,1.1471439809180226,-1.9358349581463974,0.20748210214794813,-0.331634904974355,0.9444747596549299,0.012394631638576728,-0.6582185603105105,-0.03711504057551229,0.025959623122337058,-0.02548985908148237,0.030193336879300474,-0.05979824814945732,0.9014432417109157,0.29386048957418937,0.19325547713560604,-0.21422967594727568,-0.2515204017819912,0.1862381698836864,0.16821790700741068,-0.2305723837200682,-0.28878221258621706,-0.1614368258075191,-0.24167015046871382,-0.23787010985198292,0.1806289599601426,-0.21976761284023277,0.21784027335285994,0.05365973965545509,0.3953491312452161,1.5160095684516888,-0.1046149637371015,0.0,0.0,0.016910547578683047,0.9998570064667193
0.02708251040414156,-0.058541582717738724,0.02779143575865478,0.0,0.0,0.983362260526315,0.27716155916165763,0.8460527572494276,-1.6748271790834572,-0.10537494140533916,0.9926510295615748,-1.959515655269988,0.07071144384546989,1.2703115567564953,-1.811894288143285,-0.1735840483855165,1.128226325489009,-1.9750472281414697,0.21811496287297658,-0.3408822805549082,0.9539097431474,0.011011506450953647,-0.6560988196959864,-0.03918660120465418,0.026015888962249913,-0.025547943624237977,0.02708251040414156,-0.058541582717738724,0.983362260526315,0.29445466470833004,0.18958493779938398,-0.21678281532111995,-0.24955223439060983,0.18920376548702264,0.16660870532247235,-0.22763336457219188,-0.28876994055288346,-0.1591838218694982,-0.23923026274803463,-0.22762802855135902,0.18094577626541938,-0.21379513679154083,0.21498932001634358,0.05563851724054505,0.3941464044920664,1.516639098811608,-0.105784161768567,0.0,0.0,0.026741946393633257,0.9996423702020037
0.0240860898710245,-0.056934676636412426,0.025055876288276876,0.0,0.0,1.1051404107356178,0.2882038348426033,0.8546715210406822,-1.6761143719061062,-0.10303722115126089,1.0013782797524555,-1.9766950438228927,0.06577549422553834,1.282845228337324,-1.8257334011678505,-0.1841413978343966,1.1005766108058983,-2.012383589091207,0.23013574241373905,-0.35246382718189334,0.9640907261234057,0.009597442952396715,-0.6529676922811913,-0.04104627766467334,0.026061922878188152,-0.025610899848218717,0.0240860898710245,-0.056934676636412426,1.1051404107356178,0.29497214700453556,0.18730355011435848,-0.21945911055459283,-0.24742436491254188,0.18922477612415686,0.16576378013645274,-0.22489182039639316,-0.28930459683086424,-0.15782440980674634,-0.23709318422418302,-0.21610723795251763,0.18222648810967673,-0.20716194122892292,0.2115986075737705,0.05779799779582266,0.3930950123697317,1.5172165159422617,-0.10689535944794226,0.0,0.0,0.037787765095512786,0.9992857873546918
0.02096525594266814,-0.05512461499850013,0.022053762446515298,0.0,0.0,1.1571167340199993,0.2993371303264908,0.8617131285942516,-1.6770224766089368,-0.10225012490095985,1.0138666595403958,-1.99201808984463,0.06250111887661303,1.2940042064740107,-1.8371175286861565,-0.19652743408313111,1.0694362108524043,-2.0482230484485617,0.24268723193269465,-0.3649630070878904,0.9745400857466914,0.008176895897262419,-0.6494502241794881,-0.04279465976959233,0.026102923000088103,-0.025675277673424434,0.02096525594266814,-0.05512461499850013,1.1571167340199993,0.2954568997598611,0.18542115025707473,-0.2221470948470027,-0.2453023689721501,0.18814732600980805,0.16530640352957535,-0.22225359151560348,-0.2899255768561917,-0.15690337895724035,-0.23515382073663366,-0.2045502071787716,0.183684589229427,-0.19995341639276304,0.20799590605741297,0.05997314593980047,0.3920850211909923,1.5177717827833617,-0.10798228424615582,0.0,0.0,0.04934813833890396,0.9987816384187708
0.01763091182915509,-0.05311915147626321,0.01877568339785779,0.0,0.0,1.2958504036975618,0.30980056123091615,0.8669899586015022,-1.6747430833772972,-0.10704138806053934,1.0332259514297428,-2.0009949568372507,0.0648152864215752,1.2977337716863706,-1.84079797551609,-0.2123196017570219,1.0302152897302925,-2.0764172859489913,0.2563322935468301,-0.37949986763011934,0.9854437231730955,0.006774267132501489,-0.6451389600451176,-0.04413660105693941,0.026126990649992455,-0.025740003609546244,0.01763091182915509,-0.05311915147626321,1.2958504036975618,0.29585429750239617,0.18357264428171838,-0.2247962210457026,-0.24373876818409682,0.18473983145663975,0.1661877462147514,-0.2199864960894423,-0.29015024499771824,-0.15739809223087026,-0.23414005291169074,-0.19267271921602364,0.18580091140456564,-0.19301126207927854,0.20394531949938183,0.06223944291305986,0.39125439402036866,1.518268400373367,-0.10900693785291737,0.0,0.0,0.06228671071901033,0.9980582977300506
0.014790981517580147,-0.05173675437284937,0.01631618943065405,0.0,0.0,1.3653023252598462,0.31937200934267895,0.8746712694947528,-1.6706466439824843,-0.11497188076520107,1.0516376756131636,-2.0064207510306282,0.06967558294462983,1.2949750904853536,-1.8420117881435616,-0.22788903217476034,0.9895606118326036,-2.0980609328700934,0.27005585791686304,-0.39483182304180464,0.9963269397043256,0.005437630542124214,-0.6407723813675921,-0.045199600908045534,0.026141563537888803,-0.025802478615122915,0.014790981517580147,-0.05173675437284937,1.3653023252598462,0.2962079270957754,0.18075731189863678,-0.22728894504946617,-0.24252908209998914,0.18115809821804718,0.1677984935486178,-0.21790405764461554,-0.28926334497986594,-0.15854407689225636,-0.23373167912057852,-0.18167260648404474,0.18781896516077257,-0.1866365310448124,0.1997546204445254,0.06440419046721732,0.39055960646291094,1.5187357225670264,-0.1100028805398883,0.0,0.0,0.07590741831628493,0.9971148699345309
0.013683675032012396,-0.04833397002550197,0.012991948124881079,0.0,0.0,1.4521050074686905,0.3278304879338691,0.8853527659980145,-1.664282989330017,-0.12681934006440465,1.0688670743256798,-2.0074157021366634,0.07771280616557615,1.2841207144352111,-1.8401478635003934,-0.24318054268279823,0.9471169671473617,-2.1115310951494246,0.2838773739237618,-0.41115585628610307,1.0071846761095977,0.004183335538702867,-0.6363367840934261,-0.045914552210328634,0.026144289357874256,-0.02586214502718156,0.013683675032012396,-0.04833397002550197,1.4521050074686905,0.29650694507962233,0.176721642311292,-0.22958981528259143,-0.2417437477421688,0.17731771970098917,0.17031906296632773,-0.216040226519419,-0.2869812087120753,-0.16051471674125845,-0.23405291763822608,-0.17143753584174357,0.1898599829079841,-0.18124408279181223,0.1953939475599861,0.06645948106941457,0.3900385982298548,1.5191664914958751,-0.1109629992413549,0.0,0.0,0.09037856989780527,0.9959074827026994
0.014226258070408592,-0.04461047829935782,0.010188338525880804,0.0,0.0,1.5244007872121192,0.3348460555649719,0.9039287449648741,-1.6558682385545513,-0.14176944012825263,1.0777442673077948,-2.00249102138556,0.0887855175309453,1.2605654419614727,-1.8368375811439295,-0.2548376743036964,0.9094783743986726,-2.11034610752876,0.29695041635288605,-0.4282203855422822,1.0181472605237591,0.0031595065419634067,-0.6319407966847604,-0.04601328519101326,0.02612610707560984,-0.02591887544482373,0.014226258070408592,-0.04461047829935782,1.5244007872121192,0.29672760502077067,0.17006280117807232,-0.23156324570910297,-0.24126373856021033,0.17463960419741878,0.17363120376347996,-0.21483958508298664,-0.28184493333533406,-0.16332241691370947,-0.2352828068149376,-0.16362795628664847,0.19177619545943536,-0.1788436177555916,0.190953058425683,0.06824014711710194,0.38959484856778476,1.5196221659962947,-0.11180612290851197,0.0,0.0,0.10554968971798505,0.9944140299696285
0.017461914175049057,-0.03886881731445957,0.007049112509076303,0.0,0.0,1.5484108371523764,0.3414938564483936,0.9257226304795878,-1.647123638397226,-0.1575006366026802,1.0827525071799755,-1.995034770610241,0.10094889565908273,1.2319508057374222,-1.8332445095651424,-0.2647803836287214,0.8746750038117171,-2.103048032292953,0.30970362366105497,-0.44542546749401546,1.02911714450098,0.00224827307101805,-0.6276492599684459,-0.04583899500833538,0.026098126395551775,-0.025972554113160674,0.017461914175049057,-0.03886881731445957,1.5484108371523764,0.29691447862065756,0.16237257201706504,-0.23337936854930277,-0.24063687358748376,0.1725056959387778,0.17717598816992824,-0.2139526557604357,-0.27544164991164055,-0.16646360702735427,-0.2366883906410873,-0.1568799054537914,0.1936252506461566,-0.17767830681485894,0.18652137842083208,0.06986171914825882,0.389127502724245,1.520097448132359,-0.11258820373600778,0.0,0.0,0.12093465039490373,0.9926604708226586
0.02188014463099716,-0.03221885089880146,0.0036124292259603896,0.0,0.0,1.5750618965058945,0.3485051301809459,0.9552617607494965,-1.6404531904711173,-0.17237196866279642,1.0758168771862981,-1.9808130327325597,0.11490657307709093,1.1918255916008575,-1.8307088713806408,-0.26927650304367917,0.8516625054180618,-2.0802462353156157,0.3216034633895528,-0.4620550428158965,1.0399038129701066,0.0017137392133008585,-0.6241094475755324,-0.04488379842279334,0.02603933246931634,-0.026008377420321967,0.02188014463099716,-0.03221885089880146,1.5750618965058945,0.2970095695211337,0.1527353043589737,-0.2350106635892776,-0.23917960121189918,0.172237260513791,0.18077496744576818,-0.21446584673264868,-0.265880542950401,-0.17014644109618915,-0.23837880715227863,-0.1536782729965984,0.1954023174482492,-0.18056490047890442,0.18225689102896556,0.07128437179623194,0.38863784833159054,1.5206734987978752,-0.1131476983965303,0.0,0.0,0.13655466544719597,0.9906325369906868
0.024907983069753753,-0.027367346927029,0.0010336247774272998,0.0,0.0,1.5882125792609376,0.35625107865780553,0.9850363042205559,-1.6361340880393982,-0.18540373630821655,1.066698675975204,-1.9646420311182746,0.12915151508059286,1.1506404243409654,-1.8291029166430235,-0.2710828497074545,0.8356463024392727,-2.0528697371482862,0.3328864695504303,-0.47816591430455374,1.0505186989903446,0.0014439544174820157,-0.6209248369559647,-0.043513053562492215,0.0259735084255226,-0.026034457318019122,0.024907983069753753,-0.027367346927029,1.5882125792609376,0.297058975789696,0.14340870512301213,-0.23658336392441906,-0.23697513960958702,0.1722244588086721,0.18408819756933126,-0.21552279786446135,-0.25575336918608765,-0.1739137712273941,-0.23955233822809516,-0.15225686660198628,0.19701773834462455,-0.18493539415145813,0.17814340204939302,0.07255094524177204,0.38808185186024613,1.521288687363267,-0.11359210673253982,0.0,0.0,0.152270792522266,0.9883388112103263
0.02923500687330738,-0.020646645537399592,-0.0024030585056886156,0.0,0.0,1.6049760263858686,0.3649211881252434,1.0151069783247428,-1.6347727867273185,-0.1961214817487274,1.054834977938579,-1.9460190144869,0.1437578125355332,1.1081219223829426,-1.8286664279607627,-0.2695056813267561,0.8284308692583673,-2.019738637484038,0.34339354932308175,-0.4936242986183897,1.0609174966812132,0.001507202378259254,-0.6181870412368041,-0.04161958281810471,0.02589884106642925,-0.026048280800191257,0.02923500687330738,-0.020646645537399592,1.6049760263858686,0.2970509145122308,0.13452302391096316,-0.23810722861037079,-0.23394773307729372,0.17254651156224682,0.18703708509240216,-0.21729195737220855,-0.24497239016638359,-0.17775454237020327,-0.24012175544404885,-0.1532485708379786,0.19839553106893495,-0.1912170770001918,0.17421499013552694,0.07365402668561825,0.3874654366996558,1.521953108219,-0.11389174584585886,0.0,0.0,0.168113780155986,0.9857675978249969
0.0331521365741394,-0.015057825964599727,-0.005118181714072746,0.0,0.0,1.6280722790676099,0.37500183617409605,1.0378860968809862,-1.6368146992933292,-0.20242344974898377,1.0460486724399602,-1.9264391056047037,0.1595250599157925,1.0719491736246989,-1.8282578303836858,-0.265150506192675,0.8311171665644417,-1.9847763730929449,0.35279712833177584,-0.5075632553690901,1.07073540527087,0.0021199524165310263,-0.6159183761248221,-0.03902997115913492,0.025811557210265443,-0.026045122868918743,0.0331521365741394,-0.015057825964599727,1.6280722790676099,0.29696285344946843,0.12836479098791426,-0.2398489041879912,-0.23046256143903213,0.17200572156918867,0.18908529416663108,-0.21972327426622465,-0.23572807304226173,-0.1818031472048016,-0.23975666087111064,-0.15681436787675027,0.19937986167722288,-0.1985738711306003,0.17065066450580332,0.07461812344603648,0.38673972804460094,1.5226657147017808,-0.11398370227274987,0.0,0.0,0.18414050739369667,0.9828999305813344
0.040585063740617586,-0.007242354394478853,-0.006956677848042603,0.0,0.0,1.6282740404850837,0.38528240858935414,1.0571085314911148,-1.6400763358061132,-0.2067318294340601,1.0389169471768231,-1.9067489401652258,0.17585086908478048,1.0393720306456085,-1.8277851480704088,-0.2600674239488747,0.8373455353654351,-1.9497045645347,0.3616810294871149,-0.5207581058717694,1.080236307703532,0.0029726698972249352,-0.6137898592994763,-0.0361479018868591,0.025719215721787453,-0.02603532455395907,0.040585063740617586,-0.007242354394478853,1.6282740404850837,0.2968461872436679,0.12347782854284939,-0.2415769994122817,-0.22690693793187663,0.1710357328553775,0.190717720292913,-0.22238307611917454,-0.22736714411347392,-0.18592877003818875,-0.23880807491292166,-0.16150941719416143,0.2001554255040473,-0.20606371292283346,0.16727475538941958,0.07549865174077831,0.38594252981643856,1.5234072919075305,-0.11397319184974408,0.0,0.0,0.20012039982049315,0.9797713128968851
0.05126376305588348,0.002412543727551914,-0.008053645993080782,0.0,0.0,1.5744994555280833,0.3938464881279144,1.06441101216926,-1.6452730177686763,-0.2051428283134906,1.0380808622218096,-1.8884322878259887,0.1940108716774438,1.0212912466377027,-1.826717842083711,-0.25561116406550793,0.8491483895251379,-1.9180972071794375,0.3689141581551384,-0.5314446786561833,1.0885102170018046,0.004492379891766676,-0.6116974305074949,-0.03251600369828983,0.02561528489772732,-0.02601130382390693,0.05126376305588348,0.002412543727551914,1.5744994555280833,0.29668458633554673,0.12234142963900208,-0.24308540703141854,-0.22419885183436458,0.16866784900507445,0.1909651255431557,-0.22550019036639757,-0.2228285164777113,-0.19038385616081105,-0.2369572795963902,-0.167528940558603,0.20082411928153357,-0.2128249322734581,0.16449124317156133,0.07625021831347673,0.3850117625026702,1.5242726905987813,-0.11361358469674508,0.0,0.0,0.2155220868607345,0.9764989657317584
0.06168677197018163,0.010345262045199942,-0.00799376732454893,0.0,0.0,1.5080197610688215,0.4001182948167506,1.0665017286172283,-1.6503147706389425,-0.20048138470603905,1.0394118617360406,-1.8718271054900615,0.21266036666929644,1.0112043940103972,-1.8254280875508602,-0.25280946177931934,0.8615833480770766,-1.8880941145695185,0.37545057085271044,-0.5405782094368565,1.0962228511388483,0.006316726306417438,-0.6093420478013847,-0.02859659324615065,0.025505208822253808,-0.025979196303524077,0.06168677197018163,0.010345262045199942,1.5080197610688215,0.29652404140394467,0.1226540619407361,-0.24420314003760946,-0.22228876588772079,0.1659512753230384,0.19042620852854947,-0.22869958264415,-0.22039226445881205,-0.19487938530942717,-0.23470373743346098,-0.1738549570352887,0.20167508504708653,-0.21886094595938754,0.16204374169361502,0.07697160575926448,0.38388850361352994,1.525226728274272,-0.11302254925696899,0.0,0.0,0.23022337664399073,0.9731378097919324
0.07554813804753885,0.021412493663229178,-0.007913969098947982,0.0,0.0,1.4238947918619762,0.40348308275525363,1.061982980427834,-1.6551600452512498,-0.19192352539931412,1.0434911183726325,-1.8573923782946982,0.23193062702193723,1.011255299815765,-1.8238562278162975,-0.2521060393550075,0.8748199299264403,-1.8601255213411974,0.3811034210241181,-0.5477422005855115,1.103223686321423,0.008527407090206333,-0.6066531917223565,-0.024312564968848184,0.025387339450669698,-0.025936833262676377,0.07554813804753885,0.021412493663229178,1.4238947918619762,0.2963648356425648,0.12479043138909407,-0.24485182532921262,-0.22139237210147092,0.16280419917737654,0.188867511541002,-0.23200059074485646,-0.22063784721659174,-0.19942946489383093,-0.23203435129304298,-0.18044446146485127,0.20282242842031625,-0.22402207080052924,0.16001243758749387,0.07767196035264244,0.38253837750258085,1.526293176297958,-0.11213802067168922,0.0,0.0,0.24405649542928134,0.9697610154253352
0.08722732735931525,0.030207007910131863,-0.007847778033465147,0.0,0.0,1.3073286255668048,0.4018210180533622,1.051271261504064,-1.659115110738919,-0.1785510511209194,1.0438628110748072,-1.84672483515281,0.2489852712919496,1.0230696201324454,-1.8243196374521804,-0.25440820650412466,0.8877867003186384,-1.835493331918351,0.38611205036823537,-0.5515404203190252,1.1091878614746604,0.011133584041649746,-0.6037912271343746,-0.01970770653077572,0.025257454799989677,-0.025876588161246713,0.08722732735931525,0.030207007910131863,1.3073286255668048,0.29620748263998675,0.1285065620548438,-0.24457960626856257,-0.2219477077852326,0.16112440343518358,0.18603959406869824,-0.23547464415727193,-0.22364973517425626,-0.20326320606151882,-0.22899499195073017,-0.1868133433616803,0.20444918570603612,-0.227935645355442,0.15860352028584998,0.07849764350538417,0.3808230055304232,1.5274832337521589,-0.11083764452129037,0.0,0.0,0.2567136019452315,0.9664875201347947
0.10005332375443154,0.04017027280498531,-0.007774786522182775,0.0,0.0,1.2572444847517203,0.3981903056040982,1.0382701128434682,-1.6628176963959747,-0.1633170886466716,1.0422432875403995,-1.837849149480462,0.26460034403806665,1.0396181350717169,-1.8257431190174358,-0.25803405823759135,0.9007184984735567,-1.812436941437997,0.3909081013586657,-0.5538153212804061,1.114685070199462,0.013890219096747982,-0.6008107345551253,-0.014995915712251567,0.02512283853586549,-0.025808294037303246,0.10005332375443154,0.04017027280498531,1.2572444847517203,0.29605092452122617,0.13281980196557974,-0.24391435513985327,-0.22300269388433552,0.1602100661455242,0.1826632751042348,-0.23895020399553502,-0.22774092400170065,-0.2066239387655411,-0.22579673098877365,-0.19317979973747684,0.20628316794271007,-0.23118294967613695,0.15746138423051304,0.0793864038493318,0.37893782371644563,1.5287228198005602,-0.10935763501598005,0.0,0.0,0.26884442329260544,0.9631836149273234
0.11391034541250546,0.05183445732022595,-0.007140774351473145,0.0,0.0,1.1226469763964855,0.3903768185812701,1.0212594946989664,-1.6665886583236544,-0.1442792647733157,1.0330010239894583,-1.8347717076539996,0.2735594261724206,1.0670263354594864,-1.8302318385014162,-0.2653946122870988,0.9140206787448649,-1.7944218630974127,0.3955023145446406,-0.5515628823867214,1.118806510017468,0.01693867395022997,-0.597259268164635,-0.01017463948720971,0.024978004772072817,-0.02571631883844161,0.11391034541250546,0.05183445732022595,1.1226469763964855,0.29589649117909944,0.1382742138634988,-0.24236143229369667,-0.22501349631960815,0.1621355602772545,0.1781995140486783,-0.24225425814379556,-0.2341496126079983,-0.20818343387565086,-0.22272449722847437,-0.19914042031251505,0.20875084976842995,-0.23283494344559671,0.15708344076830633,0.08055936934998775,0.3765226126499277,1.53007468351951,-0.10739042860670751,0.0,0.0,0.2796406327704992,0.960104742464964
0.12450337492895185,0.060961273997561904,-0.005817187663453848,0.0,0.0,1.055380377495092,0.3829213748686021,1.0023607123070055,-1.6708742575003548,-0.12520420257575382,1.0226641874760398,-1.8333848402477226,0.27878931017879105,1.0975935569462842,-1.8351222329701364,-0.27417927532671654,0.9272743323101437,-1.7795168241629242,0.4006152833955215,-0.546975497801144,1.121877494912881,0.020028565705825264,-0.5934476434038238,-0.005442575504555934,0.02483084165186694,-0.02560960363301163,0.12450337492895185,0.060961273997561904,1.055380377495092,0.29576529354716724,0.14434771064929175,-0.24084049618963332,-0.22686981043369234,0.1646056531490214,0.17361996660056936,-0.24523981155840976,-0.2412402197682592,-0.20877988376044193,-0.2198979871271637,-0.2047763591403804,0.21140897598619235,-0.2336015774104782,0.15704997865333903,0.0819867577815766,0.3739556589620304,1.5314532816410065,-0.1051618773311092,0.0,0.0,0.28975781581747573,0.9570999990453901
0.13817711660445592,0.07503018853973004,-0.0030786291552856167,0.0,0.0,0.9694396177012904,0.37592370342463294,0.9810478386397556,-1.6758178403744328,-0.10608152973537363,1.0109278969466693,-1.8341594378535564,0.2792512696379652,1.1321997095185958,-1.840526184496971,-0.2847847169838267,0.9404659425983055,-1.7685880913184244,0.4063915014983367,-0.5394027945227352,1.1236054324186764,0.023171436149053683,-0.5893033960690868,-0.000824572836371525,0.02468070035907799,-0.02548404275708331,0.13817711660445592,0.07503018853973004,0.9694396177012904,0.2956638036725613,0.1512079019721222,-0.2393644121641155,-0.2285186357732798,0.167762899919435,0.16892856597516187,-0.24782475702730924,-0.24918806722030112,-0.20817946508422477,-0.21737487018801355,-0.2099117445720796,0.21430841188242403,-0.23331288114679335,0.15745007695634,0.0837454461692525,0.3711886637683587,1.5328660607337952,-0.10259918650039127,0.0,0.0,0.29902270615870996,0.9542459961674042
0.14972277303312537,0.08699465315230157,-0.00022220998429356434,0.0,0.0,0.849212598289768,0.37096475816976576,0.956698906393006,-1.6793522856269891,-0.09139233096860962,1.0035571473149154,-1.836458187836867,0.2745356619572985,1.1694184898470446,-1.8444712965820844,-0.29666713961901536,0.9512900417097483,-1.7643110727748046,0.41306011826516326,-0.5279752765423981,1.1233072898422296,0.02625419190287796,-0.5851996935044345,0.0034950120495451957,0.024539734216747235,-0.02536169512313791,0.14972277303312537,0.08699465315230157,0.849212598289768,0.2956421483809558,0.15868963785129314,-0.23839255842961182,-0.229893140201535,0.17000871898130404,0.16525899860086557,-0.24942019095100368,-0.25792095768734996,-0.20640190470179215,-0.21546943536832502,-0.21347566527253214,0.21720405489548134,-0.231744873698492,0.1584201964282779,0.08595440568504552,0.36832051623516837,1.5342792259672513,-0.09954316304244397,0.0,0.0,0.3071155009912441,0.951672248755262
0.16247376631035926,0.10042422165246212,0.0029556211442322003,0.0,0.0,0.7973889864301791,0.36685910820961015,0.9314844310283684,-1.681892052292824,-0.07895485218614381,0.9984926655888554,-1.839206665754318,0.26801523938775146,1.2070226222276654,-1.847559742629528,-0.3091078028082834,0.960767179727554,-1.7625930085778234,0.4200689624994986,-0.5150542743504063,1.1221703067421915,0.029297892469912497,-0.5812384784221651,0.0076689787674691775,0.024402094306424274,-0.025241436203941713,0.16247376631035926,0.10042422165246212,0.7973889864301791,0.29565491527318954,0.1662558649264382,-0.23759780567204372,-0.23107129139630395,0.17171694570747825,0.16212274297413137,-0.2505620477826977,-0.26677062099771387,-0.2042016731192591,-0.21362391528462252,-0.21630471989683914,0.22009158444396157,-0.2296589179568939,0.1595740584635937,0.08834130629203207,0.36542809649192826,1.535691127181053,-0.0962750292383138,0.0,0.0,0.3146942668844268,0.9491930880437726
0.17618786270643558,0.11527856729344252,0.0064030235919818055,0.0,0.0,0.6578253280361369,0.36489923470295405,0.9065574596707655,-1.6794681637906113,-0.07458874097882012,1.0021413677873516,-1.8419415658483136,0.2591590949405851,1.2412892359380514,-1.846997419372201,-0.32309681821900965,0.9646917885312665,-1.7659411377345138,0.4277309833022832,-0.49910692261675343,1.1189796137981691,0.0321588818467435,-0.578398906840728,0.011350768398887288,0.02426969318632754,-0.02513095335766244,0.17618786270643558,0.11527856729344252,0.6578253280361369,0.2957603732267251,0.17297623944796492,-0.23748205135909167,-0.23232882279327569,0.1711660057919468,0.16098963150941858,-0.25055554809516156,-0.27531485346494866,-0.20163942927391668,-0.21250688044216762,-0.21686851943235746,0.22309711047708025,-0.22664044073508818,0.16118901324599358,0.09110640257719263,0.3627375886537433,1.5370911798224998,-0.09243926876045504,0.0,0.0,0.3209314904078874,0.9471024118143572
0.1868760350675579,0.12579397831602612,0.008989871443751407,0.0,0.0,0.5897540104252668,0.36249820408053135,0.8845828480731991,-1.6744967071482773,-0.07358220968252176,1.0078094833745401,-1.8440630392959485,0.2506621973947267,1.2699991206710144,-1.8458049274407902,-0.3366281453233493,0.9660532584843728,-1.7694919203909543,0.43551411830748465,-0.4823148793612544,1.114872669657836,0.03487761279281503,-0.5764687459629316,0.01474828885357741,0.02414408082572314,-0.025026786351540632,0.1868760350675579,0.12579397831602612,0.5897540104252668,0.2959110362168688,0.1784969112734183,-0.23732329367948138,-0.2338403987138683,0.17000815175737183,0.16070339087815055,-0.25020955103170256,-0.2825331252466622,-0.19925371741830172,-0.2115737342647538,-0.21670630368155683,0.22595909421525573,-0.22369151527806808,0.16292870879584023,0.0939903175210248,0.36026773279050156,1.538483736033623,-0.08832950008889824,0.0,0.0,0.3265114836601073,0.9451932347610595
0.19762304361204408,0.13909389551374549,0.011696227682897464,0.0,0.0,0.5020212736013635,0.3595285259831984,0.8664138011204513,-1.6662414585455108,-0.07690614606970197,1.0160806042930253,-1.8453938114241912,0.2426283658088115,1.2915464327312427,-1.843800153869849,-0.3495695163997317,0.9641108659740825,-1.773303921549366,0.443453368408462,-0.46443403648355874,1.1095846861314316,0.03741297392676077,-0.5757108071389107,0.017779388947439165,0.02402721911382217,-0.02493076040543831,0.19762304361204408,0.13909389551374549,0.5020212736013635,0.29611996808447516,0.18246914872818573,-0.23714812151598366,-0.2357897904509242,0.16806916123841553,0.16150298401878682,-0.24942036546711863,-0.28811024878744784,-0.19712721037020559,-0.2110896838016218,-0.2156140684940283,0.22865510045811643,-0.22084631479854266,0.1648549240254324,0.09703478242040525,0.35808422546119406,1.5398666294148335,-0.08386653736950124,0.0,0.0,0.3312524402906279,0.9435421669440661
0.20450901111069258,0.14872719810498577,0.013387602610656635,0.0,0.0,0.4507507572307491,0.3521721569391397,0.8626038157022916,-1.6563510252879217,-0.08207546289150532,1.016708722481361,-1.8480500074533315,0.2350352005316661,1.2988836490190947,-1.844277262687683,-0.3589078692289499,0.9623512213046734,-1.7719504558123076,0.451138042486631,-0.4460469025831956,1.1037726952479436,0.039596773110903226,-0.5764467074320867,0.02025676891207695,0.023930563376500055,-0.02485401971408954,0.20450901111069258,0.14872719810498577,0.4507507572307491,0.2963788853241847,0.18208183604401484,-0.23593792089723106,-0.23862672056882042,0.16829315287813434,0.16275553157820905,-0.24839411531419323,-0.2897892669991399,-0.19534462420384993,-0.21149476088510646,-0.21533982533123197,0.23079575869318025,-0.21936569155753544,0.16689145292316962,0.10009733592766606,0.35612830673338597,1.5411759614944458,-0.07904536907489483,0.0,0.0,0.335502098604476,0.9420394587446921
0.20849951016508667,0.15806823719262655,0.014422294827035055,0.0,0.0,0.4377041699537049,0.34290191860726343,0.8650409175226309,-1.6463774518611343,-0.08737574120123788,1.0130927208811058,-1.8513307700363486,0.22739927438446023,1.3000087299599108,-1.8461114129481402,-0.36649568880406697,0.9615645776860984,-1.7683071363717324,0.4586669911917008,-0.42772817153197173,1.097745608968231,0.041617898248100124,-0.5777987325564025,0.022492090564740434,0.023843350636665355,-0.024784990418433718,0.20849951016508667,0.15806823719262655,0.4377041699537049,0.2966554721889014,0.17986187650150326,-0.23420890768743108,-0.24174852698125518,0.16969601232459094,0.16403333965235112,-0.24735079813996846,-0.28972367002166327,-0.19365589269450317,-0.21232502540651582,-0.21566847467083372,0.2326604348853119,-0.21849634502337423,0.16892189308273228,0.10315979616339435,0.3542857492216718,1.542444907558652,-0.07408582032299993,0.0,0.0,0.33962223072513936,0.9405619279969184
0.21178495341700188,0.167818784389559,0.015302651669257816,0.0,0.0,0.4579651637807094,0.32835980304158713,0.8845797381722001,-1.639975260370053,-0.08897174901973737,0.9923016317188749,-1.856611103392564,0.21822845412848127,1.2839472333972277,-1.8533371059367287,-0.3681848034835778,0.9688443223444312,-1.758137915283442,0.4654977173329543,-0.41134222195698733,1.0912075733336122,0.043134904206873645,-0.5806331206113099,0.024057778104459086,0.02378593190895537,-0.024732966356588386,0.21178495341700188,0.167818784389559,0.4579651637807094,0.2969557771172661,0.173184639950904,-0.23086997191831557,-0.2450287988916956,0.17577746244684872,0.16439158877559346,-0.24675514274281116,-0.2845491130112918,-0.19185478528251604,-0.2143521624522195,-0.21917077435206253,0.2335193691092061,-0.2194521019822568,0.17083339238409662,0.10599253963360686,0.35320762195777206,1.5435526093038228,-0.06885303241702248,0.0,0.0,0.3439261151964413,0.9389967131390207
0.21460536029845897,0.17466788447282156,0.015963551301795276,0.0,0.0,0.46777577062863707,0.3134766254717344,0.9064788963072571,-1.6362139169986432,-0.08757555142689792,0.9659525952660126,-1.8627008507744622,0.20690031448164264,1.2638256081308314,-1.8620175863974369,-0.36528904460227274,0.982267225017914,-1.7477282609504006,0.47162592321491004,-0.3963173179385756,1.084879563118403,0.04437300173315003,-0.5837230836399472,0.025272967750564777,0.023747543334208716,-0.024690987390036195,0.21460536029845897,0.17466788447282156,0.46777577062863707,0.29726757825567174,0.16620751827411834,-0.22720815478627,-0.2477618429860086,0.18335702619852698,0.16399202757934894,-0.2462939054863538,-0.2781448582034984,-0.1895744543283177,-0.21673367083539205,-0.22442540252536616,0.23329719749097808,-0.22107546961303173,0.17262365188052584,0.10859886811626455,0.35235436880049775,1.5445765185241516,-0.06348950718529532,0.0,0.0,0.34831475149152163,0.9373776367576727
0.21781269025687006,0.18446937996808976,0.016844309329125395,0.0,0.0,0.480530796176899,0.29815022446788264,0.9314454054603212,-1.6358844592021062,-0.08229086569582038,0.9323807886013616,-1.8698424633878927,0.19276865378308747,1.2384276865766597,-1.8725886201629272,-0.35643506293686533,1.0036734021626987,-1.737006154197913,0.4768411765018335,-0.3830611459337747,1.0788244891625185,0.04524864682641167,-0.5871451763579478,0.02603267165474021,0.02373388518865865,-0.02466206241828891,0.21781269025687006,0.18446937996808976,0.480530796176899,0.29759431916933793,0.1588873106130564,-0.22317690106752938,-0.2498095174972237,0.1928590433369286,0.16260485250229517,-0.24589345804169213,-0.27015122323851193,-0.1866443722818023,-0.219486477654437,-0.23196933231891115,0.23160997637170627,-0.22346589970500355,0.17427434505213135,0.11089403585618518,0.3518232045300483,1.5454915360762522,-0.057956083677709075,0.0,0.0,0.3528151182241197,0.9356930545603619
0.2206508839620207,0.1913467965868375,0.017306317861837114,0.0,0.0,0.4978482338761473,0.28624753410426534,0.9500872184020959,-1.6380835957825182,-0.07395559449035444,0.9002756906959892,-1.876960643782065,0.17425750718953636,1.2139910896523656,-1.8806189318689013,-0.33975087869196097,1.032655978575347,-1.7310119778490987,0.48047844542620255,-0.3737775582390341,1.073636242689995,0.045555335205370695,-0.5900287396059585,0.02618584566516802,0.023762303516447827,-0.02465839087604903,0.2206508839620207,0.1913467965868375,0.4978482338761473,0.29794135062883675,0.15383965419299894,-0.21991222843230523,-0.25094739287183576,0.20189697933154124,0.1604508278334252,-0.24549721764933208,-0.26285027643541514,-0.18269001192278694,-0.22279484539104957,-0.24087673023651884,0.22771671183973102,-0.22612887670990298,0.1755441980002199,0.11253540414978452,0.35181736871134756,1.5462481254855027,-0.052195267836886015,0.0,0.0,0.3574690772317824,0.9339249749434148
0.22194720311158456,0.19215422978569713,0.015475020672267584,0.0,0.0,0.5055188533237185,0.276005392894149,0.9649334074212955,-1.640713920100377,-0.06490922651182027,0.8702897227440894,-1.8838554454537537,0.1542515965321897,1.190759787192712,-1.8871048766259964,-0.32000088147246014,1.063858513935253,-1.7276301822410178,0.48339685382178194,-0.36627974060292434,1.0688531410235627,0.04561536347206971,-0.5925926133417165,0.02608284827482961,0.023808865960185915,-0.02466563233443034,0.22194720311158456,0.19215422978569713,0.5055188533237185,0.2982865718838114,0.1499840997937496,-0.21706996658848574,-0.2517818490551192,0.2102784578557024,0.15812123076073464,-0.2449163735869464,-0.256115038003239,-0.1783095490580327,-0.22614166652418166,-0.24995985647250174,0.22284602881953933,-0.22854831143923315,0.17664299493850613,0.11388100975881382,0.3520309863052743,1.5469514372257085,-0.046365167265041723,0.0,0.0,0.3621856764780183,0.9321059680927702
0.22200656467808766,0.18761945529745544,0.011684285261882863,0.0,0.0,0.5272911600780743,0.2713632052764297,0.962896746225082,-1.6403390617611318,-0.0577741648034695,0.8553444003113189,-1.8888080369394558,0.13273399144124554,1.1757374268311722,-1.8866326394849098,-0.2940163992058776,1.09439005717062,-1.7348485825440056,0.48415168252988505,-0.36401353855259144,1.0653506500216632,0.0450078273514429,-0.5937503629292433,0.02532906632628651,0.02390392334648193,-0.02470218848499756,0.22200656467808766,0.18761945529745544,0.5272911600780743,0.29856035145572746,0.1505095710054401,-0.21593611665687903,-0.2527032258757993,0.2145879717956785,0.15630276617840838,-0.24452836811397496,-0.2525238540270345,-0.17354301979821557,-0.2298962371307983,-0.2570048640305477,0.2160496987442717,-0.23041492732734403,0.1772413498024261,0.11430934044659698,0.35283654668314296,1.5476072069544058,-0.04053134945794374,0.0,0.0,0.36709555378308445,0.9301832369983295
0.22128156567126522,0.17817045813062765,0.007053072421023266,0.0,0.0,0.5384677264255932,0.2682701016847904,0.9551315674415,-1.6357833926494303,-0.053176233616585904,0.8487497126826874,-1.893552282681832,0.11237133459116383,1.1642233649125466,-1.8831359847233844,-0.2666918440507005,1.1213949494636979,-1.746234083404908,0.48380951612041545,-0.3639807861584884,1.0626899600028992,0.04409928258078601,-0.5939466953277588,0.024290464728927368,0.024015981650266513,-0.02474640440554,0.22128156567126522,0.17817045813062765,0.5384677264255932,0.29875394329428673,0.15199550547437246,-0.21540008214328582,-0.2541224803152836,0.21675683099757276,0.15512343686088237,-0.2440189688944659,-0.2502668757270384,-0.16896474558916208,-0.2335788117777663,-0.2622748435823309,0.20884666119472348,-0.23186990395611787,0.1776118931942415,0.11428478672200135,0.35374761957808265,1.5483130514621735,-0.03481844624576081,0.0,0.0,0.3720989683505993,0.9281930606034607
0.21966911751354032,0.16637997146643432,0.0008815577110424244,0.0,0.0,0.5531199021099408,0.2672065850347281,0.9398609697818764,-1.6257500872015958,-0.051902413251809845,0.8530959030613301,-1.8980235569179056,0.0935218738159175,1.1573058236390357,-1.8756767828017478,-0.23761154524982134,1.1437792759388674,-1.763079257681965,0.48203008295968186,-0.36687426641583426,1.0611321851611137,0.04279636073624722,-0.5928833931684495,0.022878696647239925,0.024150314304279157,-0.024800656043225896,0.21966911751354032,0.16637997146643432,0.5531199021099408,0.2988424743525684,0.1547658386894032,-0.21564322984085899,-0.2561777669435664,0.21616009327107574,0.15477521301820005,-0.24343913694080999,-0.24976706365429893,-0.164673625280124,-0.23726578181666086,-0.26526317290455964,0.20117962641397677,-0.2329557710692475,0.17768079617433444,0.11366505792052062,0.354797924422225,1.5490845032036304,-0.02926396354450874,0.0,0.0,0.3772272968270915,0.926120708400652
0.21866317773592514,0.15620923236988296,-0.004203932789656473,0.0,0.0,0.5728833681803533,0.26549842179967814,0.9272780141864835,-1.6088484330819208,-0.05446545582694492,0.8611592926944674,-1.901884119098003,0.07944606396799515,1.1502924994207349,-1.8675219777684948,-0.21015750401868352,1.1588647230886493,-1.7806027394074655,0.4784463317348408,-0.37317915203479596,1.0607297715659325,0.04098535312984431,-0.5900991177902772,0.021046989624245296,0.024305625133610398,-0.024867795618215144,0.21866317773592514,0.15620923236988296,0.5728833681803533,0.2987892056027284,0.15564187641596566,-0.21592133534718255,-0.2590992660001959,0.2145775530805188,0.15536998726316287,-0.2426323087386467,-0.24934667982188619,-0.16144327139256073,-0.24042482994949402,-0.26614650735147205,0.19405220140845303,-0.23395257217100454,0.17741589880981032,0.11233018620881971,0.35601144915062005,1.5499490012343113,-0.023917869467718258,0.0,0.0,0.38252669807169976,0.9239444384065324
0.21733121866865862,0.14512105581787318,-0.009920469556863598,0.0,0.0,0.5814747532453225,0.2633740517239158,0.9169151358879529,-1.5896361018889227,-0.05830399837129961,0.8695630750690515,-1.9054145550785155,0.06751497794623276,1.1427536899080644,-1.8595106206261196,-0.18395897581313678,1.171142431262594,-1.7976972009413517,0.47408723365515476,-0.3808108871945967,1.0608367134745305,0.03896192590204571,-0.5865908484332837,0.019045840469726308,0.02446753508859099,-0.02493849081041005,0.21733121866865862,0.14512105581787318,0.5814747532453225,0.29867431704098213,0.15549527362424784,-0.21613232770213164,-0.26228385678543736,0.21288158273961583,0.15627294983710893,-0.24173998971468527,-0.24876214538549887,-0.15866976902337354,-0.24330442160057758,-0.2663406611224441,0.18732528758596617,-0.23479350012413858,0.17700979482859383,0.11070070941345313,0.35725233695096187,1.5508545648593168,-0.018661570557294664,0.0,0.0,0.38789273480004016,0.9217045222246367
0.21669084482822182,0.1330843243884079,-0.014814851769746897,0.0,0.0,0.6047681646620107,0.25924063617220283,0.9193809215839093,-1.5685225616280845,-0.06306398609796404,0.8706371732629262,-1.907631031022622,0.06185300744926691,1.130658413355167,-1.8547732348625476,-0.16471633114493778,1.1781650730050528,-1.8089437375848112,0.4676827900111674,-0.39103237252969025,1.0623716093026676,0.036416850124414105,-0.5812744091336542,0.01666979457681565,0.02463104183642337,-0.02500558843334707,0.21669084482822182,0.1330843243884079,0.6047681646620107,0.2983923868204539,0.15118267556180437,-0.21572054562209397,-0.265523386879853,0.21285996786582367,0.15739823620723045,-0.24083237647981762,-0.24649109283719906,-0.1573716484476269,-0.24524758286982284,-0.26618519452952627,0.18246953478440708,-0.235583239943569,0.17634959721598842,0.1083600195862125,0.3583396857345329,1.5518755408433769,-0.013643765504149493,0.0,0.0,0.39345981677548664,0.9193418148779052
0.21817057344388613,0.12284678914464942,-0.016482070518226977,0.0,0.0,0.6498004129648914,0.25564190795501834,0.9252323159374871,-1.5495005153979244,-0.06622103813928196,0.8680753852598941,-1.9090494652493641,0.05753692178628761,1.1169147459933388,-1.8519518762253797,-0.14997082683615945,1.1843201146962552,-1.8178854227925723,0.460543463185716,-0.40162626295708714,1.0643189878991017,0.03369739332881106,-0.5755382786290003,0.014195692091911556,0.02479120428548553,-0.0250680214622452,0.21817057344388613,0.12284678914464942,0.6498004129648914,0.29808172297019225,0.14614049722232925,-0.2152991060767781,-0.2681783945021051,0.2136488632602132,0.15813750074933025,-0.24017192035966015,-0.24347685018384038,-0.1563756717794166,-0.2468273314261996,-0.2662009473900949,0.1787481513765397,-0.23602096249257942,0.17565644042601616,0.10582196049234421,0.35929263290953173,1.5529873308080893,-0.008715843594612811,0.0,0.0,0.39942539686243733,0.9167657019878549
0.2213008304431412,0.10976991183221907,-0.01644082546520681,0.0,0.0,0.7093010914790785,0.2527494644029785,0.9355558631225264,-1.5332411868641027,-0.06726072397297954,0.860710845257228,-1.9094137420447972,0.05499865609006266,1.100993669376925,-1.8516614557458804,-0.1411657311881973,1.1893291172499836,-1.8237825600573643,0.45243340694847095,-0.4127120745296651,1.0668112274545887,0.03074759137458556,-0.5692477653232911,0.011592063690141966,0.024946949149195374,-0.025124292887854744,0.2213008304431412,0.10976991183221907,0.7093010914790785,0.2977331039997248,0.140158447752494,-0.2148831437891065,-0.2700610682151946,0.2155069190266054,0.15837217571279674,-0.23983352136341202,-0.23949244750035345,-0.15579316616290143,-0.24791119977873577,-0.26644715971370314,0.17651011729601795,-0.23608733751822544,0.17492295153621615,0.10302481500759199,0.3600707303166712,1.554219079705385,-0.003906651046866358,0.0,0.0,0.4059179781601682,0.913909511388497
0.22531955421546807,0.0977807038132748,-0.015019310208468086,0.0,0.0,0.8491926669011235,0.2540569986718203,0.9409780350442113,-1.523024898022414,-0.06483737934971832,0.8555665282675857,-1.9056502633656451,0.0530810017102901,1.088712751865388,-1.8520164508372545,-0.13944632735533205,1.190948036714242,-1.8301883653665958,0.44329678894092345,-0.42379537497002245,1.06989145407883,0.027707888498508575,-0.5625380567060073,0.008989971906815605,0.025086318769563836,-0.02517914412489447,0.22531955421546807,0.0977807038132748,0.8491926669011235,0.297424089951584,0.13669019931830276,-0.21546114950054504,-0.2707072992377831,0.21637225847578465,0.15782793008365983,-0.240678116870868,-0.23632015806436277,-0.15534382946833064,-0.2486148064987063,-0.26574984429562065,0.17597629125778147,-0.23540067458619052,0.17420010413468626,0.10001283577833085,0.36056257442939205,1.5556645477907014,0.0007957332980783492,0.0,0.0,0.4136641945043689,0.9104295327948516
0.22963582139741734,0.08513215031793185,-0.01341588257883636,0.0,0.0,0.9101461228801312,0.2572179482533376,0.943260814134892,-1.5153159659642441,-0.06137650266576292,0.8528638974978364,-1.900016291783407,0.051406505875862644,1.0787689571197214,-1.852115032764582,-0.14067042848238523,1.1905758426739625,-1.8372679123511673,0.433754500861352,-0.43480043686353176,1.0731265590741081,0.024653905393699237,-0.5557496112126574,0.006417090538889323,0.025217478521741346,-0.02523278502317575,0.22963582139741734,0.08513215031793185,0.9101461228801312,0.2971323315913861,0.13460974348927374,-0.21650705618605753,-0.2708982104984451,0.2164338574658016,0.1570539480979738,-0.2420324596888769,-0.23377679733474307,-0.15494791057597057,-0.24919588517614324,-0.26444121752808636,0.17614291483839725,-0.23438445898747026,0.17347180966592016,0.0969453084300234,0.36094711569553795,1.5572013304783747,0.005454659139593902,0.0,0.0,0.42193329997684365,0.90662687494396
0.2342618343428815,0.07154520528140612,-0.011687715036363953,0.0,0.0,1.0757618407566811,0.2655713621240392,0.9303093619931209,-1.5135805212820952,-0.05824455114242706,0.8666421042468679,-1.888819231006962,0.050210710991030756,1.0801915312902284,-1.847926242850148,-0.14893187944275793,1.1813606049578926,-1.8491976020427845,0.42338789465765586,-0.4450776897943932,1.0761058356326358,0.021727358929078722,-0.5494412236775346,0.004114193812711263,0.02531915160719878,-0.025279186522731412,0.2342618343428815,0.07154520528140612,1.0757618407566811,0.2968874546484305,0.13825752013529244,-0.21900988530428905,-0.27037255373316066,0.21175831248671906,0.15643066276570866,-0.2446976795765702,-0.23478518019639794,-0.15467781554939583,-0.24988196479326225,-0.2601130356730793,0.1779414524023578,-0.23241654160984498,0.17289440564798042,0.09381700255967242,0.36130204861798465,1.558974168048455,0.010016067528899993,0.0,0.0,0.4316620308279701,0.9020354156802672
0.23815012581740752,0.060230099143165475,-0.01039093969246452,0.0,0.0,1.1543065776897923,0.2749774946043113,0.9122054512397628,-1.5123135613707397,-0.05734852570682168,0.8894784497813499,-1.8768263685588666,0.04980060314902886,1.0862858298306268,-1.8422354746323373,-0.15875494630577344,1.1673863174823635,-1.8628644782763244,0.41283133733444605,-0.4548348384694401,1.078767791103858,0.018951483639494723,-0.5439729290799458,0.0020416889948629037,0.02540133707225322,-0.025322607100511395,0.23815012581740752,0.060230099143165475,1.1543065776897923,0.2966648229899315,0.1435851011477724,-0.22184365188920033,-0.26979521438005544,0.20461480785264982,0.1563535681019158,-0.24727302188219502,-0.23722586003568877,-0.15460364267027105,-0.2504944010021364,-0.2543571914984908,0.18007252792714745,-0.23020483790920448,0.17238665123551916,0.09074471252375547,0.36175276158620717,1.5608511337867148,0.014547219466363812,0.0,0.0,0.44204552617077447,0.8969926157959179
0.2418359124925844,0.04889123832486575,-0.008301383170944423,0.0,0.0,1.2590017233814634,0.2857856121487333,0.8872396213074164,-1.5116705180933843,-0.05943025230394229,0.9243782044459965,-1.8637736767817012,0.05043685421920734,1.0986018173683139,-1.834544408206757,-0.17065773528212438,1.1470740431776432,-1.878844897334391,0.4020218077259004,-0.46389932493464225,1.0810071460616129,0.016376268559655106,-0.5396234498430906,0.0002760145222196562,0.025457569397985932,-0.02536205775910415,0.2418359124925844,0.04889123832486575,1.2590017233814634,0.29647181706073195,0.1511592203055025,-0.22509519665734512,-0.26906145353245875,0.1941268668137548,0.15701519059439942,-0.24951615876858657,-0.24159035267419193,-0.15478991335217665,-0.25095875904359605,-0.24672720771525558,0.18262590136724216,-0.22757056566904296,0.17198642048475238,0.0877338565328121,0.3623423077644268,1.562866774889139,0.01903807659646852,0.0,0.0,0.453303643279697,0.8913561616937157
0.2443033202137583,0.040114337627741734,-0.006318509650345139,0.0,0.0,1.2830434826867783,0.29462763753074817,0.8673955239355575,-1.509668271128948,-0.0669009419373016,0.9648878322197815,-1.8527858704328544,0.05438390474479902,1.1115297841338003,-1.828167354831329,-0.1837483846510824,1.1226983139148141,-1.8894173583159075,0.39106325790859253,-0.47306663371049384,1.0822703832617173,0.014193406807652872,-0.5370056431453963,-0.0009741144962249948,0.02548326486542534,-0.02538018833953314,0.2443033202137583,0.040114337627741734,1.2830434826867783,0.29633276766309374,0.15694532588934032,-0.2277663395843697,-0.26845747041129014,0.18228921602372802,0.15898508576493786,-0.2503095071535209,-0.24592682341596192,-0.1557927410795225,-0.2507705168278892,-0.2390371805968725,0.18553616263078138,-0.22546223645754748,0.17162398091470354,0.08478619052661131,0.36352824493540276,1.5649687137741308,0.023516359550949772,0.0,0.0,0.46470281744816677,0.8854667082706926
0.24578133763043875,0.03333577655085039,-0.00365018987884963,0.0,0.0,1.2793019718515406,0.3025724399261748,0.8508997322418369,-1.507395864249422,-0.07642325654160183,1.0061154957287575,-1.8425100005876562,0.05968053812662538,1.123865760862827,-1.8227660181717231,-0.19728714335136635,1.0975784116352987,-1.8970232117347994,0.380091574078856,-0.4822509228610072,1.0830897291978965,0.012188889129902292,-0.5351846382881587,-0.0019881021390364467,0.025496047431191143,-0.025388646817121368,0.24578133763043875,0.03333577655085039,1.2793019718515406,0.29621907667471814,0.1616700849995854,-0.23014715591803328,-0.2678216771416504,0.17022131453394865,0.16143538334538465,-0.2501661347684182,-0.24997068130627653,-0.15712342921693245,-0.2502548601362228,-0.2316724240103415,0.18856047024040257,-0.22348253245956307,0.17124983467456936,0.08188585320282118,0.36497304972405165,1.5670978525796762,0.027991691360232038,0.0,0.0,0.4759925820051063,0.879449294658943
0.24692335482086553,0.027512535784806946,-0.0006571609097033583,0.0,0.0,1.1706536836726822,0.3078098036348819,0.8511798214167356,-1.5066187642514706,-0.08944644243456405,1.037353571504354,-1.8328621350228789,0.06798518216237415,1.128665491938591,-1.822790827602148,-0.21155796386301498,1.0775394700467589,-1.8923859931528568,0.3694423763081433,-0.4912888482213019,1.0825798846781254,0.01071788082481364,-0.5358113087713718,-0.0022837536234874235,0.025476612558122724,-0.02536829700693488,0.24692335482086553,0.027512535784806946,1.1706536836726822,0.29618676006793976,0.16145102133061914,-0.2315748222744992,-0.2669427203236806,0.16072283603350573,0.16473810886386972,-0.24925697619086265,-0.251196618387548,-0.15917899517641318,-0.24905037584594975,-0.2273982555206983,0.19203570606702486,-0.22283182723823902,0.17092634365233386,0.07916650294466032,0.3671918751806993,1.5692286752164364,0.0324765109107829,0.0,0.0,0.48625527072472,0.8738168067120415
0.24795014081195477,0.021617455255723436,0.001588736016017167,0.0,0.0,1.1194145528457928,0.31284080735909214,0.8588498518444011,-1.5084093266095102,-0.10150951307374326,1.0606328522643207,-1.8225829896445467,0.07692205972181412,1.1297365368272252,-1.8247900459055713,-0.22548380452924516,1.0632641116300459,-1.882470072891851,0.35898581272564334,-0.5002503699551402,1.0818142322107005,0.009511979856492589,-0.5373261351711472,-0.0022336673013902174,0.025443748015767112,-0.02534261118853465,0.24795014081195477,0.021617455255723436,1.1194145528457928,0.29619279023833,0.1593767692202822,-0.2327672050735244,-0.2655498837451628,0.15311650887572362,0.16780453872868945,-0.2484831016251514,-0.2511410331064089,-0.1613747344955905,-0.2477030610364074,-0.22529759311328712,0.1955710475770957,-0.22272979930073045,0.17055685221834802,0.07653178203749927,0.36960286945495713,1.5713688976203017,0.03696515817696623,0.0,0.0,0.4960064362146749,0.8683188442234901
0.24912679253558104,0.015566332420304807,0.004581764985162051,0.0,0.0,1.050689909254008,0.3175947267848709,0.8764425263955034,-1.5136475482812293,-0.11228341487451182,1.0732256758671535,-1.811456210338153,0.08670785177785562,1.1258009889951122,-1.829440348423444,-0.23894643282087874,1.0567276489276156,-1.8654663184514422,0.34878790349914535,-0.5091093027820949,1.0807051005271766,0.008662044607962601,-0.5400335089518472,-0.001719350872847925,0.025392851147514127,-0.025309760589152578,0.24912679253558104,0.015566332420304807,1.050689909254008,0.29625030950858044,0.1548335500034825,-0.23362168053064686,-0.2634268557761007,0.14809284021345243,0.1705934017139797,-0.24821556862698552,-0.24937113393038363,-0.16375794327447502,-0.24616187181335733,-0.22616299479372726,0.1992236676969052,-0.22344371619665993,0.1701411259572557,0.0740051595626797,0.3722768691207395,1.5735217413076987,0.041458945004985634,0.0,0.0,0.5051023956378933,0.8630594243277002
0.2504393220032455,0.009912670015843394,0.006647606810124274,0.0,0.0,0.959544343839337,0.32374052047872753,0.8965969848661461,-1.5258061243937562,-0.11915679763142861,1.0769192795627391,-1.7990693236486275,0.09751274991028262,1.1209363665145178,-1.8331942125581777,-0.2509116077115039,1.0596630884191163,-1.8447936721719236,0.33912983665672664,-0.5168149699098786,1.0793300457298756,0.008243211142074039,-0.5440479624443327,-0.0006457527622563018,0.025328179915399793,-0.025264433813460458,0.2504393220032455,0.009912670015843394,0.959544343839337,0.2963760608377365,0.15073759558034575,-0.23449541506644928,-0.26006148306807225,0.1451452948500363,0.17248300393583943,-0.24891423940858393,-0.2475170303491551,-0.16638680474510728,-0.24463526603822078,-0.2300177787719859,0.2026356735355515,-0.2245243958298721,0.1698059063260817,0.07169460190913116,0.37498325083625567,1.5757063524081156,0.045958313190987046,0.0,0.0,0.5133605799637913,0.8581730099107288
0.2551010985103856,0.004606254127892159,0.0052344958441183365,0.0,0.0,0.9252029561708465,0.3304614855979497,0.9164192589143147,-1.5408003656910014,-0.12428825438165894,1.0776867614342616,-1.7862321020892034,0.10876048252416334,1.116458444068065,-1.8361688984128146,-0.26222546928777135,1.0661276925641756,-1.823556467317618,0.3297673926617091,-0.5239273660744611,1.0779353976249695,0.008003746479516847,-0.5485876795764152,0.000660920470881332,0.02525697797178649,-0.02521423757291184,0.2551010985103856,0.004606254127892159,0.9252029561708465,0.2965162137809854,0.14729613859016388,-0.23535354663893765,-0.2562108584698634,0.1428625775501784,0.17397385249345018,-0.2499871843841701,-0.24589296513811926,-0.1691120103350862,-0.24309969419665012,-0.2349566988215364,0.20590984488472236,-0.22551541450335227,0.16947891758037675,0.06949170065853251,0.3776422373587406,1.5779099063231394,0.050472989150036375,0.0,0.0,0.5212784497044118,0.8533866520363234
0.2625138398472848,-0.00018787072704117003,0.0008475375719949052,0.0,0.0,0.8710588822960711,0.3385067120051149,0.9249824804898632,-1.562141766628392,-0.12442752144012886,1.0773864743801265,-1.7728891328263752,0.12119155328792357,1.1186855730529013,-1.8342655074711032,-0.2717944380039199,1.0778130772881775,-1.8081993583876363,0.32163293810131516,-0.5287932675475108,1.077176958322525,0.008186479753931039,-0.5542245680609571,0.0025190114124246867,0.025164411806214895,-0.025154988970965724,0.2625138398472848,-0.00018787072704117003,0.8710588822960711,0.2965854406715012,0.14840523603897993,-0.23640033925325601,-0.25181905832739937,0.14075485853375852,0.1742358310649448,-0.2517856773849595,-0.2467689151622869,-0.1721420820473591,-0.2417015409305267,-0.24042231268488368,0.20851011641313658,-0.2255931706611902,0.169307877999594,0.06767688245398436,0.37976739594833,1.580200953552356,0.05512101046937985,0.0,0.0,0.5286921737284073,0.8488136341025229
0.2705126984671586,-0.004564176945161438,-0.005304772191895568,0.0,0.0,0.8713213567001783,0.34548257090724405,0.9260135487868241,-1.5843887810523682,-0.12298235598091914,1.0782731381746438,-1.7626857998279428,0.13450937818449205,1.1258455222615822,-1.83017101425391,-0.2802340021500217,1.0897705652392822,-1.7971698693357985,0.3144242435407183,-0.5323977831464547,1.0766887389696562,0.0085082506904235,-0.5601646186640626,0.004533377605884297,0.025066228081973705,-0.02508870892835638,0.2705126984671586,-0.004564176945161438,0.8713213567001783,0.2965501152838652,0.15190228275220263,-0.23718098435749213,-0.2477893436500701,0.13882949688828877,0.17403375911290483,-0.2532800883495493,-0.24926292566073233,-0.17537274152165203,-0.24017652492038444,-0.24532900444031863,0.21066792230766862,-0.22512016236875557,0.16921656412432495,0.06611617099398345,0.3815770069865718,1.582547071461494,0.059894155836305696,0.0,0.0,0.5360679986411161,0.8441748046660172
0.2811875867871954,-0.008846441177010972,-0.013503742117722263,0.0,0.0,0.8717136526134267,0.35101074832849766,0.9168477869377689,-1.6078617910926152,-0.11939222763220861,1.0807666646746488,-1.7567328234704642,0.14902766740236106,1.1396833931883936,-1.8231102646543431,-0.2871446082225211,1.102096419351605,-1.7919989977605069,0.30846881841381024,-0.53429466786866,1.0765663362466371,0.009018247141144584,-0.5665150821352233,0.0067593051073624386,0.02496043945519397,-0.025012909907113332,0.2811875867871954,-0.008846441177010972,0.8717136526134267,0.2963732497838254,0.15855218248204447,-0.23760693049450574,-0.24416174861114853,0.13716959837604462,0.1732010621924237,-0.25438177659560374,-0.2539618949923279,-0.1788675807804367,-0.23842407345259414,-0.24940549884807928,0.21222970253824844,-0.22401414535188752,0.1692601121908413,0.06489805804911336,0.3829626519446051,1.5849677426024125,0.0648366908336845,0.0,0.0,0.5434064177850682,0.8394697523496604
0.28988501702281655,-0.013286618259818625,-0.0202108693953873,0.0,0.0,0.8721932119878392,0.3513470949748388,0.8983080411473147,-1.6308137820317194,-0.1163680948711072,1.081411277445463,-1.760433432001334,0.1648734856683474,1.1597157046198845,-1.8165611644776969,-0.2912136156541797,1.1150607114227917,-1.7933079356757493,0.3048036703123496,-0.5340589217555064,1.0767095882732134,0.00967454368723198,-0.5726952124387026,0.009081767289899283,0.024839717057497743,-0.024924754791964706,0.28988501702281655,-0.013286618259818625,0.8721932119878392,0.2960099655991563,0.16772912762544512,-0.23679508692236395,-0.24165865833972727,0.13761601396989673,0.17237031022905275,-0.25424288848172494,-0.2601762857808423,-0.18256000959407304,-0.2358831350784657,-0.25257562835992586,0.21287546841118066,-0.22245590855897857,0.16946395165393865,0.06424955022365193,0.38378512192027303,1.58747485308693,0.07001090026460587,0.0,0.0,0.5507075465550028,0.8346982677395284
0.2998389135362878,-0.017565320944888607,-0.02785502180743527,0.0,0.0,0.8724151213945907,0.3493869640649517,0.8764530589374229,-1.6534806585942308,-0.11360438745647969,1.080478046662533,-1.76849811667433,0.18096701594857545,1.1820980650014585,-1.810761328643331,-0.29411177430301905,1.1285434797979308,-1.7971566937004138,0.30217204611891735,-0.5329241518361066,1.0769722695247486,0.010385921018986121,-0.5787435337327991,0.011425469433351338,0.024713241790707878,-0.024832162258322715,0.2998389135362878,-0.017565320944888607,0.8724151213945907,0.2955648150080099,0.1776367762380523,-0.2353549731859722,-0.23937960258253985,0.13920690696980348,0.17155143701280973,-0.2535753697823849,-0.26687085048283427,-0.18618753056859189,-0.23283833170848628,-0.2554382311746195,0.21313612161597287,-0.22070714559700633,0.169732260093821,0.06385340282023112,0.38435854093019806,1.590018466544839,0.07528781323120533,0.0,0.0,0.5579686226620615,0.829862046441818
0.3111272898249458,-0.02191992230971651,-0.034856609104631786,0.0,0.0,0.873018764889995,0.34102500631259075,0.8514244189629199,-1.6749536853570195,-0.11164019285486304,1.0695972167528598,-1.7894151119085449,0.19527241415702315,1.2081847878602823,-1.8108683595290551,-0.29437434673309326,1.1451952549127424,-1.8057027917641857,0.3025710525420996,-0.5296065876117121,1.0775819237415607,0.01118052435609007,-0.5840121415945198,0.01367169926659409,0.024576955259992532,-0.02473470525672803,0.3111272898249458,-0.02191992230971651,0.873018764889995,0.2948957647268589,0.18806386277737336,-0.23234732542818828,-0.238134371441938,0.1455134188853131,0.1707973012638034,-0.2515385341033344,-0.27345684769325435,-0.1891128701818595,-0.22883897423975855,-0.2582985132029762,0.21256559840814043,-0.21859048002850112,0.17013837809753726,0.06417222110474077,0.3842387150764912,1.592651197543511,0.08085269538255814,0.0,0.0,0.5651922105275538,0.8249592506051298
0.32046745203770294,-0.026593810595543638,-0.03817719407379766,0.0,0.0,0.8598826298380752,0.33161766569201784,0.8272119718245594,-1.6971952137179094,-0.10961840409212392,1.053148922295525,-1.8146724784030357,0.20666571810411705,1.234682275125613,-1.8141395188868044,-0.29309301547562855,1.1636744131549042,-1.8155564611347819,0.304350383973752,-0.5252980281813788,1.0782579375574222,0.011995333643146559,-0.5886772247747732,0.015784775078198116,0.024432490456652328,-0.024636307279042043,0.32046745203770294,-0.026593810595543638,0.8598826298380752,0.29417055064382464,0.19813208644914349,-0.22895538282817685,-0.23655110852446565,0.15383378666655967,0.16997410820214132,-0.24893285573301263,-0.27952239610848334,-0.19118042261537327,-0.22466966154582946,-0.26135656608700775,0.21156525404241544,-0.21641687407949456,0.17061161599781616,0.06482119487356064,0.3837962558251634,1.5953302139846177,0.08657649857027874,0.0,0.0,0.572264996337112,0.8200687617311643
0.3341066115487647,-0.031210916360332852,-0.040463360850341586,0.0,0.0,0.8419878205627116,0.3207834517726531,0.804113569884346,-1.720485692127393,-0.10751800339382428,1.0291014345219502,-1.8458541431106055,0.21408422040538147,1.2617404266045644,-1.821729488670826,-0.28970436544085926,1.184647819457146,-1.827194872383888,0.30801376091459626,-0.519636830744835,1.0790245275084789,0.012837722615446325,-0.592518539669422,0.017716105116190966,0.024276862892572984,-0.024536624935885463,0.3341066115487647,-0.031210916360332852,0.8419878205627116,0.293368676963907,0.20777048506093057,-0.2251028393030508,-0.23466442140952476,0.16478610620191841,0.16903779642464042,-0.24536356999605552,-0.2848621408204317,-0.19215011332631274,-0.2204026224525888,-0.26467983557268504,0.20999209964686102,-0.21416091385434602,0.1711716467431143,0.06592305767138538,0.38291183245178795,1.5980724067642138,0.0925172176749374,0.0,0.0,0.5791495898944043,0.8152212905249367
0.34581264477544715,-0.03600018220708709,-0.04099581318978973,0.0,0.0,0.7945757292274038,0.3108415668830273,0.7833436662331218,-1.7453457340598113,-0.10582752537447955,1.0000078408047548,-1.880424330011011,0.2153290179558098,1.2877654545009143,-1.8316645938903096,-0.28422437747940404,1.2059686612337834,-1.8409288618713622,0.31375391827896254,-0.5128168668597934,1.0803820602595806,0.01369152346160265,-0.5949712470173836,0.019349155307281804,0.02410421922104433,-0.024442546826321628,0.34581264477544715,-0.03600018220708709,0.7945757292274038,0.29255201620981097,0.2166842775525904,-0.2213432451863392,-0.232015138787588,0.1771160077638112,0.1681130090548794,-0.2407708020447586,-0.28941438151456333,-0.19166958225384373,-0.21677027362526516,-0.26765166575081084,0.20789809372699714,-0.21191137530657406,0.17173234800622417,0.06750419349853351,0.3813663277840091,1.6009082105010748,0.09878502483479695,0.0,0.0,0.5856088577980881,0.8105937735193989
0.35926560284291287,-0.04080560750848575,-0.041604750395680956,0.0,0.0,0.7737106202000343,0.3014430296249117,0.7633628541460412,-1.7705635795226455,-0.1041256362357393,0.9695112782602138,-1.9159401041957036,0.2139100584273158,1.3131693968406082,-1.8419050557109025,-0.2779353205114606,1.2268044421306017,-1.855422139167785,0.32040312671317467,-0.5055012525274206,1.0819957548609145,0.014551127159323222,-0.5968468584693395,0.020849352953239086,0.023924712593165736,-0.02435025411586349,0.35926560284291287,-0.04080560750848575,0.7737106202000343,0.2917288444363154,0.22513027036470779,-0.21767150084635256,-0.22887694103287098,0.1894029775507008,0.16711727132328127,-0.23537190868109176,-0.29365116395806246,-0.1905997290227842,-0.21346775234569132,-0.2702894665875684,0.20563632134756,-0.20967721111035606,0.17226886403075803,0.06929764702200167,0.3795346694702527,1.60378465285668,0.10519720513660148,0.0,0.0,0.5918629795515683,0.8060385930191803
0.373723629853989,-0.04548679065090075,-0.0422568329108447,0.0,0.0,0.7165188362802127,0.2946771154395091,0.7437498911928675,-1.7942290592652097,-0.10093398255188596,0.9413930062347884,-1.949894776854377,0.20560508371832292,1.335607989476277,-1.8474554329250867,-0.2702781972475351,1.241461596236779,-1.8707545101642606,0.3295030220268436,-0.4969378522095773,1.0842808678459663,0.01543254898010322,-0.5974016030533955,0.02197389669107415,0.023731179374198504,-0.024257670076062474,0.373723629853989,-0.04548679065090075,0.7165188362802127,0.29088782619398373,0.23300544998499667,-0.21466871366939633,-0.22525139165428165,0.20035428922736492,0.1657608438698531,-0.22978609012493506,-0.2979548869462953,-0.18823477165562663,-0.21184169115811596,-0.2712036744156561,0.20321708435292707,-0.2079693807645791,0.172747084802865,0.07164628478168075,0.3770013663510338,1.6067680762364314,0.11200776914707733,0.0,0.0,0.597623204602955,0.8017770920399849
0.3844020628195346,-0.050367989332570334,-0.04274613994101895,0.0,0.0,0.690111726775134,0.2886994848600948,0.7241141509551271,-1.8154660351574419,-0.09723569789471541,0.9174976638303356,-1.9798288224981377,0.19563510680857776,1.3552913731680465,-1.84799799695611,-0.2623435943029249,1.2508076713062248,-1.885141007029093,0.33956176730302645,-0.4883799280684729,1.0867773853242397,0.016336677564630416,-0.5974782954614896,0.02293756504346114,0.0235331248303947,-0.02416505406682308,0.3844020628195346,-0.050367989332570334,0.690111726775134,0.2900385711198816,0.2403553981508974,-0.21195277091660228,-0.22165163390594433,0.2093405671556871,0.1643542248735809,-0.22452563852905866,-0.30248348961143817,-0.18569634544933916,-0.211128065135825,-0.27096637536853285,0.20091036958151037,-0.20677962231472669,0.17308370817900753,0.07419051662849004,0.37431679035014764,1.6097991002293732,0.11900328576134937,0.0,0.0,0.603142131140352,0.797633731510569
0.39362868891353153,-0.05471003611509975,-0.03673811980451497,0.0,0.0,0.6537882939859139,0.28380668267177867,0.7044470648352925,-1.8333609271794549,-0.09284019251712258,0.8994138769518878,-2.0042297195356613,0.18337376972732117,1.371183064551307,-1.8416488561779263,-0.25402712646442,1.2528446899870267,-1.8982258009222832,0.35094007276571665,-0.4798295401896425,1.0895648356527088,0.017272054981171615,-0.5968970970179026,0.023679838222541025,0.02332884808241104,-0.024072394061547063,0.39362868891353153,-0.05471003611509975,0.6537882939859139,0.289177980596343,0.2471442067314432,-0.20963739263633355,-0.21824531518301749,0.2160206553340179,0.16291020655920224,-0.22014417264055605,-0.30740002133239497,-0.1828861737706151,-0.21168082804753055,-0.2692015804498968,0.19873320146593565,-0.20631504432130887,0.17323250169294357,0.07699934126013402,0.37142830199306065,1.6128956317328489,0.12625333238751238,0.0,0.0,0.6083440766406112,0.793673411685362
0.3971697450355586,-0.05866557076991616,-0.026907463772940513,0.0,0.0,0.6108308145317891,0.27943778611146536,0.687264163333638,-1.8443316290011762,-0.08738075425991716,0.894124005849545,-2.0183116999956265,0.1713239464622292,1.3797538956770523,-1.8241278208219114,-0.24739003482346425,1.2443275806995553,-1.9045526580168646,0.3635976970768876,-0.4719155591267815,1.0921145964127317,0.018243695949562346,-0.5960686195355196,0.024187342783149567,0.023126456904439995,-0.023977171701307493,0.3971697450355586,-0.05866557076991616,0.6108308145317891,0.28856904632770103,0.25249224844015955,-0.20783102047627905,-0.21598910296548715,0.21857675589084216,0.16146168421470591,-0.21798054112226056,-0.3127634707461361,-0.18043075025520314,-0.2139164829380436,-0.2660974424291364,0.19731739825484274,-0.20715011589049137,0.1731343998901465,0.08003870632548868,0.3687152750536673,1.6160034766563998,0.13363901210518894,0.0,0.0,0.613180729206838,0.7899426519244106
0.39507929871482805,-0.062043560285624966,-0.007661064871802847,0.0,0.0,0.5923633540401958,0.2750675699028837,0.6713533219523166,-1.8520957162747018,-0.08152551823653917,0.894420113271244,-2.0277867778562584,0.15949203081142546,1.3847277316336457,-1.8019002416672647,-0.2415823551933642,1.231335490655443,-1.907590363317958,0.3767632943792971,-0.4643792149682463,1.0944920362761386,0.01922963604178771,-0.595158775838522,0.024599656220883684,0.022925618451643898,-0.023881593611664507,0.39507929871482805,-0.062043560285624966,0.5923633540401958,0.28810168204542536,0.25714494883174854,-0.20620838171945033,-0.21429261998572297,0.21939019165273546,0.16003611491094025,-0.21684740097877025,-0.3182491927564659,-0.17810149603575787,-0.21679848471867802,-0.2624931600881259,0.19623738812525937,-0.20853221992977042,0.1728805999250497,0.0831627739948983,0.3661254109277137,1.619109157186288,0.14106173643197506,0.0,0.0,0.6178493018179338,0.7862965345485707
0.39109515734767364,-0.06496130114011944,0.015245007279399148,0.0,0.0,0.5455024416172767,0.26886589151735535,0.6603144123577163,-1.8498753080001247,-0.0751638476235367,0.9095705246122973,-2.024204353300425,0.14923719216424763,1.376953299802084,-1.7685175443498014,-0.2387444191039184,1.2075008492057158,-1.8991915489045479,0.3908777153835836,-0.4586398356522509,1.0958666360149016,0.020241412383396676,-0.5942439012802565,0.02481693088506848,0.022734704924424982,-0.02379113213660626,0.39109515734767364,-0.06496130114011944,0.5455024416172767,0.2882626037328289,0.2597168862643001,-0.20480161315703269,-0.21500773044083712,0.215631504418222,0.1587331906847786,-0.21861269337385564,-0.32297119288792137,-0.17642523699286372,-0.22182026151794199,-0.2581780383702108,0.1962865423011225,-0.211592288145799,0.1723099653393111,0.0864067899143138,0.36426331260989064,1.6221526379768663,0.14840678458746753,0.0,0.0,0.6221293757830075,0.7829144524070593
0.3879159725083044,-0.06828386444541215,0.032432866282759716,0.0,0.0,0.5240247267752367,0.2611756958246523,0.65319222290642,-1.843233611148138,-0.06890170309298632,0.9290311712628361,-2.0158321295793247,0.1411520921123718,1.3622575108535027,-1.7322447669620717,-0.23759571446750594,1.1807225550023426,-1.8851611045404133,0.40484880924654626,-0.4542748247488188,1.0967477621653905,0.021243533139708042,-0.593461595905515,0.02498405415099114,0.022554601759811013,-0.023706579771197334,0.3879159725083044,-0.06828386444541215,0.5240247267752367,0.2887114823366013,0.2609572846955417,-0.2033582215854902,-0.21702209794187238,0.21038319468605116,0.15749722550377712,-0.221270487819349,-0.32662834951948533,-0.1752937040519732,-0.22755133211655765,-0.25398350208943793,0.19688553968010508,-0.21524173902348978,0.1715453000274642,0.08955222014033894,0.3628865679802289,1.6251745279878376,0.1557141050266528,0.0,0.0,0.6262234991486004,0.77964359108126
0.38390722534226385,-0.07136655613474396,0.05533886589826065,0.0,0.0,0.49423088084439754,0.25142009334208903,0.6515047169075563,-1.8304571119638593,-0.06277765695435514,0.954472527194481,-2.0008137730451736,0.13607763413053306,1.3379579249482896,-1.6919618306251685,-0.2387909195027672,1.1498597665474974,-1.8633164367996735,0.4186210281287244,-0.45181683221688645,1.0969441641981785,0.02223225619393183,-0.5928632382016916,0.025081589352339503,0.0223894986198642,-0.023630226648842487,0.38390722534226385,-0.07136655613474396,0.49423088084439754,0.2895599183841393,0.2603324796117826,-0.20183011711081156,-0.220864342523121,0.20296075687132717,0.15633608087767534,-0.22506409774856156,-0.3286904884179723,-0.17498194572670747,-0.2343703117932242,-0.24992060198613267,0.1982788690188127,-0.2197291103314662,0.170550029722524,0.09255934906451802,0.36218632899707215,1.6281664595007896,0.16296907600301944,0.0,0.0,0.6300690902915814,0.7765390791577325
0.3803015588866092,-0.07425518860511987,0.07276487393447774,0.0,0.0,0.4556925324064709,0.23925105348014608,0.6613662108205819,-1.8121213692312077,-0.0581474399122485,0.9808398685059844,-1.979593775306759,0.1357999687405445,1.300521801297485,-1.6516211881087415,-0.24215866951271853,1.121058603891962,-1.8308171343344941,0.4314770942482226,-0.45158786176202387,1.096177775699359,0.023138808220839763,-0.5923858807923702,0.025133702429369662,0.022243946537715754,-0.023558749537467248,0.3803015588866092,-0.07425518860511987,0.4556925324064709,0.29092503697253175,0.25624511488464824,-0.20012947773771073,-0.2268316741937713,0.1944115495105843,0.1555238147860312,-0.22953848449350653,-0.3272884255495034,-0.17599053813205084,-0.24226360586933876,-0.247934979724955,0.2004738362969634,-0.2251106477620956,0.16938910079194444,0.09526248561404904,0.3623197379418829,1.6311317408600676,0.17015281423496445,0.0,0.0,0.633601178981161,0.7736598386847303
0.3737876580824811,-0.07502843126043651,0.07986024451943768,0.0,0.0,0.4424182613405998,0.22599829518451253,0.6764704371587567,-1.791681197686839,-0.054317942659299,1.0064967200160015,-1.9562879938345705,0.13767809001728837,1.2575265063116223,-1.6120410008499277,-0.2461959697091233,1.094201079927959,-1.7940288349412985,0.4438643105901197,-0.4523376104636832,1.0950272200772397,0.024002699270987693,-0.5919501258490177,0.025168803287670016,0.02210757777524683,-0.023489614791917406,0.3737876580824811,-0.07502843126043651,0.4424182613405998,0.2924705133415184,0.25044727320906607,-0.1981925203370662,-0.2335561382310356,0.1854907290682472,0.15486075069268324,-0.23394077885126863,-0.32396935736446686,-0.17761535614006244,-0.2504646351589589,-0.24700331242955476,0.20295901214331738,-0.2307650630302331,0.16814350407264367,0.0978060143766748,0.36280479474464844,1.6340766858596065,0.17729730682017664,0.0,0.0,0.6370177904957576,0.7708490997542276
0.3650410297068737,-0.07398991121784587,0.0776365757561681,0.0,0.0,0.43662301010020166,0.20963711929149428,0.7070676503129862,-1.7683448182562234,-0.053826289636512814,1.021091099828481,-1.9326002070536992,0.14575451589189434,1.2013069785271726,-1.5809429160390924,-0.24970186575172595,1.0810745318348598,-1.7489072017085114,0.45444628338401083,-0.45571680503109313,1.0931606500481184,0.024698047012162293,-0.5915316901384639,0.025182222365401685,0.022000788191619977,-0.023428423484661978,0.3650410297068737,-0.07398991121784587,0.43662301010020166,0.29411944675330925,0.2400027108906413,-0.19559303204839318,-0.24184363008030174,0.17891574702205104,0.15495311119353064,-0.23784327851560838,-0.31494858926448055,-0.18100044773753765,-0.25870661130213624,-0.25102725081807514,0.2054305586835614,-0.2367379107986914,0.16676626563869112,0.09981469448937552,0.3641139200979261,1.6368962383041015,0.18427106254519146,0.0,0.0,0.6403774229669701,0.768060385747229
0.3564476486720278,-0.07246149774812607,0.06609697324725244,0.0,0.0,0.4527188153287883,0.1935629397630695,0.7423160821199408,-1.7463288903236394,-0.05415713228285309,1.0278246402740479,-1.9102323651313786,0.15605152398347824,1.1429603993892683,-1.55600118637085,-0.25270272046327585,1.0777047574520109,-1.7024771869182598,0.4640072658658026,-0.46004123985767353,1.0910163223743439,0.025293092243373384,-0.5911035388708115,0.02518400363624096,0.021905667148530487,-0.023364461958408356,0.3564476486720278,-0.07246149774812607,0.4527188153287883,0.29557597637176514,0.228032599444159,-0.19273222999725229,-0.2495437200822609,0.17425736724659846,0.15522568098152206,-0.2413839667160837,-0.30353581448081335,-0.18501966804667241,-0.26596803033410854,-0.25806187810790665,0.20766221266931215,-0.24215387576931913,0.16536879185712572,0.10153704381031853,0.3657234021170197,1.6396138966083527,0.19112866371870027,0.0,0.0,0.6438480144065619,0.7651534057590854
0.34521529530946143,-0.06934134936590824,0.05071854505401263,0.0,0.0,0.47524288570044226,0.17789027918703418,0.7840717477150798,-1.7261603248233996,-0.055638678004750135,1.0235605641053276,-1.889711176833283,0.1694552120036219,1.081637993598219,-1.539672434329988,-0.2549970029280161,1.0879850847503305,-1.6542166960067517,0.4721398436321082,-0.46568810216222767,1.0884834010727134,0.025747810405356626,-0.5906617951651033,0.025169503167629816,0.021826870842442784,-0.023296624789229385,0.34521529530946143,-0.06934134936590824,0.47524288570044226,0.29676332568319935,0.21408184150286896,-0.18963227495324497,-0.25641495310649687,0.172481846767979,0.15577292147286215,-0.24462929194232774,-0.28902943119425933,-0.1898789731468509,-0.27172593387701016,-0.26947547267981936,0.2094690380744357,-0.2465852407567301,0.16395532530414314,0.10286547756100826,0.3677522125078529,1.6421890010913975,0.19782376020716874,0.0,0.0,0.6474770806506404,0.7620849231103606
0.3359654295423538,-0.0674774028197124,0.038230798851987546,0.0,0.0,0.5041860720445507,0.166419927603924,0.8256403415535478,-1.7111650355733365,-0.05962885946680116,1.008323076252755,-1.872335644868705,0.18360322832058162,1.0259240430135028,-1.5370006171556618,-0.2557657744305638,1.1165015055583052,-1.6109750439914399,0.4780484324034587,-0.4722570069134231,1.0859067528866806,0.025997630804060732,-0.5898351101921155,0.025120727198485,0.021769868483086336,-0.023223986571583043,0.3359654295423538,-0.0674774028197124,0.5041860720445507,0.29760471817392564,0.20049768341104052,-0.1871934190411097,-0.261085932260633,0.17389304879054746,0.15693305330847046,-0.24728831506519927,-0.2731188285640023,-0.19464847455354722,-0.2747301817065604,-0.2854729461077226,0.21021180080344562,-0.24857559341980717,0.16263993129314147,0.10365084303208547,0.3699387116716999,1.6445818566359005,0.2043078249105463,0.0,0.0,0.651311177087727,0.7588107475521149
0.3253817488415226,-0.0647429925315389,0.023800514351864088,0.0,0.0,0.5170339782654685,0.15709680949266144,0.8661630647973361,-1.6985376750907075,-0.06460487357197446,0.9889286323092314,-1.8565643938401575,0.19786850952256707,0.9737540991403749,-1.5402419621554697,-0.25584453534191626,1.1524236008811435,-1.5707184801308018,0.4829602409870578,-0.4791339281946418,1.0833331429614472,0.026159975156098463,-0.5888313566549467,0.025053877526750937,0.0217219855179652,-0.023150050576077778,0.3253817488415226,-0.0647429925315389,0.5170339782654685,0.29829255763727885,0.18730017130900356,-0.18507245877182613,-0.2644017340838648,0.1766354022177733,0.15834876435603826,-0.24961963227305345,-0.2569279213106839,-0.199218509559206,-0.27591144043600957,-0.3033353611317716,0.2102511922384675,-0.24863844646660196,0.16137067436646496,0.10419047797554562,0.37216181065383913,1.6468940324221666,0.2106979293748734,0.0,0.0,0.6552257808652796,0.755433104973223
0.31591174863314764,-0.06166263762252512,0.011024110986349034,0.0,0.0,0.552478544961941,0.15607039974286008,0.8957010868650211,-1.693047212293515,-0.07122728450653634,0.9640675453612442,-1.8469697219821124,0.21066475079323216,0.9402339489987269,-1.5585490339077432,-0.25391091907826757,1.2029874364917086,-1.5450695328987567,0.48504062254841507,-0.4860091432929038,1.0809567284125547,0.026110140687356204,-0.5872868087429267,0.024913100095895622,0.021694604432783447,-0.02307954232674092,0.31591174863314764,-0.06166263762252512,0.552478544961941,0.2985567387480002,0.1781273595055775,-0.18488304520514698,-0.2650652369398624,0.18170748007389712,0.16013535009643337,-0.2507791389863224,-0.24360074974770357,-0.2026861711742728,-0.2736991374514216,-0.3225874371867766,0.20874865803507808,-0.2450185450558936,0.1603776738896368,0.10414218212360747,0.3742333331813474,1.6489853887603834,0.21682632341980923,0.0,0.0,0.6593893868039337,0.7518015938865336
0.31161097140433647,-0.06001684173236292,0.0057570224341288445,0.0,0.0,0.5289448078799034,0.1582386061871562,0.9174099967886613,-1.6903425936515513,-0.07728917291387873,0.9404028745081581,-1.839048176000898,0.2214397024005072,0.9192626433303726,-1.5811716149059603,-0.25166896741407446,1.2538884657506717,-1.5277088939283907,0.48581867557592123,-0.49225582397327927,1.0788238739164977,0.025992759604168213,-0.5854430010972117,0.02474658834846477,0.02167565068633009,-0.023011482802058503,0.31161097140433647,-0.06001684173236292,0.5289448078799034,0.2987335220767328,0.1715645095196769,-0.18545753659206887,-0.26476520380155355,0.18676329904836342,0.16177073189508695,-0.25160013534959547,-0.2334307206597094,-0.20520977684432082,-0.27015095091092706,-0.34012119918215983,0.20672088139757128,-0.23963321134304108,0.15958208429313475,0.10386600014814346,0.37603724357378693,1.6509874120641213,0.22290482354135419,0.0,0.0,0.6633567779516589,0.748303270837161
0.30929215066067534,-0.05673686743471672,0.0034270969291150255,0.0,0.0,0.4957554233372343,0.16491322774583292,0.9280749417554868,-1.6915677648324232,-0.08256037253886431,0.9184259017213046,-1.8334867882613957,0.22936336617343656,0.9159930892861808,-1.6098817741641616,-0.24899206919452335,1.305265149818014,-1.5220399748247406,0.4847596274832121,-0.49761587639267596,1.0770345920553575,0.025780095374032582,-0.5831770492860905,0.024543775053014274,0.021668584780015338,-0.02294687751698523,0.30929215066067534,-0.05673686743471672,0.4957554233372343,0.29878701964536536,0.16873418129777007,-0.18715144801671033,-0.26341008560394363,0.19174444028196036,0.16317924868499636,-0.2520028207184125,-0.2276620569812657,-0.20651119745706611,-0.2653120710266724,-0.3550759690986913,0.2041957285802056,-0.23265527503434852,0.1590761369837983,0.10328027331833908,0.37746656235014986,1.6528634196863723,0.22891294189657121,0.0,0.0,0.6670583801759007,0.7450054479244455
0.3094309523716726,-0.054210530241966606,0.004514047087958439,0.0,0.0,0.3820778932492875,0.1745636483940937,0.9247291959249059,-1.6950886053248093,-0.08427450725307256,0.9042156450450425,-1.831094765605835,0.2321779565670742,0.9366558143295911,-1.6417630087011124,-0.24739518571788305,1.347152604220004,-1.5302922552308207,0.4817094450028471,-0.5011512578393403,1.0757080247768989,0.02553487063806433,-0.5806486092937682,0.024299006871073156,0.02166795047546307,-0.022889900469006255,0.3094309523716726,-0.054210530241966606,0.3820778932492875,0.2988706059538974,0.17022493273475242,-0.1896112750590854,-0.26161181097498903,0.19514083110724034,0.16364489628898818,-0.2522031878641401,-0.22846329135149077,-0.20609770944875874,-0.25995628693202055,-0.36427090855893035,0.20203667435552636,-0.22583020247393765,0.1590011009917185,0.1024377987464663,0.37830435445183164,1.6546048029110982,0.2349515498185958,0.0,0.0,0.6699000123017501,0.7424513273731248
0.3095914648568428,-0.051304113594290074,0.005774019966618693,0.0,0.0,0.33148931566741785,0.1851911305521542,0.9156196306531248,-1.6993297923069735,-0.08422653319743971,0.8935383323293465,-1.8299904351051037,0.23276311331070393,0.9673914473790383,-1.6744967687588468,-0.24643825997526828,1.384274934346859,-1.5443556251434176,0.4778777266351077,-0.5038053513719486,1.0745492313916867,0.025286850788129065,-0.5780420544055792,0.024036639083463415,0.021669587192053977,-0.022835475894121025,0.3095914648568428,-0.051304113594290074,0.33148931566741785,0.2989675815288837,0.17344641537127656,-0.19230406659503702,-0.25965259047227085,0.1977881799944686,0.16364581619508511,-0.25236301601446953,-0.23193402628128656,-0.2049567274688046,-0.254408239464738,-0.37072825335611054,0.20012561682731136,-0.21924121296005905,0.15911644897896543,0.10150882395455407,0.3788832730334053,1.6562886971693773,0.24100283633631003,0.0,0.0,0.6723574785121956,0.740226601176101
0.3098561315183558,-0.04775042410549077,0.007114511054868989,0.0,0.0,0.19161010680529209,0.19549538250654375,0.8946795061660499,-1.7029383132377496,-0.077746517311495,0.8932956360423794,-1.8313770463260322,0.2275696844578935,1.020945641570367,-1.7047213042298193,-0.2486384167479208,1.4035003125094452,-1.571138870974,0.4727960653388156,-0.5034195897527612,1.073522035175791,0.02513297042997482,-0.5755566070572687,0.0237349444337619,0.02167235322905561,-0.02278077181500311,0.3098561315183558,-0.04775042410549077,0.19161010680529209,0.29910156675256216,0.17989387568661153,-0.19493414697428918,-0.25794626493594514,0.19802865255405422,0.16198960664974693,-0.2528800501644322,-0.24199743636914367,-0.2021864036486728,-0.24897964350467794,-0.36985818727716846,0.19955468231944012,-0.21475553669195613,0.1597826535890845,0.10057332322212574,0.37878482653255036,1.6578347465166678,0.24708142384098708,0.0,0.0,0.6737745932309966,0.7389369374421644
0.30998487477104925,-0.0455324878489006,0.008120383315074475,0.0,0.0,0.12882902840433325,0.20394235885200562,0.8722446149644957,-1.7052256791637495,-0.06888758084880109,0.8974072672426695,-1.8336813025749645,0.22097315008823734,1.0804300245184129,-1.7316197970738767,-0.25303438384658977,1.4144504156250222,-1.6009379782928852,0.467599949297997,-0.5017333784355569,1.0724151464035878,0.0250733528071298,-0.5733611815823959,0.023439226264599725,0.021674382294384904,-0.02272335090226709,0.30998487477104925,-0.0455324878489006,0.12882902840433325,0.29925216197107846,0.18655191403137833,-0.19708237552145974,-0.2565608500544847,0.19725023707701586,0.15971901743341546,-0.2535187417201574,-0.25378453539264145,-0.19906159089558753,-0.24341723082342093,-0.36627531861539175,0.19975325433106367,-0.21120333375813666,0.16064577971015298,0.09971677760845456,0.3784784478868807,1.6593315635736172,0.2531686262585793,0.0,0.0,0.6747259993786895,0.7380683069760066
0.3091172259588195,-0.04185329761968512,0.009560146225759403,0.0,0.0,0.039533704480387954,0.20974767620030488,0.8476836720768083,-1.705633926563538,-0.05664503405121406,0.907712189480662,-1.8372907529656703,0.21238093651258053,1.1483490934165606,-1.7537875593854824,-0.2605535180594483,1.4136303459795623,-1.6350266361752372,0.4622410408292827,-0.4981974983731142,1.0711949085100338,0.025147807909748875,-0.5715782629469267,0.02315200862358325,0.021675363142723933,-0.022662065755307246,0.3091172259588195,-0.04185329761968512,0.039533704480387954,0.29942638208516514,0.19353062034803065,-0.19857298775829219,-0.2556999260742959,0.19503024738832989,0.15657376958445546,-0.25430162726670724,-0.26809619113747263,-0.19541940679166694,-0.237553716918499,-0.35895281638193943,0.20101110128689603,-0.2088227823104452,0.16179188566309327,0.09897012971017966,0.3778745259167432,1.6607583560622654,0.25926808192609574,0.0,0.0,0.6750177323951023,0.7378015051165009
0.3076092602440831,-0.038493112325056394,0.010798611821463688,0.0,0.0,-0.03825901910078877,0.2126343220185775,0.8249486111677611,-1.705222681737863,-0.04134405898646676,0.9234684273027456,-1.841515448804085,0.203281317336055,1.2169447564161737,-1.765313435632449,-0.27427778077813286,1.3991891162899825,-1.6669898377015038,0.45803399197757244,-0.49208553450611925,1.0693250997708394,0.025423877254629936,-0.5708984741224692,0.022868813490136888,0.02166512677481828,-0.022592998763474707,0.3076092602440831,-0.038493112325056394,-0.03825901910078877,0.29963456782010883,0.19987944021617113,-0.19930861777726136,-0.25525130937220913,0.19148637507105976,0.15264041419559773,-0.2552414761747756,-0.2838743445787711,-0.19184091642927317,-0.23205515200584553,-0.3488378933909042,0.20406042652062054,-0.20738643251046074,0.16322796417849944,0.0986594356168376,0.3770996164860124,1.6620958705361073,0.2653360770872006,0.0,0.0,0.674735407373386,0.7380597062817282
0.3044905412180192,-0.03431567152024714,0.012360704847826087,0.0,0.0,-0.06924267719116123,0.21408423269167537,0.803245657123625,-1.7043936755508184,-0.02492949692532389,0.9412822155281905,-1.8457064535468817,0.19405334419570847,1.2849525343626749,-1.7718865256756542,-0.29065851774066725,1.378892540931701,-1.697530815377832,0.4544095676392317,-0.4848479581996797,1.0671615842729807,0.025784734665649022,-0.5707100313156843,0.02258836312103085,0.021650457551004365,-0.022521102451719344,0.3044905412180192,-0.03431567152024714,-0.06924267719116123,0.2998583265580237,0.20588140973738983,-0.19966378254328576,-0.2549615660324803,0.1874256903329239,0.14841741771099004,-0.2561788970277984,-0.2998582429970641,-0.18827005625790652,-0.22614415254957154,-0.33766197339371107,0.20778583935501505,-0.20594635959273097,0.16478449214286717,0.09854808529959613,0.3762466160967206,1.6633927077054977,0.27138536190614115,0.0,0.0,0.6742241933208913,0.7385267342085818
0.30078637158291,-0.029669939063285272,0.014055935809245692,0.0,0.0,-0.12143968280776002,0.21034077920306204,0.7863639121731895,-1.7019371129572394,-0.007695826271979522,0.9614134953858751,-1.8470226403039234,0.18535464489832562,1.3433018123301148,-1.7628942868457396,-0.313385564690598,1.3443818367444569,-1.7198555134236801,0.4530188810939973,-0.47470715713615647,1.0641494906292512,0.02633380753328448,-0.5718749305949761,0.022324089287744417,0.021628672216768164,-0.0224471701703106,0.30078637158291,-0.029669939063285272,-0.12143968280776002,0.3001289960140219,0.21031245214768812,-0.19874198576233237,-0.2556910373058989,0.18240009178449437,0.14398461353530057,-0.2575092318745499,-0.31596475504629196,-0.18521746877158193,-0.2216085363073141,-0.32471446448442204,0.21340468625968306,-0.2052531051055501,0.16658964716926167,0.09911536440779437,0.3752398978989433,1.6645692609823666,0.2773406440392134,0.0,0.0,0.673326831637915,0.7393449653554469
0.29802396780060497,-0.026053872139938067,0.015327687231966867,0.0,0.0,-0.14470407899564403,0.20469926863622245,0.7729716620479643,-1.6986624973897753,0.008434048567253147,0.9799855664515718,-1.8471095006053264,0.17723174536457462,1.3939337058422638,-1.748222643796069,-0.33759846266072413,1.3056678423801313,-1.7363434001230273,0.45281415253591073,-0.463643737065678,1.0606981021567035,0.026909986152671823,-0.5737227694346353,0.022058202721662114,0.021601717325840864,-0.02237513241393922,0.29802396780060497,-0.026053872139938067,-0.14470407899564403,0.3004205639903935,0.21366161312838441,-0.19735853953741841,-0.25684184238888275,0.1776180970616325,0.13982073733817446,-0.25878527978632904,-0.3310583837423472,-0.1824542793930326,-0.21737641060615437,-0.3118506459359114,0.21948030577076905,-0.20444306818246766,0.16843795617185187,0.09999860703008163,0.37426057224552856,1.6656964097458582,0.28325369588744154,0.0,0.0,0.6722562643661952,0.7403185226781835
0.2943231182470735,-0.021527209907109768,0.01702283849366465,0.0,0.0,-0.17806883797568973,0.19633566645475597,0.7645838581598728,-1.6942146741426911,0.02298091867795248,0.9963215039326582,-1.8454333268679106,0.16993462695525297,1.4334977406721818,-1.725405903962944,-0.3639422884354205,1.2609257147862394,-1.7444604451839734,0.45431026128622193,-0.45125714632181113,1.056616700612582,0.02752503838676668,-0.5765500435462363,0.021790003260740886,0.02156734853409804,-0.02230581168371898,0.2943231182470735,-0.021527209907109768,-0.17806883797568973,0.30074210350330055,0.21545533872861292,-0.19531739569426607,-0.2586588264619478,0.17316773553235965,0.13604708312172498,-0.26008916064708265,-0.34501374344863134,-0.18015025488737138,-0.21420044439161545,-0.29900000537239274,0.22632343613997596,-0.20380078220946438,0.1703462413700584,0.10134618706964886,0.3733218603213452,1.6667527052072377,0.2891061833271609,0.0,0.0,0.6709369219624389,0.7415144278755257
0.2914437856487041,-0.017657646558977697,0.018054144815184137,0.0,0.0,-0.2201704393019011,0.186149110480284,0.7633934891424499,-1.6895196707202842,0.03287918020326304,1.0042765716520636,-1.8428034629099646,0.16168333326752998,1.4539405018664315,-1.6980582717806119,-0.38890033709601557,1.2156759375849626,-1.742262475479108,0.4577973664809875,-0.4378784859839549,1.051954877491181,0.028054065939683723,-0.5801962016580194,0.02152145744856592,0.02152253687829496,-0.02223581403198366,0.2914437856487041,-0.017657646558977697,-0.2201704393019011,0.3011014775301401,0.21518526818542486,-0.19281713714755716,-0.2609166929617026,0.17073841729167108,0.13346027241595537,-0.2612070732777577,-0.35540589455438365,-0.17810207179727322,-0.2136024227034211,-0.28778818610788215,0.233153762398964,-0.2036433897349154,0.172233604821117,0.10319364627364735,0.3724474734825598,1.6677268199049509,0.2948821379373276,0.0,0.0,0.6693027002030135,0.742989835395448
0.2891535214829132,-0.014438899317579634,0.015217188494996703,0.0,0.0,-0.2358767659467391,0.17533170797217396,0.7657388765364879,-1.6849464307037685,0.04054048352946456,1.00831143772946,-1.8401755544428642,0.1529376256781133,1.4657225327996113,-1.669352809397075,-0.41276059328363424,1.171184435200234,-1.7357220701300187,0.46212910488247844,-0.42422267722968926,1.0470457647282345,0.028531370536746592,-0.584138497423667,0.02125106669532566,0.02147327556471842,-0.022165318171923555,0.2891535214829132,-0.014438899317579634,-0.2358767659467391,0.3014642692959079,0.2139240619472793,-0.1901293424178078,-0.2632922468451795,0.16931644003238372,0.131443698240282,-0.2621825480215437,-0.364109823340125,-0.17612862017487285,-0.2140942429069801,-0.2773474628007782,0.2398363838734836,-0.20341896029948037,0.17408364726038017,0.10525687391129492,0.37160074010485067,1.6686683724132867,0.3006271318747445,0.0,0.0,0.667548297877261,0.7445664980384032
0.2875262560907511,-0.011831268055157163,0.009188455386231753,0.0,0.0,-0.25019969983468426,0.16449122019828627,0.7808532891795023,-1.68288496007713,0.040520973808060474,0.9998666865464596,-1.8415630951237218,0.14218765300197211,1.4524694351622707,-1.6431390365155871,-0.4291031442296029,1.1380168006110685,-1.719675158938538,0.46837414614856177,-0.4113569856406418,1.0415660264686901,0.028741255324208514,-0.5882459238458134,0.02095974356724096,0.021413742092241037,-0.02209161155266115,0.2875262560907511,-0.011831268055157163,-0.25019969983468426,0.30171016506994,0.2093495812358695,-0.18736826104893584,-0.26544534787831253,0.17169956074580545,0.13144979629519518,-0.2621566459029355,-0.3665073665925657,-0.17429022794970253,-0.21876245132757494,-0.27140885679987725,0.24501234887883994,-0.20433592978245585,0.17566227044087906,0.10768349248149268,0.3711162328427994,1.669558866522633,0.30631685658143054,0.0,0.0,0.6656833053083353,0.7462343713832603
0.2871438012466558,-0.010333601249996271,0.0015901204628451793,0.0,0.0,-0.23972412511971514,0.15569463178802043,0.8000003231259472,-1.6845562922266808,0.03704537415447214,0.9873126897101234,-1.8452418251679488,0.13131629145489382,1.4313488596907056,-1.6199903253179346,-0.4415556539136624,1.1135264973227805,-1.7026544476930927,0.4752163107578565,-0.39941502448458027,1.0359934854965949,0.028795858155577815,-0.5920997869509914,0.020657151668834025,0.02135168851460689,-0.022014375507401738,0.2871438012466558,-0.010333601249996271,-0.23972412511971514,0.3018318075113572,0.20411981891189043,-0.1850247326134715,-0.2666545047202282,0.1754655003661118,0.13237283829030122,-0.26152509522740713,-0.3663541703879769,-0.17249877687817494,-0.2246384152446907,-0.26782898046332315,0.24918308423936777,-0.20532132465374445,0.1770436035361688,0.11018461544894297,0.37080540256288896,1.670446583857903,0.31199973434782896,0.0,0.0,0.6638924887244809,0.7478280306428845
0.2866157034004345,-0.008793097767666513,-0.008535917060306653,0.0,0.0,-0.22457636410283477,0.14985368216338674,0.8249788437611767,-1.6916255499594481,0.02857199739306643,0.9688164013652858,-1.8522337947327352,0.120269392079746,1.3988512942137645,-1.6012739337121076,-0.4483828588317216,1.1015842956705741,-1.6842255451931414,0.48292196255463776,-0.3888088499840642,1.0302867445235073,0.028625911099460128,-0.5955869776125136,0.02033826424471606,0.021285990667260758,-0.02193203563533294,0.2866157034004345,-0.008793097767666513,-0.22457636410283477,0.3017737698884538,0.197990189060396,-0.1833221204053936,-0.2665136622056851,0.1812031618163522,0.1346100503761238,-0.2599371075658329,-0.3623960533034968,-0.17076481492945794,-0.23226578543273693,-0.26785074907027445,0.25189311334929376,-0.20666215364049226,0.17814434278920344,0.11278157115828757,0.3707690755118509,1.6713302857600725,0.31767271090155574,0.0,0.0,0.6622113695656865,0.7493170904349759
0.2861949557554368,-0.00734408209127177,-0.01669765557520547,0.0,0.0,-0.20557401226345223,0.14868319059650484,0.8490325130808803,-1.7057860854726565,0.014019945170730954,0.9514345680005282,-1.8622236386514623,0.1090860220675289,1.3631546672147068,-1.587675065088731,-0.44826356651118177,1.1075015770128136,-1.6724619550200612,0.49039300201603975,-0.38167221314058875,1.0249227374218979,0.028187052642281833,-0.5978004334924312,0.020016184399047735,0.021215453658861898,-0.02184916314077922,0.2861949557554368,-0.00734408209127177,-0.20557401226345223,0.3014903708289449,0.1931720284775944,-0.1826814527933437,-0.2644797236745607,0.18700608752881095,0.1384040807955563,-0.25713862598035886,-0.3563524530182391,-0.16886859942006865,-0.24011472744213838,-0.2715993707541385,0.25225363761498415,-0.20748758293155467,0.17875137034198973,0.11506100529108744,0.37122616248943774,1.6722052403940604,0.32333413045853354,0.0,0.0,0.6606695690818676,0.7506768415831004
0.2856988756817349,-0.005784587175289541,-0.026260289506842283,0.0,0.0,-0.19704965956505743,0.14956346344059415,0.8720893172117365,-1.722806097079926,-0.003118855547372502,0.935416918391219,-1.8736645553547586,0.09798132266419535,1.3267676234245331,-1.5760965530688955,-0.44501667892417207,1.1207689731740007,-1.6638841780905538,0.497660956703699,-0.376187082236776,1.019785205761974,0.027633851859718644,-0.5993811381407655,0.01969599507999824,0.02114299937070778,-0.021766739953398857,0.2856988756817349,-0.005784587175289541,-0.19704965956505743,0.30110586366544556,0.1891158868751724,-0.18250261324465,-0.2616282790079099,0.19257474458130175,0.14279157069120088,-0.25365190389245806,-0.3494689536717447,-0.16681698952729385,-0.24778945111457826,-0.2768253474612723,0.25152484502321837,-0.20804127862438826,0.1791202842410473,0.117170838436564,0.37189454337718386,1.6730758994817734,0.32899044980653147,0.0,0.0,0.6591890802771738,0.7519772313330595
0.286253986471488,-0.003961983975768024,-0.033500276577587425,0.0,0.0,-0.17333294901792312,0.15571822197391388,0.8867250222426183,-1.7446597734322897,-0.026094171075291862,0.9315814662438175,-1.890173336634268,0.08845305356841895,1.2956864833831812,-1.567466589120719,-0.43295797304465317,1.1480640654380483,-1.6660692668878114,0.5034144566609304,-0.3762191843528014,1.015983500159704,0.026823595166206422,-0.5986060758049672,0.019413309673277254,0.021067671782265495,-0.021692245750902943,0.286253986471488,-0.003961983975768024,-0.17333294901792312,0.30043995924867123,0.1881487772223153,-0.18355949420626597,-0.25727779580546367,0.19562005289175355,0.14851926679749694,-0.2485333581817518,-0.34313767007888757,-0.1649107735229023,-0.2541139455612597,-0.2839210013284758,0.2479079853880615,-0.20813302015491625,0.17878386600270665,0.11847119276043018,0.3730742804426781,1.6739310026168823,0.33463339765484473,0.0,0.0,0.6578846657213233,0.7531186935727614
0.28852429197164453,-0.0017017990190184018,-0.034004329847030224,0.0,0.0,-0.18222764038443384,0.16267949308698523,0.8950542016671255,-1.7656012571488424,-0.05020897661765468,0.9345467094905094,-1.9089610870354439,0.08043897022099195,1.2692223550895096,-1.5606237513801229,-0.417301455154443,1.1759758373865699,-1.6728813148175288,0.5077643864429913,-0.3787219608918975,1.0131289484695747,0.025972348230425317,-0.5964774710770985,0.019198881650271903,0.020991993799375806,-0.021623677350222494,0.28852429197164453,-0.0017017990190184018,-0.18222764038443384,0.29976585260234206,0.18879660395528053,-0.18479541064762817,-0.2529559254000836,0.19718491550716266,0.15431860503625233,-0.24274248113445773,-0.3375092322973916,-0.16321443728523272,-0.25932122636166766,-0.2902323945681576,0.24328403296122497,-0.2082364974457584,0.17818171821367595,0.11923853504958115,0.3743232371018937,1.6747715627917876,0.3403154660661057,0.0,0.0,0.6565111829798844,0.7543162908371744
0.2935234380103161,0.0014797231229031482,-0.02942966171898681,0.0,0.0,-0.19519760362768768,0.1708167628385124,0.8941876590251923,-1.7852126471698277,-0.07598530454561037,0.9474282376468177,-1.9310718663036817,0.0746327636297794,1.2494904212653644,-1.5563867725431921,-0.3963988665491349,1.2047868072986594,-1.6864400617778297,0.510067731142044,-0.38482729718089087,1.0116554684937,0.025061332271434394,-0.5923752281814815,0.01908398163504899,0.02091580489650369,-0.021563749527558688,0.2935234380103161,0.0014797231229031482,-0.19519760362768768,0.29907978605479,0.1917201328247832,-0.18630625734706657,-0.24867479805654666,0.19668078788413745,0.1602477103488208,-0.2360554782615439,-0.333058412426114,-0.1619347921856803,-0.2630436219104355,-0.2953927872674819,0.2372678752895559,-0.20843161970604793,0.17720082193078354,0.11922561488084196,0.3756685736939474,1.675590917468071,0.3460545772686599,0.0,0.0,0.6550375249323219,0.7555963478806246
0.29881078309546955,0.004846172756279216,-0.022363506902295386,0.0,0.0,-0.2464881280445358,0.17957034361405436,0.8872948084742978,-1.798039064527704,-0.10070186711023903,0.9664994170172855,-1.9544142102106257,0.07226145209278913,1.237527432350012,-1.5562763335899665,-0.37148919887840764,1.2291720962295163,-1.7025264399842572,0.5092954686484658,-0.3954827450932218,1.0118584052587931,0.02423898173639408,-0.5862052213543884,0.019130858637464162,0.02084011743695905,-0.02151023968382595,0.29881078309546955,0.004846172756279216,-0.2464881280445358,0.2985886661335826,0.1952822228072731,-0.18809788950704057,-0.24534933257403468,0.19485050221052927,0.16563725693717707,-0.22911855363247657,-0.3298299075562132,-0.16143044899894793,-0.2649707554686014,-0.29876995529719674,0.23053817488872644,-0.20932177048076084,0.17579986146981133,0.11814412398460743,0.37720727095765644,1.6763784441237266,0.3519460743723007,0.0,0.0,0.6531730797498312,0.7572086422447388
0.3050474715126345,0.008339650567625728,-0.014055822080430434,0.0,0.0,-0.26956197138167104,0.18863961508927363,0.8782742777122907,-1.8076494920712252,-0.12481021612452621,0.987646375997707,-1.9776026635215822,0.07160985011320806,1.2284160726345508,-1.5580285661495643,-0.345077533274891,1.2515007864970416,-1.7191414403227652,0.5071643714148268,-0.4080569403102753,1.012805872238599,0.023469849319483833,-0.5791711560808701,0.01925532426685092,0.020765330463361285,-0.02145966751357684,0.3050474715126345,0.008339650567625728,-0.26956197138167104,0.2981852457786982,0.19893585173874478,-0.19000766678828637,-0.24243383819955872,0.19257300152137963,0.17061607193190953,-0.22211747898837494,-0.326986360162259,-0.16133751388873324,-0.26615728419152407,-0.301403101875019,0.2236075404967999,-0.21038516527694057,0.1742129425603431,0.11660262476247199,0.37879326420926795,1.6771529471644988,0.3579060857972269,0.0,0.0,0.6511295601048005,0.7589665973926184
0.3116401684879102,0.01209433658982964,-0.005272838573616712,0.0,0.0,-0.33391840760782193,0.19897650538657097,0.8691947053974642,-1.8066415285261779,-0.14589807558625548,1.0074447662068091,-1.9932316752293928,0.07751206365915417,1.220778628897209,-1.5650394109006107,-0.31750463973730936,1.2674321586695994,-1.7311023741673959,0.5014927711767648,-0.4246917349071449,1.0157329560472415,0.022983416688825527,-0.5703934080039084,0.019644651794806105,0.0206998526924648,-0.021417797131177328,0.3116401684879102,0.01209433658982964,-0.33391840760782193,0.2980264332503654,0.20121347159274516,-0.19252785681355955,-0.24104604476115557,0.18979003081777077,0.17486416538352054,-0.2166747132034006,-0.3234800485682156,-0.16294718468944,-0.2659996958135793,-0.30320179233678407,0.21684789830117146,-0.21247318848881974,0.17227511638498838,0.11396488116856374,0.3803526334864057,1.6779041652782605,0.36405680475469937,0.0,0.0,0.6485916008221647,0.7611366075435747
0.31657742850689774,0.01534145192212652,0.0013173898108870263,0.0,0.0,-0.3619968313690144,0.209117454010993,0.8606684150604104,-1.8017418507773146,-0.16560846979085025,1.0253857480218773,-2.002779809328226,0.08665122387285955,1.2117325468705253,-1.5736185415433002,-0.29180178805612655,1.2816503870372586,-1.7400780483507192,0.4945163643704013,-0.442566200660971,1.0193225658283782,0.022680057109727595,-0.5612751642385356,0.020143423202590858,0.020637163364041883,-0.02137820688613619,0.31657742850689774,0.01534145192212652,-0.3619968313690144,0.29797433223575354,0.2028534658893127,-0.1951231270747555,-0.24029914042190686,0.18677102595491038,0.1788175595464125,-0.21235480086917755,-0.31927640278085523,-0.16542020232714819,-0.2654642754241752,-0.3050906540994449,0.2106380130388028,-0.21447366645287494,0.17021660504505354,0.11097895660319307,0.381862693213412,1.6786530679808214,0.37029055291070373,0.0,0.0,0.6458320607790544,0.7634795015387641
0.32056012288866387,0.018846303397172748,0.008371166096857176,0.0,0.0,-0.4032834295869815,0.21897031017579138,0.8529556135718639,-1.7911201971941269,-0.18329358091936085,1.0405957877922516,-2.003387247140591,0.10054965715747897,1.200615348151097,-1.584503518274197,-0.2688484533618276,1.2933497851571212,-1.7446645041211293,0.48562150434232676,-0.462263351234679,1.0238862855789752,0.02264586929455758,-0.5516562906738658,0.02080310962180822,0.02057857387430536,-0.02134196912028039,0.32056012288866387,0.018846303397172748,-0.4032834295869815,0.29807912884280086,0.20355895712365518,-0.19786112146292864,-0.2405199852878901,0.18332935718140436,0.1825097120791959,-0.2097525147776873,-0.3140516499388568,-0.1691529419437537,-0.26432911486998506,-0.3071544604679391,0.20521020208337654,-0.21650707957652232,0.16798299795197372,0.10748768190445732,0.3833084193311727,1.6793985663411708,0.3766463786506882,0.0,0.0,0.6427478226133186,0.7660778266767927
0.3217553391462098,0.022302194856247765,0.012750520657460462,0.0,0.0,-0.4661085651584327,0.22664154607516024,0.8440626722115743,-1.7759498747495517,-0.1962366000964084,1.0517719342158385,-1.991521172798598,0.1183711116990205,1.1885428382800183,-1.5934030000980077,-0.25315404396790814,1.3000870278248418,-1.74575667656385,0.4754053933116113,-0.4823829520207171,1.029291953031833,0.022981171352932057,-0.5421562378223133,0.02162479702383274,0.020524680399550844,-0.02131337762022248,0.3217553391462098,0.022302194856247765,-0.4661085651584327,0.2983091788796278,0.2040071543794674,-0.20026115978644615,-0.24177770719926822,0.1792497359360622,0.18558522125530605,-0.2098466294714877,-0.30896672182093066,-0.1739282611052807,-0.2628103760732012,-0.3086312437649578,0.2015748775789214,-0.2181286417506708,0.16570749960668302,0.10375449997601749,0.38449604811236937,1.680138581074201,0.38304890749546155,0.0,0.0,0.6391700861300393,0.7690654074891927
0.3199549388972647,0.02554245573932329,0.015766132408036315,0.0,0.0,-0.49556013773692575,0.23305432168910137,0.8342448129820142,-1.7589587847200732,-0.20676809305754987,1.061192909398904,-1.9744050873873338,0.13766902300099254,1.176221708552196,-1.6013024727312417,-0.24081713906847524,1.3044012664602356,-1.745590356966624,0.4646753568847024,-0.5024844030491427,1.0350182022039704,0.02347975616486596,-0.5327596607832958,0.0225175302699566,0.02047316592786676,-0.02128913470481236,0.3199549388972647,0.02554245573932329,-0.49556013773692575,0.2985891496690993,0.20447727362085136,-0.20244833708063442,-0.2434824569434072,0.17482513338516603,0.1883499985519879,-0.21105196033537463,-0.3040151287164603,-0.17907602543544537,-0.261025108010701,-0.3097409719897243,0.19875652987958214,-0.21955449182058823,0.16340923571257215,0.09998569365595478,0.38550203119995063,1.6808757912367582,0.38946261930351045,0.0,0.0,0.6353510561245158,0.7722234362420389
0.3170616309939378,0.02900071445966096,0.018299608312261077,0.0,0.0,-0.589505321759273,0.23307913111952636,0.8177345660156932,-1.7392958454214613,-0.2077087780030874,1.066382298675867,-1.9465545355700535,0.15802679615668339,1.1651129464690504,-1.6053147367559946,-0.23873443385729426,1.3000110697287781,-1.7452304414831674,0.45336745801166867,-0.520351590015567,1.0410210834099696,0.02439928695989341,-0.5241741321694394,0.02358760452793479,0.020431028549165394,-0.02128645692181845,0.3170616309939378,0.02900071445966096,-0.589505321759273,0.2989398241759493,0.20645078582475598,-0.20317437991093354,-0.24651153422447294,0.16984420079394244,0.18947446957839795,-0.21531229982667976,-0.30015675125967206,-0.18449683990818572,-0.25911792909449344,-0.308713854781434,0.19842680111229513,-0.22039651587034031,0.16142371865218155,0.09636659757148165,0.385973634578448,1.6816016994416714,0.3958041814084235,0.0,0.0,0.6307877180265433,0.7759554463929397
0.3148247379432919,0.032423939772985355,0.02020097946604793,0.0,0.0,-0.6301938407253607,0.22910583345219487,0.8000437037016336,-1.7199361057808764,-0.20404523732857058,1.0684407943716416,-1.9183559722911852,0.17679224911933916,1.1557644588442948,-1.6087135168222282,-0.2405587361695675,1.2916579947162132,-1.7445798540631166,0.4423930773224968,-0.5366150558424684,1.0468509956621206,0.025445229844011086,-0.5164142379967066,0.024707863470002155,0.020394939935963172,-0.021289150669382743,0.3148247379432919,0.032423939772985355,-0.6301938407253607,0.2993211340015897,0.20883411538696223,-0.202876649356837,-0.25006077220585665,0.16540668208433604,0.1895928533824474,-0.22022342013595347,-0.29690248993243,-0.18945366304730918,-0.25714862779071124,-0.3067461368891564,0.19907019877703738,-0.22110379107186992,0.15961349280543094,0.09300378174612665,0.3862258913566367,1.6823301419902306,0.4021147122033514,0.0,0.0,0.6258851687856296,0.779915223273776
0.31198284289013806,0.035659577922225405,0.0227345422340125,0.0,0.0,-0.6905335832808839,0.2192049939185387,0.78060247634466,-1.7010258860312988,-0.19355553130690933,1.0658574677430668,-1.8896414517210098,0.19319694876097615,1.1490257313618297,-1.6112027535071738,-0.2481755172977076,1.2774296076251919,-1.7434983201898062,0.43191316637855376,-0.5505008654525638,1.0524244663807059,0.026678589656232567,-0.5098784187665356,0.0259025255755449,0.020367819144247245,-0.02129980817867013,0.31198284289013806,0.035659577922225405,-0.6905335832808839,0.2997478633545912,0.211817081231073,-0.2010136311738724,-0.2543815790340563,0.16190544527581252,0.1881558497106392,-0.22620647788420983,-0.2945477987637912,-0.19374096193819185,-0.2552202494963726,-0.30336894533514525,0.20116472599146784,-0.2215725126827788,0.15809383699255064,0.0899797766689889,0.3862023696390894,1.683062341923897,0.40837923637949464,0.0,0.0,0.6204846698211918,0.7842185757280216
0.3095932289871276,0.0392132963365229,0.024433693705271098,0.0,0.0,-0.7648294233503703,0.20403077086218913,0.7627578803982878,-1.6836865578706455,-0.17621476684983609,1.0569194287348256,-1.8659918129157569,0.20371978364598262,1.1451480415864634,-1.6156920716166494,-0.26203866166850637,1.2596338232262783,-1.740933131426573,0.4227018421515826,-0.5604627062924776,1.0572731205477162,0.02802927566405667,-0.5052557071814172,0.027127730713870618,0.020352561774556167,-0.02132114104237049,0.3095932289871276,0.0392132963365229,-0.7648294233503703,0.3002305156909502,0.21460724758285843,-0.19765575029179552,-0.2592090436131813,0.16066647174530926,0.1849002866099346,-0.2324933332130419,-0.2926088396702078,-0.1964116285245087,-0.25362397273718734,-0.2993398056466499,0.20478252652366435,-0.22149908710428917,0.15707137198239723,0.0875398722342914,0.3858718774995722,1.6838122100497668,0.4145875352148251,0.0,0.0,0.6144685870840653,0.7889412877311672
0.3070298515143723,0.0414153220317823,0.021975230461417083,0.0,0.0,-0.7949429602630937,0.18677662893270097,0.7457335572689774,-1.6671826461186778,-0.1561291150103971,1.0454012722923207,-1.8450733176790752,0.21149619589917937,1.1422246898022983,-1.6212034772794979,-0.2785503607816418,1.2407180558030424,-1.7375807681908975,0.41413228650792294,-0.5686363761241618,1.0617717679303424,0.02941830385512169,-0.5015202529298571,0.02836185521804368,0.02034280004982765,-0.0213473114462641,0.3070298515143723,0.0414153220317823,-0.7949429602630937,0.30072521110280204,0.21731781125562802,-0.19360583576692003,-0.26413205160170156,0.1604824774897871,0.1807562960120344,-0.23874171570695996,-0.2907452929904757,-0.19832907729717456,-0.25221634700983875,-0.2951290804928275,0.2090488008365589,-0.22106082231931917,0.15626622795558115,0.085382113284526,0.3854104306041284,1.6845737965061114,0.4207700614172678,0.0,0.0,0.6081775383607676,0.7938010341599695
0.30445319357588085,0.042865339048975465,0.01607981976121664,0.0,0.0,-0.8412511931893244,0.1670166146941481,0.7320737494155763,-1.6543769761919973,-0.13220384228043236,1.0298554114997385,-1.8365927822887897,0.21064447099342942,1.1382797043770552,-1.630854917690158,-0.3005587207153442,1.2240331061184404,-1.73076082020998,0.4080996089614927,-0.5716564059257507,1.065048972144723,0.03075458348030226,-0.500508660916239,0.029567722231149684,0.020349842496216297,-0.021387129643699154,0.30445319357588085,0.042865339048975465,-0.8412511931893244,0.3011095249094069,0.21957985423567905,-0.18866002746699995,-0.26877742367045543,0.16322064442492942,0.1752409022296224,-0.24364822127214436,-0.2878209092372376,-0.1979961730986528,-0.2517935551913797,-0.2920975215326893,0.21457258518609557,-0.21968327892550693,0.15608980494641295,0.08409004607434839,0.38472338891493196,1.6854087375104427,0.4268766846507788,0.0,0.0,0.6014781568378255,0.798889245669869
0.302452627641822,0.04440639216416581,0.008255822691492772,0.0,0.0,-0.8405794324386695,0.14832400716841165,0.71946086276036,-1.6434615185627568,-0.10914766724006415,1.0158311598576029,-1.8338574182528717,0.20608077370203426,1.1340381858440545,-1.641268753088438,-0.3230403214693077,1.2097999419157317,-1.7227852585224002,0.4032608153155216,-0.5723629874678757,1.0678010537074163,0.03198712183019293,-0.5006931593211799,0.030742015617971276,0.020366975464499913,-0.021433009049640253,0.302452627641822,0.04440639216416581,-0.8405794324386695,0.3013684038932507,0.2218101859783463,-0.18383252901753871,-0.27286800150118146,0.1664469187959709,0.1696788910841463,-0.2473664181639667,-0.2846868624077708,-0.19671225355775399,-0.2518449670533642,-0.28987748427268145,0.220168254152061,-0.21793972808074558,0.15619285222682922,0.08318359321636895,0.3839275750695257,1.68629262309808,0.43294759524556325,0.0,0.0,0.5947416083405789,0.8039169231384927
0.30003618419784633,0.04476155286796141,-0.0021706191966161525,0.0,0.0,-0.8396088360996887,0.13122717267833706,0.7084131232964308,-1.635371928318189,-0.08739079324564465,1.0040817138953855,-1.8397110853917322,0.19596767769410092,1.1293533503149566,-1.6528223689932087,-0.34622941724955963,1.1992321970084543,-1.7130820543433614,0.4002068781007369,-0.5696109638621029,1.0697680769058373,0.03306456697352514,-0.502665812901866,0.031869106433497565,0.020399193763016507,-0.021487949962297883,0.30003618419784633,0.04476155286796141,-0.8396088360996887,0.3014397578170666,0.2239723699712673,-0.17928372976303167,-0.27620806659416164,0.17034311223215068,0.1642145055931579,-0.24937430949651546,-0.28123710633685867,-0.1940071397802899,-0.2525928270717959,-0.2889100744837823,0.22585794049351127,-0.2157475189309922,0.15671967251726993,0.08284468832038525,0.3829715028466065,1.6872496808377595,0.4389651154454509,0.0,0.0,0.5879708875029416,0.8088820899544031
0.29795937969919345,0.04604142134165365,-0.01051158805449315,0.0,0.0,-0.8383852205814718,0.11983528495049865,0.6962072850706491,-1.629751295137864,-0.06955861823203549,1.0041079675922024,-1.8544146324006403,0.18137480852265847,1.1247655823826792,-1.664200203923078,-0.3678620228400587,1.1934257462047615,-1.7051914603664329,0.39918050520981735,-0.5639050385126704,1.0708428228703828,0.033875394146889413,-0.5066024858791093,0.03288544101031636,0.020448571617285218,-0.021556654080856014,0.29795937969919345,0.04604142134165365,-0.8383852205814718,0.30128157912538606,0.22680577953446482,-0.17619592247606483,-0.27826144856339163,0.1724417540913873,0.15958794220234057,-0.2491199621890683,-0.27786980302801195,-0.19015880423659204,-0.25391843883530724,-0.2888465577261306,0.23097375961304048,-0.21309126063411296,0.15758051597071854,0.08307888483904277,0.3820181305934316,1.688292950964891,0.4449158525094387,0.0,0.0,0.5811686753093769,0.8137831227293573
0.29562191710245467,0.04663978042963442,-0.020420819950792146,0.0,0.0,-0.8378420185845201,0.11085005499458402,0.683465299769664,-1.625058272853494,-0.053503316128627285,1.0094357685973996,-1.8728673386459147,0.16518265016090528,1.120132801911006,-1.6753030503885098,-0.38845219910861106,1.1894937467116578,-1.6983798226484885,0.3990544431771222,-0.5569775102373505,1.071553036570549,0.03455893274020545,-0.5113884378224607,0.033850750639640596,0.020506520213810005,-0.021632055474373576,0.29562191710245467,0.04663978042963442,-0.8378420185845201,0.3010192942948869,0.2299267302239227,-0.17372971851574837,-0.27976809691270926,0.17368549645039083,0.15541048119032708,-0.2478530567219021,-0.27456359679845216,-0.18589250972687918,-0.2553944421326827,-0.2890744467226162,0.23572817052752104,-0.21024065907478962,0.15857101779497695,0.0835596263962526,0.38106378922235457,1.6893750202770417,0.45083618529427466,0.0,0.0,0.5743300595915211,0.8186238346454371
0.29343406437060804,0.04636158254090014,-0.027933225143127183,0.0,0.0,-0.8363083760941936,0.1065749370206436,0.6690950270455625,-1.6207948401570322,-0.04240010399371441,1.0292010914820882,-1.8988497475018855,0.14939445056594414,1.114366289514762,-1.6834247427491038,-0.4023091060897472,1.187598792406229,-1.6975029844504137,0.40123745856376786,-0.5479573518610922,1.0716943144798279,0.03481314673375051,-0.518088914453983,0.03466386944413754,0.020597444184554305,-0.021731404910007343,0.29343406437060804,0.04636158254090014,-0.8363083760941936,0.30046474632735437,0.2335883849889629,-0.17255174093415085,-0.2804891485767218,0.1723465860381331,0.15245742980564259,-0.244464165739056,-0.2715076288082347,-0.18177625090529095,-0.25711923607852216,-0.2887335716316699,0.23872911667734026,-0.20784736434560983,0.15972335205895222,0.084596007958334,0.38015548583641456,1.6905625840792289,0.45666986904465207,0.0,0.0,0.5674637548843146,0.8233983767852562
0.2920210010134803,0.04613017463244909,-0.02844934351742129,0.0,0.0,-0.8096395812779664,0.10292988596484096,0.6557705325002867,-1.6154927717378513,-0.032916614857431456,1.0509796460660576,-1.9260207979151802,0.13626629729361306,1.1072596470610465,-1.6898724486908083,-0.4124932509417139,1.1863085945638328,-1.6982771228425775,0.40405308028969583,-0.538897945617255,1.0717573247563381,0.034891937514587974,-0.5252763896893987,0.03542350358419256,0.020703616265494076,-0.021839261406477385,0.2920210010134803,0.04613017463244909,-0.8096395812779664,0.2999019652891618,0.2368253330852746,-0.1715654153689318,-0.28130404483838123,0.17074557000576399,0.1499739401004476,-0.24058725449864873,-0.2683993996754284,-0.17836297307379312,-0.25868175343498184,-0.2882450916885358,0.24085325942211908,-0.2059186935754213,0.16082866686822359,0.08574680596184092,0.3793265925762491,1.691820175315325,0.4624648537988266,0.0,0.0,0.5607785963237755,0.8279657999610467
0.2908095020101078,0.04308068853354327,-0.023792367965842776,0.0,0.0,-0.7694642547198063,0.10023468453437115,0.644022587973339,-1.6086249208221075,-0.025874919186418516,1.0757932233122656,-1.9549837702741963,0.1271482641056475,1.098132708038276,-1.6937965570160973,-0.41714056846327463,1.185930089881787,-1.7015401706672628,0.4078223799140404,-0.5297793717338497,1.0717023436266642,0.034706271190841055,-0.5331980336744044,0.03610250757684782,0.020832775447231063,-0.021959942617776004,0.2908095020101078,0.04308068853354327,-0.7694642547198063,0.2993267725866575,0.2394198438377908,-0.1708735284004147,-0.28230367957063435,0.1687489031750447,0.14814029235454865,-0.2360181673311953,-0.2651965406188696,-0.17602573797823004,-0.2600835999809601,-0.2875357533763191,0.24168652372440774,-0.20473884410958487,0.1618663287023967,0.08707071384192165,0.37862380002220153,1.6931833355472636,0.46820149835772185,0.0,0.0,0.5543910940499543,0.8322562795426026
0.2900749814525436,0.04042461662764886,-0.016565986264212296,0.0,0.0,-0.6728711237926659,0.09751426597806429,0.6383655321282838,-1.6011531401712167,-0.02016471063968976,1.0953976189574357,-1.9824298058564829,0.125003258133522,1.0845571476966154,-1.6964103553730707,-0.4162025688072812,1.188378256673996,-1.7049209398145857,0.41274351547830346,-0.5223041896063553,1.0713234850420401,0.034258614782279824,-0.5415044553721174,0.036690417766714285,0.020981925288931672,-0.02208779591959542,0.2900749814525436,0.04042461662764886,-0.6728711237926659,0.2989502705705281,0.24016197454745114,-0.17020596320182574,-0.28367219880219285,0.16787374852635256,0.14669062897835827,-0.23162130778814166,-0.26100563441951574,-0.17554666259077625,-0.26099034323869563,-0.2875572421099371,0.24125992235156762,-0.20439139310081028,0.1625765742956361,0.0885005313412926,0.37842515039403557,1.6947119645774364,0.47386307007848033,0.0,0.0,0.5487785315446898,0.835967776481638
0.2892429999923758,0.03684280551981331,-0.007951073348523576,0.0,0.0,-0.6289496605753778,0.0948248800749963,0.6355923803953021,-1.593498005316808,-0.014990606846717887,1.111706811648149,-2.00885954269996,0.1259893299295348,1.0689093791521522,-1.6985629155085635,-0.412789582059934,1.1922705677839422,-1.7081649395135732,0.41814354864450576,-0.5155605903038614,1.0707813776456394,0.03370104515208651,-0.549925659711544,0.03723757842985481,0.021139377441543792,-0.02221869383580409,0.2892429999923758,0.03684280551981331,-0.6289496605753778,0.298664133136089,0.24003273442024403,-0.16955602142044987,-0.28519625902180873,0.16767809447526102,0.14541940736259765,-0.2273704300087895,-0.25632032942922217,-0.17589920900879438,-0.26161501053760894,-0.2879858574307732,0.24027928791986197,-0.20441119894302176,0.16313854945103534,0.08997567316602471,0.37844633497945424,1.6963140460161061,0.47949055868845697,0.0,0.0,0.54350986071785,0.8394027825200864
0.28846072545555324,0.0326095012812502,0.0010992973469764469,0.0,0.0,-0.5053755695906079,0.0927234828884069,0.6422730166321762,-1.5864027227060153,-0.010506565942285818,1.1078358970295925,-2.028584970304599,0.13531014178163137,1.0468547249642708,-1.7010045352463539,-0.4031817368948118,1.2020938867846358,-1.7087822439005742,0.42436129596227623,-0.5106887188381874,1.0695920979174285,0.03294309515667221,-0.5579604475687328,0.03767810445368432,0.02131088737559576,-0.022355598144573514,0.28846072545555324,0.0326095012812502,-0.5053755695906079,0.29863222763658714,0.2371636680191881,-0.16909754035967547,-0.2869715927334019,0.17117090467273546,0.14436528591950754,-0.22461457214285974,-0.2498067616791371,-0.17846805213171427,-0.26139677234453096,-0.290468645493911,0.23791226752365513,-0.2053394796150909,0.16338738275854275,0.09148818946410697,0.3790249893197524,1.6981015404543052,0.4850228650567049,0.0,0.0,0.5392607833379154,0.8421388291450395
0.28776136454689866,0.030305303704793632,0.007890163956639218,0.0,0.0,-0.45297886223144135,0.09233721103877383,0.6512800952276347,-1.5804884347778103,-0.006793207829245227,1.0952759946768122,-2.04404748059236,0.1468307083615877,1.0237410933925577,-1.7039824239909647,-0.39164848088358584,1.2140688635408865,-1.7085794706184132,0.43079573675416927,-0.5068602924450087,1.068319014631785,0.0321446405813242,-0.565601750205342,0.038060984502618106,0.021481926109677595,-0.02249160260768033,0.28776136454689866,0.030305303704793632,-0.45297886223144135,0.2987081050299681,0.23372558895633094,-0.16911452935488533,-0.2883995584671521,0.17597115997229082,0.14351435683367292,-0.22259439385454183,-0.24289674505372533,-0.18159299508950497,-0.26068624086981484,-0.2936609095309745,0.23508813192494304,-0.2064601532078812,0.16345583085680654,0.09297291543112875,0.37979235841415965,1.6999569515196176,0.49051625553805045,0.0,0.0,0.535440539880912,0.844572926544557
0.28860390883534415,0.026809616709035006,0.013430799859075195,0.0,0.0,-0.3733298512969389,0.09455827619128201,0.6638238361964998,-1.5763694973519218,-0.004251443252612351,1.0695070756169482,-2.0530294953630515,0.1616953465227888,0.9990176022625902,-1.7077755499631164,-0.3771882114143908,1.2293147947639218,-1.7071300136068694,0.4375595954031894,-0.5046181133590066,1.0669185330088322,0.03128461086173332,-0.5726448758147079,0.03835623102405895,0.021652248524612953,-0.022626239123593003,0.28860390883534415,0.026809616709035006,-0.3733298512969389,0.2989478341948527,0.22943670845852016,-0.16986547964341928,-0.28929371771962975,0.18281129940105165,0.14294314760131552,-0.22163740437633386,-0.23539866031611517,-0.18555271882421068,-0.25926113268593476,-0.2979313300587892,0.23156025136381492,-0.207845829684968,0.16325541022813414,0.094409009943211,0.380851377859741,1.7019156095786736,0.4959504860095103,0.0,0.0,0.5322837656611232,0.846566000270277
0.29046475817571793,0.02485785378194072,0.01523495436861061,0.0,0.0,-0.32550575561926076,0.10221509868279062,0.6765873022377487,-1.5746257081627846,-0.005243722815066487,1.034475021064283,-2.0531326979398727,0.17694760672748028,0.9789410121738917,-1.7134237959980962,-0.3599639330059297,1.2456851154565804,-1.7081254348158836,0.4445189144462344,-0.5035664290189743,1.065683327615261,0.030432671541348134,-0.5784875713288782,0.038510681129992,0.021812084713019424,-0.022757757804356512,0.29046475817571793,0.02485785378194072,-0.32550575561926076,0.2992453370243311,0.22537538535732898,-0.17215079344480289,-0.2890609399999998,0.19060661913173976,0.14316415911213287,-0.22175761685580464,-0.22890123152568567,-0.18948924558894797,-0.25710200135162,-0.30200555048208644,0.22730525730263493,-0.2092813509845512,0.16283692863709237,0.0957918163615685,0.381928030099584,1.7039931267499924,0.5013848729431627,0.0,0.0,0.5295253247180343,0.8482941296992809
0.29479958259237093,0.02290268253539285,0.012939799433717146,0.0,0.0,-0.3078278535492341,0.11237164452457057,0.6892154984749279,-1.5739023653933635,-0.007951351500545996,0.9958985770980905,-2.049449569044205,0.19208745269749583,0.9614638645345203,-1.719924081260195,-0.3415288742130196,1.2624879324665434,-1.7104777491723113,0.4515146680104617,-0.5030644495183458,1.0645583449647977,0.029588276771112143,-0.5837595190566319,0.0385995679982723,0.0219663092351626,-0.022887629823974118,0.29479958259237093,0.02290268253539285,-0.3078278535492341,0.29955723236959714,0.22148107802872552,-0.17513598401013905,-0.2882648908339096,0.1987875456229009,0.14376918174750425,-0.22211639126434418,-0.22301586754785313,-0.19329615510595707,-0.2545527998389818,-0.3058973874171329,0.2227221028979271,-0.2106248368808426,0.16231346509765235,0.09713486472147735,0.38299885481697116,1.7061252841869226,0.5068251787183375,0.0,0.0,0.5269115302631505,0.8499201369986152
0.29999210400316134,0.021048337692835595,0.009167248992106301,0.0,0.0,-0.308706751656874,0.1298307181479252,0.6985712991310993,-1.5752858307499151,-0.01676782856408722,0.955678307809512,-2.038318213935083,0.2033598801622588,0.9572115496087537,-1.7289004477743912,-0.32029083994432306,1.2795245039921528,-1.7196257082888706,0.4579660672551159,-0.5041955665040474,1.0641719756218104,0.028812481591907895,-0.5871363184773002,0.03848699163287306,0.022094528902716064,-0.023010099575353347,0.29999210400316134,0.021048337692835595,-0.308706751656874,0.2997629290016798,0.21885577890913424,-0.18015219154041975,-0.2859999461343875,0.20662514965583406,0.14575204634050043,-0.22294293918914065,-0.2204451055451448,-0.19591570293438812,-0.2517156628228679,-0.30849312468764933,0.21734069257582841,-0.21170068655683097,0.1615445945550951,0.09823600925085421,0.3838814898365979,1.7084168318945625,0.5123539638633907,0.0,0.0,0.5242852586808483,0.8515426985947069
0.3038512129131742,0.02011033277345947,0.006336417908851811,0.0,0.0,-0.30907482267932246,0.14861197226967257,0.706973631579715,-1.578281889311396,-0.027741899857153446,0.919048797052642,-2.0261131327312736,0.21123512110744516,0.9603992758605334,-1.7391170469614168,-0.2980104036485933,1.2957987977335077,-1.732547261393986,0.46416847579754283,-0.5058441551115649,1.0642300001703775,0.028052761696297,-0.5895412038438594,0.03826271169460739,0.022210454279467315,-0.023123139558055505,0.3038512129131742,0.02011033277345947,-0.30907482267932246,0.2999239223292814,0.21674285315341635,-0.1854582012797273,-0.28316203312792687,0.21367004943939336,0.14823939094462643,-0.22352610590621905,-0.2197559627944077,-0.197559263510023,-0.24897309652235083,-0.31011095652496673,0.2116918550823177,-0.21255656215195767,0.1606923095324655,0.09923124601319191,0.38457620638881385,1.7107763766096187,0.5179188080275284,0.0,0.0,0.5216508504128032,0.8531590650421522
0.30903790285492494,0.018240018668551294,0.0025638674672409656,0.0,0.0,-0.3096407568526268,0.1694201223838781,0.7139143021060868,-1.5837500450702813,-0.04202355215182624,0.8879239008976874,-2.0122620348746967,0.21390249236271922,0.9749925474707892,-1.7512349165402923,-0.2741319703368048,1.3109045235010288,-1.7512537149282597,0.4699891828573665,-0.5082860250885669,1.0649692782988915,0.02731768512883441,-0.5904561498990425,0.03786719074616067,0.022307532570826315,-0.023221723753242534,0.30903790285492494,0.018240018668551294,-0.3096407568526268,0.30001638571803385,0.21541778741792927,-0.19119732775096765,-0.2794936802150235,0.21942102808766728,0.151501792350201,-0.2239663232119637,-0.22189825136835578,-0.19775717567943452,-0.2464256412450704,-0.31026380059622827,0.20564328416269168,-0.2131456462079669,0.1597209385536141,0.10006832757203055,0.3849823303430852,1.7132401603918808,0.5235389304848815,0.0,0.0,0.5190066214943377,0.8547702187401204
0.3132096227429432,0.017096054929767013,-0.0003921548621013682,0.0,0.0,-0.3103235035226801,0.18849843283756976,0.7201274977996944,-1.5910252635009012,-0.05690436217432397,0.865707229751234,-1.9995023313050089,0.20935504471596625,1.002544513903558,-1.7653090677295737,-0.2502297550941318,1.3225412340118334,-1.7761209498231225,0.4749542735158824,-0.5113533767513357,1.0663633721952255,0.02660376069700131,-0.5895199541432353,0.03722958722993589,0.02237652747694833,-0.023294219664351728,0.3132096227429432,0.017096054929767013,-0.3103235035226801,0.30002647702797103,0.21456767333611565,-0.1963078246935368,-0.2756595960122949,0.22332589099639788,0.15492661953723466,-0.22420078405603194,-0.22720490424531548,-0.19602729406081482,-0.24425066826431124,-0.30833411549858936,0.1996138780675285,-0.21340695442358623,0.15871298369777687,0.10067063510932583,0.3850182176577246,1.7158309545081396,0.529223260254814,0.0,0.0,0.5163515695640117,0.8563767025140172
0.31923727475747293,0.01446087703370344,-0.0032460317015647893,0.0,0.0,-0.3107527503257587,0.20653386414050967,0.7260075698678307,-1.5991346108225668,-0.07171776582701771,0.8474650570692931,-1.9872681363843963,0.2015637315523178,1.03567230988007,-1.7801161766625357,-0.22640194915808334,1.3324944445720084,-1.8034647121452345,0.4794947230615293,-0.5146936232653945,1.0680200546406782,0.02589724488699671,-0.5877605818498596,0.03648087496940914,0.022433068043588158,-0.023354605131316927,0.31923727475747293,0.01446087703370344,-0.3107527503257587,0.3000006995235498,0.21393747848033762,-0.20101092010340715,-0.27174892896783365,0.22642000909102544,0.1583633225960503,-0.22434544249513927,-0.2337737810791533,-0.1934459402805087,-0.24211078247721424,-0.3055139329317039,0.19366016132148914,-0.21340980980506594,0.1576970912476497,0.10115806198368624,0.3848965285296502,1.718483157455921,0.5349380116050055,0.0,0.0,0.5136878622686625,0.857977144309714
0.3262991815187459,0.011004451439184243,-0.0057272863789245565,0.0,0.0,-0.3134560691637363,0.21839749068021713,0.7309407141919317,-1.6096999963315628,-0.08196804654569527,0.839181030957172,-1.976856969726774,0.1853180231813063,1.0800683208956146,-1.7949236887865334,-0.20387670225822124,1.3364473661551106,-1.8334404383427807,0.48240806158775307,-0.5186366067769433,1.069946539086791,0.025182660006416568,-0.583974569821014,0.0354130685042877,0.022459393432095215,-0.023378466110443696,0.3262991815187459,0.011004451439184243,-0.3134560691637363,0.29989663575990844,0.21393017770064698,-0.20387423745545472,-0.2683212919944346,0.22739978336660407,0.1607984497918442,-0.2249087341818308,-0.24315100106611426,-0.18874134864742748,-0.24045403920030123,-0.30078073116476073,0.1881375458250766,-0.2133880631378683,0.15675819064575588,0.10127801569312452,0.38450465659325544,1.7213514707982538,0.5407522839422406,0.0,0.0,0.5109959572190595,0.8595831150655397
0.3323432110763156,0.008263694152295359,-0.0070615976045920745,0.0,0.0,-0.31535193467279854,0.22693587739307136,0.7361228701013783,-1.6210080637381623,-0.08956965503211195,0.8339564464986324,-1.9669358506798746,0.16685368743940102,1.1258758375277873,-1.8082731056671872,-0.18277086281719168,1.3370832691972074,-1.8619957004602132,0.4845573119819164,-0.5225354579205695,1.0717203084092874,0.024445514857339194,-0.5794893763959409,0.03423920762725178,0.022474919168206934,-0.023388329490374487,0.3323432110763156,0.008263694152295359,-0.31535193467279854,0.2997716080683928,0.21394924945365315,-0.20576837899165007,-0.26527398977528993,0.22771489444388776,0.16265947141343717,-0.2257556097393427,-0.2528859158634716,-0.18356152594021685,-0.2387879803646687,-0.2955977159864767,0.18305897086400147,-0.21338851070069798,0.15592026028939027,0.10125806028488311,0.3840486584500366,1.7243322563859131,0.5466142973074545,0.0,0.0,0.5082827043825338,0.861190276550762
0.3404206377113297,0.003921204020439661,-0.008839463743452736,0.0,0.0,-0.31828458970766205,0.23033371478175887,0.741689977594293,-1.6334642567313633,-0.09307663246559407,0.8334615090861917,-1.9577723052352667,0.14495953489453184,1.173865426618319,-1.8193684263298144,-0.16385931143752092,1.3325913323519323,-1.8883550410660412,0.4855253444984555,-0.5263660840260295,1.0732579926172128,0.023673493374819655,-0.5739233056083322,0.03290139528689907,0.022473749523319732,-0.023376553724609457,0.3404206377113297,0.003921204020439661,-0.31828458970766205,0.29961417185572475,0.21400888233392829,-0.20622850555736014,-0.2628535992417951,0.2269800322342732,0.16361214692291323,-0.2270788080416486,-0.26329636585647376,-0.17764458854402237,-0.23723464718592935,-0.28970738965440834,0.17860824535061112,-0.21356770608485076,0.15523651075004072,0.10102592964833244,0.38349555250953427,1.7274869148834393,0.5525501144046967,0.0,0.0,0.5055390938566887,0.8628036999124181
0.34683744424225604,0.0009401413735770914,-0.010250847285182831,0.0,0.0,-0.321786791178864,0.22926927415224216,0.7476276265313994,-1.6454929058941514,-0.09229195651669911,0.8383440647560818,-1.9484066321299625,0.12339711717616439,1.2172412456801314,-1.8245078015785952,-0.15116729612390561,1.3212133101545844,-1.907022949594718,0.4848794418458755,-0.5304376606184703,1.0743804255930278,0.02284080312193298,-0.5677013183729005,0.03142271404906818,0.02245486955731534,-0.02333846897818148,0.34683744424225604,0.0009401413735770914,-0.321786791178864,0.2994180295186547,0.21390013317962464,-0.2055255479286561,-0.2612105985460173,0.22492719108772974,0.16361307781614848,-0.22910624352877917,-0.2733247970717936,-0.17202116559005326,-0.2361532377477883,-0.28370462494448195,0.17572815478626747,-0.21418392458319002,0.154711593344273,0.10048201110637837,0.3830358627147104,1.7308521554447138,0.5585697753211628,0.0,0.0,0.5027600881635629,0.8644259909036555
0.3545512831604344,-0.003144533158509849,-0.011950922914995277,0.0,0.0,-0.3233935016303405,0.22630998048071707,0.7538800962412583,-1.6571583505719896,-0.08976450566954644,0.8456781887664239,-1.9388026956182265,0.10226499220320599,1.25812132971791,-1.8267982534777663,-0.1413842943998484,1.3067364709881646,-1.9219159360688467,0.48349409245957564,-0.5346019900618836,1.0753082843640676,0.02198106575703539,-0.5611925400220434,0.02988413414613423,0.022428337489075675,-0.02328862548949054,0.3545512831604344,-0.003144533158509849,-0.3233935016303405,0.29920413796431744,0.2136510341020904,-0.20434676279214423,-0.2599207377420013,0.22222528897683777,0.16321627251233262,-0.23143050852633057,-0.28305347335593345,-0.16662194820649526,-0.2350388271612472,-0.2777270138309097,0.173555645594346,-0.2149390889834073,0.15425954478822124,0.09979861225428928,0.3826168333667951,1.7343141814837086,0.5646275224593966,0.0,0.0,0.49996196165881623,0.8660473641171529
0.36157644453832216,-0.007243958079177326,-0.012880897758385523,0.0,0.0,-0.32794280413166144,0.22001060155721824,0.7629620994512849,-1.6655597388744352,-0.08531514970728994,0.859761508611532,-1.9265770086875331,0.08607186534656965,1.2868520800883947,-1.8194475838771236,-0.14059954423170826,1.2842735694004943,-1.9228049287429223,0.4800237571963898,-0.538791673687788,1.07562966300891,0.0210550935365833,-0.5540588635664722,0.02823880909440613,0.0223864157182666,-0.023209576709912375,0.36157644453832216,-0.007243958079177326,-0.32794280413166144,0.2989399926020549,0.2121559152168203,-0.20244059658995556,-0.259721763634856,0.21756394420738334,0.1624119221064056,-0.23459615937531897,-0.29143879290252406,-0.1626379042909102,-0.23507038690537257,-0.27237086635624397,0.17362859972618258,-0.2167462187590185,0.15405065931202996,0.0987407708898877,0.3823169153081575,1.7380531842891986,0.5707882688595697,0.0,0.0,0.49711913318306866,0.8676822963638906
0.364942306667276,-0.009384348824601152,-0.012045724389071756,0.0,0.0,-0.3216025600690041,0.21277309907600284,0.7745179375633597,-1.6719042360782623,-0.08103581715840846,0.8751882659271359,-1.9135213736444712,0.07304866425693034,1.3086633179336786,-1.8080688510090113,-0.14363383362069726,1.259091829881072,-1.9171983934938908,0.47575273364782333,-0.543499163351953,1.0756718683987856,0.02010610033175908,-0.5468580480664968,0.026609423191985112,0.02233936352422461,-0.023118278564652428,0.364942306667276,-0.009384348824601152,-0.3216025600690041,0.298688902053982,0.20968853958576794,-0.20037767522712974,-0.2600144940445012,0.21238433112965102,0.16162839390919137,-0.23781673231670114,-0.2988730314499864,-0.15949062289539134,-0.23552229043850387,-0.2674432551102961,0.17466341902921792,-0.2189712120206275,0.15385400058928136,0.09750339996161213,0.38220801725405784,1.7418787721544504,0.5769580118358135,0.0,0.0,0.49432607389102784,0.8692765570700053
0.36746987747437027,-0.01256013693610808,-0.009363210903337582,0.0,0.0,-0.31172012320215886,0.20407308602275734,0.7899304208560636,-1.6750420928001404,-0.07702154675140394,0.8927094078121282,-1.8991718707749474,0.06496729615789174,1.3196872131755721,-1.7904104707905875,-0.15262190775515963,1.2296714917398408,-1.9014654967647329,0.4702334575928173,-0.5490138993526882,1.0752788498424566,0.01912121800258037,-0.5395525645178096,0.02500488601463771,0.022284313131911822,-0.02300788397238088,0.36746987747437027,-0.01256013693610808,-0.31172012320215886,0.298458163626492,0.20569773316820117,-0.19804983134832743,-0.26105384450494845,0.2064246839710936,0.1608939330796325,-0.24114224047945013,-0.3049001498043901,-0.157617795344929,-0.2369531352853655,-0.26312281074974736,0.17725850356745057,-0.22192021978543344,0.15367596599094838,0.09598583179595468,0.3823976115860499,1.7458393439077415,0.5831417802434703,0.0,0.0,0.49161396226125703,0.8708132475506947
0.3681873877445698,-0.014455502450469893,-0.006189979971028825,0.0,0.0,-0.2847544949657244,0.19390018692670044,0.8096083939218733,-1.6752307894997873,-0.0733484105260759,0.9079493304284708,-1.883022727014928,0.06171828945382294,1.3165351540709924,-1.7684533421236754,-0.16654043180796266,1.1981984778092483,-1.8753765312811528,0.46373950321084084,-0.5555478870295556,1.0743655373270695,0.018149130144872995,-0.5323358655978859,0.02349171159529282,0.02222131983860611,-0.022880670117536712,0.3681873877445698,-0.014455502450469893,-0.2847544949657244,0.2983143736178485,0.20008727375608382,-0.19541645507904018,-0.26273526512872714,0.2006911965644996,0.16022831420329622,-0.24456703613556774,-0.3083357564190697,-0.15699533629620735,-0.23970766585064063,-0.2598786436268363,0.1812584486764395,-0.22557508512032534,0.15345220597367265,0.09423064902961338,0.3829858993118174,1.7499027951405595,0.5892836778926157,0.0,0.0,0.4891322892631438,0.8722096098990174
0.36903629271115734,-0.017062812517125103,-0.002354821369338067,0.0,0.0,-0.2723557459397867,0.18305427767336502,0.831223122488991,-1.6741224693564272,-0.06982817987983077,0.9216945947935945,-1.8662094021072773,0.06046042261788466,1.3070539557016838,-1.744923737759776,-0.18242687029907154,1.1661640520279255,-1.844845304122342,0.4568165434667706,-0.5625458912780643,1.0732226366033923,0.017187198238948882,-0.525162068983684,0.022025016557353755,0.022154689426175683,-0.022746410605927515,0.36903629271115734,-0.017062812517125103,-0.2723557459397867,0.29821056442765087,0.19373482767038452,-0.19260410678941342,-0.2645831630588739,0.1951214486199983,0.15957431751639806,-0.24793459943113733,-0.3105316312067783,-0.1568879624013024,-0.24305512615932318,-0.2570420788414665,0.18593438776805749,-0.22942020359255305,0.15319005043239498,0.09237444052956983,0.38374895517222557,1.7540130884601515,0.5954065004793491,0.0,0.0,0.4867549621363354,0.8735385548650126
0.36992208282260114,-0.019975531215215864,0.0016489603485062006,0.0,0.0,-0.23718030437737567,0.1703585521318029,0.8579882438509489,-1.6701606106586184,-0.06668642657594065,0.9249666154814452,-1.8497959262189971,0.06162258714007634,1.2822639724383007,-1.7225853123057366,-0.19971191148774986,1.1378853051708318,-1.80618205895791,0.4489446255879913,-0.5707951698882069,1.0715634076354597,0.016313830992798033,-0.518139034008178,0.020752676402200833,0.0220779531250278,-0.022601786864330432,0.36992208282260114,-0.019975531215215864,-0.23718030437737567,0.298220180763075,0.18547543042260448,-0.18932056224095317,-0.2669236751365059,0.19217845461709118,0.15898096470715453,-0.2510759599260035,-0.3086173187686086,-0.15746981082714417,-0.2477799885124733,-0.2563347016933822,0.19124103637079531,-0.23370551458967798,0.15282197125865687,0.09027971904473958,0.38496127352652804,1.7582497813094118,0.601477696990164,0.0,0.0,0.4846817316233547,0.8746905847387327
0.37060876072347604,-0.021668612756410854,0.00465361831279848,0.0,0.0,-0.22269176144262331,0.1581033647346962,0.8852487664956297,-1.6668630580489454,-0.06372747453860954,0.9224612384748007,-1.8342580368312513,0.0625877082168769,1.2539201920422243,-1.703046428756073,-0.21614431210148705,1.113658077728291,-1.7670558370076717,0.44085082992051705,-0.5792162441290337,1.069844221839538,0.015483666513598783,-0.5112571074412423,0.019581201987770948,0.021998070619212325,-0.022452557607231527,0.37060876072347604,-0.021668612756410854,-0.22269176144262331,0.2982765228415911,0.17714576636326998,-0.18606519958714,-0.2688199677057569,0.19079403525771288,0.15840412545978666,-0.25401799260143787,-0.3051170783656537,-0.15801985540711008,-0.2526346502279265,-0.25663695264518477,0.19647326690646144,-0.2377244365170278,0.1524156160046573,0.0881443117979393,0.3862405459882611,1.7625353958171146,0.6075290607718318,0.0,0.0,0.4827326659439096,0.8757677621554049
0.3700524017173725,-0.021658755703253596,0.0019771226037010314,0.0,0.0,-0.1999139541491385,0.1465407759667593,0.9132881416724269,-1.6646099041860838,-0.06105591624509552,0.9108728393195917,-1.8200967138489856,0.06324304449551092,1.219989256360211,-1.687908886860197,-0.23123622108967207,1.0958005070972907,-1.7272017391828405,0.43240820577081607,-0.5879074094387198,1.0680307740202317,0.014721423910277063,-0.5045970265681929,0.018568305155405668,0.021913241760697793,-0.0222960877200911,0.3700524017173725,-0.021658755703253596,-0.1999139541491385,0.29840632549558693,0.1687401124289168,-0.18291205907527125,-0.2701743290361825,0.1919557311839167,0.15787084390391912,-0.2567000835511877,-0.29914289380504083,-0.15850707553147494,-0.25764119316331174,-0.25870528326859166,0.20145773949754503,-0.24143952870604948,0.15196436415614759,0.0859410023626865,0.38762979525101793,1.766897923241441,0.6135492442319024,0.0,0.0,0.4809809193456898,0.8767310620853895
0.3685499835106666,-0.019012718485258567,-0.005117939032898977,0.0,0.0,-0.21846206387334938,0.137882239400195,0.9381713821337749,-1.6657484552034962,-0.0598506268400413,0.8935927668443112,-1.8095492032858052,0.06312872218684512,1.186442443957699,-1.6817411161386053,-0.24293578688341733,1.088744707978689,-1.6929443799532409,0.42371609749702394,-0.5960637061641758,1.0665585341361854,0.014065744713521983,-0.4982630146237526,0.017720966223770687,0.021822461750931475,-0.022141063711247782,0.3685499835106666,-0.019012718485258567,-0.21846206387334938,0.29835560774573916,0.1617847994653051,-0.18044919014399224,-0.2704915527178236,0.19512503999346714,0.15766675953514198,-0.2585929843912564,-0.29138164576229447,-0.15873092398011213,-0.2616611539407712,-0.2627675684018681,0.20538935076415102,-0.24411941166114845,0.15155952112178558,0.08374425272966743,0.38883047734014053,1.7712194438164046,0.6195473768390136,0.0,0.0,0.47906444681455757,0.8777797307971185
0.36485272494805904,-0.01254371202986912,-0.022376187217350296,0.0,0.0,-0.2304234555976097,0.13073751756634852,0.9612962106386046,-1.668469183863355,-0.05940729171897333,0.8742816663848678,-1.8008258220954585,0.06267069618647499,1.153648615026705,-1.6797299409428461,-0.2530875382586736,1.0865384689890414,-1.6615970627619685,0.4148883066283403,-0.6039561655085816,1.0652757458961928,0.013458128984963845,-0.49208079482643696,0.01694862699682399,0.021729065624710466,-0.021986534866020813,0.36485272494805904,-0.01254371202986912,-0.2304234555976097,0.298201607934271,0.15561698095079632,-0.1783594544129602,-0.27027238501550505,0.1991141167841745,0.15763507088822826,-0.2600371560735813,-0.28290683441667963,-0.15881651563263233,-0.26498650125673684,-0.26774044588422014,0.20881562233079365,-0.24619121978653924,0.15116232289822681,0.0815530765847167,0.3899251152679423,1.7755128716906672,0.6255362197183642,0.0,0.0,0.4770405646290363,0.8788812773625401
0.36041940657180976,-0.0043850553912191115,-0.04305345579408704,0.0,0.0,-0.31432841645724774,0.13045476513126722,0.9749846530075249,-1.6759554116198645,-0.06238703300746572,0.8578828116162474,-1.7995984345101395,0.06139925756276807,1.131425299610084,-1.6898381036634624,-0.25907881908978375,1.0961999904650903,-1.6433447576486158,0.4053725494931529,-0.6108466094503032,1.0650017697077532,0.012971452817929791,-0.4863512284623892,0.01636991195398601,0.021630104953566428,-0.02183090283338411,0.36041940657180976,-0.0043850553912191115,-0.31432841645724774,0.29746056025704515,0.15294934968670018,-0.17808058128002754,-0.26876661002218366,0.20332246322041,0.1584144416927707,-0.25978523944668175,-0.2750092401389764,-0.1585290665856808,-0.26593518224733653,-0.27375323184468653,0.21061832379447376,-0.24646179484546843,0.15089850756805429,0.07931053540270999,0.39052603294967153,1.779591985333424,0.6315115031141498,0.0,0.0,0.4742756343850199,0.8803764096275449
0.357117942025482,0.002182337166957621,-0.05856918063587568,0.0,0.0,-0.34863475815830874,0.1332318023778496,0.98329647229268,-1.685079284585439,-0.06735957884946098,0.8461805759714202,-1.8010819372362814,0.06040940198223466,1.1158992648124697,-1.7036377638578408,-0.26389508443669624,1.1079400860919397,-1.631965385749936,0.39567847123656164,-0.6171901300549506,1.0653749040972729,0.012512662442392108,-0.48073676128226994,0.015855837799160968,0.02153118403377728,-0.02167705097011864,0.357117942025482,0.002182337166957621,-0.34863475815830874,0.2964794697025075,0.15209511400648182,-0.17861658443492723,-0.2668343261850778,0.20662267225195924,0.1596785682939807,-0.25883599812181896,-0.2682992957752172,-0.15824430574355375,-0.265690992250914,-0.27914127072321404,0.21186667573865925,-0.2459025338145887,0.1506790854991435,0.07707646209143307,0.39080159848725915,1.7835903795292742,0.6374789191983066,0.0,0.0,0.4712034538897462,0.8820245490021089
0.3527350143479602,0.010121177282163635,-0.07924644921261241,0.0,0.0,-0.40303003894291306,0.14086011238396096,0.9830836974657499,-1.6967996313021723,-0.07549170082291655,0.8419247934451474,-1.8068635354821494,0.059865994128183726,1.1109917163848881,-1.723290264606474,-0.2668483718656574,1.1229757448801614,-1.6314829960465431,0.38570166622790103,-0.6226665079593653,1.06677402727879,0.012098084772543018,-0.4753047829637166,0.015444251269890177,0.021432326139452375,-0.021526021551555752,0.3527350143479602,0.010121177282163635,-0.40303003894291306,0.2951177930316101,0.15406703710808725,-0.1804240619572705,-0.2642379633708557,0.2084677170268481,0.16169956780251843,-0.25684776419767535,-0.26349257431907025,-0.15798172204144847,-0.26377981488142255,-0.28343949572576144,0.21225685443666986,-0.24418646233333205,0.150550043854491,0.07484839874663117,0.3905673777019757,1.787460793669407,0.6434338617210199,0.0,0.0,0.46764480303634337,0.8839164769326905
0.34924983167391954,0.01722140394558455,-0.09471665566357368,0.0,0.0,-0.46684285469650155,0.15140859634042275,0.9739230069546755,-1.708858334960845,-0.08601137261407799,0.8484593979441195,-1.8194504907497981,0.06092482765849954,1.1188446174447344,-1.7464450528988453,-0.268457490306061,1.1361765708201197,-1.642151777131052,0.3754722380007696,-0.627155488500228,1.0694201022673109,0.011751750815444863,-0.4701754252712891,0.01510389545448843,0.021333640239810436,-0.021382972204054787,0.34924983167391954,0.01722140394558455,-0.46684285469650155,0.293309611734003,0.1585694285170765,-0.18300112008881828,-0.2614817543946029,0.20828497932321796,0.16421501402732286,-0.2535331558762725,-0.2615584402189225,-0.15805573520630675,-0.26029732933871047,-0.28511411432298406,0.21204350299622904,-0.24171635005923453,0.15051848474201981,0.07263758962143028,0.3897420806647943,1.791193869251471,0.6493711868444311,0.0,0.0,0.4635132061164804,0.8860900110912103
0.34521010108401007,0.026189257242708985,-0.09819616187507485,0.0,0.0,-0.49700034678810584,0.16306618042290158,0.9608681220561276,-1.7209618724882598,-0.09741489961743305,0.8596413843333712,-1.835154652595519,0.06265683658421027,1.1324052102863775,-1.7710355594754208,-0.26948144659399986,1.148245073854923,-1.6577077358961094,0.3651563832536345,-0.6311322841793298,1.0726275891065595,0.011437213892349984,-0.4652018416672947,0.014794409478781757,0.021235168736893687,-0.021243931201752282,0.34521010108401007,0.026189257242708985,-0.49700034678810584,0.2913291268050672,0.16411141059361609,-0.18582632086441245,-0.25857387150200706,0.20726972400564278,0.16684686152493033,-0.24959965743677387,-0.260895136953631,-0.15825724965713586,-0.2561324224520619,-0.28552989069554335,0.21157392532678962,-0.23895077646640422,0.15052476642693502,0.07044721506274434,0.3886391403536471,1.7948621883988378,0.6553020793944594,0.0,0.0,0.4591036110484858,0.888382729639788
0.3410660468478103,0.036590378876117574,-0.09072548351608813,0.0,0.0,-0.5928936311141505,0.1741837008784594,0.9404497820740714,-1.7314805705100296,-0.10795933652955728,0.878817644113531,-1.8592874361918517,0.06526836874679871,1.1592729654736238,-1.796898139497408,-0.2693961507712419,1.1527312194498684,-1.6830608288829136,0.3550604643801659,-0.6327963391892039,1.0772019618978865,0.011216983836045708,-0.4609152082210551,0.014541171306448709,0.021139377390052408,-0.02112119668834986,0.3410660468478103,0.036590378876117574,-0.5928936311141505,0.289381765259,0.17138711421380565,-0.1885138673542227,-0.25599465419759787,0.20523158940227837,0.16904209703527123,-0.24435012098820022,-0.26342765272833857,-0.15859393301094982,-0.2507627835265437,-0.28204174133762383,0.21074333545919394,-0.2360304700980549,0.15079620536763833,0.06843331320238696,0.38670915708671283,1.7983267860343821,0.6612409351107018,0.0,0.0,0.45382837708294943,0.8910891112308894
0.33796977505654996,0.04628541088054,-0.07346165903772128,0.0,0.0,-0.6366112271919608,0.18373239728120594,0.920200352485365,-1.741597239787761,-0.11742091064269658,0.897724582598758,-1.8850053640512294,0.06789827404113892,1.1884540227743265,-1.8221188050049981,-0.2689502353851613,1.1543735907627988,-1.7096831981952347,0.34524074426064205,-0.6334180190013006,1.082102986482473,0.011057275848893024,-0.45718862689458434,0.014309581655722416,0.02104606536718516,-0.021010255297789215,0.33796977505654996,0.04628541088054,-0.6366112271919608,0.28770010746442365,0.17848550225557677,-0.19073851085321347,-0.25347933554812196,0.20350622735722093,0.1708417899017287,-0.23888415881938604,-0.2665139602212677,-0.15889767198661459,-0.24524152730092852,-0.27760190432011145,0.20983416025027285,-0.23318704249295374,0.1511648967859467,0.06653097066729736,0.3845472213885135,1.80170137148637,0.6671970119843111,0.0,0.0,0.44814640742460665,0.893960176692686
0.3340488134104762,0.057789043986309754,-0.05045475868078603,0.0,0.0,-0.7065303474762206,0.19077260939117763,0.9002210035776875,-1.7510710818549755,-0.125151032259544,0.916200887555112,-1.913257871539545,0.07055755720760369,1.2213339537668666,-1.8463130759505109,-0.2679277043431425,1.1514688854893815,-1.7383350874655503,0.33586265444039215,-0.6323729843044511,1.087526313673991,0.01099434012856084,-0.4543575455721183,0.014112607089023548,0.0209567176800472,-0.020918170619272418,0.3340488134104762,0.057789043986309754,-0.7065303474762206,0.28644329889749115,0.18534559169795561,-0.19228144077417067,-0.2512250548050956,0.2022366090054738,0.17208146808174346,-0.2331213308558862,-0.27052546359748253,-0.15916418942172755,-0.2394907310729587,-0.2716620094241383,0.2087975654266827,-0.23044688212531092,0.15170367576367244,0.06480049346357582,0.3820161163273602,1.8049320312073596,0.6731806247710032,0.0,0.0,0.4418191219411525,0.8971041542023697
0.3307233704263291,0.06805074612544945,-0.03232601313637174,0.0,0.0,-0.7880415424623355,0.19496565630946008,0.8843727759443802,-1.760539999661537,-0.12958130294170503,0.9286876501372223,-1.9383010434416614,0.07218250198862869,1.2533568069338785,-1.8656930101032434,-0.2670325628983287,1.1462165389496548,-1.7641304952020818,0.32744088425086126,-0.6291771248842662,1.0928612606456645,0.011078950693795022,-0.4530139884983118,0.013966958562377845,0.02087151762456275,-0.0208394320977207,0.3307233704263291,0.06805074612544945,-0.7880415424623355,0.2856819171171922,0.19100656412376923,-0.19305496099212954,-0.24920079434952017,0.20208920844683478,0.17254939745993444,-0.22823746825633331,-0.27496635326834334,-0.15919954224951047,-0.23441636377585373,-0.2657197235863712,0.2078853187341585,-0.22801170786130937,0.15247830206846624,0.0633631654770783,0.37932692755729247,1.8080142962817962,0.6791983483215934,0.0,0.0,0.43473584962089384,0.900558016484446
0.32706932420497153,0.07912507198579978,-0.010184033845479779,0.0,0.0,-0.8258451813145464,0.19782642316288102,0.8703688678976437,-1.7699644344930463,-0.13251759434262148,0.9384135444863484,-1.9615730587393043,0.07329947566792656,1.284769050060556,-1.8826402706595566,-0.26632166102242005,1.1400029796820421,-1.788442913872691,0.31949902816603976,-0.6249669590391793,1.0981269218027592,0.011231696535385423,-0.452387630724563,0.013847577125908664,0.020788762794556815,-0.02076686685009358,0.32706932420497153,0.07912507198579978,-0.8258451813145464,0.2851502583720363,0.19609850070198376,-0.19346312402815238,-0.24726320711418995,0.20239861221879638,0.1726767785420371,-0.2237984661637134,-0.2795050329448284,-0.15912008009781775,-0.22964340745161307,-0.2598932398465036,0.20704057027067752,-0.22562414848967957,0.15334315874228677,0.06205626536545819,0.3765755479269876,1.811029178305314,0.685232137544797,0.0,0.0,0.42728380945109834,0.904117551085564
0.3234205490470524,0.0899340723752171,0.010813819244503973,0.0,0.0,-0.9337875835189795,0.19668832629059368,0.8604841687931464,-1.7785822439652224,-0.13176962933861291,0.9405202011649425,-1.9752296134829521,0.07250922470568463,1.311004343514259,-1.8894150325885186,-0.2681526613350098,1.13309580546159,-1.805968595811954,0.31351504002053,-0.6175867969600054,1.1027389019727707,0.01157448738992501,-0.45425130512851936,0.013842943231933393,0.0207213970581786,-0.020711684635338876,0.3234205490470524,0.0899340723752171,-0.9337875835189795,0.285274555763373,0.19991501893465535,-0.19289183437101065,-0.24597603242909558,0.2034223212482753,0.17218639468839084,-0.22145607368663844,-0.2844813274518344,-0.1587129870920168,-0.22662670890457917,-0.2551351913234315,0.20697117151712963,-0.22357472818167778,0.15456752139643695,0.061275287527576286,0.3738135813968951,1.8138746126339986,0.6913158102677419,0.0,0.0,0.41882264290901544,0.9080680557021633
0.32077577767263166,0.09792024508278924,0.02282887625579544,0.0,0.0,-0.9638912344514509,0.19439958548173333,0.8509494195190765,-1.7863635672972749,-0.13095174962654715,0.9424773953998317,-1.9842339632316277,0.0713287095557183,1.3345931268368765,-1.8906298956045742,-0.2720368306439079,1.1245954598371806,-1.8199713810418656,0.30874587380542223,-0.6091371635691484,1.1070620555144088,0.011969588987994911,-0.45721469088815697,0.013880326408140641,0.02065854851389304,-0.020661825215658892,0.32077577767263166,0.09792024508278924,-0.9638912344514509,0.28558281114181644,0.20348888128140755,-0.19205894980672805,-0.24494149542619692,0.203951239839704,0.17179329681656214,-0.21994966425452284,-0.2897578911497523,-0.15827804717590666,-0.22441716283824134,-0.25061786645905815,0.2074735533348602,-0.22164196793883464,0.15586079430474448,0.06075897009982292,0.3711054375098383,1.8166911478799121,0.6974077066406604,0.0,0.0,0.4100503979460862,0.9120628657851696
0.31820367182592785,0.10507834288455198,0.03508579594871247,0.0,0.0,-1.0124892061665667,0.1902553560212256,0.8419789872490446,-1.7927960019845226,-0.13002112787216905,0.9441935716626735,-1.9857363279622333,0.069518867862196,1.3539142393721977,-1.8828790577558374,-0.27923186932905336,1.1135260210587432,-1.828293264771883,0.3059356874571398,-0.5989629376966223,1.110919457215529,0.012449045083485526,-0.46195143317947,0.013985464859825483,0.020602984237484637,-0.020620549151387352,0.31820367182592785,0.10507834288455198,-1.0124892061665667,0.28618771081360483,0.20670660936310642,-0.19081447786913933,-0.24435804417420742,0.20371327278323104,0.17155525474506886,-0.21981151833909268,-0.2956484350967608,-0.15779671225087494,-0.22354209757807347,-0.24641801404938085,0.20891912507091032,-0.21997241849380494,0.15728996834339243,0.06068714720837341,0.36848123385275255,1.819461081463557,0.7035128641873596,0.0,0.0,0.4007948414995958,0.9161678312554495
0.31599925541457796,0.11110763654214637,0.04217751825658227,0.0,0.0,-1.0437751383862406,0.18438402880341395,0.8292013529258281,-1.7969272509217262,-0.13037320949996892,0.9487146952977547,-1.9795097101193209,0.06723280941458565,1.3678378876871786,-1.8648885878232813,-0.2902707854070914,1.09706510273883,-1.8320520098965902,0.30602272506803274,-0.5869963260797355,1.1141949128359556,0.012953927672172603,-0.4682394860742183,0.014161777671408622,0.02055440528336196,-0.020585784462477583,0.31599925541457796,0.11110763654214637,-1.0437751383862406,0.28698624297976494,0.210627505495191,-0.1892102992684842,-0.24430574956742085,0.20196541909053803,0.1717857227376916,-0.22093501424524994,-0.3022201638908228,-0.1573109178117159,-0.22417504114807313,-0.24159347632112788,0.21142553425280902,-0.21846104952853634,0.1588164443466798,0.061242751820309665,0.3659268907201424,1.8222433424626405,0.7096079193915311,0.0,0.0,0.3912102762279275,0.9203013200977539
0.313891802757259,0.11689253905914804,0.05086928498572868,0.0,0.0,-1.0583456260941484,0.17765591709086517,0.8147245926352645,-1.8000517808474028,-0.1313887239935307,0.9544569454514065,-1.9700828653115492,0.06474326164103468,1.3792495761926358,-1.8423963704934483,-0.3029584053617259,1.078153720268836,-1.8337922520362413,0.3074729969868294,-0.5742355487667595,1.1171718285633967,0.013465476070100877,-0.47522440151526385,0.014371372168310564,0.020508636613018237,-0.02055412634777335,0.313891802757259,0.11689253905914804,-1.0583456260941484,0.2878748115438681,0.21485498212566942,-0.18741704853064706,-0.24444547056094426,0.19954749989820214,0.17223886505463232,-0.22253937111317504,-0.30913266075176415,-0.15681016167681994,-0.22533989147065264,-0.23646150009015082,0.2143671385235384,-0.21693710555059292,0.1603626512384226,0.06209268575328819,0.3634055729825023,1.8250318926114302,0.7156983785904372,0.0,0.0,0.3814483972034306,0.9243901342349635
0.3117583071222311,0.12275132413983987,0.0598864844785274,0.0,0.0,-1.1000136322185627,0.16756687085860678,0.7965907936629204,-1.8013673241321857,-0.13543683478537066,0.9622858936826766,-1.958163185188404,0.06197524953705202,1.3834359352118692,-1.8114166845782462,-0.31801640693671346,1.0531869966250214,-1.8315054231251662,0.31309608656626453,-0.5598671349625183,1.1188214054474463,0.013908786563731061,-0.4837889815322477,0.0146793596639047,0.020463497480914857,-0.020532692912428714,0.3117583071222311,0.12275132413983987,-1.1000136322185627,0.2890210143791941,0.21981838427939593,-0.1848323371570348,-0.2451963871184049,0.19630321269012363,0.17343128158211932,-0.22417562663681095,-0.3160896143331771,-0.15632775024597906,-0.22792870501128978,-0.23037849171606856,0.21803173580724916,-0.21565195293659042,0.16194833608391773,0.0638465589378342,0.3612351519875558,1.8278478702100422,0.7217774040137342,0.0,0.0,0.3712569008137544,0.9285301899228512
0.309522079998866,0.1288067728036657,0.06665277402275044,0.0,0.0,-1.1166506977847557,0.15670370016820193,0.7793448682014763,-1.8027177948791246,-0.14046314251250924,0.9690797993770011,-1.9479267201744594,0.0584888203033749,1.384354630055336,-1.7802553105239693,-0.3321719705485377,1.0283860899508006,-1.8287275679982626,0.3204200115198123,-0.5452149593486241,1.1198389667731066,0.014265182922827073,-0.4926494309105549,0.015026811550622077,0.020417689677112952,-0.020516898097971883,0.309522079998866,0.1288067728036657,-1.1166506977847557,0.2902702709230092,0.2245337202559683,-0.1820452746114181,-0.2459545971711312,0.1934532724122829,0.17481103505103104,-0.22533534100529715,-0.32241283329662873,-0.15567767106387548,-0.230790671218483,-0.22437288149263146,0.22147761909969887,-0.2143923031507051,0.16347517727868466,0.0659681008416749,0.3592403146097005,1.8306793922988267,0.72785253650867,0.0,0.0,0.3608653150727855,0.932617941269317
0.3074217916750522,0.13498637216958653,0.07117682208235554,0.0,0.0,-1.1437893536496824,0.14458155864849695,0.7635429054498674,-1.8041250687092543,-0.14708030736073846,0.9741903990507126,-1.9404276944696903,0.05383401794824753,1.3799590710550547,-1.74879845418036,-0.3448598850518464,1.0038548540323975,-1.8251511491835117,0.3305100318975746,-0.5301012974232436,1.1198286712169647,0.014480229452601632,-0.5019910573028027,0.015438444999745112,0.02037079440196976,-0.02051027346169576,0.3074217916750522,0.13498637216958653,-1.1437893536496824,0.2916871253401041,0.228857069620795,-0.17894122500459014,-0.24680575736697,0.19130587905530047,0.17649072256917675,-0.22577346979942092,-0.3276050881197312,-0.15476471028298455,-0.2343120476960073,-0.21851586668689366,0.22460126012635787,-0.21331756123947326,0.1649251243138349,0.0686937591367417,0.3575437364573748,1.8335361946374178,0.7339213378727436,0.0,0.0,0.3501745244020922,0.9366844732671555
0.3051522379782165,0.14138725106534714,0.07137646540426174,0.0,0.0,-1.117042746778015,0.13265723502263452,0.750368355558469,-1.8068445697426796,-0.154888472949656,0.9739317369575684,-1.9393894213896532,0.046575310962418126,1.3690911296468518,-1.722061555546064,-0.35228198164930696,0.9863536435251056,-1.8236124928180988,0.3430855613774975,-0.5160300058241076,1.118457640019747,0.01448439490587379,-0.5110017066964735,0.015928094911102482,0.020325469211317025,-0.02051492075686558,0.3051522379782165,0.14138725106534714,-1.117042746778015,0.29311734380630344,0.23261329371764694,-0.17585778108141742,-0.24738494199988714,0.19124111690537898,0.1782775837776232,-0.22493071219268176,-0.33032716787996724,-0.1532209658908755,-0.23852229612936246,-0.2141665195360283,0.22640081763386777,-0.21259156499360776,0.16612642017475313,0.07191657634164011,0.3564440490700366,1.8364184498786926,0.7399946279250658,0.0,0.0,0.3396895106345513,0.9405376315516882
0.3029690046996366,0.14830873265019967,0.06568188277574355,0.0,0.0,-1.100861442029181,0.12097103732566461,0.7384843210904648,-1.810289391244833,-0.16325145236288077,0.9712325694899151,-1.9412657826279214,0.038174435469465695,1.3554017012222463,-1.697607167638266,-0.357247786417317,0.9723372531768222,-1.8230181961105418,0.3567624169115256,-0.5025194579592123,1.1164695348304052,0.014388120680590755,-0.5198196247220036,0.016455090036078396,0.020281215158040423,-0.020524428044714462,0.3029690046996366,0.14830873265019967,-1.100861442029181,0.2945421839562746,0.2360861675769963,-0.172822277239414,-0.2477630473870708,0.19212517607840993,0.18010164488277935,-0.22350268731008388,-0.3318866065079397,-0.15135133519333144,-0.2430212308014054,-0.21058213175814333,0.2275800917849096,-0.212032644546174,0.16716977870523383,0.07538092502952216,0.35561027563866676,1.839311634405301,0.7460711314701114,0.0,0.0,0.32931491046085487,0.9442201489844194
0.300958360091366,0.1550033077415089,0.05791406147181849,0.0,0.0,-0.9876919368018169,0.11256852294676675,0.731466290899195,-1.817836462878263,-0.17319570839978068,0.9626609827750015,-1.9497532532192183,0.02778226464915279,1.3371255876353174,-1.681153152997679,-0.3551545175365533,0.9719998949708847,-1.825027831471883,0.3725695453154335,-0.4919484956906404,1.1130226684304387,0.013966265965091972,-0.5274002999067298,0.01710640684737315,0.020246076657293513,-0.020540810893110644,0.300958360091366,0.1550033077415089,-0.9876919368018169,0.2957446191173332,0.23868550377557396,-0.17054295202911962,-0.24710793845121176,0.19521846417276745,0.18206031218078195,-0.22069260961505055,-0.3306531702672599,-0.14892209037194903,-0.24776421248380986,-0.21020887244702513,0.22702675906821534,-0.21211707807080307,0.16772962483990778,0.07917624246864093,0.3556794229588553,1.8422194140461772,0.7521768252436924,0.0,0.0,0.31997286087489013,0.9474267086711975
0.29861125763185065,0.16166506148729912,0.052085275260303765,0.0,0.0,-0.942738771678479,0.10678286694635006,0.7251641880720858,-1.8266834013450595,-0.1834390426699349,0.9556762837589937,-1.95851545035839,0.018071528049544847,1.3187975887782315,-1.6675946126477084,-0.3512068241476446,0.9761948342649972,-1.828334598587109,0.3884675474121006,-0.4832282615109137,1.1093191649191658,0.013464584713801799,-0.5341224038543605,0.017809707516929636,0.02021714370661917,-0.020562351211153254,0.29861125763185065,0.16166506148729912,-0.942738771678479,0.2968587464151473,0.24119522156672274,-0.16890237290892718,-0.24587326134281173,0.19792552799905647,0.18402594310258463,-0.2177409428685597,-0.32875569408716565,-0.14657372952105405,-0.2521998679858023,-0.2108367814336819,0.2259823072922755,-0.21226674511051732,0.1679910164561928,0.08292633382077032,0.3560812165079544,1.8451257855273206,0.758300554293852,0.0,0.0,0.31102688274680457,0.9504011143768748
0.2964627168691951,0.16863759163449293,0.04431745395637592,0.0,0.0,-0.8690501646135911,0.1052894125191066,0.7200363576412204,-1.837662396522668,-0.19417292853960552,0.9512944164184427,-1.9677282571792596,0.009478487790777704,1.300384487097081,-1.6587852629331448,-0.34421748209458175,0.9878237006755968,-1.8337689363039453,0.4045146015974181,-0.47754361308538035,1.105194722230618,0.012831971049308818,-0.5394362692649545,0.01859827271591007,0.020198389171407774,-0.020592350870943986,0.2964627168691951,0.16863759163449293,-0.8690501646135911,0.29782803012774534,0.24357015650629482,-0.1682895793815232,-0.24373315376469598,0.2000297745489776,0.186031786442091,-0.21460772087963595,-0.325817186430107,-0.14443226727200353,-0.25614892488072355,-0.21309340558216433,0.22413067956275304,-0.21250161470956228,0.16780733103157522,0.08656353005571557,0.3570531289107941,1.8480298473284793,0.7644538650145893,0.0,0.0,0.3027556749515622,0.9530682038997125
0.29413151843306096,0.17490220353969888,0.038501611337637964,0.0,0.0,-0.7846297963610525,0.10902684837436422,0.7138553768969502,-1.847898871136399,-0.2057490994114997,0.9560341380106712,-1.9746746926640086,0.005638188879507174,1.2838528647732284,-1.6518110549793796,-0.3352184057450643,1.0021072383253613,-1.840773309795902,0.41976524423807793,-0.47596419086823094,1.1013027304926746,0.012149835985977806,-0.5425431731228644,0.01948005274887408,0.020185231325180773,-0.02063539410636832,0.29413151843306096,0.17490220353969888,-0.7846297963610525,0.29863144457340235,0.24609736566334617,-0.16895188353021984,-0.24101263119844263,0.19969628206230422,0.1882572813137921,-0.21178295729861488,-0.32293883389647254,-0.14346296953888477,-0.2592031112852704,-0.21579314351360604,0.2217491398069896,-0.21276515201090435,0.16705379371759246,0.08979811955903838,0.35849604988909217,1.8509175816121008,0.7706529283896086,0.0,0.0,0.29526829821619427,0.9554143771518788
0.2897502814633594,0.1793272972871171,0.03711314101775137,0.0,0.0,-0.748053595096081,0.11501748209747462,0.7071755602955827,-1.8575624751930049,-0.2177307562401074,0.9651165690559582,-1.9804405343647187,0.004196058009535273,1.2681525398332354,-1.6455774252804434,-0.3254305457409768,1.0172436182888644,-1.8483961877914568,0.4345895097089488,-0.47627346017039685,1.0975633028608105,0.01145223316808166,-0.5445991857693747,0.020407939441681074,0.020175056666350707,-0.0206849030801095,0.2897502814633594,0.1793272972871171,-0.748053595096081,0.29936809458125085,0.24865229560679328,-0.1701381807246533,-0.23806474801967162,0.1982105106594733,0.19057112170436996,-0.20910458129636167,-0.3200823527723463,-0.143099484035422,-0.26182594455047037,-0.2185941383630785,0.2191615898809231,-0.21299830580454493,0.16601236468983707,0.09281755050649021,0.36013858272264526,1.8537963949717005,0.7768681123852723,0.0,0.0,0.2881130251308246,0.957596410159293
0.2839358381224549,0.18187800549866875,0.03981101505745044,0.0,0.0,-0.6972107107632829,0.12385649856430618,0.6989424042403705,-1.8613355820282145,-0.23109629171757057,0.9881335717554256,-1.9805414165155246,0.012950788547570721,1.2539288715387777,-1.6392610300905435,-0.3162157906291011,1.0275236595995143,-1.855621094313951,0.447173485568222,-0.48142803044846383,1.0950873646025476,0.010854795987073096,-0.5432799246448738,0.021515689223843462,0.02018034073542087,-0.02075988435535691,0.2839358381224549,0.18187800549866875,-0.6972107107632829,0.3001159702141124,0.25104177992511295,-0.17208966074072987,-0.23577444222033933,0.19280598135890128,0.19335995297286462,-0.20719007182645005,-0.3175897253615654,-0.14541740775178938,-0.2632432609305952,-0.22017952871784846,0.2167584934084824,-0.2132567006847192,0.16435419929272915,0.09502437316741888,0.36189451771696113,1.8566253850093253,0.7830304317176336,0.0,0.0,0.2814295576811529,0.959581890233132
0.27734966603678857,0.1830482356764814,0.046226969705177874,0.0,0.0,-0.7018283343639717,0.1319693399306669,0.6916318171872546,-1.8619569316506388,-0.24409468314395424,1.0136126440304958,-1.9782427761417172,0.025729583074839028,1.2384807410148484,-1.633464594299977,-0.30781702940853783,1.0351043996902611,-1.8611385363798874,0.45854896593552313,-0.4885542200734976,1.0932395635889127,0.010392593318381577,-0.5407876100104592,0.02269084981750116,0.020188847108959004,-0.02084121427749498,0.27734966603678857,0.1830482356764814,-0.7018283343639717,0.30096053518354887,0.2529168734850702,-0.17392600933461166,-0.2342031496343504,0.18652883756931282,0.19611518388242638,-0.2055631061742117,-0.3146316904182577,-0.14883374644156536,-0.2643115342590769,-0.2213095670946963,0.21463882839309126,-0.21366444370556192,0.16245015741800245,0.09681770457495957,0.3636828296569242,1.8594253911421847,0.7891250725548997,0.0,0.0,0.27468800890920475,0.9615334095919376
0.2694283770417066,0.18329497521765142,0.05477760703517936,0.0,0.0,-0.7094870312120116,0.13888090227443986,0.6858473948131389,-1.857364470139146,-0.2564857245709456,1.0431646079971229,-1.9719747128681497,0.04516520686089347,1.221007037334718,-1.6285283041114993,-0.30076813042307154,1.0382198063799968,-1.863831396286304,0.4679252862070612,-0.4989419714905891,1.0924308619533594,0.010154103061023106,-0.5363547653676227,0.023977525104643155,0.020202683996803198,-0.020933046482521322,0.2694283770417066,0.18329497521765142,-0.7094870312120116,0.3019650490023195,0.2539691333772085,-0.17561782063299897,-0.23386168930663745,0.17876342853189622,0.19884316838287613,-0.20442708087749129,-0.31091867112597565,-0.15406346841844332,-0.2647578479701505,-0.22170903235221728,0.21297878975988283,-0.21436145194880515,0.16017535806722888,0.09794257288002811,0.36551582396412197,1.8621774504964168,0.7951077558816624,0.0,0.0,0.26785914046984943,0.9634580846444506
0.26265838146319076,0.18431601607968726,0.06146401865407686,0.0,0.0,-0.718183561657348,0.14146153471217704,0.6844242907200868,-1.8470657146894016,-0.2654857454248345,1.065240562535249,-1.9605277553200724,0.0695482869811639,1.1981797553598885,-1.6262129336022413,-0.2948203899969276,1.0395764026504297,-1.8596152597321916,0.4751306477790841,-0.5114348834523786,1.0927542588458612,0.01029711038483163,-0.5301298371587809,0.0253815947485586,0.020222932368946765,-0.021029820840340108,0.26265838146319076,0.18431601607968726,-0.718183561657348,0.30315163946495605,0.2534448602875455,-0.17649207589500143,-0.23543185215601523,0.17201734005898844,0.20107472521115466,-0.20451112487588735,-0.3051905601790128,-0.16068196556534425,-0.26486312072166407,-0.2226710871109308,0.2118791592134,-0.215934888201915,0.15770540985360848,0.09844925685876248,0.36712140514049874,1.8648717890565212,0.8009673133492469,0.0,0.0,0.26093283487185825,0.9653569576512802
0.25491578473288035,0.18469425611878154,0.06974445870862321,0.0,0.0,-0.722269646997605,0.14200577773870227,0.6849749988804639,-1.8342346745328275,-0.2728010355136715,1.0834624005051758,-1.9465831294655818,0.09600982449662009,1.172860296299827,-1.625218509481503,-0.2893624548585373,1.0403896252123206,-1.8521523697731601,0.48133977728251054,-0.524877556098194,1.0935734521884184,0.010623637421164013,-0.5231161753718676,0.026837424491532026,0.020246146119181782,-0.021129008895233982,0.25491578473288035,0.18469425611878154,-0.722269646997605,0.3044236097484826,0.25218069840636537,-0.1769773445965132,-0.23785922064426152,0.16574973905055163,0.20305788234930233,-0.20513076602695296,-0.29845591490124923,-0.16792151717740258,-0.2645700961024407,-0.22397872845215172,0.21101864006662546,-0.21791080554693398,0.1551508954783378,0.09865913886781554,0.3686115173996474,1.8675388802702608,0.806769401623079,0.0,0.0,0.2539535484062797,0.9672164159338174
0.24739525756635417,0.18365837251618428,0.07515877503185413,0.0,0.0,-0.7340243209913289,0.1365768201649192,0.6897912099957464,-1.816965952515603,-0.27338441461324686,1.0836588740348816,-1.9240716099739088,0.12365400046109999,1.1407275795936602,-1.6298555135726926,-0.284786902368069,1.045232683420181,-1.8352023810148248,0.4851134382188318,-0.5403113812208167,1.0951229333877563,0.011570576112717338,-0.5148577094078068,0.028376900590956124,0.02027708082459867,-0.021237059729173773,0.24739525756635417,0.18365837251618428,-0.7340243209913289,0.305941417813301,0.24937572817970083,-0.17617442178607925,-0.2421317946978943,0.1625102589615284,0.20414205902509192,-0.2084791859782014,-0.2886897030995789,-0.17553081815281268,-0.263870967083138,-0.2277608262771086,0.21069729530542292,-0.2209753746838384,0.15248277694468865,0.09826073886110272,0.37004349834809325,1.8701239228248594,0.8124113306403157,0.0,0.0,0.2468471031812984,0.9690544399831216
0.2418189198392927,0.1814284671769706,0.07320646232424066,0.0,0.0,-0.7613957583194515,0.13043729402124904,0.6941837231413674,-1.7997662503845422,-0.27121792998738037,1.0785281698291123,-1.8989547505401658,0.14933584206021105,1.1083235257806696,-1.6358854279208639,-0.2804359458386899,1.0524645906228283,-1.8163972148815033,0.48801379396508515,-0.5561861994747926,1.096671932305281,0.012744569690906966,-0.506623243662314,0.029891881630576815,0.02030890055063467,-0.02135006316194239,0.2418189198392927,0.1814284671769706,-0.7613957583194515,0.30742996074975676,0.24659782645948172,-0.17514278168045075,-0.2464098852827153,0.16012316874449734,0.2047830754485448,-0.21275108389463543,-0.2785226288048656,-0.18260769480614608,-0.26275348493310285,-0.23251974206728593,0.21043058464380976,-0.2241051647799006,0.1498285145098489,0.09766545609656146,0.37152737889945153,1.8727141097187996,0.8179547803906292,0.0,0.0,0.23946160852241657,0.9709058337675477
0.23603713283391958,0.17478062683237347,0.06468484643846752,0.0,0.0,-0.8070905423617706,0.12311222031712538,0.6978693177493719,-1.7826817044271874,-0.2644634374345725,1.0645093402037256,-1.8694910137699203,0.17174362846148683,1.0754667597894487,-1.644239342269989,-0.27645971626043325,1.063682171014639,-1.7944967795449955,0.48945708436748153,-0.5727967923650373,1.098220126560101,0.014297392812575416,-0.4984288210622394,0.03136599390731693,0.020342196888612725,-0.021471329754254278,0.23603713283391958,0.17478062683237347,-0.8070905423617706,0.3088696763062706,0.24393286438880152,-0.1737532054161664,-0.2507303923109635,0.1592685889885905,0.2046465530325102,-0.2186309698505569,-0.26776367092304904,-0.18875251813364524,-0.2613199871478494,-0.23891066108808115,0.21026531545789803,-0.22731797144427313,0.14719543023339027,0.09676450148473416,0.37312101712739376,1.8753128796815872,0.8233339224870387,0.0,0.0,0.2316177200293836,0.9728068830802906
0.23131124989920876,0.16902257051267003,0.053950597961935354,0.0,0.0,-0.9017616888663571,0.11704473963114832,0.695329344688127,-1.7669482480448038,-0.25423527451662004,1.0495098541275825,-1.8392081160384897,0.18847896165859135,1.0467850542985495,-1.653818912804126,-0.2737784599885346,1.0760499452455676,-1.7733597682359141,0.4893895093566524,-0.5888074039696489,1.0996445564982982,0.016183780082008797,-0.4906360255554324,0.03268968727206802,0.020381021241729073,-0.021605213181688798,0.23131124989920876,0.16902257051267003,-0.9017616888663571,0.31001735460729546,0.2429956445049105,-0.1725578030171718,-0.2542893941905601,0.15854270669133352,0.2036823416367169,-0.22516364425585356,-0.25795976252868524,-0.19326991161974172,-0.2597639183657289,-0.24561252476038944,0.2102803975947788,-0.22998239157730296,0.1447797799340257,0.0956588855864065,0.37465040902914964,1.8779920686322906,0.8284505901571646,0.0,0.0,0.22283590278260035,0.9748559690698229
0.22625657754006773,0.1606209708860324,0.040609922367507156,0.0,0.0,-0.9462939547831616,0.11154343667798339,0.6898280565555286,-1.7518349060645477,-0.24249202607629458,1.034487839501638,-1.8088517504242763,0.20257006614254036,1.0202301029975607,-1.6638811689156747,-0.2717573510912748,1.0886933860870505,-1.7527660108529612,0.4886452300617329,-0.604480115266946,1.1010313549867041,0.0182159963207175,-0.48305487733047775,0.033936392641268055,0.020422372143142496,-0.021744928143631947,0.22625657754006773,0.1606209708860324,-0.9462939547831616,0.311027700224748,0.24289190361496032,-0.17143879154195793,-0.2574950156555189,0.15781800267659246,0.20223825947687263,-0.23188899846696417,-0.24869892382625816,-0.19698662241491677,-0.258015943088794,-0.25241953688548313,0.21035889778157532,-0.23226396014266204,0.14246439646167636,0.0944664732404373,0.3761137073046469,1.8807090721451318,0.8334432619695478,0.0,0.0,0.2136009222877333,0.9769210029464152
0.22102442164735886,0.15206386494454796,0.026855614179602246,0.0,0.0,-1.0747813536492403,0.10714479437312839,0.6750716647276516,-1.7381898623246417,-0.2288714968420282,1.028640321097695,-1.7848501636718335,0.20952131821272446,1.003254160858118,-1.673362804146913,-0.2727191991244371,1.0965456065650168,-1.7376209617807319,0.48666001089776945,-0.6180033282591743,1.1027428482014399,0.020436641428834484,-0.4765642977749501,0.034829234977503495,0.02046947520620261,-0.021899330205857177,0.22102442164735886,0.15206386494454796,-1.0747813536492403,0.31164175150199575,0.24544816666680602,-0.17049494904427703,-0.2598085102846572,0.1556437502804978,0.19990973831612663,-0.23761289802249064,-0.24228622872295882,-0.19870704933794325,-0.2566370104881027,-0.2571089163876969,0.2109735794247279,-0.23350550128059172,0.14053773104755002,0.0932304046065274,0.3771680076712723,1.8835351308091328,0.8380662169164189,0.0,0.0,0.2030888200436574,0.9791603194437951
0.216295876697855,0.14672165774980278,0.016535034116645086,0.0,0.0,-1.1246448800438318,0.10275590269324872,0.6583972613398846,-1.724461510204352,-0.2152441051931909,1.0270436354554617,-1.76503099873662,0.21403667294921783,0.9900137574340289,-1.6823327297774644,-0.27479664924053043,1.101906970429879,-1.7246429433043187,0.4843400324909733,-0.6301934872395717,1.104434620302457,0.022647982718458824,-0.4707192715543967,0.0355254041765315,0.020517266592763077,-0.022057711052744147,0.216295876697855,0.14672165774980278,-1.1246448800438318,0.3121019247919321,0.24854858843558625,-0.16952278115191416,-0.26199194016621996,0.1529471080567249,0.19727734720015003,-0.2425162454765647,-0.23705167190237708,-0.19974182148059516,-0.25538365723199274,-0.2608013146485999,0.2118003371938408,-0.23437644329717655,0.1388275322210226,0.09204439517914303,0.3780382282451962,1.8864016444064104,0.842540237479485,0.0,0.0,0.19206389963538964,0.9813824221254663
0.21305301524289483,0.1377970381242829,0.006524670439270186,0.0,0.0,-1.208643339473758,0.09838341932313976,0.6384952363486487,-1.7105929670998692,-0.20160516550263052,1.0326002329014812,-1.7522499952465305,0.21445291012955398,0.983059502493304,-1.6904415526928804,-0.27875142974349143,1.103076731499571,-1.715311594593984,0.4814567226701633,-0.6401403886624247,1.1060932057981308,0.02484366758233996,-0.46596057970936516,0.03589061266617274,0.0205662162871494,-0.022222787381346826,0.21305301524289483,0.1377970381242829,-1.208643339473758,0.31230315286666155,0.25255585591881957,-0.16851742147526066,-0.26395961962808057,0.1493995688169752,0.19426800867947228,-0.24607783270245642,-0.23376100237200573,-0.19967616488654694,-0.2545304019119813,-0.2627496239510685,0.21301639747781717,-0.23473571766866844,0.1374868851920675,0.09094282954204569,0.3786309167044478,1.8893362353914056,0.8467636319020617,0.0,0.0,0.18018845731621724,0.983632105947138
0.21147206415728692,0.13168850554587652,0.0015221106318324962,0.0,0.0,-1.2111459069905464,0.09377005667640634,0.6188315405295454,-1.6964159653737,-0.1887380406260496,1.0445615328275233,-1.7481059844677265,0.21198344402588348,0.9802754154572121,-1.6985991963973408,-0.28404446977835407,1.102739806358631,-1.7079804356281576,0.47849763471346646,-0.6476043898325697,1.1075709828963647,0.026868871341531007,-0.4628807203127789,0.035830685009176924,0.020617990324703545,-0.0223827942346151,0.21147206415728692,0.13168850554587652,-1.2111459069905464,0.3123629116095029,0.2565091983236087,-0.16743325010751245,-0.2659537453622191,0.14548779328265174,0.19109338722814068,-0.24797885052290997,-0.23165411274185407,-0.19883367591478476,-0.2539160132279733,-0.2639474190892041,0.21450999482964334,-0.23471928751338697,0.13652085409026182,0.09001513971319237,0.37905391821248785,1.892416532223041,0.8507151076426871,0.0,0.0,0.16826202114868113,0.985742305188816
0.21286355488011008,0.12253797380449644,0.0003382599411114184,0.0,0.0,-1.2074092493801154,0.08899201801082562,0.599451992947322,-1.6821341036030881,-0.17621578313768507,1.0593100240310793,-1.7479515772026317,0.20823636240899002,0.9793015521449538,-1.7067548997986774,-0.2898758833941358,1.1019089681884418,-1.7014847955165002,0.4755424373568251,-0.6538775381273948,1.1089556520948043,0.02880843945044591,-0.4605956687950171,0.03557192065412754,0.020671503199712157,-0.022540587108009134,0.21286355488011008,0.12253797380449644,-1.2074092493801154,0.31236403729193485,0.260415188435965,-0.16628634970247,-0.26793182268275517,0.14147508888547608,0.1878514663197659,-0.24906569092120578,-0.23006820744944434,-0.19765365097364535,-0.25340829971669365,-0.2648681406639804,0.2161137636271871,-0.23453310505519015,0.13573034331326286,0.0891793000884674,0.37939566710886974,1.8955687603984888,0.8545389329441464,0.0,0.0,0.1563478120029296,0.9877020611914792
0.21556691417503412,0.11262226726092117,0.0007289139410629474,0.0,0.0,-1.0856152519350164,0.08259507707463433,0.5847364973563414,-1.6684574582255802,-0.1642631339983871,1.0769006251715698,-1.757464814071472,0.2026575383586952,0.9800633875509868,-1.7143465140118048,-0.29518935557168263,1.1044962271474874,-1.6949945198228726,0.47348500630603385,-0.6562611738649698,1.109895693568083,0.030383197044452227,-0.460677890250316,0.034775201455116846,0.020739147103785608,-0.022695932035835892,0.21556691417503412,0.11262226726092117,-1.0856152519350164,0.31237644200714737,0.26312151158816194,-0.16469823755613838,-0.27024207976118725,0.13832694405259674,0.1845034167225201,-0.24855931973197135,-0.22906632849798353,-0.19601706508011202,-0.25317440454779105,-0.2667279053423389,0.21752536431031072,-0.23418045338947588,0.1354523517623928,0.08877154574576038,0.3795170033763352,1.899000969930337,0.8580067121925262,0.0,0.0,0.14561595424390175,0.9893411918391136
0.21684415530014084,0.10644695571718611,0.0010220513034314704,0.0,0.0,-1.0386517048892443,0.076645716290491,0.5715212245256852,-1.6553007981811576,-0.15249016832631912,1.0940442939217279,-1.7692785559651947,0.19697066897956209,0.980610066666626,-1.7214051015101948,-0.2992832730166041,1.1100390024769768,-1.688166705604929,0.472078053925473,-0.6575561723170372,1.110483140613024,0.03180785201346648,-0.46168245149489784,0.03381272566576413,0.02081315555663493,-0.022849597090568684,0.21684415530014084,0.10644695571718611,-1.0386517048892443,0.31239319384957737,0.2654848428060338,-0.16320532709405083,-0.272463222751353,0.13573257116577211,0.18118391136051565,-0.24766988429163056,-0.22809581949991684,-0.19437530619290064,-0.25302048483444894,-0.269467174964872,0.21859374451860336,-0.23383840127361843,0.13529335482049432,0.08855054397367895,0.37969679577596005,1.9025277824929128,0.8613372123442018,0.0,0.0,0.13533229037046607,0.9908002680576362
0.2193901041778515,0.096727305803265,0.0014130196247533202,0.0,0.0,-0.9589992898339432,0.071456032088743,0.5608522757314722,-1.6430267078372154,-0.14102217891755056,1.110429385533699,-1.784996938820068,0.19110041455580662,0.9807915615920837,-1.7275589842062729,-0.30130724350993443,1.1205981677541361,-1.680765988161931,0.47177515723384345,-0.6570034296466755,1.1104721300877058,0.032977738202764395,-0.46425249757101894,0.032568911663614836,0.020897966540920042,-0.02300041090123928,0.2193901041778515,0.096727305803265,-0.9589992898339432,0.31241732405928463,0.2672396219582404,-0.16189824931836316,-0.27458084400756794,0.1340447791670676,0.17790950116229887,-0.2462020141528292,-0.22717307505815354,-0.19271944245426062,-0.2530156409037478,-0.27369825764436234,0.2190700892075824,-0.23350060028805647,0.13533700045250754,0.08864459179623274,0.3799775318639945,1.906215164523858,0.8644347090560656,0.0,0.0,0.1258242995754419,0.9920525417720322
0.22107440051677754,0.09000330744309895,0.0016714159685835006,0.0,0.0,-0.8699098295739548,0.06819319131318492,0.5533535974100235,-1.6318662203848369,-0.13072551751975023,1.1249939277768128,-1.8024140652269116,0.1863033601548525,0.9799537751823665,-1.7318906076252458,-0.2998464964330198,1.1363063696771851,-1.673273136839271,0.47307283524423827,-0.6554124960675837,1.110007843002677,0.033845709287561435,-0.4685602504760024,0.031131700437981715,0.021001606946811073,-0.02314987941645085,0.22107440051677754,0.09000330744309895,-0.8699098295739548,0.3124497146345675,0.2682214789941402,-0.1611059142371231,-0.2764814211042148,0.13316435981443736,0.17495496299988614,-0.24440410463135437,-0.2262605517171824,-0.19139397065050248,-0.25313022072391067,-0.27937128792362886,0.21858513796407028,-0.23328769503193508,0.13541505036516968,0.0890662369563602,0.380485060772706,1.910059606656432,0.8672746131196617,0.0,0.0,0.11718957607635838,0.9931095625655023
0.22357041020892937,0.08173515479281798,0.0007830049770951586,0.0,0.0,-0.8288068309008649,0.06582517398951147,0.5474331500725104,-1.6211547261247277,-0.12098233636397074,1.1385548739479132,-1.8205236689402493,0.18203672326098286,0.9786636873793145,-1.7353503454763155,-0.29669951962737007,1.1543393711057974,-1.6657393918587617,0.47514538653194865,-0.6533687696433986,1.1093561394283404,0.03457234107638491,-0.47366923308716313,0.029608163508013596,0.021114279695141763,-0.023298829686469746,0.22357041020892937,0.08173515479281798,-0.8288068309008649,0.31248418069802797,0.2688033872823273,-0.16055304438646106,-0.2783018375660668,0.1326958734599255,0.1721794452097546,-0.24245110555773158,-0.22536354727332872,-0.19022976719720586,-0.2532959094498888,-0.2856966593914224,0.217611198997474,-0.23304654083961263,0.13549820789388584,0.08964283896101002,0.3810937276303139,1.9139772705160651,0.8699942853015201,0.0,0.0,0.10895459111671167,0.9940467278124254
0.22639133563699587,0.07362012910623564,-0.000984780490398407,0.0,0.0,-0.7337812384277111,0.06565813931564873,0.5479655518698004,-1.6098938186008203,-0.11283145091818836,1.1458105241449976,-1.8379972296265445,0.1798517506462165,0.9767718431898036,-1.7360436510867796,-0.2877567566644692,1.1764794641102723,-1.6581509950069284,0.4798898147419092,-0.6509232175751376,1.108803539751814,0.03492389812331215,-0.48060926014127603,0.02795691314923515,0.021256156391105965,-0.023449089396028557,0.22639133563699587,0.07362012910623564,-0.7337812384277111,0.3124810348336513,0.26747506521869435,-0.16064633724518004,-0.28044673798217934,0.1337491158134379,0.16988718620632426,-0.24071474867880532,-0.22473488329797361,-0.18966871062604745,-0.25356936865190766,-0.29315202967697096,0.21513167100478864,-0.2332543301627598,0.13539826030145105,0.09065545723338056,0.3818671496593768,1.9180819085584235,0.8724035169356144,0.0,0.0,0.10165752943958378,0.994819454327387
0.22824628438575006,0.06915286359865186,-0.003228889993175943,0.0,0.0,-0.7077636027933714,0.06605979370383099,0.5509701600441557,-1.598784106282089,-0.10504957173879417,1.1493940949440005,-1.8545528363723003,0.17857744573400566,0.9749670120385979,-1.7360513451007697,-0.27678665318168305,1.1994244903326006,-1.651016341952178,0.4858364623326512,-0.6488357358253921,1.1084271806936998,0.03515535664673035,-0.48805978521704574,0.026315854790692345,0.021406413002226194,-0.023597673369714828,0.22824628438575006,0.06915286359865186,-0.7077636027933714,0.31244478947841203,0.26542159335393545,-0.16090861051121047,-0.2826627896600856,0.13556797304913737,0.16775301366669657,-0.23922787791004843,-0.22423714443490925,-0.1893552370992786,-0.2538057158171893,-0.3007265296513255,0.2120968761625011,-0.23345021199398303,0.1351208785260283,0.09182213120567811,0.38272170380846016,1.9222501355868113,0.8747098382848957,0.0,0.0,0.0946140132346182,0.9955140322967022
0.23109333952873826,0.06212837424816349,-0.0062195369257375685,0.0,0.0,-0.6632413656871708,0.0674350190406234,0.5582070780488154,-1.5879332335809113,-0.0978994152437043,1.1466912254691126,-1.8695369458828965,0.17886216433432237,0.973311143425795,-1.7348853018707955,-0.26234583087408914,1.2237475272268032,-1.6446584785500404,0.4938412572328853,-0.6473612548926704,1.1083525379116719,0.03518121171957598,-0.496384260710328,0.024692244693422134,0.02157101566374945,-0.023743388556445432,0.23109333952873826,0.06212837424816349,-0.6632413656871708,0.31235187923392427,0.262125623652865,-0.1614650174857756,-0.2849895888728901,0.138674445380705,0.16585220530580186,-0.23818261157899545,-0.22396276480974747,-0.18946672216922014,-0.253982005984083,-0.30849638843565785,0.20815237142133902,-0.2337461177804578,0.1345399838831818,0.09324807473902476,0.38371640540210356,1.9265272241945446,0.8768399817009382,0.0,0.0,0.08800927136462079,0.9961196555403716
0.23316528217086885,0.05728694108723906,-0.008540083833326328,0.0,0.0,-0.6137560507991371,0.06873369637805099,0.5697493391254763,-1.57882079625359,-0.09134322583961993,1.1347496145619809,-1.882517938143931,0.18042175518348796,0.9731864479298774,-1.733861729502678,-0.24563144240528478,1.2479938374688975,-1.639703208437333,0.5043011921672859,-0.6461776833121594,1.1083226774174433,0.03502196844559738,-0.5053285922711851,0.023212117823557317,0.021748671729045977,-0.023886399661513177,0.23316528217086885,0.05728694108723906,-0.6137560507991371,0.31219600800138253,0.2577079472871784,-0.16200065243429262,-0.2872458759957155,0.1437052120884548,0.16417752194166635,-0.2377529802735415,-0.22408769082671234,-0.18989005974639322,-0.2539089622612675,-0.3159303220263857,0.20362172884330648,-0.23401663348606905,0.133667239000593,0.09502357344453763,0.38484280307230667,1.9309149395961025,0.8787772303017285,0.0,0.0,0.08189386905075122,0.9966410558530581
0.23587969922390675,0.05061793894703439,-0.01145383128179911,0.0,0.0,-0.5902923427848985,0.07002509147143697,0.5832247572162969,-1.5705851236215007,-0.08503943452468318,1.1185194904414522,-1.8945755643340252,0.18253303672043739,0.9738744551745742,-1.7329646429190269,-0.22791717298185693,1.2722328404107905,-1.6354315266586268,0.5159157902145607,-0.6451702178097688,1.108315500932244,0.034776750849022625,-0.5145483905306224,0.021804062013800956,0.02193237592627365,-0.024027802361300782,0.23587969922390675,0.05061793894703439,-0.5902923427848985,0.3120102758805912,0.2527595930094875,-0.16253234378754916,-0.28938961288774445,0.1495889897841663,0.1625917941815968,-0.2374969945606733,-0.22441703940019767,-0.1904456161542869,-0.2537129426151755,-0.3231747430250837,0.19883489693729106,-0.2341031400139569,0.1326308711955461,0.09694847706273507,0.38603511699856596,1.935354680396043,0.8806231767655565,0.0,0.0,0.07600934642490641,0.9971071052078901
0.24084119762576897,0.04376350347677245,-0.01509660460914386,0.0,0.0,-0.5221544778323658,0.0720339671780283,0.5995442861547833,-1.5662249555954568,-0.0787225388563598,1.0922113416286623,-1.9046311768201678,0.18489834243574962,0.9791233298870232,-1.7339341411223779,-0.20929585440227672,1.2971907699337366,-1.6336119301044025,0.5306343244245415,-0.6456445283614672,1.1084109493173087,0.034328092050810284,-0.5240966608891118,0.020707554004799893,0.02213000457805509,-0.024156240988164563,0.24084119762576897,0.04376350347677245,-0.5221544778323658,0.31173785475011057,0.2473752227195787,-0.16323506781179348,-0.29084125568470043,0.15758370449515566,0.1610525668596141,-0.23776064718716478,-0.22571152457753396,-0.19098895414140735,-0.25307038334611015,-0.33005126380817423,0.193785501982334,-0.23377332621232,0.1310425509897477,0.09919827032656545,0.3875195850519225,1.939934200965441,0.8822087281598494,0.0,0.0,0.07080187083966782,0.9974903984929394
0.24854367454141216,0.039718188515278086,-0.019120093649968584,0.0,0.0,-0.48958860969071566,0.07470479761608483,0.6157017473417964,-1.5638199576105063,-0.07264594088057826,1.0642409561058679,-1.9143071191815222,0.1868865246741243,0.9870187780604901,-1.7357022051627817,-0.1910480474515906,1.3226441322610905,-1.633361304608675,0.546383526677694,-0.6466852369933173,1.1084246689883563,0.03383251937786839,-0.5335753949788892,0.0197470880386671,0.02232578019119009,-0.02427890131366438,0.24854367454141216,0.039718188515278086,-0.48958860969071566,0.31140641169622546,0.24224339961291055,-0.16410449234908892,-0.29177174574070697,0.16586050488330495,0.15956042387457775,-0.23783040286248353,-0.22760575315768689,-0.19139572286713247,-0.2522744220583408,-0.3366566472817685,0.18882202594527953,-0.23294041930166548,0.1292289765958845,0.1015231491390374,0.38912766579397096,1.944644482233203,0.883716903411998,0.0,0.0,0.06591742291097734,0.9978250815432409
0.2629649304513331,0.03393602116629263,-0.025726866442710158,0.0,0.0,-0.43336051515340945,0.07851867556858495,0.6315793538322805,-1.564791100242963,-0.06698428318262713,1.033400260198577,-1.9233274563000746,0.1882234991599733,0.9994842656529858,-1.7388492134901192,-0.17344521140106717,1.3489529960430566,-1.6358199406128662,0.5639124617267102,-0.6487039882116592,1.1082972614811017,0.033255936954027225,-0.5429340555117674,0.019021536201202862,0.0225183560217444,-0.02439158380730077,0.2629649304513331,0.03393602116629263,-0.43336051515340945,0.3109730510041118,0.23760313368029784,-0.1652613380637223,-0.2918920368273786,0.17467109544671017,0.15816233717125525,-0.2377248354200872,-0.2305283297398704,-0.19156560474071274,-0.2512023010840248,-0.342830339562288,0.18400949932275543,-0.23146966285735804,0.12704991350587133,0.10398770081479285,0.3909492376485538,1.9495805579309278,0.8850914674023022,0.0,0.0,0.06159262402536078,0.9981013719385774
0.2768933847865612,0.03013703595850976,-0.03171624579968446,0.0,0.0,-0.35849131529736267,0.08403324687745967,0.645272023044526,-1.5690701642575169,-0.062413575226226294,1.0021370732440413,-1.9334996053232592,0.18847982490506884,1.018035194478355,-1.7436296305117696,-0.15725751283865208,1.374809115838545,-1.6421970073133703,0.5825507795581442,-0.6517672909137147,1.1082957162020297,0.032616365597977405,-0.5518124193812788,0.018599177883096195,0.022704577328673054,-0.024492424525445897,0.2768933847865612,0.03013703595850976,-0.35849131529736267,0.31037733703851705,0.23404488133580262,-0.1668571141046383,-0.2910893950229218,0.18364605538741258,0.1569963938595889,-0.2369812625833948,-0.23483324266814035,-0.19136720130406087,-0.2497874065670911,-0.34797385523157015,0.1795728606522427,-0.229428343233268,0.12455182142305866,0.10645768836353411,0.39284784286598157,1.9549163724653993,0.886357320830799,0.0,0.0,0.058014121505870805,0.998315762525015
0.2944709927812772,0.025119511206975986,-0.03926359797612883,0.0,0.0,-0.32288177298477144,0.09035803879109694,0.657891607055297,-1.5748884998835049,-0.0583837678512702,0.9707506608504523,-1.9442682128686168,0.18818085268139845,1.0394690151397992,-1.749201144163425,-0.14176021215434287,1.400348952183356,-1.6504842799443462,0.6016542407182542,-0.6553431210609582,1.108362608231031,0.031949135976342066,-0.5604436993598937,0.018320990296510548,0.02288769887617001,-0.02458780706645204,0.2944709927812772,0.025119511206975986,-0.32288177298477144,0.30970440117212444,0.23101962438593707,-0.16865197201500565,-0.28983889989922074,0.19260733077454578,0.15594182770069281,-0.23573629504032162,-0.23975457526608865,-0.1909720746916873,-0.24814802114215578,-0.3525261991305014,0.17537393468254436,-0.22706570143638602,0.12187663385257402,0.10887329868208542,0.39477721532668236,1.9604421051648946,0.8875717681187849,0.0,0.0,0.05479043946479117,0.9984978756828955
0.3125283625152687,0.019740967167129732,-0.04699704273102289,0.0,0.0,-0.21926768339634362,0.09907559986906767,0.6664660536469168,-1.5842547390896533,-0.05652779277163359,0.9411260202670353,-1.9580981476375678,0.1851397759746763,1.068974148625362,-1.7574611115627556,-0.12874349673242924,1.422215140496307,-1.665595939956031,0.6204054513229758,-0.6608382669062564,1.1088624431823308,0.031264226785144615,-0.5678477771580213,0.018461151066451107,0.023059693648694785,-0.02467206283248602,0.3125283625152687,0.019740967167129732,-0.21926768339634362,0.3088067931194719,0.22968304362870287,-0.17104976540184053,-0.2875133335585667,0.201357529519711,0.15535934233338874,-0.2333805838232668,-0.24634940545292341,-0.18974095244950842,-0.24604560686007643,-0.35466440728936516,0.1718605230653813,-0.22449923326209728,0.11891538843187478,0.11095876427400814,0.3967228574001587,1.9665145528717678,0.8886448653558124,0.0,0.0,0.05260092459225545,0.9986156131024788
0.3260420315266369,0.01620164976469092,-0.052800358165629176,0.0,0.0,-0.1802247331096646,0.10818426427431342,0.6734685767441986,-1.5945759192109101,-0.05514593888074163,0.9121390804648417,-1.9729953370988358,0.1806824197992687,1.1011653728783106,-1.7664532698690885,-0.11712009017355798,1.441225189715623,-1.6827138885855661,0.6383822392672289,-0.666534714400768,1.1096785143017769,0.030590338399633807,-0.5745712574571368,0.018740511848591233,0.02322295546764507,-0.024748941243160513,0.3260420315266369,0.01620164976469092,-0.1802247331096646,0.30782451946288353,0.22894774348886857,-0.17350315860850415,-0.2848913046211571,0.2098810125315668,0.1548673010634324,-0.23046133731950103,-0.2534312654266531,-0.18810291147703836,-0.24372606057477145,-0.3556178642477734,0.168784967411464,-0.222051079260116,0.11597440659949837,0.11282555987357551,0.3984854765092116,1.9727911055088039,0.8896703589707612,0.0,0.0,0.05080108684226899,0.9987087911777108
0.34366148303776384,0.010713565518482644,-0.05748956285130668,0.0,0.0,-0.11222157084811414,0.11797413612321839,0.6777331891398015,-1.6065603755414481,-0.054589889477938434,0.8842628612541247,-1.9897514262165008,0.173758247186645,1.1380351178634611,-1.7767207277222317,-0.1079234908102084,1.4552605351289871,-1.7033263069505866,0.6550101701600041,-0.6725817807018755,1.1110453923734334,0.02993564559325865,-0.5801093014530262,0.019262325399232866,0.02337100659273206,-0.024812970084335223,0.34366148303776384,0.010713565518482644,-0.11222157084811414,0.30669477879284673,0.22924090373874353,-0.17606575065328892,-0.28177541508938386,0.21811277880144933,0.15453660827990523,-0.22681525158654495,-0.2613915892218759,-0.18577722834799482,-0.24108474800285942,-0.35462097948741095,0.16638291951502754,-0.21989162510732072,0.11311371083735147,0.11438601858326244,0.3999348909481057,1.979423159590134,0.8906129385846165,0.0,0.0,0.04968028815996706,0.9987651720841805
0.35695494477634593,0.006335488385846182,-0.058839114633603425,0.0,0.0,-0.06531466228131667,0.1274434884007159,0.6794845037735425,-1.6206842924539857,-0.054101707915274,0.8592406439666569,-2.0055769985684977,0.1638688750994895,1.1771388111206196,-1.7872701527980657,-0.10108028001223629,1.46131777877991,-1.7253551930189128,0.6689067586110187,-0.6786285478335159,1.1131623381605515,0.029348001806423652,-0.5842257420030923,0.02003181698875357,0.02350590906392496,-0.024863099231599614,0.35695494477634593,0.006335488385846182,-0.06531466228131667,0.30552493694883126,0.23053531911706213,-0.17843073655304073,-0.2782149924940272,0.22536009964722137,0.1542237136077579,-0.22313504312527926,-0.2697035738937217,-0.18271442318430603,-0.2383871005403494,-0.35146672675889756,0.16466216930418454,-0.21860492455955205,0.11055978707803393,0.11550373526151796,0.4009021195447334,1.9864271810421577,0.8914609557160964,0.0,0.0,0.04902793746401759,0.9987974075597236
0.37316771818158173,0.00034143088605127075,-0.056347215118314475,0.0,0.0,-0.0441355267788068,0.13670474344577868,0.6800664475617502,-1.6357877584030982,-0.05363392001555236,0.8356280659253795,-2.0208862346525365,0.15258971265015814,1.217154175759505,-1.797890157797015,-0.09537205533482725,1.4635126006144752,-1.747983511680592,0.6814791247821764,-0.6846795437427663,1.115621647869165,0.028794085857673367,-0.5876700673252343,0.02091631231507134,0.02363423076279174,-0.02490654245439845,0.37316771818158173,0.00034143088605127075,-0.0441355267788068,0.3043412142075026,0.23226556617997074,-0.18065085734531192,-0.2744310926453186,0.23202695772844623,0.1539146138169143,-0.219372304790029,-0.27803097258128484,-0.17933731307001652,-0.23548851297225915,-0.34731662356923515,0.16325964732334547,-0.21767901244407026,0.1081581543624331,0.11639256730972329,0.40164235737671816,1.9936078958786445,0.8922635172851956,0.0,0.0,0.048587108191552195,0.9988189490180802
0.3895653950994398,-0.005984707911829154,-0.05244646812431058,0.0,0.0,-0.017487456087260624,0.14373891406620884,0.6781047866321528,-1.6525439190176807,-0.05287396587216515,0.8175416336609778,-2.0325629682495037,0.1379817126748662,1.2553091493363542,-1.8068397844640103,-0.09333680620273731,1.4527794833366694,-1.7701218887590433,0.6895641392240153,-0.6908711768113647,1.1186263773303764,0.0283897171656673,-0.5893310122191905,0.022043912546135993,0.023734304104716726,-0.024928859546959687,0.3895653950994398,-0.005984707911829154,-0.017487456087260624,0.3032710483440987,0.23489138736168758,-0.18214907095033536,-0.27051773488125797,0.2369882717643238,0.15358650114370645,-0.21640476471081294,-0.2859807085698775,-0.17527960436708148,-0.23305680955121683,-0.340353417613186,0.16284054617638916,-0.21817441350574754,0.10627846031425225,0.11664466505485468,0.40194487836035525,2.001282089031659,0.8929233265897402,0.0,0.0,0.04841243942352751,0.998827430394792
0.4018733750153009,-0.010642564225046915,-0.04951911620222766,0.0,0.0,-0.007521914961177043,0.14966205683035333,0.6748070058484492,-1.6690096734808035,-0.05182777929048131,0.801736528698642,-2.0420834659956966,0.12295705942401287,1.2910902510182205,-1.8140755272828615,-0.0926790023580766,1.4376589976824254,-1.7906574562478519,0.6958748830768924,-0.6970043681705225,1.1217657548303785,0.02804348384065984,-0.5903668110617079,0.02322583588270036,0.02382375352317467,-0.024943054512662526,0.4018733750153009,-0.010642564225046915,-0.007521914961177043,0.3022433554825302,0.2378017532650936,-0.18329504814324454,-0.2666990448522511,0.24117273000946027,0.15322403959168845,-0.2138948910389481,-0.29346795319635394,-0.1712456122286487,-0.23077377270926547,-0.3327548420797916,0.16276776658498507,-0.21901222033644668,0.10462815657387775,0.1166568409595657,0.4020895299309405,2.009140619291709,0.8935322668403387,0.0,0.0,0.04833730833664745,0.9988310691116732
0.4182802124743073,-0.016867584466486445,-0.04561824652438152,0.0,0.0,0.0099866048467152,0.1536332280016862,0.6691617879730005,-1.6849652116115275,-0.05027870919841988,0.7899395015377266,-2.047815659871468,0.10720038550117858,1.3227006827409447,-1.8183001371530385,-0.09444124051011524,1.4148303178640516,-1.808377037827785,0.6990684001491619,-0.7030348829351938,1.1251416962880354,0.027799388895241115,-0.5903042870072218,0.02450319981345762,0.023894537705928087,-0.02494297966432686,0.4182802124743073,-0.016867584466486445,0.0099866048467152,0.3012902836960096,0.2412456898522702,-0.18387682052018292,-0.2630781949250382,0.24414458707442863,0.15280533479490135,-0.21232631742045005,-0.30034361177841246,-0.167197789729125,-0.22902834241919215,-0.3239833568579598,0.1633174217786944,-0.22053713039380246,0.10337709604808627,0.11627649949096369,0.40196343075102153,2.0173230125353885,0.8940518349409103,0.0,0.0,0.04843705740756636,0.9988262368749112
0.4307004761488448,-0.021721539224677348,-0.042479252442717545,0.0,0.0,0.0290915201130043,0.15583175542549446,0.6631722211694487,-1.6980988386158762,-0.049665303282941185,0.7832314652892259,-2.047491966245266,0.09232048132421,1.346714307768987,-1.8178181643955982,-0.09743290339918954,1.3853090083083277,-1.82041013885576,0.6989997505711821,-0.7090396684809374,1.128501976481997,0.027684699025345393,-0.5893017888212433,0.025809655163007303,0.023944361742066506,-0.024933535247468032,0.4307004761488448,-0.021721539224677348,0.0290915201130043,0.3004186256215549,0.2443945077074173,-0.184039873351209,-0.26013400011283594,0.2455803540182777,0.15266118470733583,-0.2121120863837162,-0.30618247012679506,-0.16353772744158102,-0.22821845369950353,-0.31478000818479374,0.16424025067868014,-0.22288334500331972,0.10252478055608269,0.11549362350924895,0.4016922025873436,2.0258586045641165,0.8944796479235475,0.0,0.0,0.04872762909350659,0.998812103532454
0.43848420322028003,-0.026694499223905738,-0.03402823170360336,0.0,0.0,0.037955936234312086,0.1572250609930891,0.6571529785600994,-1.709851809705679,-0.04950396558986254,0.7790319395179929,-2.044269779553781,0.07791090400244814,1.3670116330568602,-1.8150430146891343,-0.10103638540022043,1.3526518376400858,-1.8295892935532792,0.6973891706707389,-0.7150354633251058,1.131849226183616,0.027630444629511863,-0.587853294868882,0.0271273920975195,0.023984336603182152,-0.024919459806719366,0.43848420322028003,-0.026694499223905738,0.037955936234312086,0.2995911135983009,0.2473417493802735,-0.18401579201525947,-0.2575048118638728,0.2462801373898914,0.1526483332188487,-0.21256057296415598,-0.3115252265395362,-0.1600747818143301,-0.22780124116117353,-0.30534896050057186,0.165341768081462,-0.2254081342330781,0.10185928092481791,0.11452596361216981,0.40135105098871876,2.0345537943335676,0.8948640660024606,0.0,0.0,0.049106734068643354,0.9987935365575368
0.44086230766737855,-0.03111888343146741,-0.022283264507468037,0.0,0.0,0.055128141529315736,0.15762299496250656,0.6553311656014278,-1.7165973293953214,-0.05080488775498588,0.7845091038885024,-2.0325334175274925,0.06648983891444457,1.3738470243719907,-1.8042479095837247,-0.1071785470703615,1.3129199280475206,-1.8261917600264916,0.6918649970768738,-0.7211102346818032,1.1349827215935175,0.027706129702542406,-0.585218311717304,0.02839449398631513,0.024001177478707038,-0.024887135379965633,0.44086230766737855,-0.03111888343146741,0.055128141529315736,0.2990574963534108,0.24856102784872847,-0.18390727854483233,-0.2561227097297935,0.24428646159023365,0.1530595668262488,-0.21507328257109773,-0.31522881258918756,-0.15747487527167467,-0.229221318549013,-0.29650975904194715,0.16721724747867509,-0.22925831539950892,0.10164869551879863,0.11307414232328261,0.4009168023397654,2.043418125177805,0.8951375417124766,0.0,0.0,0.04965734292101867,0.9987663131553969
0.43659653317558433,-0.033736441123643296,-0.010092146336460049,0.0,0.0,0.057963936043177115,0.1577989374502347,0.6561558289596667,-1.7217029361770704,-0.052302897477952325,0.7933330848239935,-2.0174186069231768,0.05674088936155809,1.3751323320544684,-1.790775830929096,-0.11423491808370898,1.2717709094285967,-1.8179412593062108,0.6852690101816105,-0.7266732844022604,1.137918352507628,0.027810479272515155,-0.5821947693251647,0.029618143766688608,0.024012500402302697,-0.02484960168098601,0.43659653317558433,-0.033736441123643296,0.057963936043177115,0.29869978301800215,0.2488723500400844,-0.18381092351569525,-0.25520980384434483,0.24124182786555148,0.15356285018926616,-0.21837509410965858,-0.31816054829814266,-0.15529139429982178,-0.23128565010877494,-0.28802081376987493,0.16939536278942996,-0.23331128006824217,0.10163289457259901,0.11156094305633442,0.40039998973944274,2.052224788528222,0.8953746528579638,0.0,0.0,0.05023625884601473,0.9987373620212454
0.4309264721488202,-0.037059852649922294,0.006154844035895224,0.0,0.0,0.06298960642837251,0.157581461700969,0.6616706364573195,-1.7239022528609405,-0.054150190150651825,0.8080883684496469,-1.9963164346722453,0.04995530011812929,1.3665816581879668,-1.7725595602622395,-0.12291147121085014,1.228110458701848,-1.801090222281905,0.6767735319355358,-0.7313294496673804,1.1405033235653088,0.027965628700957708,-0.5784826136122528,0.030764786754913936,0.024014044288868226,-0.024802835994006064,0.4309264721488202,-0.037059852649922294,0.06298960642837251,0.2986538104999524,0.24759496199797948,-0.18373893836637006,-0.25513594611508766,0.2362632603339476,0.1542287557393816,-0.22302326134543932,-0.31969401197369857,-0.15384879556853953,-0.2346047588638658,-0.280220352482146,0.1721308834981226,-0.23803082842223464,0.10196333227345093,0.10992877225126294,0.39974423191014535,2.0609292522645917,0.8955473179140916,0.0,0.0,0.05086534961350764,0.9987055202654562
0.426549302907219,-0.03975920245713859,0.018664013343645813,0.0,0.0,0.06844050814026617,0.1560946300339242,0.6736848030525892,-1.7221432027335353,-0.05544037427395,0.8261050189343766,-1.970053800596643,0.048330962801208806,1.347068361651441,-1.7498503058002566,-0.13374275907587446,1.1849111547836926,-1.7760426998138452,0.6671557744535125,-0.7341601636547307,1.142624173313379,0.02810205503975828,-0.5743421545395488,0.031765378644474915,0.02400512629761719,-0.024743850065323602,0.426549302907219,-0.03975920245713859,0.06844050814026617,0.29894597677943796,0.24411542081271836,-0.183507827600468,-0.25628259117050856,0.2298423597310127,0.15483978345806335,-0.22871097664321696,-0.3194398104814808,-0.1536764516973149,-0.23909721483934157,-0.27369270695689607,0.17556862830122394,-0.243099925773487,0.10268055310746577,0.10836925102184161,0.39887372078046335,2.069523262862975,0.8956511976340642,0.0,0.0,0.05154885683347358,0.9986704738597021
0.4209935387744794,-0.04301056641001219,0.03459322660301633,0.0,0.0,0.07105568267962122,0.15398104186169853,0.6887984611093971,-1.718499194830657,-0.056455655489116914,0.8455291343852858,-1.941361468285326,0.049181914306244835,1.3223646096885247,-1.7250641882419617,-0.1456199816893769,1.1420899797231,-1.747132092714314,0.6570324851199997,-0.7360844286158683,1.1445159818977115,0.028227487870026376,-0.5699942968785768,0.032694674562662764,0.023991125170141462,-0.024678899091668437,0.4209935387744794,-0.04301056641001219,0.07105568267962122,0.2994003710336982,0.2395567705808624,-0.18318016956853966,-0.2579524606424062,0.22251561345920778,0.15541683142293175,-0.2347035537614423,-0.3182253250943155,-0.15413170781826901,-0.24412227314394008,-0.2676156668432539,0.17942319956143674,-0.24820743815760526,0.10357374545632665,0.10684394312595574,0.3978972479274148,2.0780642926692954,0.8957221135497093,0.0,0.0,0.05225845594311571,0.9986335933576646
0.4145928279035734,-0.045269858916237624,0.045502245820200356,0.0,0.0,0.07871199080571284,0.14942056628373993,0.7123422530981189,-1.7098239018366894,-0.05640355211037856,0.8636559981566193,-1.9071451884049666,0.05724813846441344,1.2848446002373362,-1.6969104179969225,-0.16097840437522165,1.1057816285353472,-1.7093004996960013,0.6465628697321975,-0.7342986143552341,1.1455177252109234,0.028251450508832928,-0.5649733543396,0.03337301944310842,0.02396004188519258,-0.024592964265208985,0.4145928279035734,-0.045269858916237624,0.07871199080571284,0.3003297058435586,0.23203953066897678,-0.18238309121404725,-0.26110211961171936,0.21453332989230614,0.15578875638184925,-0.24151281568195426,-0.31427627850573225,-0.15649410016604554,-0.2501692950507832,-0.2645425706432214,0.18436639992544207,-0.25319998560420554,0.10505708135009197,0.10567946365723753,0.3965021290323728,2.0864505951221166,0.8956978045977079,0.0,0.0,0.053044484136733974,0.9985921503309887
0.40829524105556375,-0.04490714139521694,0.0428135148607775,0.0,0.0,0.07875619698143999,0.14367142996679183,0.7376981858307334,-1.6997119814444055,-0.05622083400017943,0.8793383512216111,-1.8728068791903005,0.06732289192195033,1.2445759300429118,-1.6698625289763411,-0.17662137943821352,1.0742430136753978,-1.6708839455476199,0.6362299025775154,-0.7311403163207268,1.1460915964383345,0.028215298937329172,-0.5598218419517466,0.03394345937816137,0.023920524281073507,-0.02449873217175572,0.40829524105556375,-0.04490714139521694,0.07875619698143999,0.3012204608665062,0.2237288326695641,-0.18125941303309812,-0.26450343601519943,0.2067087072005552,0.1561076472064198,-0.24798303818455505,-0.3091083551321715,-0.15948362923698667,-0.2560897805565023,-0.26265274041467074,0.18950001658347332,-0.25767895555981946,0.10671998175556732,0.10465755794926287,0.3950016775383473,2.0947465168742028,0.8956783814355731,0.0,0.0,0.05383092088716437,0.99855006482221
0.3985173567777206,-0.04214082671282658,0.02894266508519788,0.0,0.0,0.0788352525879711,0.13579731355779479,0.7662936997814809,-1.6870317886082031,-0.05580461469407267,0.8906506292808509,-1.8382504169757563,0.08098831228338699,1.1993934529332033,-1.6447916343235063,-0.19277305148828422,1.0512313017478365,-1.6314216508315176,0.6261412227669592,-0.7255284160089036,1.1459005566743703,0.02807168062113656,-0.5544369086050073,0.03432099661754013,0.02386592856447141,-0.02438966697529675,0.3985173567777206,-0.04214082671282658,0.0788352525879711,0.3020422464379897,0.2140388362055619,-0.17956477151057448,-0.26842702182355127,0.19958887982902776,0.15634715566075597,-0.25416392627387285,-0.30191827852086384,-0.1635609695651874,-0.26177159960616503,-0.2632012099390987,0.19483088821187297,-0.26142068001085345,0.10871958158434643,0.1039005843370135,0.39331029435309706,2.102880864189221,0.8956676926463842,0.0,0.0,0.05461811362503098,0.9985073167804246
0.3899954205554074,-0.03864008295543977,0.010951583345350513,0.0,0.0,0.07356975892578209,0.12720349886848759,0.7941160025075049,-1.6741133842330727,-0.055263691474325444,0.8957440735628969,-1.8068426575225165,0.09623375322777035,1.1552344599308924,-1.6254685631451717,-0.20769949615574645,1.0405873608990364,-1.5950560566897614,0.6163300774418401,-0.7172860799787146,1.1448915699640148,0.02774848916361901,-0.5490280997294652,0.03449595796589094,0.023802629772734906,-0.024268402180706094,0.3899954205554074,-0.03864008295543977,0.07356975892578209,0.30237816746991414,0.204371688733941,-0.17758036896875548,-0.27211973833196834,0.19419842917879307,0.1565046211219722,-0.25955527808544676,-0.29354518387403683,-0.1681522911132868,-0.26631984683233934,-0.26671303568077914,0.19971902355857332,-0.26393572221195666,0.11108142306318179,0.10341021312585484,0.39143884538752194,2.1107759618988395,0.8957415074110031,0.0,0.0,0.055352698269787885,0.9984668641443509
0.3791173514754716,-0.03404000528787006,-0.01203941020111593,0.0,0.0,0.07103624987355422,0.1183517294076205,0.8214987496343923,-1.6611775561020932,-0.054681218444154814,0.8978855013847356,-1.7770582632376615,0.11212157157177997,1.1118091837717963,-1.6090438291430476,-0.22199904073316226,1.0359372737315973,-1.5603301055156287,0.6066409945487984,-0.7078133870202771,1.1434902428434448,0.027338943694933157,-0.5436126274558218,0.034575657238467394,0.023735202383250005,-0.02414140444642937,0.3791173514754716,-0.03404000528787006,0.07103624987355422,0.30248030977180373,0.19467623376831003,-0.17543087337829036,-0.27549250880086057,0.18961118773145205,0.15662174811976975,-0.26452157897856776,-0.28451233497011513,-0.1730115438877259,-0.2700691444646947,-0.271737337992565,0.20437838691004379,-0.2657095150850484,0.11360661662551894,0.10301122791035557,0.3894737726688302,2.118555932090832,0.8958558967480292,0.0,0.0,0.05606195772040676,0.9984272917426462
0.3680451805851699,-0.029315039649346716,-0.03545288390551515,0.0,0.0,0.06360439889971395,0.11206896011180353,0.8450499415540911,-1.6518499252314756,-0.05467158423450131,0.8928812891244892,-1.7561152431254217,0.12545640806022665,1.0796196985130146,-1.6061188187450173,-0.23305244632781633,1.0504898993441683,-1.5360481793490754,0.5968779474496847,-0.6960602589667997,1.1409839183951802,0.02667791447423116,-0.5383592484375609,0.03445905917145026,0.023657882935367528,-0.02400274622889881,0.3680451805851699,-0.029315039649346716,0.06360439889971395,0.3018965910618695,0.18649388209883005,-0.17385160639253822,-0.2776665907485666,0.18806720049682268,0.15680547281380974,-0.26792637389080387,-0.2759134041041339,-0.17698876246158038,-0.2714286531114809,-0.2805743097720541,0.2075955947550195,-0.26516962060278115,0.11649066732668274,0.10277295025403456,0.3874975042760066,2.1259977602614804,0.8960861168228663,0.0,0.0,0.05669699005778189,0.9983914319135495
0.3597237885320473,-0.02590403783441378,-0.05302146399536606,0.0,0.0,0.06088787947618401,0.10759457906421564,0.8665630777294813,-1.6446818889906774,-0.05460845876055269,0.8871092561345837,-1.7404464572094955,0.13664236156126602,1.053970538079739,-1.6084821462058099,-0.24324354876835727,1.0708693268780514,-1.5169615017680025,0.5868526691427601,-0.6840182353670785,1.1381297206076293,0.025935663268543237,-0.5331730722234801,0.03430153768903648,0.023577819824612774,-0.02386219514301047,0.3597237885320473,-0.02590403783441378,0.06088787947618401,0.30106219441558313,0.17915987423141821,-0.17269919923453525,-0.2790784413567925,0.18744797717297546,0.1569270647659715,-0.2704671462041921,-0.26813031645142166,-0.1802566980702282,-0.2716973390719932,-0.2902393687327114,0.2102695365830624,-0.26343347618146584,0.11944413983898629,0.10246565330136317,0.3855736817156763,2.133315843458359,0.8963575129612134,0.0,0.0,0.05730487891981142,0.9983567252500409
0.35048471911354695,-0.020553828967358925,-0.06785368940864511,0.0,0.0,0.05598899929613002,0.1063813925541652,0.8844008437142904,-1.6414084026160152,-0.0544488687032404,0.8799525576715294,-1.7342890711644527,0.14395308225917053,1.040116008371116,-1.6203823076704362,-0.25187959889164824,1.1017566387756481,-1.5072437837146806,0.5763544907363573,-0.6714552259789076,1.1346481782026019,0.025046938707908847,-0.5281080875832306,0.03407021611481191,0.023492808872386105,-0.023718230513622998,0.35048471911354695,-0.020553828967358925,0.05598899929613002,0.29977573250205486,0.1734607775749915,-0.17237907342023898,-0.27940497077025206,0.18855645074743593,0.1569393652092179,-0.27150243422219233,-0.26200070110009743,-0.18218930103625236,-0.2703665493658504,-0.30121306099497697,0.21195935348164785,-0.2597591688982324,0.12253504886290392,0.10207906028854333,0.3837641997846402,2.1404107685845624,0.8967031648095983,0.0,0.0,0.05786383987780867,0.9983244843409358
0.34477547599952396,-0.01594611769158993,-0.07281359374666646,0.0,0.0,0.03612556922902129,0.10895563268031032,0.8974150195717803,-1.6431051148818085,-0.054072489532140625,0.8740959161749257,-1.7381448814502123,0.14616165295816386,1.0410602390766137,-1.639881023993857,-0.2601273114291515,1.1378443264044218,-1.5079099111832102,0.5648865126646492,-0.6588852669184034,1.1306183510101762,0.024080042655651463,-0.5232811168982436,0.03381400849097052,0.02341394280441679,-0.023577055302806783,0.34477547599952396,-0.01594611769158993,0.03612556922902129,0.2983480468392373,0.1699409565849921,-0.17304064560552346,-0.2785564990327886,0.19071983276752796,0.1568050170336402,-0.27094994335483924,-0.25879685768279853,-0.18244530166674094,-0.26775123065045026,-0.3115742392951577,0.21303372864334044,-0.2543941027665575,0.12573947877668767,0.10148618038384896,0.3821499048927066,2.147336338575069,0.897160578232545,0.0,0.0,0.05822448650474966,0.9983035155558946
0.3400500231598826,-0.009141143791592133,-0.06707776696063122,0.0,0.0,0.026073047190692335,0.11333500598378146,0.9081277004801307,-1.6471619239220248,-0.05356510084731372,0.8689311116647263,-1.7467431195366832,0.1459401501163557,1.0491062543139993,-1.6629163270386351,-0.268236320250882,1.1762223888475143,-1.5135253773858905,0.552946695556435,-0.6463341691459606,1.1263210508399288,0.02307854717722741,-0.5185761445989978,0.033547516925654455,0.023338061011879924,-0.023437376418419618,0.3400500231598826,-0.009141143791592133,0.026073047190692335,0.2968631887521882,0.16747386843500017,-0.17416402652875868,-0.27716235371846587,0.19333721622782793,0.15659349419875196,-0.26962510964317793,-0.25701620718638934,-0.18190942982831743,-0.2645390984679231,-0.321429558632407,0.21373182117320694,-0.2480899318636992,0.1289935605420107,0.10075387184592491,0.38061952454977055,2.154182432362666,0.8976728703396825,0.0,0.0,0.058484772672405524,0.9982883007255254
0.3360988120657406,-0.0017391321486257688,-0.057313957502350125,0.0,0.0,-0.022834877614176907,0.12208815465251387,0.9131585095937433,-1.656569774334247,-0.05157914437138696,0.868471314987311,-1.7655746211799286,0.1399008144194692,1.0763944828739525,-1.6909567031722794,-0.2779545745310872,1.212257264325251,-1.5311443628026884,0.539460124734503,-0.6347587466813054,1.1211175766701884,0.022104698833293097,-0.5145257012202191,0.03332225024664345,0.02327173980078302,-0.023308321130641095,0.3360988120657406,-0.0017391321486257688,-0.022834877614176907,0.2956649361608121,0.1675103689037543,-0.17640619074910516,-0.27457577291637764,0.19602473719776367,0.15589864633013337,-0.2667600692965513,-0.25971188429619685,-0.1795885099751891,-0.2602333479714412,-0.3279769794960041,0.21451375578996487,-0.24077165927084018,0.13229256593318584,0.09964724721151096,0.37965713552433455,2.1608879852753415,0.8983857303571242,0.0,0.0,0.058256813235907645,0.9983016296248326
0.33313877406583503,0.003768930000017875,-0.049987757721772774,0.0,0.0,-0.040574258939733356,0.13157507035737992,0.9155283799538245,-1.6666510762790074,-0.04876785471927951,0.8698197946382257,-1.7853370861938365,0.13278055953112652,1.108625751848404,-1.717906546850617,-0.28880918158504815,1.2445346327641833,-1.551425986135235,0.5254217446423495,-0.6234492811446007,1.1156841323066216,0.021179055895817544,-0.5108326652015631,0.03313820013919702,0.023210419785195533,-0.0231847318511707,0.33313877406583503,0.003768930000017875,-0.040574258939733356,0.2945706304520942,0.1684176537221978,-0.17880774919026104,-0.2718391538684125,0.1982869259282093,0.15498817062785702,-0.26378617538372157,-0.26379842550593835,-0.17700976212807992,-0.25576535833357494,-0.33272359053680545,0.2154904310952209,-0.2334582993670393,0.13561080163471292,0.09836631068462208,0.37885179598714286,2.1675432226978817,0.8991675205672016,0.0,0.0,0.05785175495238028,0.9983251847213561
0.3292030590917179,0.011049246529554385,-0.04022438526870009,0.0,0.0,-0.07284591220576042,0.1423968616873018,0.9130574464797976,-1.6779575273394576,-0.044455111492425516,0.8744579069316384,-1.8067931681871399,0.12369388667866653,1.149849444627759,-1.7428724840283376,-0.30173105187714006,1.2699763104319555,-1.5765515044331533,0.510379508137704,-0.6126236468553551,1.1098323240876202,0.020341108669526934,-0.5077898278832438,0.033029131591320045,0.023158197989687327,-0.023071086383424706,0.3292030590917179,0.011049246529554385,-0.07284591220576042,0.29366542585194116,0.1708889205127228,-0.1815174282003445,-0.26882692307058303,0.199837301099976,0.1536897742014137,-0.26066048017876026,-0.27042472312620164,-0.17393931942949975,-0.2509804246259543,-0.33445933462831384,0.2169669666829074,-0.22635216554836826,0.13896683700377999,0.09682345200228869,0.3783567312843491,2.1741069257259364,0.9000747092068194,0.0,0.0,0.05712450051519336,0.9983670624779695
0.32622106135671797,0.016817077917675456,-0.03273047578449539,0.0,0.0,-0.10722188438376035,0.15163780628846774,0.9049421649856069,-1.687316846532317,-0.039277394740985835,0.8830044367708834,-1.8266190064068015,0.11473821950718231,1.1950830397411012,-1.7607491312978352,-0.3159333628673959,1.28436130643464,-1.6036484323155409,0.4945194344752691,-0.6025564700651632,1.1037588219803116,0.019677249014001513,-0.5058227047467462,0.033014463247337304,0.02311493059879957,-0.02296691364832581,0.32622106135671797,0.016817077917675456,-0.10722188438376035,0.2929616550413462,0.1746382472662619,-0.18381274444188753,-0.26636957229692954,0.20011471873105974,0.15220813344342934,-0.2578890353678353,-0.27906751714661465,-0.1710299127488991,-0.2464139393467856,-0.3327621756087937,0.21900167817984798,-0.2203514173592631,0.14228656315810487,0.09502432334433361,0.3782233303816689,2.1805749922417674,0.9011085941098057,0.0,0.0,0.05605399970104443,0.998427738555733
0.3244024205416989,0.023842186098515832,-0.022071406531792855,0.0,0.0,-0.12388706997526892,0.16010425730536748,0.8941411629605756,-1.6957067663852985,-0.0336957062916975,0.8934326713474894,-1.845575959063493,0.10589430017325183,1.2420975554447897,-1.7751123925241141,-0.3307454613252324,1.2934015553731186,-1.6315932583350394,0.478286534834367,-0.5928445846702046,1.0975850299000742,0.01909836815097012,-0.5043817295764501,0.03304525894614366,0.023075989729617365,-0.022867342779556148,0.3244024205416989,0.023842186098515832,-0.12388706997526892,0.29235620682056135,0.17896778230397337,-0.1858906865746571,-0.2641304350601416,0.19978727133029525,0.15065960253523353,-0.2552878497329398,-0.2884870470456296,-0.16823032233647087,-0.24171511584876107,-0.3294746629186429,0.2212353138465235,-0.21482722812930208,0.14558120839393346,0.09306509053979968,0.3782519540673245,2.1869984733370633,0.9022037447071992,0.0,0.0,0.054817033814054415,0.9984964160195213
0.3239076384666793,0.03107098746919279,-0.010551168368413966,0.0,0.0,-0.1742843775617669,0.1658563720098195,0.8775400434119197,-1.699997725395056,-0.027597014747488394,0.9089521497774582,-1.8583014094485686,0.0996012531955225,1.2870179248543885,-1.7753385372746449,-0.3468988671755561,1.2869868519214482,-1.6571556942967267,0.46201133398482436,-0.5836381768234647,1.0914375819265842,0.018803202063561633,-0.5047452556542479,0.03319976378518801,0.023049467724586766,-0.02278212739083056,0.3239076384666793,0.03107098746919279,-0.1742843775617669,0.2920787987800745,0.18429684376306288,-0.1873314055525916,-0.26286861618349827,0.19738519445873767,0.14904251086373257,-0.2538084104168252,-0.29971962663592683,-0.16625460462266545,-0.23795137115404677,-0.3226860005242838,0.22434622142307747,-0.21104640894964913,0.14877807720868116,0.0910051131618105,0.3786211523702934,2.1933687057059545,0.9034770333136504,0.0,0.0,0.05307672729686359,0.9985904370759087
0.3250215803207225,0.03665958124002067,-0.0011403865825668213,0.0,0.0,-0.19292303222735485,0.17041024021231196,0.8604497577135392,-1.702920063183858,-0.02227065970118255,0.9248322110909671,-1.8682194879421818,0.09431187092111684,1.328265866407979,-1.7710649485771481,-0.36301751721363695,1.2766406375628263,-1.6806193406765264,0.4460459282765032,-0.5744524976381895,1.085305314797622,0.01860284217848228,-0.5058796004607126,0.033382624745942065,0.023027240943450194,-0.02270259299816994,0.3250215803207225,0.03665958124002067,-0.19292303222735485,0.2919341600858248,0.1895455079245949,-0.18846838069039673,-0.2618838527638264,0.1945756043019204,0.14765219202569557,-0.2526900179419501,-0.3107091523058214,-0.16459769698515955,-0.23438850771460087,-0.31536406430566094,0.22753182120298204,-0.20764455895981285,0.15192584732936432,0.08893212465975547,0.37908575865209276,2.199750033708719,0.9048129996428121,0.0,0.0,0.051150117572110285,0.9986909759642165
0.3265532619402466,0.04371579945146492,0.011401036037848866,0.0,0.0,-0.2271297121399205,0.17276505375495887,0.8424617409562843,-1.703330669981929,-0.018361717659550386,0.9413740239464312,-1.8729854009758966,0.0908644414829235,1.3627740682031084,-1.758533326335825,-0.3790723824372078,1.2590792071647376,-1.7002312311759353,0.4306490670603062,-0.565304860257759,1.079200907968558,0.018576473221541025,-0.5084285728203561,0.03361752563460657,0.023012896874346413,-0.022633484524423975,0.3265532619402466,0.04371579945146492,-0.2271297121399205,0.2920331833167718,0.1946791135914907,-0.18907743673108643,-0.26150734387798,0.1909746087028627,0.14664856013132815,-0.2522606157034647,-0.32154001180088976,-0.16350117747172088,-0.23163581679913908,-0.3069966432334076,0.2309867641773439,-0.20507477056229498,0.15499574161324908,0.086902461236527,0.3797410128871648,2.2061517247213764,0.9062639938380855,0.0,0.0,0.04888166169669203,0.9988045770568786
0.3276572079108937,0.04954794915854673,0.0209815433033958,0.0,0.0,-0.2633477654604166,0.1729989917590641,0.8286210976254483,-1.7018061429262161,-0.017862483697871728,0.9544712730611744,-1.8745940728829458,0.08878080523572865,1.3856008061422749,-1.7402124241567578,-0.3930770696069183,1.2376138447568972,-1.7131767568106833,0.41672427178575466,-0.5553424928623898,1.073045637172002,0.01867845324494947,-0.512543498753355,0.033826242666691535,0.023001678973042335,-0.022575761334827315,0.3276572079108937,0.04954794915854673,-0.2633477654604166,0.29239020152733874,0.19837290165051158,-0.18917343938380587,-0.26167330083560536,0.18785779214933343,0.14651682214733155,-0.25198656043842904,-0.33067414452832805,-0.16287345268822365,-0.2302521097170425,-0.2989447105081286,0.23428304363537455,-0.20353810949146892,0.15804718305958187,0.08514950956912866,0.38046182754474356,2.2125789947234664,0.9078287459336793,0.0,0.0,0.04625116265924101,0.9989298423576445
0.3292140309996045,0.05640205764432194,0.03335278552885207,0.0,0.0,-0.2809276397966619,0.17223352485766202,0.8168335607848488,-1.6993990923063114,-0.019027600467849837,0.9658133858241714,-1.87470909093435,0.08731367581416494,1.4027264969280133,-1.7192012515778723,-0.4060687889488271,1.214387151197745,-1.7229081029788806,0.4035266344077312,-0.5449751892055456,1.0668676535670574,0.018841013383979983,-0.517411942450473,0.03402107182997637,0.022992009581335317,-0.02252349095383229,0.3292140309996045,0.05640205764432194,-0.2809276397966619,0.29287244504890764,0.20137151701237666,-0.18902709880903976,-0.2620928772809,0.18499558410815983,0.14680847647415496,-0.25177151353978106,-0.3390098931774089,-0.16244933178714765,-0.22943802015856946,-0.2910544113531497,0.23746355864602184,-0.20236549570165283,0.16109373135512756,0.08350518052343961,0.3811971282331289,2.2190188040527015,0.909448497212277,0.0,0.0,0.043444710121649716,0.9990558328554244
0.33094831075952225,0.06383010488632399,0.043378056635935684,0.0,0.0,-0.33281950448501124,0.17006412069671442,0.8131688790252578,-1.697309308900283,-0.025586821532879483,0.9676897866794695,-1.8724134679024038,0.0853259497895265,1.40142253614389,-1.6964141829655734,-0.41515116751767067,1.1928386951868364,-1.7242610391515951,0.3931266212692634,-0.5329243122385106,1.0607243524147918,0.01909393373017126,-0.5241665779971155,0.034114209970889174,0.022988514052345775,-0.022483537582537304,0.33094831075952225,0.06383010488632399,-0.33281950448501124,0.2937243129484928,0.2021221900066851,-0.18851077712566747,-0.26270775878951264,0.18421437313934472,0.14846708921297558,-0.2514737871937181,-0.3433398036054865,-0.16213026081772816,-0.23127229685545364,-0.285150800443039,0.2400599136682752,-0.20236131311397107,0.16415918798241602,0.08245844038963422,0.381825103005882,2.225502001551481,0.9112194401140395,0.0,0.0,0.04011941683257602,0.9991948920971393
0.33255981398566165,0.07056165838409825,0.04561546330268674,0.0,0.0,-0.3442145556992965,0.16749029060324236,0.8122589849652004,-1.696516230988961,-0.03376275903652738,0.9662997258397252,-1.8705357543837566,0.08212653346932872,1.3947094466823804,-1.6750562109339702,-0.42244409125011684,1.1740880038302683,-1.7238502903626516,0.38397519021796517,-0.5203848795678758,1.0546348351412096,0.019338223895129666,-0.5313526881285582,0.03415083586095045,0.02298143371500863,-0.02244543342385441,0.33255981398566165,0.07056165838409825,-0.3442145556992965,0.29460756731434506,0.20227139199554878,-0.18785442053127654,-0.26319233633420747,0.18431751372684854,0.1505306556444365,-0.2509563101411285,-0.3460935071089177,-0.16157558512670753,-0.23389895810047978,-0.28027404690051433,0.24223535052597742,-0.20251224710405022,0.16720397235415993,0.08163871390677287,0.38236359404417264,2.232009420601221,0.9130548233739458,0.0,0.0,0.036679804898701894,0.9993270695385937
0.335202195943371,0.07948566793596279,0.043695437041327286,0.0,0.0,-0.3653141818147145,0.16416769478326812,0.8164493835602815,-1.698123910679267,-0.04493193154653089,0.9588620444903008,-1.8694317704783037,0.07668375911620955,1.377981741841023,-1.6563441091432023,-0.42642396717117376,1.1605171738908844,-1.7201742048446949,0.3771354197166288,-0.5069409209088639,1.0486448948773055,0.01956653589597688,-0.5393376426341441,0.034082833355149396,0.022967716361073635,-0.0224107529502362,0.335202195943371,0.07948566793596279,-0.3653141818147145,0.2955489314806003,0.2013055570856784,-0.1869419986983491,-0.26343622088276164,0.186063477876442,0.15333808639761998,-0.2500234742209855,-0.3458474219405644,-0.16057778728060193,-0.23812645009943353,-0.277337141514522,0.2436871697620442,-0.2031566881599754,0.17020569667111285,0.0812934357556388,0.3827582926330827,2.2385616841224523,0.9150095133540722,0.0,0.0,0.033028876635985346,0.9994543978132093
0.3373141517157493,0.08734999230521273,0.038680781681949,0.0,0.0,-0.37361126704846304,0.16179117886349564,0.8222677512094376,-1.7040375978327713,-0.057886498622022775,0.9490681808585161,-1.8697889523150828,0.0687133392784747,1.3572744050851242,-1.6410710186912467,-0.4266535290875114,1.1542985883469765,-1.716307570727972,0.3728964177246851,-0.4924649217237651,1.0431091442990763,0.01970926058129407,-0.5476320676075722,0.033893661483979,0.022949345987469245,-0.02237831691924769,0.3373141517157493,0.08734999230521273,-0.37361126704846304,0.29635538479599816,0.2004725483872411,-0.18616716196578326,-0.26286014522477297,0.188603639737483,0.15656794925988005,-0.24861801433176833,-0.3438423994398987,-0.15895148688795163,-0.24302789305840225,-0.27637832196747975,0.24412714643547131,-0.20397671496616335,0.17314470492655043,0.08149005663717719,0.3827786188215478,2.245178343298343,0.9171125380895458,0.0,0.0,0.029294571878526465,0.99957082193232
0.3402864888438475,0.09674165451508504,0.032182062904420605,0.0,0.0,-0.37765161210921383,0.15988820476027635,0.8287322452435126,-1.7120424852921405,-0.0717082996494486,0.9383115567840065,-1.870872147954427,0.05953247250559303,1.3348023960223574,-1.6274678626885786,-0.42507328838110003,1.1516449348284643,-1.7124674996504414,0.3699213042855262,-0.4775173325951291,1.0377931365600002,0.01980987617459435,-0.5560668162428412,0.03364593166714679,0.022928615781263664,-0.022346920584543396,0.3402864888438475,0.09674165451508504,-0.37765161210921383,0.29709616274787826,0.1997495136382897,-0.18546555857068173,-0.2618782189005757,0.19148147080557154,0.15998313765029593,-0.24692628311718123,-0.340959469864905,-0.15696225284625115,-0.2481887709314214,-0.27636414785845814,0.2440722616471327,-0.20488012380129605,0.17605500698510657,0.08194784876576929,0.38259588085801854,2.2518264697148247,0.9192876947613862,0.0,0.0,0.02551946765390474,0.9996743253533429
0.34327747159621763,0.10625990325897018,0.025604068874739146,0.0,0.0,-0.38960053079255236,0.16014453908428547,0.8285570777952671,-1.7259419150650483,-0.0879840992856751,0.9354698760434988,-1.8749622721225019,0.047940806834959895,1.317195136100056,-1.6185594182461511,-0.4190666535869248,1.1587081868201485,-1.7156764958053823,0.37055751960724587,-0.46297475229948937,1.0330477431416518,0.019759951217565692,-0.5643133064731946,0.03324998397147288,0.022895371948834512,-0.022315508860629055,0.34327747159621763,0.10625990325897018,-0.38960053079255236,0.297642667312175,0.20168269313788212,-0.18516831372600737,-0.25958682384026494,0.19272667362437082,0.16392596137754883,-0.24435635012431492,-0.338273742184804,-0.15422715064346712,-0.2525617913417374,-0.2776717158299082,0.24245247382376348,-0.2051975507115057,0.1785797415696765,0.083096730044648,0.3822323899615754,2.2585746347904196,0.9216716522350904,0.0,0.0,0.021624537497216587,0.9997661623489922
0.3453460434782613,0.11403867288916412,0.020668100422392695,0.0,0.0,-0.39383392534685113,0.16103175325462432,0.8250527774485268,-1.7405961494033138,-0.10484529098567306,0.9378078409398966,-1.8809235766530028,0.036765371592573114,1.3022534262675516,-1.610637734429195,-0.4119522004889763,1.16719595915996,-1.7213468090272857,0.37229592510713944,-0.4490087338938175,1.0286720733229935,0.019665749179414275,-0.5722775178459967,0.03282387859116385,0.022857295828334134,-0.022285722702061042,0.3453460434782613,0.11403867288916412,-0.39383392534685113,0.2981203255028678,0.2046013570362841,-0.1850019624015742,-0.257022114321582,0.19289184295286213,0.16792238989950523,-0.2413266329633742,-0.33602175017058505,-0.15149500616803022,-0.25638737415302987,-0.27890161764881527,0.2404479701629562,-0.20535132580134957,0.18090100386980396,0.08443622843669348,0.38178628611566584,2.2653609439730635,0.9241278342042976,0.0,0.0,0.01768695147122944,0.9998435736392239
0.3462949311357613,0.12258175795128708,0.01900517919029288,0.0,0.0,-0.40174467469183844,0.16309733495402778,0.8153302691017213,-1.7566602198550323,-0.12279988740248331,0.9498204313075305,-1.8903799019753926,0.026367378242028065,1.292290473786685,-1.6045591379874031,-0.4027685465362789,1.1783444735293196,-1.7316144098742643,0.3760930191582209,-0.4361196270642382,1.0249869791934125,0.01948884569663699,-0.5797144842262446,0.03234144420219732,0.022810193882413354,-0.02225897280060543,0.3462949311357613,0.12258175795128708,-0.40174467469183844,0.2984693913290707,0.20934557804526277,-0.18506941031953572,-0.25392094909287016,0.19106620818980835,0.17203526833070584,-0.23748534526845735,-0.3346582952213111,-0.14887086598858137,-0.25926256249416124,-0.27998254422475444,0.23773401698233113,-0.20519935776773576,0.1828298621730424,0.08613447182780767,0.38123060884387155,2.272218499332666,0.9267189182484378,0.0,0.0,0.013669990425686672,0.9999065613154869
0.3452104049241528,0.1290490811983748,0.02141593991277085,0.0,0.0,-0.4109409610204249,0.16441485615303877,0.8007204191615956,-1.770636740785378,-0.14039194734337151,0.9704391944866901,-1.9023835034324565,0.02002781679710539,1.2852349011943893,-1.6001755429001956,-0.39274662346220984,1.1879457888694906,-1.743962496519088,0.3812808142258568,-0.4251682213865799,1.0219214466901927,0.019297169288620363,-0.5862638084934305,0.03186282635523152,0.022755410137156457,-0.02223707159730391,0.3452104049241528,0.1290490811983748,-0.4109409610204249,0.29888053267047954,0.21505612675934094,-0.18496357768319602,-0.2510846031043805,0.18744623878103428,0.17589537791268853,-0.233130869146658,-0.3336970204674708,-0.1472507020492504,-0.2611790508071546,-0.28025536451883093,0.23482719009756067,-0.2050760387156769,0.18428367903544848,0.08801101470968457,0.3807435377064734,2.279073521494865,0.9294079444729364,0.0,0.0,0.009560849368568464,0.9999542940351581
0.34115788273282915,0.13521645429513246,0.031632444678016125,0.0,0.0,-0.4154516651927744,0.16532999769641263,0.7838647045338399,-1.7835461518798876,-0.157780203323523,0.9950927048921556,-1.9155649846562959,0.01569985643100811,1.2795108853337864,-1.5966276473437364,-0.3823328741038087,1.1967665737924662,-1.7572343891056672,0.3871408649720243,-0.41518130927131797,1.0191589737167728,0.01909964667552582,-0.5923766864893523,0.0313872556882696,0.022696865915070082,-0.022217524849111214,0.34115788273282915,0.13521645429513246,-0.4154516651927744,0.2993260289255815,0.22113290215187043,-0.18475009176328677,-0.2483015192296024,0.18304676945934245,0.1795475934441383,-0.22844633231436293,-0.3329083142528755,-0.14613554282070151,-0.2626414531539015,-0.28014066582292285,0.23184549797353488,-0.2049473228854083,0.18549336694171442,0.08998128356190788,0.38028756656004625,2.285925690084695,0.9321439660942322,0.0,0.0,0.005406440092305498,0.9999853850959665
0.3360718179888848,0.14099371572661534,0.04428046343561559,0.0,0.0,-0.4300983743056184,0.1625515291682232,0.7697983652066739,-1.790068458192623,-0.17276013026443673,1.0204558074474313,-1.9278084028225668,0.019362491591331715,1.271813884664041,-1.5961046473911176,-0.3719323247384576,1.2015819626931956,-1.7670533467943843,0.3945400631055229,-0.4092943960657492,1.0173329424399598,0.01897678927679619,-0.596989453125458,0.031000412678202794,0.02262650624526522,-0.022204091248568147,0.3360718179888848,0.14099371572661534,-0.4300983743056184,0.3001458304576002,0.2256368697940498,-0.1838021276053301,-0.24711434378025993,0.17843614884076703,0.18254699391354717,-0.22409160528789318,-0.3309767767003772,-0.14711813912161123,-0.26337504911234333,-0.2796064915521395,0.2291530093844984,-0.205451555588814,0.1858457054310136,0.09202204007914618,0.38022685918320537,2.292660556733608,0.9349638402748564,0.0,0.0,0.0011054692020716849,0.999999388968735
0.33197947474231004,0.1460375809220544,0.05377123239808379,0.0,0.0,-0.43524720179813,0.15870884304436395,0.7583844999854386,-1.793864138567677,-0.1859497794021774,1.0413920097053042,-1.9370226139345992,0.02571542349715568,1.261221256823495,-1.5965610762628224,-0.3613641188623248,1.2059273556447945,-1.7734826622674098,0.40216642636089317,-0.40492170218091755,1.0160552852142315,0.018922100237642337,-0.6010180029731529,0.03067067776394723,0.022554523380956832,-0.0221962634979998,0.33197947474231004,0.1460375809220544,-0.43524720179813,0.30109724746300615,0.22909193155608257,-0.1826814816564468,-0.24657766871439968,0.17457645102508168,0.18514290431532882,-0.2204286450363281,-0.3280670530119712,-0.14882558880838875,-0.2641413309982918,-0.2795618680284063,0.22658317537970102,-0.20634268865317684,0.18588359315720485,0.09401386397996696,0.38023978029889627,2.2993560608189836,0.9378134222844471,0.0,0.0,-0.0032470106274740066,0.9999947284470979
0.3269350886281039,0.15179599083161402,0.0664192511556805,0.0,0.0,-0.44495441329928676,0.1528607526650798,0.7519689385707564,-1.7925217839387748,-0.1957658414657295,1.053986191749572,-1.9405286082854636,0.03713793192918433,1.2451721292275657,-1.5988631340173574,-0.35047998222021004,1.2093870914899385,-1.7735245594611535,0.41022085799620667,-0.40340239268082845,1.0158109802466173,0.018995867182429016,-0.6039456587571362,0.03044855694931288,0.02247948178018515,-0.022198999372239295,0.3269350886281039,0.15179599083161402,-0.44495441329928676,0.30229667975352353,0.2306445632244132,-0.1812388222504113,-0.24738068628887094,0.17200541845123724,0.1871385451002396,-0.21824329381931057,-0.3233080597434683,-0.15190884737806745,-0.2649158238868041,-0.2804418254278697,0.2242221985633968,-0.20800464529953117,0.1853455414284844,0.09589586013076583,0.3804023524462706,2.3059773903626657,0.9407189855208763,0.0,0.0,-0.007696499161423089,0.9999703815117017
0.32273956320829206,0.15682925071805384,0.07590546917456975,0.0,0.0,-0.45504399378429294,0.1459524375565642,0.7484823934590589,-1.7869920810827848,-0.2012809816962822,1.0566912006873352,-1.9346185213384728,0.05174638158104336,1.2240126386571406,-1.6017981827832184,-0.3398579646689968,1.2138048139615698,-1.7666058384168615,0.4184435553705457,-0.4049717801121563,1.016647937779243,0.01924228804777016,-0.605755210137711,0.030347189297362305,0.022402179302074596,-0.022206565889064223,0.32273956320829206,0.15682925071805384,-0.45504399378429294,0.30375401750923336,0.23096382355893377,-0.17965454231851363,-0.24917571228041313,0.17054208753854497,0.18852090838885893,-0.2183507436922569,-0.3170113956010978,-0.15589492626776041,-0.2658086111511175,-0.28283240125954934,0.22212924207238507,-0.21023829385048085,0.18421942871873084,0.09758224187575944,0.3807535396392346,2.312525376104391,0.943683248084898,0.0,0.0,-0.012246724637907566,0.9999250060557757
0.31630602450666534,0.15799364674382985,0.07857011469940972,0.0,0.0,-0.46038469106311375,0.13855375808018902,0.7463556674237435,-1.7794356480813944,-0.2046964461556994,1.0546338323217173,-1.9241018043114588,0.06785784185362553,1.2004396548637977,-1.6049922624459634,-0.32938237416629607,1.2186625052530031,-1.756341495192968,0.4267473289599786,-0.40804299898445606,1.0180173238309531,0.019573447666166782,-0.6070168473972724,0.03030477452557534,0.02232380844025801,-0.022216524570607223,0.31630602450666534,0.15799364674382985,-0.46038469106311375,0.3053328985205063,0.23069708103322462,-0.17798651559664486,-0.25143892523767597,0.16958823392010164,0.18962197076697232,-0.21957979797062172,-0.3099583947445728,-0.16033786951931503,-0.26658313124353616,-0.285961241608817,0.22013537720015636,-0.2127045767998299,0.18280193519890536,0.09915985279220882,0.3811918704136745,2.319036740523118,0.9466740973293781,0.0,0.0,-0.0168500965000598,0.9998580270458095
0.3087814519173739,0.15626807130745185,0.07466373678583216,0.0,0.0,-0.5077395117629935,0.1319797594959921,0.7423713586937923,-1.767737965887556,-0.20238142958484023,1.0447771242604809,-1.9002361331994724,0.08391355610309267,1.1767415725267858,-1.604922195466665,-0.32077303707886223,1.2225195494695351,-1.74111636957297,0.43518739709487303,-0.4147327868267892,1.0212024400153985,0.02017166349329411,-0.6066191100443785,0.030423425894696262,0.02224533051888172,-0.02223570361876717,0.3087814519173739,0.15626807130745185,-0.5077395117629935,0.30689682209720975,0.23046115312194276,-0.17659061179906202,-0.25425555673308053,0.16867090634289672,0.18993107622560312,-0.2238961976997595,-0.3034540169087534,-0.1648287566413653,-0.2674028058321252,-0.2897729874005447,0.2186898045037449,-0.21537166003267888,0.1806714658482269,0.10045654532964654,0.38160229806186174,2.325383378909184,0.9495730828493832,0.0,0.0,-0.021926553566257112,0.9997595842244804
0.3016819005244177,0.15238791273761865,0.06441554735199528,0.0,0.0,-0.5356588845273952,0.125779325823085,0.7356949144831078,-1.7548579768492634,-0.19867839771681142,1.0354451903930082,-1.8743288602966546,0.09868585286088791,1.154892029097448,-1.6038979039742398,-0.31328746447196404,1.224591341156226,-1.7263648074406852,0.4436253273429774,-0.42237837641284964,1.0247919186949728,0.0208486056922433,-0.6057706051147902,0.030575276119634495,0.02216753185404322,-0.02225742949387775,0.3016819005244177,0.15238791273761865,-0.5356588845273952,0.3083194479919396,0.23081265495111442,-0.17527242083284947,-0.25711976423032107,0.16731451553872728,0.18995723915849919,-0.2286786103706902,-0.29758684956259873,-0.16900541414060707,-0.2680453034878846,-0.2930666012631456,0.2174751744219126,-0.21789657100939608,0.17836041297824148,0.10164858408450389,0.38201766081592625,2.3316501699961147,0.9523772989901211,0.0,0.0,-0.027281540031029415,0.9996277895164457
0.2927480093671904,0.14618103023242426,0.05075814059147533,0.0,0.0,-0.5887480783323416,0.12028909985943244,0.7239002824689343,-1.7397302300311066,-0.192336522812884,1.0271109376962375,-1.8445401700356858,0.11101816403858543,1.1365568590565385,-1.6010594763434853,-0.3079383510809683,1.2232690771611838,-1.7125135665902738,0.45205919312026566,-0.4318411007093687,1.0291501563042398,0.021675219539946878,-0.6040651176411374,0.030790242773946357,0.022091024566459692,-0.022283997301621217,0.2927480093671904,0.14618103023242426,-0.5887480783323416,0.30947344399128957,0.23230630225152882,-0.17413189745724242,-0.26008191315661855,0.1651046653013668,0.18943320354756046,-0.2343546273905645,-0.2930002666267813,-0.17253759936574403,-0.26863092112731524,-0.2953304578520769,0.21676537308708285,-0.22024861939956483,0.17571545670275804,0.10266204637785156,0.38244488630446105,2.3377651583689905,0.9550013431132983,0.0,0.0,-0.033166356605950735,0.9994498450595143
0.28552412649556963,0.14240774092388625,0.04040726836627845,0.0,0.0,-0.6436124608248207,0.11345624062232706,0.7095106188207871,-1.7225668281316766,-0.1842190190218393,1.0210332721471789,-1.8186339661479007,0.11938487295992643,1.1236603856086735,-1.5983232334256174,-0.30576921626925474,1.2164727151393895,-1.7012966573238377,0.4605482676997777,-0.4426755700260396,1.0340498276054857,0.022579945973120588,-0.601687027141452,0.031028311466798176,0.02201674575917423,-0.022309376334305853,0.28552412649556963,0.14240774092388625,-0.6436124608248207,0.3103497736155986,0.23430050009638217,-0.17263623881071471,-0.2634439424870446,0.16282940491268172,0.18828269474868511,-0.23956741005268514,-0.28988946731138654,-0.17496214693389,-0.26907947840677465,-0.2956690446175274,0.21682673861800003,-0.22232654525033502,0.17282316446128015,0.10353380461380347,0.38287736435687136,2.3437219783663745,0.9574353527277707,0.0,0.0,-0.0395982534047315,0.9992156815859601
0.2766738631692343,0.13617970674405971,0.026852995730362872,0.0,0.0,-0.6705637730703425,0.1059562904993069,0.6939266149957589,-1.7044194890902586,-0.17524159907434964,1.0160178224054666,-1.7946918698457568,0.12579255027230826,1.1134187006033383,-1.595681777653786,-0.3051685030715398,1.2070224686310838,-1.691364921056307,0.4690635172793501,-0.45417035994334903,1.0392120781426248,0.02352214366188634,-0.5989812635458431,0.0312768950377806,0.021943526745487288,-0.022334162105555434,0.2766738631692343,0.13617970674405971,-0.6705637730703425,0.3110897347259407,0.23654169115583487,-0.17093217205584582,-0.26697084998995063,0.1605202622289215,0.1867785674385523,-0.2445144326871606,-0.28749211969096516,-0.17683802762655823,-0.26947139881770965,-0.29505294434641804,0.21727346775200784,-0.22427104105841678,0.1698167887458737,0.10431370257080716,0.38329301931103493,2.349601080784431,0.9597759977556193,0.0,0.0,-0.046297741491112945,0.9989276846362914
0.2687132057602868,0.12926071726618502,0.014308986898797784,0.0,0.0,-0.7507584859571739,0.09573414828628482,0.6824679827460896,-1.6848602203222456,-0.16486829003462608,1.0097508315856651,-1.7820878212268558,0.12527524773031481,1.1095166848256044,-1.5975963221146507,-0.3098731611210558,1.192987909683817,-1.6844325799208433,0.47756664569561147,-0.46634839417842505,1.044836454666577,0.024490402957710912,-0.595555131251996,0.03147713109277758,0.02187013962807565,-0.022356279230175104,0.2687132057602868,0.12926071726618502,-0.7507584859571739,0.31142389344481314,0.23749027982984447,-0.16848341067153788,-0.2712145039741555,0.1602542476729832,0.18457410582780565,-0.24799671563366973,-0.28602226904108036,-0.17672078868575705,-0.2697148839683808,-0.29262682828997477,0.2189638893791018,-0.2254552045201624,0.1666901720840612,0.10498171471828767,0.3835649934611864,2.35524533345149,0.9618355379654807,0.0,0.0,-0.053795971074684396,0.9985519483212337
0.2645541286474084,0.12320188174822241,0.007308544949272133,0.0,0.0,-0.7495780916210157,0.08518674680426046,0.6737471598988548,-1.6667534657395828,-0.15439542445640905,1.0021847025133113,-1.7743882008183458,0.12257066595618944,1.1061086816569938,-1.602031744586732,-0.31627805018797356,1.179785378420584,-1.677537480225931,0.4860914819515654,-0.4786317212363827,1.0505088040461896,0.025429984277042482,-0.5920002954797109,0.031642950207102456,0.021798100445616572,-0.02237341462303168,0.2645541286474084,0.12320188174822241,-0.7495780916210157,0.3116620942018926,0.2378370413805683,-0.16585727113057247,-0.27531058571169836,0.16109632648659164,0.1821817067442506,-0.2507936142527974,-0.28421816681415035,-0.17597545585871208,-0.2699411469607887,-0.29038378493447814,0.2210202844644216,-0.2262280257056424,0.1635568551059047,0.10559647624499674,0.3837919619855688,2.360842887312173,0.9637617195168364,0.0,0.0,-0.06127938638163322,0.9981206524286984
0.26168754927272064,0.11224876491799157,0.0001729689896687314,0.0,0.0,-0.747337536726607,0.07401545619807094,0.6702778077182865,-1.6514328202376014,-0.14373159662892138,0.9921266591319681,-1.776095904696446,0.11567060121048592,1.103648258229861,-1.6113025354078174,-0.3259442010894409,1.1681787832998323,-1.670713814405295,0.4946579566368682,-0.4911170134750685,1.0562731715349045,0.026314557547895873,-0.5881985898774408,0.03174275320130757,0.02172864677581507,-0.02238099441344205,0.26168754927272064,0.11224876491799157,-0.747337536726607,0.311716235242784,0.23700434214803828,-0.16296312620637396,-0.2791730926660708,0.1640604679033664,0.17950780475055922,-0.25228274545864493,-0.28178074737111114,-0.1740274763504209,-0.2701197698243003,-0.2885297616118312,0.22377519816957722,-0.22623571382601115,0.16040249020485225,0.10614804374894432,0.3839616914952988,2.3663508668541904,0.9654321020039227,0.0,0.0,-0.06873700538725568,0.9976348149951426
0.2607987436458397,0.10353374101314994,-0.0036093567569658873,0.0,0.0,-0.6879946346556669,0.06393330223643519,0.6703215390443801,-1.6412069702950816,-0.13339325829516613,0.9798750540671451,-1.7861289450755473,0.10553590634551288,1.1021634914840643,-1.623394599327673,-0.3376877508484389,1.1607273963208387,-1.6642482338043365,0.5032791025721676,-0.5033170108755037,1.0620634683336199,0.027099200972140917,-0.5841671901826678,0.031775410690058306,0.021660112039311438,-0.02238050298183225,0.2607987436458397,0.10353374101314994,-0.6879946346556669,0.31166901296147936,0.2357543732731486,-0.16025723754721158,-0.28212389763480716,0.16885639359982604,0.1767354070415231,-0.2524732053141377,-0.27910721089710816,-0.17116572478851222,-0.2702875155686189,-0.2877175223591389,0.2268697720437444,-0.22542000931926917,0.15730486283753467,0.1066785304895706,0.3839935934321417,2.371827267683469,0.9667736361376367,0.0,0.0,-0.07559905258154763,0.9971382969522194
0.2599367704196562,0.0911802881882652,-0.008579768921034014,0.0,0.0,-0.6587734226642515,0.054423016101982,0.6720330973084158,-1.6334853905897875,-0.12322721530038672,0.9665973559021961,-1.8002161836394872,0.09382739530589881,1.1011711995189004,-1.6368407016763304,-0.35044107328240526,1.1553230979121647,-1.6579855783627586,0.5119266171868021,-0.5153756903914292,1.0678637784260963,0.027834540510621713,-0.5800243237843885,0.03177526738279715,0.021592047298327095,-0.022376057432176404,0.2599367704196562,0.0911802881882652,-0.6587734226642515,0.3115718609725054,0.23431119702349104,-0.15764605727687345,-0.2846064810516607,0.17446421879051124,0.17393026366390255,-0.2519125327488386,-0.27634125348548405,-0.167867313396946,-0.2703973693877586,-0.28741675821069046,0.2301216267109076,-0.22417315304505503,0.15424332688554945,0.10717865011731942,0.38394337029106274,2.3772879472145663,0.9679533369266069,0.0,0.0,-0.08216629421827887,0.9966186332265895
0.2592249368692484,0.07853097039050413,-0.013580259222251145,0.0,0.0,-0.5716205723667587,0.050890670668405545,0.671151468816858,-1.6325873893040876,-0.11501995900359324,0.9568315204232934,-1.8207517428180338,0.07978123151518172,1.1030826696123068,-1.6500167971333628,-0.3645731897738112,1.156060445623902,-1.6555330910934853,0.5205849654112867,-0.5269179382862949,1.0733607474427955,0.028413163948033986,-0.5757515249917142,0.03171038616430731,0.021527478878851983,-0.02236243168366715,0.2592249368692484,0.07853097039050413,-0.5716205723667587,0.311325822204638,0.23445617974667393,-0.1566461259395272,-0.28511684419636074,0.1799652229920682,0.17150300946126043,-0.2498729806069688,-0.2744572138163036,-0.1639314832513782,-0.2705002072713462,-0.28807907264482635,0.23333435815156284,-0.2217213169775637,0.15129959944072752,0.10767693647061864,0.38383962931263516,2.3826816746821766,0.9686687350846254,0.0,0.0,-0.08786182895072128,0.9961326713914338
0.25837613765955036,0.06990513673928668,-0.01733250683173537,0.0,0.0,-0.5416875503877988,0.04941004158284229,0.6684399949243436,-1.6327646816006074,-0.10818245765179968,0.9500426181520407,-1.8422143548153915,0.06636707459648067,1.1058454158214421,-1.6614891711909037,-0.37804248542166674,1.1572188156155438,-1.6546499683306768,0.5292311835174377,-0.5384629264187355,1.0787554873296847,0.02894974034279585,-0.5714916357627282,0.03164979570115415,0.0214661816179824,-0.02234630356542766,0.25837613765955036,0.06990513673928668,-0.5416875503877988,0.31102865060361534,0.23526512430145688,-0.1562167797042099,-0.28513657730674624,0.18468881644421364,0.16942285725474615,-0.24732667866423452,-0.2731323660839251,-0.16019417838934757,-0.2705718414018606,-0.2885622427371945,0.2362957857355313,-0.21916469941536948,0.14838017073212503,0.10813252442449268,0.3837454899784133,2.3880467088176656,0.9692310453034364,0.0,0.0,-0.09325646656291288,0.9956421201637665
0.2586921186647271,0.0580480184443055,-0.019276869268372576,0.0,0.0,-0.48376600656457275,0.05190008707666906,0.6621872319911537,-1.6350229832415397,-0.10399583498768233,0.9490149572061805,-1.8654710866797422,0.05417603685950465,1.1102556316898418,-1.6696643432459004,-0.39022902778994545,1.1591919875488832,-1.6568040274656735,0.5378539262769312,-0.5500132177168356,1.083952383783001,0.02940494334325193,-0.5672567303364094,0.03159750911156432,0.021411215011119988,-0.02232533262576908,0.2586921186647271,0.0580480184443055,-0.48376600656457275,0.3106325219313686,0.23735386455556207,-0.15689209188616834,-0.2842012397238838,0.18805213704286644,0.16798587465548692,-0.2440024472025085,-0.27286723021420045,-0.15681911351534222,-0.27068111092032054,-0.28869673990607003,0.2387991517408101,-0.2164627442364491,0.1454943148538691,0.10854189425180737,0.3836969674662495,2.393356212916282,0.9694970853340167,0.0,0.0,-0.09807195344247831,0.9951793265276245
0.259641304598802,0.050167183963538524,-0.018458385378695985,0.0,0.0,-0.4424341318764001,0.05616873459747211,0.6550515890121459,-1.6357688009738922,-0.1031004095879885,0.9516581881504793,-1.8887480864158046,0.04587303646481945,1.115060661847775,-1.6738203144990482,-0.3993449514875046,1.1614052446988914,-1.6605189052911906,0.5465417332374134,-0.5615586225803083,1.088739926998432,0.029824298448287528,-0.5632689629609767,0.03161596449521872,0.021363283185145028,-0.02229750217296756,0.259641304598802,0.050167183963538524,-0.4424341318764001,0.31025757583288044,0.239508502045798,-0.15807885459561677,-0.28327600003389103,0.1903965840063404,0.1673610360931153,-0.24018424786629247,-0.27343777812054393,-0.15452909011790233,-0.2707429402756422,-0.288602492216009,0.24053790637474737,-0.21416412074311075,0.1426414097720805,0.10893050465796411,0.38379883231304396,2.3986485783870406,0.9694884499678245,0.0,0.0,-0.10247400658247073,0.9947356824679287
0.26258698797235824,0.040110785779824146,-0.01287585697494903,0.0,0.0,-0.42217611203756056,0.06130169965147638,0.6475181058765607,-1.6357643092767553,-0.10382214254842892,0.9560736304578871,-1.912011768525608,0.0395022876238306,1.1200431427703452,-1.6760053974218094,-0.4069378770386369,1.1637516384227913,-1.664987164477889,0.5552621750304324,-0.5731045914670585,1.09332375242733,0.03022631958055378,-0.5594053054228428,0.03166978917299553,0.021318816633608483,-0.02226628938268942,0.26258698797235824,0.040110785779824146,-0.42217611203756056,0.30989418651622075,0.24168451800264687,-0.15950969011364008,-0.2823454429716015,0.19222966860925678,0.16711955424724956,-0.2361160345156863,-0.2744111169039273,-0.15277665369100604,-0.2707824808697246,-0.2884022655415184,0.2418925555962249,-0.21206776243343833,0.13981083336911285,0.10928979038321857,0.3839628639513835,2.403932848801979,0.9693443149758073,0.0,0.0,-0.10667262979690723,0.9942941969317793
0.26611826720649684,0.030280408450490435,-0.005778578969721504,0.0,0.0,-0.3874849795795453,0.06667998825343119,0.6450209687822143,-1.6330194711112063,-0.107939140620426,0.9590658479585094,-1.9314479910983466,0.04075184819073616,1.1226975373350654,-1.6747023660976155,-0.40901155576396425,1.1688535869694667,-1.6688269064403494,0.5641596804444596,-0.5851357352848222,1.0970589658961842,0.03063768603337494,-0.5562391001731161,0.031897381736108864,0.02128304136343874,-0.022226039969469785,0.26611826720649684,0.030280408450490435,-0.3874849795795453,0.3097425415538825,0.2420796994386726,-0.16105084333193218,-0.28209684728900536,0.19388671113900435,0.16772648753716793,-0.23225707164784623,-0.2753777705233942,-0.15311197508537353,-0.2705770068817074,-0.2890670171721706,0.24198502075974293,-0.21086187255830996,0.13694354306888337,0.10961585868967551,0.38459588140368806,2.4092533634259143,0.9688282859726595,0.0,0.0,-0.11052456964382623,0.9938733920902838
0.2686762403193349,0.02346240264789218,-0.0004529523161753146,0.0,0.0,-0.3756639582138749,0.07178683206438967,0.6455752803012721,-1.6299466732889418,-0.11302606866229248,0.9592653838917619,-1.9484413452446447,0.044411188224329615,1.1237511429935696,-1.6731219831854107,-0.40866586007177885,1.176020514219998,-1.671548767015338,0.573092938400804,-0.5974355861544595,1.1004664376378057,0.03106453380314628,-0.5533316861838105,0.032195823325309854,0.021247726923320446,-0.022185956273460764,0.2686762403193349,0.02346240264789218,-0.3756639582138749,0.3096630433574319,0.24155295826194872,-0.16253079786232266,-0.2820759677515992,0.1958803931891468,0.16856934239480492,-0.22866808286084803,-0.27595574830659014,-0.15410524485242072,-0.2702717560311816,-0.2904953341177311,0.24152951903377862,-0.21004593851420877,0.13405642581199156,0.1098925905692946,0.3854060261907651,2.4145836122334,0.9681873470544816,0.0,0.0,-0.1142574138852305,0.9934511781523333
0.27217990449886975,0.01369804454208547,0.006644325689053599,0.0,0.0,-0.352584208487642,0.07636363575091713,0.6520880417755015,-1.626233480870724,-0.12000694279917135,0.9540117546342888,-1.9606646012801385,0.05277601479051176,1.1216789478292832,-1.671000026166439,-0.4035959421442107,1.1872196484070554,-1.6720877822775106,0.5820960090137441,-0.6102601312674004,1.1032339403262503,0.03152161136341208,-0.5509296042414813,0.032632609166634755,0.02121331232886475,-0.022146196167271297,0.27217990449886975,0.01369804454208547,-0.352584208487642,0.30972442346123547,0.23921605910797858,-0.16389369897795403,-0.28249755568373214,0.1985724447002859,0.1698999080986477,-0.22563143076754122,-0.27577361896100044,-0.15638350255035557,-0.26976490443654383,-0.29341366492046256,0.2400077784146821,-0.20996812588373717,0.13111650129567498,0.11010756955769928,0.3865874017170775,2.4199328686182313,0.9673025012016296,0.0,0.0,-0.11775945565713722,0.9930421494595961
0.27482742233489227,0.006776969829419638,0.01197227527602318,0.0,0.0,-0.3291524771992566,0.08052097676465134,0.6641885510001041,-1.6236104882107332,-0.12822663938949003,0.9433393338695172,-1.9683816695156005,0.06415507233200128,1.1167133770023403,-1.6702292871016722,-0.3937196630912908,1.2041610389088204,-1.6711726698737879,0.591179381841077,-0.6235212746721044,1.1055638847442772,0.0320182070449496,-0.5489778962845986,0.03321707722408552,0.02117768351140862,-0.022102570647033505,0.27482742233489227,0.006776969829419638,-0.3291524771992566,0.30992881638499403,0.23537162962998606,-0.16514658989478667,-0.28299188541150355,0.2019922588945003,0.17156333629800558,-0.2231591240343115,-0.2745465860935299,-0.1594774507745732,-0.26898676681450984,-0.29813275374498227,0.23729295269544987,-0.21034828032975086,0.1281219504822436,0.1102587248603386,0.38804150808959376,2.425297004672197,0.9661737727717712,0.0,0.0,-0.12102744057904923,0.9926491619030787
0.2816171779912202,-0.0017334693541678145,0.014302153319407929,0.0,0.0,-0.317495397628687,0.08447477157012749,0.6790459809394972,-1.6215372890807114,-0.13704663765831593,0.9300024479341058,-1.9738690976340036,0.07701020053802698,1.110328691796615,-1.6701335021509571,-0.38147223031578253,1.2239373183021163,-1.6695485341434295,0.6003016186161678,-0.636993790475221,1.1076790254849653,0.03253443132584481,-0.5472480935546069,0.033874537088335085,0.021141441906085957,-0.022057051850984305,0.2816171779912202,-0.0017334693541678145,-0.317495397628687,0.3102033144722764,0.23077191712977982,-0.16634440969465564,-0.28346367084616786,0.20575652449477172,0.17337112724713674,-0.22091926642416973,-0.27280222561486217,-0.16296612776633096,-0.2680338369192699,-0.30371448324110106,0.2339664844921935,-0.21083431892460555,0.12510059568747847,0.1103501557977747,0.38961123149890137,2.4306690532427564,0.9649242659887444,0.0,0.0,-0.12417844598271743,0.9922599022198354
0.2906557337818096,-0.009606470568816777,0.013476658540850783,0.0,0.0,-0.2710001644514586,0.08887653292801526,0.6992278448664229,-1.6234609136501184,-0.14433422910336133,0.9137621733288349,-1.9734855166708047,0.08997644360463804,1.103284029003519,-1.6733831085551245,-0.3647048625593572,1.2496165802272472,-1.6686321581498935,0.609312482393132,-0.6498785359928243,1.1096460486833866,0.03312083563874835,-0.5458720638774909,0.03470436829733305,0.02110063727461518,-0.02201129605796618,0.2906557337818096,-0.009606470568816777,-0.2710001644514586,0.31050090251777035,0.22511043161256813,-0.16762383673718245,-0.28330206995525364,0.20954974951590763,0.174954568465365,-0.2198295820729782,-0.27026773491710576,-0.1664482871893931,-0.2666858257194788,-0.3106734607789554,0.22939142932217954,-0.21129260259919405,0.12217415752437046,0.11044008950822151,0.39114152333266755,2.4361971949155516,0.963330563945839,0.0,0.0,-0.12686701595866587,0.9919197347879231
0.2999115346893588,-0.014199033082737213,0.009310175664722918,0.0,0.0,-0.2513176731668103,0.09372575208544766,0.7190988785945464,-1.6267236860898828,-0.15056272796713413,0.8977511760133954,-1.9715196215189417,0.10185529399090147,1.0970118561616309,-1.6776135884798493,-0.3476266585863543,1.2761062200252844,-1.6686714050861506,0.6181378542230684,-0.6622847238412277,1.1115952351918588,0.033720931897942875,-0.5445725081058648,0.03556880924420867,0.02105950580265086,-0.02196728090684001,0.2999115346893588,-0.014199033082737213,-0.2513176731668103,0.3107423808139104,0.21971750282523902,-0.16899894350384326,-0.28274055976811246,0.21312367585505304,0.17633291297859588,-0.21910194723230136,-0.26777359771693776,-0.16960676547267045,-0.2652333361642748,-0.3175806776633042,0.22466581231969834,-0.21137516086965955,0.11933810796314653,0.11050356059370814,0.3925701458026025,2.441824316978455,0.9616262431328112,0.0,0.0,-0.12935948490551447,0.9915977630395199
0.31224280484119404,-0.020815121927516937,0.0037576483849152686,0.0,0.0,-0.21253918437230693,0.099456569645554,0.7383575028238394,-1.6326248986789815,-0.15470456228090032,0.8821919095487544,-1.966436190673938,0.11159172189386161,1.0922616724497995,-1.6837766227813868,-0.3299360332580708,1.3041924971800594,-1.6705934567233691,0.6265977627526111,-0.6737480391390052,1.1135092791743004,0.03434800455131785,-0.5434236241361269,0.03650143961511698,0.021017730377095107,-0.021926695234679543,0.31224280484119404,-0.020815121927516937,-0.21253918437230693,0.31087330954435927,0.214869923418122,-0.17056583495034933,-0.28151857094262756,0.21628179608511636,0.17733454048066405,-0.21917315555810973,-0.2653611458752247,-0.1721423100771013,-0.26365623640147234,-0.3244333399234145,0.21968955636134072,-0.21096275470014328,0.1166784144636301,0.11056905639674945,0.39383234407694284,2.447646453976631,0.9597039770048398,0.0,0.0,-0.1314667265258173,0.9913205837752921
0.32153475398234843,-0.0255403303967126,-0.00041718415629415917,0.0,0.0,-0.17340588981105753,0.10477865507038113,0.7541745399626387,-1.640206514642788,-0.15558279065701833,0.8701934864601274,-1.9594116867161722,0.11843799441479662,1.0909628862371812,-1.6905204332791834,-0.313097705133261,1.3295362626130738,-1.675150392720332,0.634401713856137,-0.6839094174882531,1.115434234245465,0.034972938655230795,-0.5423266156934776,0.037439026037016064,0.02097819070779504,-0.02188451088463458,0.32153475398234843,-0.0255403303967126,-0.17340588981105753,0.31089268674930703,0.21127963736894823,-0.17196461856669149,-0.27992509861602205,0.21841946815295654,0.17768664510495868,-0.22007615123614743,-0.2638064158809475,-0.17386144687879773,-0.26209265091211964,-0.329953781215361,0.21496688071040754,-0.210309027792326,0.11428417915201677,0.1106360793919565,0.39483858984542086,2.453665277705742,0.957566958637192,0.0,0.0,-0.13318553714723322,0.9910911222964329
0.3338639835364874,-0.03198745692206161,-0.005961361771020245,0.0,0.0,-0.1539566130699446,0.10989472101657427,0.7682771333135089,-1.6486189563113907,-0.1548372479692963,0.8599704986151595,-1.9514256413452904,0.12384743685834107,1.091378725492037,-1.6975489085396893,-0.2966882175622655,1.3535052166821862,-1.6810100623048267,0.641878362601766,-0.6934220278635619,1.1173651161102147,0.0355967551228017,-0.5412540977390914,0.038378937962429145,0.02093977138820964,-0.02184152879411928,0.3338639835364874,-0.03198745692206161,-0.1539566130699446,0.3108566221781075,0.2083268524199502,-0.17326976161384824,-0.27814374664238556,0.22005592253786466,0.17771329165915728,-0.22139603188788803,-0.26267959552964465,-0.17517033611636038,-0.26054019594524314,-0.3347668472453718,0.2104022124415777,-0.20947606042336483,0.11202516034205809,0.11069310856381087,0.39571087647158104,2.459781859643184,0.9553232259618549,0.0,0.0,-0.13471122962903076,0.990884899779906
0.3446525680560601,-0.03781628919294483,-0.010816692016445143,0.0,0.0,-0.09561073111376714,0.11296853437446613,0.775278969452931,-1.6573731819024449,-0.1483594038022256,0.8578828243682018,-1.9421308275598752,0.12474564369767899,1.0965722615902238,-1.7034590582434945,-0.28416090301023156,1.3675252617551723,-1.6874021727305188,0.6477357475803445,-0.7001480646431442,1.1195632173464847,0.03619011027666808,-0.53961553138036,0.039257673063100476,0.020909250024347927,-0.0217945754277305,0.3446525680560601,-0.03781628919294483,-0.09561073111376714,0.3106542322784662,0.20749819244742554,-0.17397466186512667,-0.2764353631940747,0.2196207488309895,0.17652611970658091,-0.22391233617926695,-0.26306107400075807,-0.17527133776948825,-0.259364160872596,-0.33693540263847904,0.2070873147306805,-0.20919165014179372,0.11036378117895887,0.11079479969694238,0.39589364421728096,2.466193560224313,0.9527686768426347,0.0,0.0,-0.1356585603536503,0.9907556484839111
0.3493021539047748,-0.040103670435397816,-0.012899933454507684,0.0,0.0,-0.08582815275359014,0.1151841897069691,0.7797428887480727,-1.665563907187718,-0.14085329420721387,0.8577930159293685,-1.9330632084837334,0.1249230367382273,1.1017727606858194,-1.7088492323572815,-0.2736680458944583,1.3772780661686108,-1.6927892426745246,0.6529659004881975,-0.705832451367034,1.1219117049700937,0.036765925586223554,-0.53776492859022,0.04010086562126295,0.02088411279524175,-0.021748643854292687,0.3493021539047748,-0.040103670435397816,-0.08582815275359014,0.3104239544974497,0.20732969825649383,-0.17444017295532,-0.27488460726874353,0.21871571468600717,0.17507934415975956,-0.22655757468988888,-0.2635309409368668,-0.17519156166033137,-0.25833966907524925,-0.33823093169362073,0.20440934259163476,-0.209176005840792,0.10893067642472601,0.11090689240277787,0.3957995396008339,2.4726539300038257,0.9501604217176256,0.0,0.0,-0.13650885765878867,0.9906388503287626
0.35237766226615247,-0.04181162793413199,-0.014285977858190246,0.0,0.0,-0.06638017756457643,0.11569380633031513,0.7791613685683563,-1.6726343803680852,-0.13130296831234256,0.8616750125701607,-1.924447257931417,0.12366743468178021,1.1069871023870426,-1.7132056825436073,-0.2672197388914923,1.3785474939415086,-1.6961782680681114,0.656949101015925,-0.7094460128305046,1.1245591643338018,0.037306871265172896,-0.5354927922957221,0.04087339875359939,0.020869679354990907,-0.021704743629715483,0.35237766226615247,-0.04181162793413199,-0.06638017756457643,0.3101382349402859,0.2084559984484649,-0.17444524388363974,-0.2736577241673023,0.21687375847028445,0.17313178439142063,-0.22945598828276548,-0.26418149219603565,-0.174757397138933,-0.25761859066056303,-0.33785240284641216,0.20295111747878936,-0.20980226789648423,0.10794356675613315,0.1110599276789616,0.3951674418627168,2.479211055315457,0.9474453977667372,0.0,0.0,-0.13716641541151736,0.9905480172526494
0.35238748453464364,-0.04173383093800194,-0.014285977858191629,0.0,0.0,-0.06637963571313218,0.1139029798885953,0.7760363972674199,-1.6770115855794685,-0.1207726899391192,0.8643222845947511,-1.9173072896038115,0.12236683389458529,1.109239221478884,-1.7158805578947065,-0.2646160828880966,1.3716121113930766,-1.6961203131538172,0.6596128874673292,-0.7107929264983306,1.1274813038225355,0.037801176609578865,-0.5330012268028582,0.04155394094190197,0.020868434658041224,-0.02166863990490898,0.35238748453464364,-0.04173383093800194,-0.06637963571313218,0.3098525153831221,0.20993882432332084,-0.17386715136594857,-0.27311879445018783,0.2154671024566816,0.1708746390530989,-0.2321450495689346,-0.26432113472940816,-0.1743636535070659,-0.2573088817427704,-0.3361707542251541,0.20266581892187732,-0.21117389238702572,0.1074293099683693,0.11126952507005125,0.39400544533989046,2.485764172787849,0.9447206882043528,0.0,0.0,-0.13782390735741268,0.9904567484553453
0.3524276565501259,-0.041395746342914104,-0.014285977858191634,0.0,0.0,-0.06637937371753302,0.11096538603305817,0.7716435194015503,-1.6800462007522583,-0.10975390672683716,0.8663540482521057,-1.9109030961990356,0.12104380130767822,1.1100146770477295,-1.717717170715332,-0.26392897963523865,1.3605866432189941,-1.6943440437316895,0.6616189479827881,-0.7110099196434021,1.130540370941162,0.03827223181724548,-0.530400276184082,0.042188625782728195,0.020873764529824257,-0.021636422723531723,0.3524276565501259,-0.041395746342914104,-0.06637937371753302,0.30956679582595825,0.21159733179961193,-0.17299998029130872,-0.2729145938069649,0.2142758966884103,0.1684427767727543,-0.23471369308841677,-0.26420779707313297,-0.17398989181493493,-0.2572047046388992,-0.3338230874910063,0.20295898535741713,-0.2129030840634296,0.10714575349872749,0.11150518519315933,0.3925800238085279,2.4923152923583984,0.9419911503791809,0.0,0.0,-0.13848133597984555,0.9903650436002056
