vx,vy,vz,wx,wy,wz,base1,shoulder1,elbow1,base2,shoulder2,elbow2,base3,shoulder3,elbow3,base4,shoulder4,elbow4,arm_1_joint,arm_2_joint,arm_3_joint,arm_4_joint,arm_5_joint,arm_6_joint,arm_7_1_joint,arm_7_2_joint,com_vx,com_vy,com_wz,height,e1x,e1y,e1z,e2x,e2y,e2z,e3x,e3y,e3z,e4x,e4y,e4z,arm_eex,arm_eey,arm_eez,com_x,com_y,quat_x,quat_y,quat_z,quat_w
0.028273857709119967,0.06440252675614971,0.00925648383342248,0.0,0.0,-0.07629351822062305,0.15076684951782227,0.753751277923584,-1.5620752573013306,0.06623927503824234,1.113205909729004,-1.8215937614440918,0.17438286542892456,1.0750036239624023,-1.5379199981689453,-0.16725337505340576,1.220846176147461,-1.5179226398468018,0.33017322421073914,-0.4008439779281616,0.8624057173728943,0.011089920066297054,-0.5053731799125671,-0.012603423558175564,0.023572741076350212,-0.02682425267994404,0.028273857709119967,0.06440252675614971,-0.07629351822062305,0.2800000011920929,0.20027271450572823,-0.1865570907488721,-0.28608096248940185,0.13937469725363288,0.12476914678385277,-0.26291397993324056,-0.28742541654215553,-0.19135358529358876,-0.27179596100339787,-0.3330517859924953,0.18682788953695373,-0.2575149295452549,0.20228722116394435,0.08271896916536771,0.41820980790213613,0.0,0.0,0.0,0.0,0.7357038904625623,0.6773033187267357
0.03046361012885498,0.06445084099236605,0.009264708847127323,0.0,0.0,-0.07629351822062305,0.15197120922013424,0.7386311175148119,-1.5613537902900394,0.08250636356385378,1.1153459074676677,-1.8217050747204853,0.18124228742601195,1.082442775849373,-1.5329327352585331,-0.15487769342237903,1.2183849397098718,-1.5097797882599642,0.3265723824287401,-0.4060572210605854,0.8658154000090869,0.011500303596792254,-0.5026431147770215,-0.012580134064680146,0.023565171907345455,-0.02683911340371255,0.03046361012885498,0.06445084099236605,-0.07629351822062305,0.28018513086876135,0.2047607941180368,-0.1868974537737926,-0.2858854377080928,0.1388426886660772,0.12049296574971172,-0.26402137520209545,-0.29056053782742325,-0.19316917045575713,-0.2705484602934939,-0.3340329119180643,0.18375869755078386,-0.2600541912853189,0.20144438958415778,0.08153954379243622,0.41788174329996963,-0.001330320892762059,0.0004572580400754207,0.0,0.0,0.7351869378160338,0.6778644159894243
0.037326554802744126,0.06451569073786748,0.009289682979651824,0.0,0.0,-0.06545304843197629,0.15274525089289553,0.7240224824584086,-1.5584326726134106,0.0982477767760181,1.119774151019298,-1.8229141218260625,0.1853015945696916,1.0935520228519235,-1.529459203870493,-0.14263022800500247,1.2177537453217318,-1.5038525908651317,0.32333895788397843,-0.4114090909240066,0.8705452208450618,0.011894482197940991,-0.5002681176081353,-0.012564451240109928,0.023567326981106966,-0.02685384340851324,0.037326554802744126,0.06451569073786748,-0.06545304843197629,0.280370589545978,0.208776644406296,-0.18715815161577254,-0.2860329574465096,0.13790316547282455,0.11636798684934996,-0.2647466720602561,-0.2944776103851685,-0.19412061969753136,-0.26917423953254893,-0.3350708308970405,0.18062562865083964,-0.26214850325512845,0.2004844817287756,0.08041790885631778,0.41717028871920037,-0.0026682642435381277,0.0010057205582992257,0.0,0.0,0.7347430974107413,0.6783454730498832
0.05100445515861428,0.06465375594841212,0.009338744652315214,0.0,0.0,-0.04337791906868716,0.15264300857820817,0.7104554990286468,-1.5510322663091844,0.11291872389534469,1.1288620951355144,-1.826358554183796,0.18365884964825005,1.1121349180898359,-1.529068180309829,-0.13064385742269535,1.220849182016106,-1.502437271097655,0.3208537284405001,-0.4170432552214592,0.877963323106048,0.01225566167023874,-0.49861616793499197,-0.012564258359532843,0.023589284149228885,-0.026868307221961277,0.05100445515861428,0.06465375594841212,-0.04337791906868716,0.2805567181879474,0.2118427344011769,-0.1872705919239872,-0.2869683330427688,0.13614091672008521,0.11258693894150253,-0.2647694960962031,-0.2999581341905896,-0.19333205473516824,-0.26755270492929567,-0.33622271040387863,0.1774271428012994,-0.2633817590696446,0.19929020700455652,0.07940553253864077,0.4156841595185301,-0.004021729690633634,0.0017399085592979225,0.0,0.0,0.7344487761341905,0.6786641254958081
0.06478132468416387,0.06478265401469843,0.009387800984057837,0.0,0.0,-2.6562211553977757e-05,0.15189331080964816,0.7009174093123405,-1.539543793192901,0.12632805084989918,1.141134247557664,-1.8315496974521213,0.17677518474372056,1.1363072036415018,-1.5311327228409415,-0.12093361544566343,1.226066390246046,-1.5042847437670581,0.3199458568754162,-0.4225048117312906,0.8876841002040439,0.012534300192496255,-0.49782891395271467,-0.01264899388609928,0.023632608727955903,-0.02688553449313914,0.06478132468416387,0.06478265401469843,-2.6562211553977757e-05,0.2807441393320706,0.21310881241423996,-0.18730117706729285,-0.28867933072423285,0.13386899452366102,0.10920911174430312,-0.26422726094614823,-0.3065254373568789,-0.19099003686342092,-0.26577602805028316,-0.33729266260687907,0.1747605939285441,-0.2637937966806473,0.19789695372475186,0.07871891916746984,0.4134702730577927,-0.005407193837533821,0.0028356836305924536,0.0,0.0,0.7344485958659637,0.6786643205816217
0.0830536584723137,0.06504248262727963,0.009453013592722326,0.0,0.0,0.022437321782824808,0.15080811339680866,0.6934670190657339,-1.5259369581830973,0.13908362917361722,1.1550563988292517,-1.8376459545559354,0.1671757703934092,1.1633758096284763,-1.5344696950741565,-0.11240282192772863,1.232383061908052,-1.5078229361537536,0.31985534348368216,-0.4278769260239003,0.8985980815357633,0.012770167495187465,-0.49748972955570425,-0.012777737769094633,0.02368700551036011,-0.026904193737867912,0.0830536584723137,0.06504248262727963,0.022437321782824808,0.28093223022730973,0.2134367005044908,-0.18728577292413473,-0.2907926649264809,0.13135329259342865,0.10606385852195313,-0.26336171352305565,-0.3135876845136575,-0.1878634838495478,-0.26378107366746484,-0.3383141477141188,0.17238093122246903,-0.263774042954482,0.1963949924720074,0.0781968936677315,0.4108772868780497,-0.006809239128878253,0.004118826547403916,0.0,0.0,0.7346008514760997,0.6784995129037231
0.1011991166197772,0.06526402438376643,0.009517780234737093,0.0,0.0,0.08746973521469256,0.14877815272218436,0.6947314303408387,-1.5092811340926795,0.1511364931701332,1.1694229828414096,-1.8487810665561306,0.1524717245371111,1.1952431471117082,-1.5415815960976385,-0.11014346329755681,1.2388468673152309,-1.5130888749194402,0.3233748414824086,-0.432294644976175,0.9113657929564035,0.012741319524745146,-0.49855187599376966,-0.013174852466471093,0.023768028204319298,-0.026920003235660572,0.1011991166197772,0.06526402438376643,0.08746973521469256,0.2811222598757795,0.2106092040623236,-0.1870810629036756,-0.2936523325283364,0.12959872483990018,0.10324366784302985,-0.2617077124147196,-0.3211320616470973,-0.1832909082066979,-0.26141377824310735,-0.33901324876121675,0.17164909234478995,-0.26283202091421715,0.1946900682612444,0.07847494552916058,0.40761386363708196,-0.008264073861702796,0.0059411195257017685,0.0,0.0,0.7351940521835283,0.6778566999255546
0.11513834153251688,0.06545947380798553,0.009567870034112025,0.0,0.0,0.10914700099797571,0.14615303582401687,0.6985294573195946,-1.4925453487690203,0.16323420918116005,1.1829622338749601,-1.8620295486142557,0.13725264824419467,1.227521128124661,-1.5497026610118088,-0.109775970673262,1.2446536082093433,-1.5187339171713825,0.32824972976920425,-0.43628112923714424,0.9243216482541894,0.012589831442628924,-0.5001804954689464,-0.013692570853591178,0.023850855501001453,-0.02692989177841653,0.11513834153251688,0.06545947380798553,0.10914700099797571,0.2813129414366992,0.2069254591223142,-0.1866887782904526,-0.2965955234842772,0.1284415011074535,0.1004999150273381,-0.2597861322255113,-0.32842651909982606,-0.17864092211457627,-0.25871708760030865,-0.3394461629254568,0.17142524996377229,-0.26172352003544075,0.1929298333456759,0.0790470393460786,0.4042672039080193,-0.009739186177464155,0.007941974049908072,0.0,0.0,0.7359334745216,0.6770538538983184
0.13493176487002567,0.06407773958540405,0.00856627166057611,0.0,0.0,0.1540781804704235,0.14227240348374973,0.7075499356006636,-1.4757170647275917,0.17544672053347352,1.1947103512329866,-1.879692396809978,0.12105885879754165,1.2605572674009535,-1.5598959602335447,-0.11331426563228758,1.24904320445112,-1.5251493436888555,0.3359458654798487,-0.4393649351212286,0.9376338598548725,0.012181453089693754,-0.5029910308272181,-0.01446270397580546,0.023936870204131235,-0.02692711898075637,0.13493176487002567,0.06407773958540405,0.1540781804704235,0.28150497467714397,0.20151349738646285,-0.18590502962848315,-0.2997083917722243,0.12849424592424277,0.09786564322647281,-0.2573669334545311,-0.3353313514599954,-0.17380380776127197,-0.2556413293282568,-0.3393274011091975,0.17223748715843715,-0.2602866077425946,0.1910672130478111,0.0802403486262156,0.40076313556706705,-0.011256538097843475,0.01031284760950821,0.0,0.0,0.7369757932237854,0.6759191373250002
0.15109304175180144,0.061468594925841974,0.006965251379116577,0.0,0.0,0.2082801948576295,0.13824037342302262,0.7189728656122761,-1.4600610156213083,0.18719981851116305,1.2036851221515286,-1.9009211409476496,0.10646122597878979,1.2912960052490234,-1.5714455689153364,-0.11847741685567363,1.2504645355286137,-1.5339032411575317,0.34602597163569543,-0.4428310105877538,0.9504786172220784,0.011512985903649561,-0.5067810166266656,-0.015471870590361857,0.024018339572414275,-0.026911258156741818,0.15109304175180144,0.061468594925841974,0.2082801948576295,0.28165559230312226,0.19543454927906728,-0.18501509705618094,-0.3025654280703721,0.12982691754511314,0.09547489661340769,-0.254586794479436,-0.341161855055219,-0.1695131263051575,-0.2523678740258366,-0.3379177776135983,0.173496436828334,-0.2589344177123214,0.18894647714432483,0.08188399554340789,0.39766221779953553,-0.01275834510283124,0.013098013226784045,0.0,0.0,0.7383820003942894,0.6743826966150064
0.1747588146512125,0.05585413883596612,0.0032268304337737526,0.0,0.0,0.23789075888711086,0.13412563534834052,0.7317082461063152,-1.445045354118484,0.1987019406638265,1.2111448241818337,-1.9240979208313864,0.09273556761416911,1.3207796812057495,-1.5837361244317878,-0.12452822103829367,1.2502643143404342,-1.5439346366458468,0.35740843201623596,-0.4465059185113531,0.9630680060728476,0.010702433151369881,-0.5111060725745334,-0.016611620316475523,0.024097325841105112,-0.026888247392404037,0.1747588146512125,0.05585413883596612,0.23789075888711086,0.28178358473230863,0.18895233960158803,-0.18404822526010348,-0.3052025054026257,0.1318319761037347,0.09326015884865571,-0.25157381448414984,-0.3463422452644663,-0.1655643631095765,-0.24894261814833746,-0.3358092983370039,0.17499129951597187,-0.25760551871077786,0.18667113654082507,0.08374679297983863,0.39478135059949904,-0.014251659978114362,0.016109505060753086,0.0,0.0,0.7399842051799198,0.6726242458343605
0.19886043676254217,0.04921707504347869,-0.0010166704441066932,0.0,0.0,0.33725213644888646,0.13132039940912663,0.7444293840811671,-1.433686851173319,0.20778518509266625,1.2109671929403873,-1.949566666797925,0.08452605608329979,1.3431502461006137,-1.5976727530093175,-0.13030803865856594,1.2433345202476747,-1.5592298443599413,0.3721220400384677,-0.4526274056844814,0.9735468555522221,0.009550282477958656,-0.5166903204388089,-0.018040469350246544,0.024146756270773524,-0.02685584318173188,0.19886043676254217,0.04921707504347869,0.33725213644888646,0.2817846655204732,0.18299833698865664,-0.18338128446521434,-0.30702389138967356,0.13596522455088575,0.09170586521545182,-0.24851277224589452,-0.34921039046312663,-0.16316325044754804,-0.24574037304563595,-0.3308103935746936,0.1764807984203693,-0.2568794753779426,0.18380835909065107,0.08614952539234179,0.3933870611767195,-0.01564752818569274,0.01984405992919826,0.0,0.0,0.7422484365539966,0.6701248081015562
0.21783135537014942,0.043937213641511166,-0.004345627241238159,0.0,0.0,0.37078091034145444,0.1290938671558134,0.7570101003493032,-1.4237387129055556,0.21537942110851246,1.2072491479176346,-1.9746652956931823,0.07829905637810307,1.3631519732936737,-1.6123080804783811,-0.13541909795935436,1.234511060099448,-1.5761011223639212,0.38769101071101364,-0.4597578510161369,0.9833553221917921,0.008336092150139232,-0.5224898963846186,-0.01952632432503085,0.024185544140236354,-0.026819135933633772,0.21783135537014942,0.043937213641511166,0.37078091034145444,0.28174291791454437,0.17727343747567537,-0.18284497136999703,-0.30846508293039065,0.14076317825311996,0.09054704595570223,-0.24551334163873292,-0.3512399804092753,-0.16132686437997007,-0.24258861478621796,-0.32500171588242505,0.17779992640101067,-0.2562698020312827,0.18072222360656479,0.08861176220657824,0.3924797310719981,-0.017020382828289462,0.02382200425590879,0.0,0.0,0.7447280292408927,0.6673680861885563
0.24237724024190005,0.03751802099609938,-0.0086674446700713,0.0,0.0,0.4415003454559082,0.12811051068767423,0.7692722210320093,-1.4167943342612208,0.2197219054331489,1.1959046838958631,-1.9987941608634046,0.07627340894873424,1.378162782679322,-1.6284407278970152,-0.13902418534388253,1.2217560570727113,-1.596263381742662,0.4050195801428997,-0.46904662283517984,0.9917567987595836,0.006999858715120821,-0.5287089548657872,-0.021125703449210817,0.024201775096543802,-0.026773165691123212,0.24237724024190005,0.03751802099609938,0.4415003454559082,0.2816108404308237,0.1721235040041441,-0.18262630834167803,-0.30925680024704083,0.14702916510443356,0.0901425410903233,-0.2427378413139121,-0.3516435215051632,-0.160592128699996,-0.23963966179894164,-0.31749937574145976,0.1787456036271799,-0.25595671340114845,0.17718640366798077,0.09124397111897861,0.39259918083697365,-0.018346331993578584,0.028313181666810884,0.0,0.0,0.7476672033969941,0.6640736050804292
0.26093288021914424,0.032018340058453776,-0.011918541564735763,0.0,0.0,0.5061138677550602,0.12853910066320906,0.7832380753264205,-1.412385616678491,0.2201963698351255,1.176779092853642,-2.021652976244581,0.07654768300633277,1.3901856099405596,-1.6465976558705813,-0.14031447881438827,1.2076005662213944,-1.6183734252034123,0.4236522695069672,-0.47983054063653435,0.9994606809376816,0.005661210704488032,-0.5348639266038027,-0.022715081757862507,0.024198871319546067,-0.02671509780203356,0.26093288021914424,0.032018340058453776,0.5061138677550602,0.2813962201277415,0.16683595814114383,-0.1827868365230617,-0.309415032556957,0.1546936398678124,0.09062325989985948,-0.24009620637394843,-0.35085073274712536,-0.16044128100193264,-0.2367846669501137,-0.3092841018814956,0.17906700474336942,-0.2557239288893847,0.1732994700021688,0.09395534351235865,0.39326406603121145,-0.01965475850154422,0.03327224183974514,0.0,0.0,0.7510185961487554,0.6602810524608081
0.2874268026192258,0.024318524604038882,-0.02223979614968813,0.0,0.0,0.5433008417162003,0.1297802258563298,0.7981843800954921,-1.409436100272722,0.21844489824387336,1.153175683431728,-2.0437809139169674,0.07814549678756344,1.4004889380547307,-1.6659195000125515,-0.1402726739004094,1.1926391342634797,-1.6416043632773942,0.4430354429829505,-0.49147487263525685,1.0067631172877487,0.004321173173926211,-0.5409820182349092,-0.02429870488021963,0.024184956045080256,-0.026650068059723864,0.2874268026192258,0.024318524604038882,0.5433008417162003,0.28113409876823425,0.16147418400175187,-0.18316081940872542,-0.30916952426596117,0.16304546100988956,0.09164012226253473,-0.23733187657020272,-0.3493732504259775,-0.16061345521375106,-0.23397133792969138,-0.3007034727471985,0.17900733629836418,-0.2553826022457376,0.16919366696390606,0.09664673469860142,0.39422502262620407,-0.020953101216144458,0.038500555300263944,0.0,0.0,0.7545948244567525,0.6561910170850275
0.31447508906423616,0.015502256310740065,-0.03631991938450874,0.0,0.0,0.5835741373204143,0.13205923561981503,0.8188674091010966,-1.4116422647216413,0.21193902103704362,1.1190004006936132,-2.06227971234202,0.08131045177845972,1.4074733744385421,-1.6896214062167751,-0.13842190583119682,1.180345693369493,-1.6662704884792314,0.4636274467232407,-0.503702036582441,1.0143283353484231,0.003123588149025235,-0.5468276286210638,-0.025708656464319503,0.02414782917440792,-0.02657487121908041,0.31447508906423616,0.015502256310740065,0.5835741373204143,0.280506628281754,0.1551673948359561,-0.18373496065423622,-0.3078778128055736,0.17301810430700107,0.09365407003903958,-0.23484485869755814,-0.34618307672516974,-0.1611586551416897,-0.23121931354839192,-0.2926610016937257,0.1783890697779631,-0.2545838120558867,0.16482498305214593,0.09940968338896944,0.39514850227400344,-0.022214180693083767,0.04452294182018995,0.0,0.0,0.7584113362200764,0.6517762231724002
0.33769890943453906,0.006642473611467914,-0.05235833292793618,0.0,0.0,0.5797185223861616,0.13485200783257845,0.8406832113488174,-1.4162164862437916,0.20479337652097038,1.0826646264735942,-2.079658917628736,0.08483842367767007,1.4140022625632611,-1.7147914683946999,-0.1367187842886935,1.1695020993550618,-1.691450197209594,0.48445688460462843,-0.5161702925586359,1.021976707656751,0.0019971446190897263,-0.5524768970345938,-0.027023120139021174,0.02409900726890692,-0.0264940882054922,0.33769890943453906,0.006642473611467914,0.5797185223861616,0.2796813019928539,0.14894823200014223,-0.18440177745969724,-0.3060746705446188,0.18307708700840808,0.09583465142350989,-0.2320769373155622,-0.3425909519267423,-0.1617636866618692,-0.22834414647928658,-0.28501681004272295,0.17774938508879554,-0.2533114031279327,0.1603576123006487,0.10206334631112071,0.3960304269305448,-0.023457714466638465,0.050843276030060225,0.0,0.0,0.7621770595031575,0.6473686198504839
0.36752577621209137,-0.003794334694691509,-0.07322636770091122,0.0,0.0,0.5668291963064038,0.13878885872902408,0.8647120729569466,-1.4260306781338108,0.1965337530259163,1.0420748110740414,-2.094667657729118,0.089099956135596,1.4197319707562848,-1.7431040002453713,-0.1355335654750947,1.1619105339050293,-1.71773789774987,0.5057496159307419,-0.5291668311242135,1.0298017455685524,0.0010292369932416937,-0.5576777958100841,-0.028123219527544516,0.024024104939833764,-0.026400765223849203,0.36752577621209137,-0.003794334694691509,0.5668291963064038,0.27841229496463654,0.1430139120219786,-0.18529463798380408,-0.30330272133983727,0.19352926064687861,0.09823996452693391,-0.22919976171989537,-0.3381865039064892,-0.16250083055866,-0.22522146167782423,-0.2781514815476691,0.17715736814749175,-0.2513277784164325,0.15571911406698843,0.1046277016916354,0.3968595304297582,-0.024662339519108498,0.05780985266450914,0.0,0.0,0.7658342895530549,0.6430379778401643
0.38993613154602336,-0.012711393778696706,-0.08892439385896067,0.0,0.0,0.5554646810952495,0.14360940595254248,0.885349501204747,-1.4402003074632324,0.188558889332638,1.0057643579325797,-2.107680757413201,0.09422001167864781,1.4258369891019704,-1.77190848789762,-0.13635608489795398,1.1562371117239785,-1.7460628312121156,0.5272980789557152,-0.5426245754764926,1.037771068593507,0.0002445369812002328,-0.5618387930709401,-0.028984267545002763,0.023933949109206917,-0.026298763250471445,0.38993613154602336,-0.012711393778696706,0.5554646810952495,0.27675224728481745,0.13902092859695095,-0.18637507373948328,-0.30000206847647326,0.20261447308807565,0.10055324916577886,-0.226227204071977,-0.3337968025073263,-0.16338605633073883,-0.2218055801412733,-0.27154563684728594,0.17698883251424655,-0.24848558331906065,0.150955379924806,0.10706395144638046,0.39754047790980673,-0.025851571511837743,0.06534888865058994,0.0,0.0,0.7693943237505187,0.6387741185900395
0.41979669941701314,-0.023087757106876217,-0.10979242863193711,0.0,0.0,0.5485865361964053,0.14896526922034534,0.9039325034746559,-1.4570083267799843,0.18075652436543538,0.9720462107743841,-2.1194849595374103,0.09986013409057398,1.4321693587901345,-1.8010109872373627,-0.13839483036789843,1.1517256417154838,-1.7756218576944003,0.5490014563751904,-0.5563617041034083,1.0458277951004684,-0.0004291814955545573,-0.5653698499912002,-0.02970050559729658,0.023834553176677355,-0.02619150381094666,0.41979669941701314,-0.023087757106876217,0.5485865361964053,0.2748553192102781,0.13622054315211196,-0.18755070235613241,-0.296389235036455,0.21082691436761142,0.1028034362952017,-0.22313515984474325,-0.3294281104452783,-0.164337160093097,-0.2181681460103161,-0.26515680998767205,0.177053187889924,-0.24504589034677504,0.14611562830132163,0.10935886719752615,0.39811328463626283,-0.02703147886260863,0.07323470289775547,0.0,0.0,0.7728869751218073,0.634543712983639
0.4490392484937236,-0.03384778847507683,-0.12781392502528438,0.0,0.0,0.5312103323773396,0.15436028937498728,0.9116351053278934,-1.4753934914065945,0.17366496177129848,0.9546074437838729,-2.129481372012887,0.10769425228398333,1.4412321634190057,-1.8260129087714738,-0.1462139170016012,1.1467340646251556,-1.8078865902398222,0.5705226961002555,-0.5697206643319899,1.0539926085420834,-0.0007793785082877323,-0.5672739301958392,-0.030013638318225903,0.023713208454590972,-0.026071661262102024,0.4490392484937236,-0.03384778847507683,0.5312103323773396,0.27236055013953997,0.13715178696884167,-0.18876628966515346,-0.2931729075096824,0.21532474531822646,0.10477978825902892,-0.22047638757825044,-0.3265176475920548,-0.16570596895891676,-0.21412384581638788,-0.2583243548584344,0.17842248855310894,-0.24033224325488423,0.14134590709833922,0.1115427881841729,0.3982859180192742,-0.028215256469544543,0.08199919479829008,0.0,0.0,0.776246831978664,0.6304291045336404
0.4742302101116548,-0.04492544499925302,-0.13682166094420994,0.0,0.0,0.5193130690208385,0.1588793362767893,0.9161119792196486,-1.4926240598001788,0.16664586240245452,0.9428839615168965,-2.139289188555919,0.11654570933738488,1.450340212886906,-1.8483430027534458,-0.15616103162902228,1.1402657104649425,-1.8395187256584031,0.5918022037406976,-0.5822962618643237,1.0619674036579747,-0.001017211856300472,-0.5687281801281864,-0.03018724422995335,0.023582430442922006,-0.02594505749829781,0.4742302101116548,-0.04492544499925302,0.5193130690208385,0.26974276220926674,0.1388700647039144,-0.1897416496148498,-0.29035484689845636,0.21854272217134835,0.10669157085867158,-0.21788785353932716,-0.3241461438502508,-0.16725067082132017,-0.21010574116187586,-0.2513965717656983,0.18021696913003823,-0.23526349475985006,0.13672810363515786,0.11363752287881503,0.39826068443794443,-0.029390601768395377,0.09109207141249837,0.0,0.0,0.7795102654912192,0.6263894523328192
0.5074197003638945,-0.059053759197207845,-0.14325075892991923,0.0,0.0,0.49117544558143994,0.16115682553433175,0.9137506749894884,-1.5067041189439834,0.15972046409883808,0.9436614062623738,-2.148847716683555,0.127712781203904,1.4592130226900928,-1.8643781797005712,-0.17079885234542214,1.1300885373973504,-1.8691881378064445,0.612487920937145,-0.5929203648721018,1.0694431604877594,-0.0010097196165432213,-0.5692429326768417,-0.03005639538435953,0.02343038703218156,-0.025802807515240056,0.5074197003638945,-0.059053759197207845,0.49117544558143994,0.26688768370177157,0.142115093409417,-0.19016074699795327,-0.2885404075853965,0.21913822132984787,0.10849672120712868,-0.21561811375569914,-0.32295510867928656,-0.16927599741972893,-0.20630394875557873,-0.2440443528067458,0.18304023094091335,-0.22976736908981743,0.13248636866189614,0.11574441216104739,0.39784726042656715,-0.03054392058736107,0.10091049998571366,0.0,0.0,0.7825775336461652,0.6225531333406692
0.5331536636286914,-0.0718545568601931,-0.14406420210356372,0.0,0.0,0.45447589360262264,0.15946125343281736,0.9113480987087372,-1.5167520251325382,0.15238278110822043,0.9505439112263341,-2.1578013281668387,0.14058213176265838,1.4632621016553653,-1.875476094984239,-0.18866845004020197,1.1168522642504783,-1.8927213068931332,0.6323931518421378,-0.6013076491253351,1.076157062284408,-0.0007723720584024668,-0.5690347706117937,-0.029670794043810136,0.02326270248941196,-0.025647418273072087,0.5331536636286914,-0.0718545568601931,0.45447589360262264,0.26401273185206997,0.14463215510299543,-0.1895013653598936,-0.28772695017339983,0.218443200864391,0.11032014284398094,-0.21357530663086777,-0.3216660591896728,-0.17171884103297064,-0.2032800648955933,-0.23708424777297585,0.1866016165201357,-0.22455470438993846,0.12868192621756158,0.1178928633652676,0.39712736390816605,-0.03165277906803675,0.11140024493778905,0.0,0.0,0.7853988055158915,0.6189900777025514
0.5675503472771022,-0.0874939167939261,-0.14514596498567955,0.0,0.0,0.43109265954102194,0.155233828504453,0.9089192216114331,-1.5242304220849041,0.14478236767980787,0.9613168957412884,-2.1663694535532305,0.15453626776254306,1.4642372344984376,-1.8834277160706059,-0.20859751345649843,1.1016665645824966,-1.9123441250093522,0.6518010140319879,-0.6082695096624368,1.0823854682266072,-0.00038854807188006674,-0.5683659276654643,-0.029122850427063564,0.023085050558584567,-0.025483655973628002,0.5675503472771022,-0.0874939167939261,0.43109265954102194,0.261125115617629,0.14669020144294653,-0.18816241184438404,-0.2875535644730074,0.2169479448933627,0.11214889802211839,-0.21166193051696464,-0.3203231843415479,-0.1744209662476014,-0.20072862987497198,-0.23039329442466186,0.19056437422001365,-0.21943032760421238,0.12514264343888246,0.12004925712798722,0.39621453161868414,-0.03273330498019427,0.12231778954305958,0.0,0.0,0.7880599283099458,0.615598529394055
0.6003636365730816,-0.10248579483263875,-0.14617904540031174,0.0,0.0,0.37461681485419385,0.1445837951261937,0.9182802955736824,-1.527971684719072,0.13945396890776984,0.9695088359190145,-2.172636132086477,0.16746503130723076,1.4534707488124943,-1.8860975072375334,-0.23218795892158295,1.0872480138655631,-1.9161830345789592,0.6698458384869347,-0.6112077960404017,1.0866008796144984,0.00032008137874385545,-0.5662769267208687,-0.02819942618890475,0.02288533286542021,-0.02530568593104894,0.6003636365730816,-0.10248579483263875,0.37461681485419385,0.2582068932526428,0.14448625035150497,-0.18496236606161787,-0.28815572505897263,0.2158043480171759,0.11342219813506045,-0.21026599952966119,-0.31744967264228235,-0.17719222413554603,-0.2001633350669334,-0.22630484032863513,0.19567988261978295,-0.21588482951782897,0.1223816712989497,0.12245168563373106,0.3950011244011006,-0.03375274860250053,0.13427424457551762,0.0,0.0,0.7903605341654758,0.6126420047904516
0.6276143813155939,-0.11591262413576459,-0.14704122445062115,0.0,0.0,0.35482859483162327,0.1320166280192714,0.932253030038649,-1.5320816886040471,0.13547608160203503,0.9759608353337934,-2.1767293945435555,0.1790867491114524,1.4390068823291409,-1.8871234770744079,-0.2567662875498494,1.0751706630952897,-1.9148007823574928,0.6872350823494696,-0.6124821343729573,1.0899566296608216,0.0011356189666736497,-0.5635986270443086,-0.027145807661356467,0.02267947768972766,-0.02512396108959952,0.6276143813155939,-0.11591262413576459,0.35482859483162327,0.25527795380161655,0.14095634756741632,-0.18117238207159758,-0.2886843185565353,0.21484503485274387,0.11434841303681478,-0.20933543647789885,-0.3140691979033272,-0.17980858427146332,-0.2002826593278946,-0.2235490812738096,0.2010919964172221,-0.21273085394750152,0.11992390855829722,0.1249205737790067,0.393675076265114,-0.03475112504055423,0.14659601305761644,0.0,0.0,0.7925293877155362,0.6098337229173518
0.6623025008503675,-0.13445259106360213,-0.14010825357984105,0.0,0.0,0.3109342333869787,0.11536096874958297,0.9566925734174722,-1.5378367277029168,0.13476724436633475,0.9781413625218107,-2.1753277035169702,0.18734198429464866,1.4165465746301904,-1.8846049428413418,-0.2833906215578852,1.0693080925172376,-1.9019889810179296,0.7030823467880167,-0.6099401244553186,1.0913293506936788,0.002184908259593244,-0.5595679090869042,-0.025804056782662656,0.02246079348214638,-0.024934509996071084,0.6623025008503675,-0.13445259106360213,0.3109342333869787,0.25232524427461794,0.13457838595523813,-0.1761117243000084,-0.2888680538904631,0.2143013029007549,0.11445334099697729,-0.20960766817205206,-0.30956008563358267,-0.18199612104429316,-0.20201721651603752,-0.22395450326553215,0.2073115357444454,-0.21063866061373782,0.11820168342338738,0.12763441503219725,0.39209752015217375,-0.035702933827715534,0.15972878551611336,0.0,0.0,0.7944217384266412,0.6073665297949775
0.6884777272513998,-0.15187948082766473,-0.12753779155379108,0.0,0.0,0.27100130610049655,0.09782237829273316,0.9831343201326214,-1.5476570172121875,0.13640223694531295,0.9816917497197359,-2.1676179183426725,0.19147546749602082,1.391633161934473,-1.8787666221673343,-0.3131258159769052,1.0707111358642578,-1.8854258043364385,0.7175756671522681,-0.604912729032578,1.0905523308716367,0.0034114719672282134,-0.5545214339823705,-0.024196666001098554,0.022230292493510845,-0.024732141224767572,0.6884777272513998,-0.15187948082766473,0.27100130610049655,0.2496736236584229,0.12840105783821762,-0.17075669485610978,-0.2883554413079885,0.21297116779966813,0.11389411301993174,-0.2112953449542281,-0.30505372659561547,-0.18347689465894138,-0.2047925258130931,-0.22672467540603625,0.2142794543066183,-0.20816288854210396,0.11700298468891607,0.1304908132478619,0.3906314032797318,-0.03650774052333234,0.17357136597556455,0.0,0.0,0.7960647924653833,0.6052114062020364
0.7239409042072138,-0.178575142785519,-0.0984047556222549,0.0,0.0,0.2442471216011119,0.07969222394048531,1.0109175430831088,-1.560201024496427,0.13960759550012566,0.9861599431242994,-2.155681710089407,0.19284737686957082,1.3650761688909223,-1.870704044577896,-0.3449452868712845,1.0769821405410767,-1.8663492061758555,0.7311618449867412,-0.598220125321419,1.0883349846768122,0.004756809532722475,-0.5487944015892603,-0.022411296484611373,0.021991874261568952,-0.02452111760935476,0.7239409042072138,-0.178575142785519,0.2442471216011119,0.2472237326124663,0.12241739052571793,-0.16524750180148007,-0.287290933894361,0.21107549812777004,0.11287937757524902,-0.2139092916911228,-0.30049044265030145,-0.18446847714538422,-0.208244191859909,-0.2311514478461496,0.22172029369610113,-0.20523361485933422,0.11613221895041366,0.13345046326539076,0.38923249252293435,-0.03721405581761432,0.187889517795655,0.0,0.0,0.7975406293729017,0.6032652356132217
0.7576765198169666,-0.20544193377806536,-0.06576702399279517,0.0,0.0,0.17621867597788649,0.06080723885032867,1.0287187099456787,-1.5763087272644043,0.14127053485976326,1.0005260838402643,-2.1354028383890786,0.18810212777720559,1.3402304251988728,-1.854572852452596,-0.3807794782850477,1.0907371044158936,-1.8492975764804416,0.7422312498092651,-0.5886193116505941,1.0827668640348647,0.00635212364917,-0.5411191913816664,-0.020240647097428642,0.02174907053510348,-0.024301727612813313,0.7576765198169666,-0.20544193377806536,0.17621867597788649,0.24573743343353271,0.12012283701169657,-0.15961610103553836,-0.2864424208555747,0.2063423688555489,0.11193925087667961,-0.21812798398909847,-0.29771665765037675,-0.18427828626395953,-0.2130967964229442,-0.2372578801052802,0.22968644980793207,-0.20063748112244134,0.11604139593731227,0.1365180280137556,0.38812300688946383,-0.03751492500305176,0.2033799688021342,0.0,0.0,0.7986024570804469,0.6018588834146034
0.7862288698619146,-0.22909075077146412,-0.03794741726690712,0.0,0.0,0.15207917959423597,0.04139575087148227,1.0418136854752844,-1.5919229514282665,0.1405225831975219,1.017745690106491,-2.1137091096584086,0.18231431547031607,1.3169050802039417,-1.8367848302301113,-0.4167172834010108,1.1063987012405123,-1.8345677459539051,0.7520490709598774,-0.578774560096016,1.0759409161878744,0.008034922573114597,-0.5328957701242099,-0.017936067391974734,0.021507172040828238,-0.024085424446557584,0.7862288698619146,-0.22909075077146412,0.15207917959423597,0.2445930516527545,0.11915992698903072,-0.15392419016326203,-0.28591199647703314,0.20067400026891818,0.11149942917994869,-0.22234148517167002,-0.2954942435994728,-0.18381311472166695,-0.2180699117852706,-0.2435819013088684,0.23732969279860688,-0.1951744597095119,0.11614746588567229,0.1394924809886022,0.38729988925960235,-0.03766502666964753,0.21928768303231955,0.0,0.0,0.7995168356251742,0.6006436793573277
0.821785749457388,-0.25774441922151087,-0.00344490812670753,0.0,0.0,0.09765529244903212,0.020634495843482217,1.0435658706131803,-1.6053185052769159,0.13316664868785488,1.0409841204202304,-2.0897978762144684,0.17488573299300283,1.2975820943873415,-1.816020337484216,-0.4520575718213154,1.1258876580064014,-1.826081250303535,0.7588195582871796,-0.5688756345420755,1.0662358255796536,0.009914194549163508,-0.5235264032117782,-0.015331285995661564,0.02126886307071614,-0.023879890680633564,0.821785749457388,-0.25774441922151087,0.09765529244903212,0.24421953674285643,0.1210907089399248,-0.14793232630788777,-0.28646944111614747,0.19323997232022738,0.11253125859496686,-0.22635069299495775,-0.2946900596361829,-0.1829068533575755,-0.22314448308542933,-0.24994397657580136,0.2441639335493572,-0.18842803828587557,0.11675552289127375,0.14216608504443476,0.38727576689510956,-0.03747087508760473,0.23613694534506854,0.0,0.0,0.8001030147348768,0.5998626224496418
0.8484453393036633,-0.27956158280018034,0.022509682082360455,0.0,0.0,0.05464228746936945,-0.0011385132602039702,1.042640750980719,-1.6150013238298424,0.11810826811952822,1.0578791569637997,-2.067906837736834,0.16679955917447267,1.2768585053823327,-1.7988888961012646,-0.4833141529004635,1.1490530882257715,-1.8207849593145446,0.7630593584429833,-0.5593592797983504,1.0544987737491567,0.011890490539371976,-0.5131559833403556,-0.012509633279589117,0.021036955404452523,-0.02368926690177037,0.8484453393036633,-0.27956158280018034,0.05464228746936945,0.2444552553276862,0.12310716734369621,-0.1416726432000105,-0.28758431205308554,0.18712418697288952,0.11547031002847617,-0.2292225883734766,-0.2927875770482498,-0.18173950014411672,-0.22805021727644925,-0.25674277387658684,0.24963898477932367,-0.18155459394682477,0.11773457242424594,0.14452485721389413,0.38786646944593106,-0.0369834699884965,0.25373122939926757,0.0,0.0,0.8004306739468859,0.5994253383073942
0.8727039408266295,-0.29698704966658124,0.05324426437577911,0.0,0.0,0.02435763540888468,-0.023623879825342517,1.0398305902344351,-1.6220700736541476,0.09762673675479855,1.0703079264651063,-2.047438181429354,0.15825038737080002,1.2551487773977301,-1.7843154194534465,-0.5116954706475726,1.1748070558766737,-1.8177348328320355,0.7655173482433442,-0.5501122861352873,1.041331055343792,0.013935099355876446,-0.5020807404671945,-0.009535285450624948,0.02080955477865366,-0.023509140970939802,0.8727039408266295,-0.29698704966658124,0.02435763540888468,0.24511992402615085,0.12518350881139584,-0.13519722467856357,-0.2890363368238469,0.18196073253963546,0.11980714359940331,-0.23126626832493447,-0.2900778984748513,-0.18036182711979493,-0.23281297292655306,-0.2638154917567965,0.2540578342155327,-0.17455695645535285,0.11898425228942311,0.1466590620535477,0.3888862135330594,-0.036289590474311594,0.27185006957754865,0.0,0.0,0.800576656040787,0.5992303545403481
0.8882340253262132,-0.30389825494845074,0.07943882336539643,0.0,0.0,-0.10216953524976116,-0.044784518980210866,1.044736385345459,-1.6262632685322915,0.06764652820364116,1.0557554306522492,-2.0313447983034196,0.14688952171033426,1.2223147499945854,-1.7823947245074856,-0.5264597573587971,1.210717543478935,-1.8123176866962063,0.7629932088236655,-0.5419663344660113,1.0260676799281951,0.016036337902469024,-0.48966262513591396,-0.006301296634539475,0.020609941694044297,-0.023361099823828665,0.8882340253262132,-0.30389825494845074,-0.10216953524976116,0.24658502590271736,0.12452901362005811,-0.12909834702614892,-0.2900290691945687,0.18328149840748378,0.1265052242333513,-0.23193686183660928,-0.2821343913934732,-0.17818438741061332,-0.2375365613926387,-0.27383898116859373,0.25558473282260585,-0.16970545451123922,0.12091424256797352,0.14800504619062416,0.3906502191444511,-0.03542430951229988,0.29057238275004976,0.0,0.0,0.7999640073268368,0.6000479872323451
0.8921668798969702,-0.3000983385112818,0.09899906093074338,0.0,0.0,-0.16356472451809428,-0.06360495325485015,1.0520215201121506,-1.6313320419694362,0.03665296834856795,1.031199425779363,-2.015555101483526,0.13401773318274468,1.1860615391030531,-1.7848196768846136,-0.5358158807173424,1.2503658704005691,-1.8058473158053598,0.7583687275541299,-0.534472526187965,1.0101634744674928,0.01814735993262261,-0.47691938484014146,-0.003002175911059291,0.02042114615146618,-0.023223632753002172,0.8921668798969702,-0.3000983385112818,-0.16356472451809428,0.2482974769607667,0.12335753284667386,-0.12369482416971092,-0.29044477236823807,0.18696816505548675,0.13354503836827716,-0.23232310719609092,-0.27243090787374363,-0.1754851660372894,-0.24194962855066326,-0.28493151147139706,0.2558018739365653,-0.16544885557267808,0.12310838788296039,0.14895927957251515,0.39271583807549526,-0.0345636182548111,0.3093617098092179,0.0,0.0,0.7989814704002102,0.6013556434898719
0.8958068042609204,-0.2940129122242837,0.12256732230545297,0.0,0.0,-0.3166635960977413,-0.07560605857534647,1.0644490052294988,-1.6399002387104924,0.005216284010786325,0.9834882008132114,-1.9994683351140723,0.11729328355695186,1.1424288040420916,-1.7970415178592913,-0.5323809742073005,1.298645149849649,-1.7968058235756386,0.7486905376543708,-0.5286732471971957,0.992879198443505,0.02027252370551709,-0.46355460269049503,0.00042409389730422523,0.02025778076234257,-0.02310963921702891,0.8958068042609204,-0.2940129122242837,-0.3166635960977413,0.2505449883399471,0.12136641095739412,-0.12034453504361828,-0.28949093556383215,0.19608712366277803,0.14078887431229997,-0.2324286719558588,-0.25905547852113525,-0.17161390522431993,-0.2457113316608525,-0.2985437843485572,0.25330571332120466,-0.1628964646392292,0.12590016730703443,0.14894488276903042,0.39552731468676605,-0.0337652309153456,0.3281872822606008,0.0,0.0,0.7970731900575275,0.6038827118667306
0.8991395186345743,-0.2876671051553989,0.14029672656435258,0.0,0.0,-0.4333055233076467,-0.07799464464187622,1.071251739737808,-1.652422348658244,-0.024043238771859012,0.9339077536777783,-1.9775659191992976,0.09871242996505514,1.097790998797263,-1.8102234319974018,-0.5196953447916175,1.3479296225373463,-1.7893846342640538,0.7349935026579006,-0.5238128554436469,0.9753502895755153,0.022334798169071954,-0.4495430652813245,0.0038791147751673543,0.020117383029672406,-0.023016577806844508,0.8991395186345743,-0.2876671051553989,-0.4333055233076467,0.2532001698529848,0.12169436875473391,-0.11980290579985708,-0.2877464851719724,0.20523783719992228,0.14763526522418258,-0.23318716917297538,-0.24529373243981095,-0.16711286884252508,-0.2488601178305646,-0.311934903635102,0.24883373004895593,-0.16133140268634732,0.12917853131678392,0.1481227386145346,0.398530623941286,-0.03294008685856737,0.34703962937478094,0.0,0.0,0.7944490502064913,0.607330804937477
0.9023919049276667,-0.2830299304669009,0.16386515617797942,0.0,0.0,-0.5195749331468945,-0.07327397167682649,1.0738945024415156,-1.6678687069151137,-0.051692569154351345,0.8829448609796477,-1.9513623458082958,0.07875861093989414,1.0524098603956162,-1.8241154002459672,-0.5001680348936376,1.3979575193911042,-1.7831617939856745,0.7183241968086544,-0.5196468490426258,0.9576404543333157,0.024350560747594382,-0.4350531984614643,0.007355399464847891,0.019993971792920943,-0.022938997448024783,0.9023919049276667,-0.2830299304669009,-0.5195749331468945,0.2561568574025212,0.12370934357367747,-0.12130575518624212,-0.28541762990718944,0.2145522864000209,0.1542495680814681,-0.23428963437668815,-0.23131206571871354,-0.16212806908042612,-0.25127527594187116,-0.3250454342679579,0.24289312405771368,-0.16021618737981846,0.13279634231726328,0.14664945828131748,0.4016802974217371,-0.03209515397960994,0.36591177858332147,0.0,0.0,0.7912827881121342,0.6114503653097997
0.9060448611319316,-0.2739085653449244,0.18070992816733716,0.0,0.0,-0.7030454786509956,-0.05276439101251653,1.0535664960047677,-1.6852480976385027,-0.07427802836809531,0.8625722828731742,-1.9183720935630115,0.061128966510295896,1.013481325146118,-1.8295966997796063,-0.46861687078270864,1.4340174001604853,-1.7843010711840832,0.6953958426752398,-0.5171460596891287,0.9402786307437446,0.02618970047669171,-0.4201128165568075,0.01076133653695117,0.019918079284356915,-0.02288238452513799,0.9060448611319316,-0.2739085653449244,-0.7030454786509956,0.259754776100104,0.1324250469623172,-0.1271841620102829,-0.28305181525474005,0.21601025219370767,0.15993315320276963,-0.23744022730706466,-0.22037018709695874,-0.15770719535532976,-0.253711805054162,-0.33319521386343093,0.23549210826753808,-0.16188897840824457,0.1370549428877915,0.14379755772308805,0.4050114498565419,-0.031090397200810867,0.3848238323538107,0.0,0.0,0.7869644582392765,0.6169983318195942
0.908929399924691,-0.25655778748145286,0.17862051298114107,0.0,0.0,-0.7539970686717243,-0.028488572967308817,1.0238727831071424,-1.7012704944097867,-0.09539859197152559,0.8573940838536909,-1.8845488602115261,0.04608833052778757,0.9779395473900662,-1.8314935212494226,-0.4348903932879048,1.4610592178119126,-1.7882096318788425,0.6703804430141244,-0.515041519236821,0.9233190250653093,0.02795413737335513,-0.4051897154059461,0.01409589975912084,0.01986297892947351,-0.02283175227542718,0.908929399924691,-0.25655778748145286,-0.7539970686717243,0.2633852545292147,0.14341367697392574,-0.13404256219578817,-0.28060518901398457,0.2135996608589358,0.16550084621718025,-0.2410372325729896,-0.21084439890799234,-0.15390146036381475,-0.2558475627711906,-0.33856603842318134,0.22818888802977566,-0.164431027719738,0.14146577890258905,0.140370455003598,0.40829958576364656,-0.03010356217943212,0.40372107202006924,0.0,0.0,0.7822899386652945,0.6229144819821174
0.911477377859508,-0.2300458661390385,0.16147380020456042,0.0,0.0,-0.85744700544868,0.0026573678712262586,0.971428817318332,-1.7121669224940748,-0.113472340461601,0.8914463135503953,-1.8503519232555103,0.038736681757648384,0.9512692788168522,-1.8245508551170322,-0.3982059257004852,1.4633609052200043,-1.7986468213433433,0.6406919434933681,-0.5136583804229682,0.9075584922212854,0.029534819345640874,-0.3904800048652089,0.01722067492716948,0.019859594042583178,-0.022793457119001284,0.911477377859508,-0.2300458661390385,-0.85744700544868,0.26689959661934964,0.1597909243756014,-0.14274025720822672,-0.2784402874665335,0.20089516809394647,0.17057773651931374,-0.245341617051055,-0.20484735009193797,-0.1520757776423651,-0.25812944529626636,-0.33697520705048895,0.22163440420508415,-0.17002958134572602,0.1462822804175104,0.13582454195343846,0.41136497385915183,-0.029231128766865715,0.4225558135458217,0.0,0.0,0.7769200189852141,0.629599304399246
0.9138135513061013,-0.19992198925122667,0.13616920639109856,0.0,0.0,-0.8951365252709071,0.03361693406510945,0.9087278449834463,-1.7164033249714896,-0.12931775648854538,0.9501361235922808,-1.8161292413656858,0.03819392787085638,0.9286113240385568,-1.8150413267074093,-0.36323570521501664,1.4462865779049507,-1.8099919113207035,0.6083158696851424,-0.5119482086550805,0.892948589230951,0.030916010713919088,-0.3762791584042238,0.020064454472299965,0.019893578971372283,-0.022769950991196018,0.9138135513061013,-0.19992198925122667,-0.8951365252709071,0.2698442065373971,0.17795115046422894,-0.15134385023232813,-0.27624062479949146,0.1810802863790606,0.1751697231422814,-0.2488828733950349,-0.20019579737580473,-0.15200269931813248,-0.2599410552881744,-0.33084772852185484,0.21614856925898604,-0.17753794666389633,0.15133083410627804,0.13059792325202677,0.41403501061637077,-0.028656106949600267,0.4412955879951463,0.0,0.0,0.7712531189133207,0.6365285748232167
0.9158379086416679,-0.16565246859944238,0.10253076431571832,0.0,0.0,-0.9244364230196166,0.06443176250303945,0.8380613250117148,-1.7154675799031411,-0.14343265900688787,1.0279593736894668,-1.7818865660698184,0.04293893277645111,0.9090693150797198,-1.8035383839761057,-0.3295967617342549,1.414164920007029,-1.8220420729729436,0.5738526371217543,-0.509984064486719,0.8792322604886947,0.03214227852802123,-0.36247349362219533,0.022690014012398257,0.019956585139997544,-0.0227579299600855,0.9158379086416679,-0.16565246859944238,-0.9244364230196166,0.2723463648749936,0.1976034616999045,-0.15984013478548104,-0.2734232207279666,0.1553614370621792,0.17913838014516054,-0.250286815683443,-0.1965806512443448,-0.15332025241200217,-0.2614233959759597,-0.3211395558009479,0.21115475407375697,-0.18628062837117315,0.15648548652791539,0.12477370818729301,0.41639703880333423,-0.028312053711664294,0.45996161141703207,0.0,0.0,0.765335861241983,0.6436311206716095
0.9179424683521572,-0.13233389952779323,0.07161966468270942,0.0,0.0,-0.9841998796039422,0.08373104148013609,0.7691005795232715,-1.7067342359959865,-0.15108639594688208,1.1180680071581217,-1.7471677496441804,0.05220049822629562,0.8921533400012601,-1.7943550297009048,-0.29817135883061274,1.3597387336060995,-1.8264447548910707,0.5361081752725828,-0.5059283753877045,0.8675657132620453,0.03297575895664512,-0.35061076668000996,0.024659604234721064,0.020067721097913695,-0.022780969745636412,0.9179424683521572,-0.13233389952779323,-0.9841998796039422,0.27394543711002584,0.21578951684569117,-0.16514061694690396,-0.2717217761415971,0.1255739774386801,0.1810341541204766,-0.24915953924226655,-0.19330461564238832,-0.15581743472442905,-0.26196567891467265,-0.30762090292676864,0.20704093348406113,-0.19728552928432058,0.16213634132459873,0.11826940838874252,0.4178579388697742,-0.02840999495838919,0.47852271699136295,0.0,0.0,0.7589641765233155,0.6511323818965583
0.9202465611244893,-0.1008577606521131,0.043587183653240325,0.0,0.0,-1.0062555073645973,0.09766401625555476,0.7029573297842431,-1.6964467870719118,-0.15614123263239435,1.2069444109462066,-1.7119980661672505,0.06139285507274783,0.8763790177615313,-1.787005313835691,-0.26774947553552614,1.3012458880742392,-1.8264314726689383,0.4974274498587442,-0.5009307231099802,0.8565688308421856,0.033654782079881235,-0.3396754888650764,0.026344580515738455,0.02019633703921858,-0.02281655819158614,0.9202465611244893,-0.1008577606521131,-1.0062555073645973,0.27521115146230196,0.23308917680085417,-0.16888927250061508,-0.2697811591669174,0.09565517055131859,0.1817640783324444,-0.2451234739052518,-0.19005525540380966,-0.1582942651209303,-0.2621438314399599,-0.2936466092863359,0.20262604069412737,-0.20812936288354011,0.16780725564994164,0.11139833364788425,0.41900577245199166,-0.028663292413704283,0.4970572398554894,0.0,0.0,0.7523736956331393,0.6587365346778121
0.926242204755551,-0.06584261115637968,0.005946476613322149,0.0,0.0,-1.0584276652531122,0.09763019860431713,0.6459893712433437,-1.6840086701095744,-0.1548072482629489,1.286276812194496,-1.6754463539328628,0.06842498657523943,0.8635012847121044,-1.7851135589743172,-0.2399139317774004,1.2379319667816162,-1.8141486234562372,0.4568498717841282,-0.4935112294330392,0.8470547923477747,0.033957836488562244,-0.3311741336058545,0.02730798889552393,0.02036594038689008,-0.02288135491632005,0.926242204755551,-0.06584261115637968,-1.0584276652531122,0.27568892445615545,0.24763871257649828,-0.16883757381911468,-0.26935059749880275,0.06792936759362282,0.18058027534327414,-0.2398140481099701,-0.18684414732830704,-0.16015225376957204,-0.26160419716531835,-0.2803313518545046,0.1985018874899277,-0.21946186735729822,0.17383323309826737,0.10406039836761441,0.41943646699218523,-0.029274830875057046,0.5155428965245523,0.0,0.0,0.7453593016776319,0.6666629668750418
0.9349791228467742,-0.03370730622383894,-0.02662246799810808,0.0,0.0,-1.090253615871204,0.09149883305620549,0.5942052487404116,-1.673197559131089,-0.14885676216908253,1.354888663069749,-1.6383576000035878,0.0710895882659061,0.8533491896044824,-1.7851536919139193,-0.21275067286679394,1.1797873174845104,-1.79242953262876,0.4158973433210858,-0.4844456844859653,0.838633273237495,0.03394195359988025,-0.3247536380231167,0.02768859480871522,0.020552257496503093,-0.02296269526805288,0.9349791228467742,-0.03370730622383894,-1.090253615871204,0.27544901052683485,0.2609631824830167,-0.16707806293908267,-0.2689432676675659,0.04299868433968784,0.17812322503554934,-0.23375492501046363,-0.18411086578510213,-0.16084272537985764,-0.26121343299418986,-0.26947844907158636,0.19402585094108488,-0.23064103645514172,0.17990319695526633,0.09645282319839735,0.41940014662926817,-0.030162896353444317,0.5341701349477187,0.0,0.0,0.7380466845826077,0.6747496508903289
0.9524056268473263,0.003041535827763786,-0.07631208039953763,0.0,0.0,-1.116256042468822,0.08039664041825091,0.5466470795293007,-1.6637128117263957,-0.13914282358248173,1.4147609348365484,-1.6008310403447852,0.07019370369693284,0.8454190819494186,-1.786768733386925,-0.1861354722557956,1.1258567486185327,-1.763017853528368,0.37463914878052185,-0.4740382499165005,0.8311023949294962,0.03366606747965232,-0.3200294954375127,0.02759409001544385,0.020752199955524936,-0.023057522272230478,0.9524056268473263,0.003041535827763786,-1.116256042468822,0.2746240257362311,0.2732487187987138,-0.16394706405323264,-0.26855542135844024,0.02042685806033162,0.17475118237780157,-0.2272023591664677,-0.1817752072146483,-0.16058354528071456,-0.2609585275186146,-0.26055208502105126,0.1892203370429279,-0.2418377051436848,0.18594967598777495,0.08854183417874956,0.41897082634398264,-0.03127639146528364,0.5529127932791215,0.0,0.0,0.7304687680753725,0.6829461024608368
0.9708516862976015,0.03946642781956322,-0.12449367125401956,0.0,0.0,-1.159073683982258,0.06555173025336311,0.5010770725947553,-1.6540121891165291,-0.12636232416155513,1.4624637993433143,-1.5652064059370305,0.06221287513291961,0.844894366879617,-1.7850440215038996,-0.15821572465281322,1.0856079696327126,-1.7208818479250834,0.3346624188525701,-0.4619773318690638,0.8252999628743818,0.03284701332449913,-0.318961444721427,0.02653550136313643,0.02096859351681766,-0.023179142305286983,0.9708516862976015,0.03946642781956322,-1.159073683982258,0.27239652731085334,0.2849427339924572,-0.15981393048615467,-0.2682332074136865,0.0015048959072179041,0.17086881859384528,-0.22120153316103267,-0.18185357267467253,-0.15851521935238447,-0.2621488481703401,-0.2570331043760991,0.18365788767526403,-0.2535267714622951,0.1918685032835458,0.08066666294404515,0.418061910412278,-0.03284317759736892,0.5721721514578789,0.0,0.0,0.7225038503986162,0.6913668969217243
0.9881154434150419,0.07435056606836238,-0.16909742120346238,0.0,0.0,-1.1750933858038124,0.0499901046782838,0.45566581590201244,-1.642304588389653,-0.11386209702299482,1.508382861332227,-1.5312509771743554,0.0522876402436618,0.8475930143855379,-1.781609694590278,-0.12921986659474682,1.0513724661215231,-1.6753328504528193,0.2957476794612876,-0.449422828612789,0.8199060843409604,0.0318183929969867,-0.31931260623384977,0.025122453475297554,0.0211888623814429,-0.023305160050216968,0.9881154434150419,0.07435056606836238,-1.1750933858038124,0.26964427888607034,0.2963929879563789,-0.15551977500423902,-0.26783617643269886,-0.016314263151822536,0.16709017628732564,-0.2139599305278112,-0.18301796906171944,-0.15593999808409112,-0.2638618535412065,-0.25548349882224386,0.1772540859602228,-0.26512344025725576,0.19751008541895326,0.07272191516978488,0.4170697722658062,-0.03456313458127788,0.5916397125062978,0.0,0.0,0.7143297587269558,0.6998092567243513
1.0087824316177723,0.11174103767292848,-0.22204946659799002,0.0,0.0,-1.2135994257705027,0.033645899599171095,0.4098331095069969,-1.6231385828346336,-0.10399240904277375,1.5538188001160977,-1.5026149232755,0.03866463894271515,0.8586484920166726,-1.7734413693882658,-0.09683492336435572,1.0327952079020948,-1.623441098411451,0.26018061699833084,-0.43585523866838033,0.8151661366972017,0.030278118948141742,-0.32314021313916824,0.022867278159198805,0.021415305293856126,-0.023434015424875373,1.0087824316177723,0.11174103767292848,-1.2135994257705027,0.26563263046271485,0.3073626342425468,-0.1510881185818762,-0.2684020554142441,-0.032468342875212386,0.16393031611149508,-0.20515295503072828,-0.18706348483395643,-0.15239224282528419,-0.26679857839330806,-0.2593524561754301,0.1693175483578865,-0.27659450079757997,0.20284317265282298,0.06527238463359011,0.4160870016450474,-0.03662817201520379,0.6116273670213623,0.0,0.0,0.7057842715836686,0.7084268218984304
1.023648135849305,0.14598911845737506,-0.2618827620073886,0.0,0.0,-1.2397744933443997,0.01634226162587448,0.36868635685213164,-1.5987195622536445,-0.09765812970938222,1.5998663210099742,-1.4822715674677203,0.025974493593938924,0.8741041191162601,-1.7638513003626177,-0.0594982713941606,1.026531538655681,-1.5709146530397478,0.22748946422530766,-0.42262981783959175,0.8106803740224531,0.028442767058168693,-0.32926486769030167,0.020101140223203175,0.02164951243227528,-0.023568110240082586,1.023648135849305,0.14598911845737506,-1.2397744933443997,0.26076230022215074,0.31672091596985114,-0.14642818554995907,-0.27016080024429584,-0.046486188015499696,0.161543144038231,-0.19481447054754295,-0.19254121776161442,-0.14904086270900757,-0.26976701865829306,-0.2670234704811818,0.15928554052131202,-0.2873369446327383,0.20770416111333895,0.05819194669943924,0.4153995877004513,-0.03888194707612837,0.6320074315994016,0.0,0.0,0.6969471334964654,0.7171225091370791
1.0494678803747348,0.18311508205994803,-0.27858552966921124,0.0,0.0,-1.2622563001365572,-0.0017822244902237945,0.33154869795272857,-1.5698062954837704,-0.09434858888494499,1.6464370843757437,-1.469023075582306,0.014082458337575321,0.8933243185388572,-1.753044850510081,-0.0179251575021334,1.0308028288639575,-1.5178451922632035,0.19725881196478368,-0.4096971416986117,0.8064120807100795,0.026354959681897182,-0.33735477411618797,0.016897845379073566,0.021890362297388388,-0.02370668768775933,1.0494678803747348,0.18311508205994803,-1.2622563001365572,0.2551573199824193,0.32474510082460145,-0.1415136170557496,-0.2729926008012735,-0.05855081015609456,0.15977708615121577,-0.18335130233392688,-0.19928471712816842,-0.1458496078010778,-0.27267139717815303,-0.27817307555458753,0.14733822785544498,-0.29691862257082113,0.21217222114029288,0.05143528454898276,0.41496141193093083,-0.041297197662374024,0.6527232247868746,0.0,0.0,0.6878396852548204,0.72586263672168
1.0757812474683783,0.2179638731135291,-0.26804127974108594,0.0,0.0,-1.1730535753388605,-0.022923445082052643,0.3112731738329788,-1.5390524180559275,-0.09256178877686941,1.6793300579952937,-1.4808822626708655,0.00821750683169211,0.9207955141648597,-1.7498657613672235,0.027927640251361352,1.0567112225358204,-1.4680871455045583,0.1720884760114027,-0.3986432402791943,0.8023684969085092,0.023907384564799645,-0.34912579343737665,0.013034488127890665,0.02212810765377723,-0.023837106482636546,1.0757812474683783,0.2179638731135291,-1.1730535753388605,0.2496188790353823,0.32808316219554845,-0.13564203869346453,-0.27840233223217914,-0.06229994164640769,0.15872330136466556,-0.17573250255881406,-0.20727120393787216,-0.14425059919694624,-0.2734800385708275,-0.29552890842705265,0.13356406204846244,-0.3033192110095704,0.21586599836359682,0.045625402482181596,0.41542444861336913,-0.043939473314417735,0.6743191766909801,0.0,0.0,0.6792776007632781,0.7338814216896927
1.1047560825459755,0.2527929796763412,-0.2241240714185987,0.0,0.0,-1.1093174328399822,-0.045345719783536895,0.2984787626292116,-1.509575593856073,-0.08944896488420423,1.7047324975331624,-1.5032432130587998,0.0046870351158162646,0.9517596780612906,-1.7508432980506652,0.07388168204856184,1.0897544583966656,-1.4202824126007736,0.14899251730211316,-0.3883668165053091,0.7984755577579621,0.021343713085497575,-0.362306389757382,0.0089669740478438,0.02236147715599947,-0.023961688381850078,1.1047560825459755,0.2527929796763412,-1.1093174328399822,0.24443566879277587,0.3294283968884406,-0.12918994780168253,-0.28446946956694674,-0.06227931569335402,0.15768392867770042,-0.17059748453529344,-0.2156091894292833,-0.14328115672475208,-0.27311473529381425,-0.3149915392949637,0.1195452757260969,-0.30690442498734916,0.2191824042040372,0.040142243149557194,0.4162117485255747,-0.04666929924359886,0.6962989312346264,0.0,0.0,0.6710947294832179,0.741371609963483
1.1406443586655208,0.28828961561102,-0.16607862486634206,0.0,0.0,-0.9054511947534004,-0.0711112647287308,0.30567357830676556,-1.4864183651503695,-0.08001353247191313,1.708145605193244,-1.5527790481471675,0.006922728378712925,0.9918240377125348,-1.7640000991923834,0.11761015723042179,1.1384390323392808,-1.3783691822414328,0.13120216724052217,-0.3800899251814811,0.7950558854687598,0.018530270024653395,-0.3789428189450268,0.004477118649336371,0.022578990701118677,-0.024067595427502014,1.1406443586655208,0.28828961561102,-0.9054511947534004,0.24065391617863835,0.3255417013069577,-0.12144034554766217,-0.2920290052924237,-0.052530061998254676,0.15615837589954834,-0.17274929897120095,-0.22450999548355208,-0.14387052505991224,-0.26986567843271,-0.33812635604758295,0.10653471738018247,-0.3057802116793603,0.22177511827764848,0.035790967420904554,0.4178308118302634,-0.04961476404233219,0.7192948983988883,0.0,0.0,0.6643544612416135,0.7474176542123991
1.1663027086868767,0.3199876560825188,-0.1224138069644193,0.0,0.0,-0.7715431164612224,-0.09595191863275356,0.3234553308256212,-1.4712368993348972,-0.06417867749608962,1.6939101834450998,-1.621388041417659,0.011328629107885495,1.0411865920576147,-1.7871036585086564,0.1576509216673487,1.1939552368656285,-1.3450756910453987,0.11689446658216492,-0.3736721125554867,0.7921591360509181,0.01563779427586489,-0.39732021563369324,-0.00015557233718189577,0.022780500132069795,-0.024162144316727543,1.1663027086868767,0.3199876560825188,-0.7715431164612224,0.23779252379812219,0.31910329793886055,-0.11366073695302921,-0.2990268448944686,-0.03541623704381112,0.15374129033822453,-0.1796300704841547,-0.23413732354607178,-0.14500048682974345,-0.2643064967691716,-0.36136508004738255,0.09540313064946185,-0.3006606288825916,0.22376305285259787,0.03218058571543063,0.4199829037712085,-0.052770956042206,0.7429621770817748,0.0,0.0,0.6585680376793626,0.752521188902448
1.2013878696566727,0.35788932304894955,-0.06436836041216337,0.0,0.0,-0.6513536761812415,-0.11996227262481557,0.3507412652815541,-1.4632154933867916,-0.04259888635527712,1.663831195523662,-1.7071195289652832,0.0176827842670102,1.0988963893664778,-1.8191366939134495,0.1943811275946195,1.2556043824841896,-1.3195203747800603,0.10571323527443799,-0.36892324557868383,0.7897318287562298,0.012674368727671857,-0.4172605263289584,-0.0049164907265734714,0.02296764223325637,-0.024246496679161185,1.2013878696566727,0.35788932304894955,-0.6513536761812415,0.23575736390006158,0.31034715917594125,-0.10588198848460642,-0.30536751083881264,-0.011459446134637924,0.15013668439240022,-0.1888570179689968,-0.24413630805486974,-0.14655132970897378,-0.2565164150211651,-0.3842980357968411,0.08636361035513918,-0.29192023996547356,0.22521138980213534,0.0292596121681193,0.4226197014453116,-0.05611632359764908,0.7672321104234263,0.0,0.0,0.6536524928463778,0.7567948325640946
1.2302354393328714,0.38810630114783556,-0.012840944806307573,0.0,0.0,-0.43376534793471877,-0.13604026007395914,0.38748331116946355,-1.468262604915113,-0.011014896775445721,1.6099917222094793,-1.816582723757699,0.02361560458030323,1.1786642399312772,-1.8646413852664303,0.22209243914346105,1.3206266203234271,-1.313097944396371,0.09974641649312872,-0.36603976471022465,0.7890017906397474,0.009634414824613757,-0.4392690143704841,-0.009730563579147207,0.02312267718562943,-0.024300007810515743,1.2302354393328714,0.38810630114783556,-0.43376534793471877,0.23521778938163565,0.2999098349495893,-0.1005371332956629,-0.3094072237773294,0.022297658519032863,0.14420302888523695,-0.19947044123484187,-0.2568596579147961,-0.1478173675019805,-0.2451622502734035,-0.40337293596605933,0.08112593257312198,-0.2802206554721874,0.22597157984050187,0.027573082658322146,0.42543813070127845,-0.05994327069931132,0.7925890451263783,0.0,0.0,0.6503636297653135,0.759623030903149
1.246834113744847,0.404798819649912,0.03579081333239046,0.0,0.0,-0.3389597053708192,-0.1486427651511298,0.42423622475730044,-1.476864218711853,0.0237023242645793,1.549154281616211,-1.9320126904381645,0.02759904993904962,1.267604351043701,-1.9130668375227187,0.24623586734135944,1.3833008077409532,-1.3142384555604723,0.09571675873465008,-0.3637578884760539,0.7889753315183852,0.0065876621132095695,-0.4616769982708825,-0.014536002029975249,0.023267699198590383,-0.02434262902372413,1.246834113744847,0.404798819649912,-0.3389597053708192,0.23524372610780928,0.2897723615703828,-0.09631782879734865,-0.3121725954468438,0.058165824755590054,0.13716358333469827,-0.2051418287736995,-0.27014838496319316,-0.14844712576507021,-0.23222230148739792,-0.4193608159757989,0.07767919082819288,-0.2677329530460602,0.2264545412648794,0.026334190934837867,0.4282175067147926,-0.0638743307855394,0.8182456625832452,0.0,0.0,0.647785077633505,0.7618231377395636
1.2586232424360797,0.4084572365394047,0.09142322245464587,0.0,0.0,-0.08323838767642178,-0.15183856218091904,0.4540743193318767,-1.4914374812956779,0.0647992840217006,1.4751108307992258,-2.0561459026029034,0.023340625868689627,1.3805428012724845,-1.964386824638613,0.26136722151310215,1.433190276545863,-1.3344708565742738,0.09634626296258741,-0.36274183373297414,0.7907858490943909,0.003567429890315378,-0.4843148185360816,-0.01926442310814896,0.023392433841382305,-0.024360183386072036,1.2586232424360797,0.4084572365394047,-0.08323838767642178,0.23664942191493127,0.2823618376179512,-0.09530560277579589,-0.31242387892770496,0.09661600104220372,0.12888159026076823,-0.20525864666873,-0.28681228573116135,-0.14708743030834276,-0.2168104572541424,-0.4273699192648169,0.0764860718709478,-0.25747647260016804,0.22641096922011741,0.02622659451260928,0.43070306259056046,-0.06790755953519576,0.844416662569969,0.0,0.0,0.6471507239235361,0.7623620796742472
1.2598706373063187,0.39982903434827144,0.13247110804135712,0.0,0.0,0.10931381674861695,-0.14853610765976716,0.47038134622744765,-1.503231202829696,0.10692972289298179,1.3966330781205152,-2.1763465729238316,0.011223794311605436,1.50765010191121,-2.013573514090644,0.27211952529927735,1.4652268630202099,-1.3673712374061668,0.10005645381827509,-0.3628364305769671,0.7937660499285626,0.0006099802518670647,-0.5061635104772438,-0.023896618302257266,0.023505020646318313,-0.02436692193551089,1.2598706373063187,0.39982903434827144,0.10931381674861695,0.2389006550059951,0.2787545096832978,-0.09644466904409588,-0.3115421392324167,0.13195518590144353,0.12119973766352259,-0.19889154712050544,-0.30450185672675806,-0.14424686018067281,-0.19964287198860609,-0.42801460008249204,0.0755310489968695,-0.2512791512212945,0.22595639954236807,0.026859840698409507,0.43293845304604445,-0.07182014357018215,0.8705755365364868,0.0,0.0,0.6479837043534371,0.761654199024989
1.260713936944114,0.3913575977743576,0.1870377583422539,0.0,0.0,0.2906713435648631,-0.13911320691040335,0.4739439954253508,-1.512406984537733,0.15003355488341358,1.3139788318278538,-2.2928433375546584,-0.008294560575998026,1.6481024825872064,-2.060750934812758,0.2787473746525344,1.4804485254390265,-1.4122030876016105,0.10666822161405319,-0.36397710624134244,0.7978479291803093,-0.0022883369523938515,-0.5272689536480921,-0.028438182140443503,0.023606165883041198,-0.02436347349837262,1.260713936944114,0.3913575977743576,0.2906713435648631,0.24194826623658555,0.27869805778431056,-0.0995677125670747,-0.30970305038179224,0.16303088310203154,0.1148281065122191,-0.1869220724732093,-0.3221751160061965,-0.14050807853600472,-0.1802593930958653,-0.4220516025604465,0.07459260757313235,-0.24892366844774538,0.22511317943117465,0.02818439933854379,0.4349374365309852,-0.0756190971180957,0.8967229894839736,0.0,0.0,0.6501948774396289,0.7597674784769785
1.2627640174210928,0.379810820303343,0.23521379731248343,0.0,0.0,0.6063708223323339,-0.1224587159131162,0.4587070493287937,-1.5121713261450491,0.19114800710831942,1.229592104111948,-2.384941254892657,-0.04101764915450945,1.8007600102373358,-2.10035970646848,0.2799641489982605,1.4516968970657675,-1.4691032068703767,0.11790526281761873,-0.36614840261397824,0.8038501053728083,-0.005006934135591485,-0.546617199656784,-0.03277883270094474,0.023694909948815582,-0.02435111248445126,1.2627640174210928,0.379810820303343,0.6063708223323339,0.24638216533968527,0.2832239683651412,-0.10487575859596522,-0.30749500898892235,0.18675309640069757,0.110039355951119,-0.17431747568797226,-0.3398392724277432,-0.13554114962752478,-0.15933570086981755,-0.40318345730706173,0.07243141793967187,-0.2554209177629419,0.22382053556257714,0.030636318033994636,0.43625687105622785,-0.07949562811402866,0.9228171251153434,0.0,0.0,0.6547899322729624,0.7558109185464107
1.2639187039130149,0.37164697220079,0.2826528176398266,0.0,0.0,0.7295071580729184,-0.10454683598651669,0.4389867207909996,-1.5080196814725049,0.231077636121422,1.144093239179221,-2.4669994897739866,-0.07819876208313936,1.9540011310235583,-2.136865742317665,0.27927306604214464,1.4056059468177051,-1.5286375937923313,0.13090312507631116,-0.36840000844770865,0.8105047834389526,-0.007649142658972201,-0.5652676944664303,-0.03703758800168621,0.0237747179911769,-0.024335342696383863,1.2639187039130149,0.37164697220079,0.7295071580729184,0.2513568181290849,0.2886529914403906,-0.11048421814678694,-0.3053488918781211,0.20549695870999335,0.10685852828960965,-0.16044330351797165,-0.3541845605669849,-0.13153918087360944,-0.13723529244026397,-0.3793456485521929,0.07030609355604664,-0.2634297718232522,0.22238584013669466,0.03349437622285381,0.4372582226950872,-0.08345871800590163,0.9488830038723555,0.0,0.0,0.6602862034654216,0.751014067453613
1.2632114177158442,0.35348824513984434,0.3161528471550199,0.0,0.0,1.0384959950815267,-0.08699706709513086,0.41442787241337525,-1.4934916577458808,0.2671147741938153,1.0548223462156063,-2.522692090721541,-0.125007082965212,2.099309624736883,-2.1652483444487323,0.2742513031515169,1.3155892549022543,-1.5901178429203653,0.1482214997105275,-0.3701294314476752,0.8185794556439991,-0.010085546558449152,-0.5821397545944407,-0.04108293143545004,0.02382288461944963,-0.024311172418750315,1.2632114177158442,0.35348824513984434,1.0384959950815267,0.25768827804527833,0.2944507113474408,-0.1158071583079562,-0.30447407730434756,0.21979717572391558,0.10457309684701582,-0.14959816366594847,-0.3652986707138315,-0.12813033725351536,-0.1163493502410275,-0.3436834048397311,0.0681957312948322,-0.2755089795187537,0.2208375154845224,0.03743126788632188,0.43736208319489944,-0.08776563649002372,0.9748612035559926,0.0,0.0,0.6680498484454976,0.7441165231278954
1.2608940907551198,0.3245615155606009,0.3153175516154169,0.0,0.0,1.1395295645093335,-0.07173140843709311,0.39715539319540866,-1.476325611914358,0.29922644521600456,0.9642745961425127,-2.5647791431796167,-0.17269458004864308,2.2278879739904913,-2.1905202045235583,0.2667335925563689,1.2081981038534515,-1.647566782530918,0.16869965243724083,-0.37113077025259694,0.8273119734179589,-0.012380546209232138,-0.5980635214877384,-0.044980452305847594,0.023850132420819292,-0.02428332668158316,1.2608940907551198,0.3245615155606009,1.1395295645093335,0.2640029320152857,0.29784182388490255,-0.12034424075668149,-0.30480932281516715,0.23135702806869582,0.10324199934157437,-0.1400338781961657,-0.37200353273001463,-0.12637321137884616,-0.09785338252579656,-0.30375701071298467,0.06767390524863826,-0.28482552448202136,0.219232456056554,0.04214490542551347,0.4369108854147622,-0.092088728342005,1.0006379472312106,0.0,0.0,0.6764859007535197,0.7364555832375087
1.2516984997437381,0.2814547543664231,0.27934612178888013,0.0,0.0,1.2394351764698461,-0.058722668223910854,0.38708254064710335,-1.456552949002994,0.32745938093858806,0.8724651896398127,-2.593422617963565,-0.22125078695008407,2.3399353471708126,-2.2127183551856695,0.25674964791984967,1.0836393324705007,-1.70103240440396,0.19229996685058842,-0.37141269253146264,0.836694505265964,-0.014535824995234235,-0.6130502843514993,-0.0487319104053,0.023856710428939498,-0.02425184924035303,1.2516984997437381,0.2814547543664231,1.2394351764698461,0.270300980109895,0.2988233116229494,-0.12414887442041056,-0.3064456801474015,0.2411621462421223,0.10249090888575274,-0.13208714460357393,-0.3754506043421387,-0.1258730732468767,-0.08230457450600079,-0.25994376985525436,0.06915222762684779,-0.289796230051117,0.2175265978233376,0.04761885662868158,0.4359149901487607,-0.09642780102175197,1.0262156331838246,0.0,0.0,0.6855618274484901,0.7280144097100597
1.241800210569336,0.23357862028311283,0.22972080602868122,0.0,0.0,1.2626777060212468,-0.049056001087670664,0.39786138105136093,-1.4396479809156029,0.3480773055425255,0.7848900056654405,-2.6032705016460898,-0.2654908043082043,2.4125411519013,-2.232722720792217,0.24132004524430917,0.94516934587964,-1.743969247759884,0.22079849526232723,-0.37056571052920434,0.8467458986466931,-0.016426879218295488,-0.6267490641190587,-0.052102107928538414,0.023831148621856525,-0.024210660441321284,1.241800210569336,0.23357862028311283,1.2626777060212468,0.2751767768868409,0.2937487392864703,-0.12690029255595442,-0.30990145409173236,0.249857986216256,0.1020167887320889,-0.12698233708418855,-0.37535562222968993,-0.1254427730125222,-0.0736445787296818,-0.2148334621941016,0.07357198309212133,-0.2896105601284297,0.21566186116795158,0.05431595372537783,0.43421717901953294,-0.10032205361085127,1.051291257249839,0.0,0.0,0.6946996494719997,0.7192999353701353
1.2321020994079945,0.18573437200303833,0.1798396896717791,0.0,0.0,1.2718865000216304,-0.04019563957568135,0.41666686919427703,-1.424150005463631,0.36613696429037285,0.7017076342336591,-2.606325449482087,-0.3063342955804641,2.4689650535583496,-2.2510870964296403,0.2239010915640861,0.8041627080209789,-1.7826123891338226,0.25124041207375075,-0.3691922483905669,0.8569796316085324,-0.018213428316577795,-0.640000581741333,-0.055314142977999116,0.02379041994290967,-0.0241658775916984,1.2321020994079945,0.18573437200303833,1.2718865000216304,0.27948981235104225,0.2862172633620801,-0.12945723815157456,-0.31379437532204313,0.2578007364946038,0.10173924574598664,-0.12268378276483277,-0.37410266767628836,-0.12521212575078028,-0.0678203431222415,-0.17121809173321645,0.08003523680589074,-0.28284658469755247,0.21358552368583875,0.061450948760303825,0.43226469224825015,-0.10403746102125415,1.0761825807632939,0.0,0.0,0.7037921353551564,0.7104059615545391
1.2202379425805643,0.13553127014559452,0.12305195720392209,0.0,0.0,1.295366195621881,-0.03202533428173335,0.4553124662154894,-1.4129522466317725,0.37888540268798887,0.6368801734780749,-2.5937897193389126,-0.33407442031368145,2.482679420047336,-2.2632392238972434,0.20185496201438277,0.6645332963663183,-1.8099891759161455,0.2866429841967041,-0.366268027213312,0.8674602047089608,-0.019734080947641838,-0.6522782577408686,-0.05810430211993103,0.023704618188856323,-0.02411260241542452,1.2202379425805643,0.13553127014559452,1.295366195621881,0.28237036447371205,0.27278283843763024,-0.13184853241371647,-0.31840337323686674,0.2648030744674076,0.10087146053951511,-0.1216180208805217,-0.37212952108158615,-0.123917023095683,-0.06820184839899507,-0.131559277748245,0.08845830644895551,-0.27130739930028425,0.21125532695937874,0.06983154312828335,0.4297039024427125,-0.10729013663786716,1.1006426742854514,0.0,0.0,0.7129354443251427,0.7012296715234684
1.2122307329112982,0.08990800683315159,0.08033325755468085,0.0,0.0,1.3090443746821636,-0.02289494781297588,0.5039446960640641,-1.4050786734481866,0.38678220758301385,0.5886486249585303,-2.5734054102265276,-0.34976704359909117,2.4743366771274142,-2.2694479829521588,0.17878285215960593,0.5324239972244446,-1.8332106430470732,0.32474724547837397,-0.3625952528796315,0.8778403459056732,-0.02108643612553997,-0.6644608624092567,-0.06059269803345846,0.02359506119323033,-0.024054000060671547,1.2122307329112982,0.08990800683315159,1.3090443746821636,0.28441189063919914,0.2563030178217863,-0.13464230301341773,-0.3224048398212125,0.27094781362793374,0.09974972087741527,-0.12243558428814452,-0.37050615244211516,-0.12222903013248265,-0.07107576089907217,-0.09677459265799294,0.09739630093940527,-0.2553812171157935,0.20853995937769013,0.07882845401719499,0.4269862247420453,-0.11026595663746627,1.1248956675170572,0.0,0.0,0.7220537650685919,0.6918369463611139
1.2057830414668858,0.03966798479658129,0.019803947658948717,0.0,0.0,1.3233386012005728,-0.012769355248379367,0.5629289233556363,-1.4006509024609801,0.38964988018876767,0.5576201561958557,-2.544885379011913,-0.35297140318860293,2.4431298573811846,-2.2694959332866054,0.1546472261349358,0.4081099366628985,-1.8521247666369205,0.3656520382050548,-0.35814653929843693,0.8881163808607286,-0.022264336626375884,-0.6765449175270656,-0.06276829060046905,0.023460879861827818,-0.02398987563066585,1.2057830414668858,0.03966798479658129,1.3233386012005728,0.2855836947758993,0.23667564995998414,-0.13785314081301306,-0.3253429608256424,0.2762896246031139,0.09822354443773726,-0.12544877237043045,-0.3691361730948785,-0.12009684029949874,-0.07648649447617233,-0.06689684313658775,0.1062920777413876,-0.23645471488075048,0.20535476402426134,0.08844536644124831,0.4241058290535203,-0.11295479215601441,1.1489339836182135,0.0,0.0,0.7311458837367645,0.6822211494044915
1.20368100253636,-0.008562875403211878,-0.03523614030585126,0.0,0.0,1.3464029306144196,-0.004179781376247347,0.6372269327922533,-1.4013526230302762,0.38133146920939076,0.557843045521808,-2.5050864253847402,-0.33164509287017224,2.3788508736531795,-2.2599846453649595,0.12837204855189105,0.3047439975123253,-1.861632724816654,0.4102558523523337,-0.35221442398631875,0.8969496091206869,-0.02308036472421393,-0.6890709521949931,-0.06429951929063353,0.023272753522921633,-0.023904758562270458,1.20368100253636,-0.008562875403211878,1.3464029306144196,0.2852040485455571,0.21260363561528425,-0.14063503270559255,-0.3267619627868673,0.27946711816920144,0.0963368924507281,-0.1323176602759431,-0.36780783388183524,-0.118148090037029,-0.08524647195113536,-0.04435884569337878,0.11456715892008079,-0.21866096570511595,0.20169169535508613,0.09896025282960319,0.42142638487629763,-0.11518400669845628,1.1729018218201122,0.0,0.0,0.7402650551879054,0.6723151404420752
1.2069530826080506,-0.05722853948054485,-0.09556953731830739,0.0,0.0,1.3557102989380099,0.00352682111831549,0.7169924154076526,-1.404323366380507,0.3691213534724328,0.5699999191427744,-2.4616902737634585,-0.30112104694689473,2.303179639214683,-2.2476134368595684,0.10109701213229941,0.2119437016039339,-1.866593139145964,0.4561574892758469,-0.3457223369229224,0.9051019280187546,-0.023739719730017435,-0.7017411553304256,-0.06555388761036712,0.02306292469756791,-0.02381063446963346,1.2069530826080506,-0.05722853948054485,1.3557102989380099,0.28417424916366524,0.1870309116524513,-0.14315077658382439,-0.32612311101463687,0.2812163792735963,0.09442259434967827,-0.14081428437992144,-0.36560958846296066,-0.11690032321648258,-0.09530757142968674,-0.025787677315156826,0.12209573801783292,-0.20104307852610126,0.19749921171580415,0.1096823378364214,0.41886815056794713,-0.11723525718014727,1.1968917949225313,0.0,0.0,0.749311669138828,0.6622175039157326
1.2118229012881685,-0.10826528610674746,-0.1644826651046788,0.0,0.0,1.3798686768545747,0.008128639510882808,0.808765930514182,-1.4138021199933943,0.34871955648545294,0.6110715212360506,-2.4118907118356354,-0.24886500258599548,2.203935433459538,-2.230887618116153,0.07080394237913105,0.1531010776437738,-1.857422851747082,0.5048299329255218,-0.3378946588885399,0.9111812383897843,-0.023959266883070752,-0.7146805031325227,-0.06603714599404284,0.022796922313269748,-0.023691461030994693,1.2118229012881685,-0.10826528610674746,1.3798686768545747,0.2813812670528248,0.1588158879161265,-0.14462545206483118,-0.3225926242078285,0.27903806092312466,0.09257053664567823,-0.15277497929807604,-0.3613742455467416,-0.11764198615122995,-0.10779241937052135,-0.014512996402285538,0.12873418061875913,-0.1904290033417356,0.1927380541431963,0.1210559266549608,0.41672841972525565,-0.11884734635391543,1.2210951543623403,0.0,0.0,0.758378061773721,0.651814939549819
1.2148344498777002,-0.15490438005579288,-0.21632272069172237,0.0,0.0,1.3933930654790514,0.010386702861623525,0.9053029633764725,-1.4275062661017142,0.3268034682478956,0.6638290689837548,-2.3622215879433472,-0.19003877882248182,2.0974026948320397,-2.2141475113489295,0.03633100611548268,0.11669594925364285,-1.8405880650311814,0.5543132390172678,-0.3294813427873837,0.915854904600369,-0.023924290452913572,-0.7281162230344657,-0.06599157658742748,0.022505894523634707,-0.023557837738732282,1.2148344498777002,-0.15490438005579288,1.3933930654790514,0.2775949425594781,0.13036062779982882,-0.14528867984369315,-0.3161166862745073,0.27368570608013504,0.09115350500342541,-0.16575384797480242,-0.35471845637013755,-0.12049775642653318,-0.12088299294824426,-0.0073861729993078,0.13536085148234434,-0.18439515015474722,0.18741020228970454,0.13250674974116006,0.4149925827286598,-0.1202380694315425,1.245465047897831,0.0,0.0,0.7673867811396595,0.6411844727783982
1.220290291505777,-0.20559770145280887,-0.2852358484780909,0.0,0.0,1.4082434664683847,0.010095932604377843,1.0070203217981533,-1.4458055265488163,0.3032405882753353,0.7292950826306493,-2.3126943154147024,-0.12406748495862505,1.9829436767058566,-2.197391866355814,-0.0026875349783126515,0.1046915972959184,-1.8154181353080232,0.6046783580147662,-0.320431145288611,0.9189999327864699,-0.023612519626014978,-0.7420917475949905,-0.06537090695887057,0.02218765160569581,-0.023408500230654168,1.220290291505777,-0.20559770145280887,1.4082434664683847,0.2727283582251559,0.10204357071977899,-0.14509953050375493,-0.30651532833867523,0.26447697865363773,0.09042047982892099,-0.17944019388384147,-0.34518998901963754,-0.12601709187948798,-0.13409447741445474,-0.004461568900070698,0.14249444657625798,-0.18384895407380025,0.18148782074937195,0.1440396022109136,0.41368976699595306,-0.12138805687961612,1.2700160472623763,0.0,0.0,0.7763401236709063,0.6303142171795285
1.2248227207761377,-0.25452754371636854,-0.33787728878118534,0.0,0.0,1.4311193515703786,0.004367917295425199,1.1051296187985324,-1.4698714210141088,0.2787941800009821,0.8103155724463921,-2.2640979136190107,-0.05630322089118372,1.8721887027063682,-2.178619661638814,-0.05133650067352458,0.12916569171413284,-1.7808417850925078,0.6550895648617896,-0.31121231471338584,0.9196661383874954,-0.022854723396801183,-0.7564931665697405,-0.06376451289942188,0.021815309361104044,-0.023226636431870923,1.2248227207761377,-0.25452754371636854,1.4311193515703786,0.26618550862035445,0.07719012103195566,-0.14328911592657206,-0.2949224153686463,0.25039043535320393,0.09051972756320095,-0.19324354144206293,-0.3344525554746201,-0.13394495257870034,-0.14560346400202928,-0.008370565367103316,0.15193225918421172,-0.19085178217075294,0.17502421036668034,0.15545829764629007,0.41323865537591276,-0.12221581873393828,1.2949250782689739,0.0,0.0,0.7852811671263509,0.6191393127210354
1.2362234818754632,-0.305355824143522,-0.35362946250105376,0.0,0.0,1.4223919961639837,-0.003304492027956066,1.1991081673611874,-1.4954613596735034,0.2546523345841302,0.8967345649623526,-2.2160618330842707,0.010643935598780017,1.7655838971496913,-2.1586166872345847,-0.1042153599228054,0.16722066833981458,-1.7446993132218667,0.7052342374692252,-0.3021082769158066,0.9192756754095837,-0.02190124700146337,-0.7706918357520974,-0.06174530771203794,0.02142328043938965,-0.02303264932339764,1.2362234818754632,-0.305355824143522,1.4223919961639837,0.2592132666739085,0.055235081896255755,-0.14106874313619458,-0.28197220052245575,0.23278766412958776,0.09159047017825092,-0.2058825268991391,-0.32264218409999756,-0.14365817653874863,-0.1552719004685538,-0.015843629090223882,0.16339048738092282,-0.1995283291386796,0.16799117197774735,0.16657890422151986,0.4131301501583642,-0.12291964877890857,1.320032186405633,0.0,0.0,0.794008312133931,0.6079069009825648
1.2544491971509015,-0.3585651643536805,-0.33986969019777136,0.0,0.0,1.3336994780292064,-0.015081311799719327,1.2725792110607188,-1.5220351210631777,0.233728524711397,0.9938691343885168,-2.170152384747741,0.0698144164029842,1.6794657386759277,-2.133900715886051,-0.16928492259487876,0.2361676479325926,-1.7127112312556168,0.753641776927483,-0.2939732029873838,0.915948264701392,-0.020384570163103844,-0.7829890629296662,-0.058604418096469726,0.02098828233698363,-0.02281103065524477,1.2544491971509015,-0.3585651643536805,1.3336994780292064,0.2520403301203123,0.04044807955757071,-0.1379251267462888,-0.2708932164632032,0.21074504895475632,0.09310618539436671,-0.2165790030955001,-0.3134432403486618,-0.15356752591452721,-0.16208537170277992,-0.03137102268201848,0.17923724799376967,-0.20975991971764463,0.1606232978827488,0.17712585412250167,0.41396814515071584,-0.12332575939141721,1.3458480899051952,0.0,0.0,0.802045342873809,0.5972631480130296
1.2704791750691866,-0.40721536029141964,-0.29966735738366224,0.0,0.0,1.2242706263935368,-0.029604178442749936,1.3303412186202184,-1.5451344418269333,0.21405379810640887,1.092108388100901,-2.1268380021536224,0.12229712307453158,1.604474308670208,-2.1054881439414075,-0.2391568720340729,0.3136993806849244,-1.6837391058603923,0.8005191087722778,-0.28610976344795636,0.9113528991258273,-0.018463150888521185,-0.7930557086903561,-0.054884887951356105,0.020537132978118877,-0.022578260871351407,1.2704791750691866,-0.40721536029141964,1.2242706263935368,0.24561847906599762,0.029974006070983925,-0.13428420087565748,-0.2619696559257856,0.1864409472173365,0.095504392720848,-0.22414716321843245,-0.3057263120793726,-0.16331978113988613,-0.16761077972314595,-0.050804168727625346,0.1978015120873731,-0.21738600472785724,0.1529913494407932,0.1871615375111287,0.4149586672179558,-0.12355718064692713,1.3722158273061116,0.0,0.0,0.8092973510801714,0.5873991807405062
1.2943808171207154,-0.46262889976219757,-0.24622491290492288,0.0,0.0,1.0995057630832143,-0.04726035497735462,1.3701788131481427,-1.5642693367482938,0.1958043075376943,1.1916081149090993,-2.0864846561117414,0.16714890797932902,1.542178761147257,-2.0728576559319722,-0.3145084679126733,0.40102653691418205,-1.6582082642449276,0.8456504344940181,-0.27855626571135716,0.9053107645349264,-0.01607991011619677,-0.8005772038599923,-0.05050511412509457,0.02006755462149993,-0.022332767378472087,1.2943808171207154,-0.46262889976219757,1.0995057630832143,0.2400536358249658,0.023791750645100702,-0.1299961370453716,-0.2560623176470973,0.1604472152823878,0.09860606323975638,-0.22815904446096077,-0.30023437079401977,-0.17241469056468514,-0.17226389313601068,-0.07455359504873477,0.21889510595551653,-0.22123509887839976,0.14518877028771188,0.19667380563630338,0.41612585343120284,-0.1235892768668872,1.39921322133806,0.0,0.0,0.8157069189448565,0.5784654029287224
1.3134183445313967,-0.5121818216145537,-0.2009674199059029,0.0,0.0,0.9129749705323625,-0.07103279003319328,1.3872573879884562,-1.57364003974477,0.17517602336876725,1.271549112053327,-2.05318392733092,0.19949070911680905,1.4926409007827872,-2.038648730965071,-0.3901054017432696,0.49784480115418717,-1.635650232701319,0.8863408719339676,-0.27300874563100946,0.8973218664046257,-0.012922570052620142,-0.8028741045237442,-0.045190572725295204,0.019590221105083346,-0.022077448078594755,1.3134183445313967,-0.5121818216145537,0.9129749705323625,0.2357694825498007,0.02148224844225658,-0.12411836497270487,-0.2547074600310864,0.13849234231549312,0.10300154345310675,-0.22872863761044926,-0.296852443519572,-0.17968048303864204,-0.1768136913698024,-0.10261045014004475,0.24067084241461673,-0.22110362069181871,0.1376419165845769,0.20507043453418788,0.4176934626172011,-0.12321850612065272,1.427197649914731,0.0,0.0,0.8209541670423378,0.570994094203978
1.3334363975839065,-0.565877900347092,-0.1525802264076843,0.0,0.0,0.8358558841906497,-0.09726117182803391,1.396858762669307,-1.5797290071364372,0.15386298194687867,1.339509223097114,-2.023039024363282,0.22660104513809237,1.4464014525054607,-2.0051153218874367,-0.4648856597561986,0.5985718670711716,-1.614316228897341,0.925026935915793,-0.26822186798177744,0.888432566837598,-0.009459969026827709,-0.802904373856001,-0.03952115465716653,0.019113016605216974,-0.02182071117223591,1.3334363975839065,-0.565877900347092,0.8358558841906497,0.2320149390287297,0.02038193951942715,-0.11759463350323159,-0.2547822542355165,0.11903772841550192,0.10788509927428563,-0.2273316469822384,-0.2935395444957954,-0.18631147232220246,-0.1813231412316952,-0.133448677408275,0.2618402341436092,-0.2163335464080847,0.13007140212789775,0.2128470890547806,0.41942286936266054,-0.1226612335892134,1.4555956253441429,0.0,0.0,0.8256981760870951,0.5641121537482101
1.3497118647368114,-0.6121464887540946,-0.09625138294312299,0.0,0.0,0.6311156569436573,-0.12969380227254695,1.3949254080386144,-1.5803560005721224,0.13201707804502133,1.3589353877583712,-2.0023000052325615,0.23957424180909292,1.400419579184611,-1.97908371323753,-0.5335520371314015,0.7096058613083264,-1.5962085557240313,0.9576706245381343,-0.26515804140371235,0.8767433170776641,-0.005250884477035778,-0.7964618325660733,-0.03304586157629997,0.01865049232611947,-0.02157158193622439,1.3497118647368114,-0.6121464887540946,0.6311156569436573,0.22966627349349333,0.020990670093308753,-0.10925525293129981,-0.2572617340232186,0.11133898208520676,0.11268252099544493,-0.22709473150683385,-0.2884993641823653,-0.1904155936298344,-0.18671419285632432,-0.1683811445072444,0.2801662655660599,-0.20780399770283753,0.12339850955807441,0.21946039541668957,0.4215994247362468,-0.1215233452164144,1.485114479150396,0.0,0.0,0.8292419319813409,0.5588898086777508
1.350205453488814,-0.6373319036149674,-0.04970695836783306,0.0,0.0,0.4830119380638342,-0.16164605068476814,1.3915040856193899,-1.5835180791048167,0.11174110932055345,1.348749298348649,-1.984647264190045,0.24557743197487247,1.3526167297021463,-1.9605172073542003,-0.592831994683939,0.828352595742885,-1.5799664763139567,0.9866385891446076,-0.2623045085578837,0.863653467547509,-0.0007174189125711901,-0.7870561499749461,-0.02628792033240361,0.018205440432954863,-0.021329937676321648,1.350205453488814,-0.6373319036149674,0.4830119380638342,0.22816488371100477,0.022499236519079008,-0.1009293450322806,-0.2595963044278716,0.11052109616404987,0.11693238660157025,-0.2287432602704423,-0.2813381726114926,-0.19312786553384614,-0.19220665860142777,-0.2063631430349106,0.2938697260504527,-0.19627103802733,0.11732692444015895,0.22542560874371545,0.42387117100648786,-0.12022608246213647,1.514827227934287,0.0,0.0,0.8319317632922499,0.5548779516483311
1.3400964737587668,-0.6516786248750823,0.0171414025688682,0.0,0.0,0.30568313252271584,-0.193023104821482,1.386301117558633,-1.58971558847735,0.09334493140059134,1.303106431038149,-1.9706899350689304,0.2432349564567689,1.3026335008682743,-1.9508891797834826,-0.6408729495540741,0.9563343217295983,-1.565958199962493,1.0112053578899753,-0.2597027747861801,0.8488865840819574,0.004204450235251452,-0.7741024955626457,-0.01919154510382684,0.017781309422946746,-0.021097255690443902,1.3400964737587668,-0.6516786248750823,0.30568313252271584,0.22767799515878,0.02508516672832691,-0.09263665174870474,-0.2617995993741294,0.11828164691804408,0.12062603139206657,-0.2327733750467993,-0.27177277653654064,-0.1939650255980825,-0.1977392509445034,-0.247123466084672,0.3015666979269155,-0.18223064799536812,0.11209234062578902,0.23071373989429247,0.4262612224603407,-0.11873798985635081,1.5447721404414023,0.0,0.0,0.8336240447116714,0.5523322841175891
1.3261194337428313,-0.651349815112696,0.0760449477100876,0.0,0.0,-0.021169100807903754,-0.21410563780415443,1.3734868534149662,-1.6061847820931439,0.08174021566106426,1.2216407906624578,-1.9558658668217266,0.22911491092815192,1.2558546040647773,-1.9507279472966348,-0.6669550112925977,1.0941537187090913,-1.5622368884342972,1.0287981930599417,-0.2575886202542158,0.8313203879154711,0.009548817974879113,-0.7565736227992614,-0.011901399404424702,0.017385146457127774,-0.020877254172144824,1.3261194337428313,-0.651349815112696,-0.021169100807903754,0.2288505398137595,0.03170518629199352,-0.08681255611401882,-0.2640700553388007,0.13447988143884984,0.12271166750218412,-0.23935063919350652,-0.26107836668773643,-0.19193910920591936,-0.20314964584846465,-0.28834336425156826,0.30013329148175083,-0.16777004101104429,0.10837979328020327,0.2350504823489646,0.4290711090522119,-0.1171194001177733,1.574352166131406,0.0,0.0,0.8335071022550201,0.5525087424561167
1.3086483323200193,-0.6552940886355401,0.14033215020292505,0.0,0.0,-0.15839707137466874,-0.22988118065728086,1.355230864658151,-1.6267311927665515,0.07244394951930615,1.1301641712052002,-1.9402447460372818,0.21066478877511954,1.2113914622200863,-1.9527267444091032,-0.6838810651105792,1.2336267365349651,-1.5638814540746817,1.043371849162604,-0.25574762718651883,0.8126934961178826,0.015024167014866696,-0.7371436449361961,-0.004580469007560493,0.01700079467775147,-0.02066456356943722,1.3086483323200193,-0.6552940886355401,-0.15839707137466874,0.23071979306718352,0.040524742456760444,-0.08222724496330658,-0.2664448637479918,0.1536514075913177,0.12443995645141913,-0.24543141933007917,-0.2504325501571602,-0.1886883286783608,-0.2082389071082374,-0.32722642029159865,0.2927562470399124,-0.150963626006763,0.1052881486215066,0.23891173302875068,0.4320514274189351,-0.11540047538643672,1.6037756990788228,0.0,0.0,0.8326308989678923,0.5538283001832964
1.291066377870381,-0.6563795137431735,0.21063638150051053,0.0,0.0,-0.5276714457363121,-0.22635470827420556,1.3108795881271365,-1.6570492188135781,0.06659135967493061,1.0373901923497524,-1.9202703634897869,0.18369693557421385,1.1781075795491538,-1.9512862364451091,-0.6764922539393108,1.3649218877156566,-1.5853029092152913,1.04935622215271,-0.25499069690704346,0.7917966047922772,0.02061538305133577,-0.7126988569895428,0.0025654692823687663,0.016648576905330024,-0.020481677105029426,1.291066377870381,-0.6563795137431735,-0.5276714457363121,0.2344638258218765,0.057943311957619745,-0.08215905817113917,-0.27069223410247295,0.17327764682128297,0.12547959221663507,-0.25090045534923544,-0.24285645117679816,-0.18338342188118575,-0.21394495967089389,-0.3572915151117875,0.2786280863328858,-0.13657976077938827,0.10418527555134982,0.2415317063493038,0.43538924258202183,-0.11317933847506843,1.6327613194783526,0.0,0.0,0.8296969133198088,0.5582141453130526
1.2789682210580953,-0.6549887228347058,0.2635228978369826,0.0,0.0,-0.712291174722949,-0.21299195332339174,1.249883461169445,-1.6877370833496037,0.05966212942288345,0.9636056982915464,-1.9023600192907464,0.1572612963056053,1.1528456223908292,-1.9442292550131413,-0.6583822369575503,1.4822558177414755,-1.6165030938322824,1.0510089918704015,-0.2541856752928867,0.7701657277708841,0.02609634259882577,-0.6864653306622661,0.009474408896272716,0.01632606841650488,-0.020316727566249054,1.2789682210580953,-0.6549887228347058,-0.712291174722949,0.23914524832720394,0.07977404142174782,-0.08468278175941321,-0.2752323477711085,0.18914452662511871,0.12698406721958166,-0.2542338302932671,-0.2379587117280557,-0.17803085777516364,-0.21969797643808567,-0.3790387948514333,0.2628752420028607,-0.1236424520604443,0.10416182979062666,0.24354915217053963,0.43872794243846136,-0.11053901689133766,1.661504933910985,0.0,0.0,0.8256997552616172,0.5641098422833141
1.259170647017501,-0.6386930589119075,0.30150921835053396,0.0,0.0,-0.9443386113981418,-0.18726738379420355,1.1679688059728208,-1.718889744905588,0.05137982406389759,0.9136863675596041,-1.887043669232331,0.13149452049245128,1.1376652743226738,-1.9301137326011522,-0.6267982721328736,1.5820438887483326,-1.659992762791213,1.047217989907897,-0.2533202145689277,0.747612409266947,0.03143873655881504,-0.6579837952890705,0.01608549882273945,0.016040897270577784,-0.020174320379946396,1.259170647017501,-0.6386930589119075,-0.9443386113981418,0.2450047417353558,0.1072448021852504,-0.09080179474914316,-0.27916110250998216,0.19973379699399785,0.12895358295264456,-0.2561514606851491,-0.23646308326762183,-0.17269208456844848,-0.22577484880721793,-0.39179415233873705,0.2470893003948978,-0.11415681053118389,0.10553005516264533,0.24481905695712625,0.4420635191995119,-0.10737188213828645,1.6899444057095434,0.0,0.0,0.8203358304523789,0.5718820903612962
1.245015001330603,-0.6042828980743709,0.30942364565787883,0.0,0.0,-1.1970163710044286,-0.15226549246618834,1.0698372522989912,-1.7430496062001875,0.03910092024072528,0.9070291769120001,-1.8844135063950733,0.11374094954100993,1.1315027718902917,-1.9087873069188928,-0.5814825815539207,1.6427777967145365,-1.7106211852001887,1.0362852581085698,-0.251343293856549,0.7256330373466656,0.03630142670965963,-0.627948062394255,0.022008090890863877,0.015817156301871423,-0.02005951022428851,1.245015001330603,-0.6042828980743709,-1.1970163710044286,0.2512056170612253,0.13781494033487796,-0.09993111809956835,-0.2814326179593583,0.20109142517636192,0.1320763565023135,-0.25553360322933705,-0.23821501341492832,-0.16905576138016606,-0.23140811184434915,-0.3934042664903218,0.2346888832715894,-0.11244130026546266,0.10884612821709902,0.24520288426234962,0.4446862600896429,-0.10399030974154833,1.7175996547104209,0.0,0.0,0.8134315352669255,0.5816606720703167
1.225928674125455,-0.5483112055669157,0.28114905280451624,0.0,0.0,-1.2956380276629704,-0.11442566163650982,0.9675154942338186,-1.7641123964795076,0.025477378465582408,0.9167820356225455,-1.8870871725048215,0.09948415092883572,1.127827947285013,-1.885469111917694,-0.530865983510103,1.6870215439027356,-1.7630179398376027,1.0223280462740143,-0.24887269414881225,0.7040251437908432,0.040929470424904184,-0.5974302142324414,0.027614225997292435,0.01562078797181661,-0.01995783941453076,1.225928674125455,-0.5483112055669157,-1.2956380276629704,0.25738168756167096,0.16889170244271112,-0.1104117632435578,-0.2803229332843698,0.1989602710949598,0.13555985601597031,-0.2539408266161842,-0.24091918803697032,-0.16610029351143182,-0.23669857597860602,-0.3907855565882203,0.2239543042491348,-0.11363484065181202,0.11299810100606711,0.24509673585346242,0.44698732980908895,-0.10060160644485959,1.7448854254138084,0.0,0.0,0.8058270410650915,0.5921509772754573
1.2042477595650545,-0.48233647674688646,0.2402204339222239,0.0,0.0,-1.509089870658399,-0.07565861005723261,0.8703719697972779,-1.776023630600249,0.01037725979816101,0.9588833925544575,-1.9035856552876025,0.09525347044391017,1.1226642242896514,-1.8633189115900293,-0.46916788859179365,1.6872726409666,-1.8124627263742537,1.0002468815841128,-0.24493498699639432,0.6842032104837424,0.044733940580305664,-0.5666980457134999,0.032217623111808605,0.015506274884693512,-0.019900374381559296,1.2042477595650545,-0.48233647674688646,-1.509089870658399,0.26245157917340595,0.19690677192383227,-0.12129434631843372,-0.2767641760085588,0.19047543343957163,0.13941314803825314,-0.24976740291148755,-0.243117735699996,-0.16542420619707024,-0.24061847345436066,-0.38034523370795836,0.21615456133451091,-0.12346172658285184,0.11937853909475407,0.24383109906080766,0.44823338545272673,-0.09770734530730059,1.7709494290813323,0.0,0.0,0.7967991878225592,0.604244200870236
1.1916489277445954,-0.4242427408432543,0.20943178818644687,0.0,0.0,-1.61143308149838,-0.0381978096500519,0.7813572575969079,-1.7855761204996417,-0.0037802883213566476,1.0042020313201414,-1.921088295598184,0.09351186838842207,1.1127535412388463,-1.8450399214221584,-0.4037655611192025,1.673040993752018,-1.8569097057465584,0.9750538622179339,-0.2394538963994672,0.6655464056999453,0.04803960253634761,-0.5371001651210169,0.03626862264448597,0.015430014039720259,-0.019873798013694825,1.1916489277445954,-0.4242427408432543,-1.61143308149838,0.2669905049185599,0.22203985319312325,-0.1317249967851252,-0.2706878925801032,0.18152861550263455,0.14292731717486756,-0.24512161581184372,-0.24352542797664523,-0.1652928226861569,-0.2438945563857321,-0.3683101749676517,0.2081966197195148,-0.13539441949402087,0.12671020627364774,0.24206709698316944,0.4488016788034256,-0.09501867597141574,1.7964742683595227,0.0,0.0,0.7869587370769262,0.61700562893566
1.1705417965932883,-0.3599606000410921,0.16850283015586165,0.0,0.0,-1.746717623629917,-0.002460535094942963,0.7030680615414853,-1.79201637844031,-0.01669416696794576,1.0537656947276073,-1.939915865980169,0.09505446703844174,1.0965795081148866,-1.8318687779929048,-0.3334757045819338,1.6397001700589304,-1.8947623562214624,0.9457549234872222,-0.2319363970910349,0.6484269232732848,0.050687114784901295,-0.5089989144315,0.03959076425668161,0.015404224903139162,-0.019887977523402073,1.1705417965932883,-0.3599606000410921,-1.746717623629917,0.2708288507008638,0.24350344964453308,-0.14135266502821908,-0.26320403090716155,0.17197519830255426,0.14601875416064924,-0.23990851536160646,-0.24149809150748583,-0.1659207708010792,-0.2463526514575478,-0.3540887716990268,0.1995693401320352,-0.15011431941419162,0.13528785832466095,0.23964489092762045,0.44846051714463275,-0.09260127359607313,1.8212877101795648,0.0,0.0,0.7760613304201645,0.6306574438048633
1.1565095358787199,-0.2987266533691986,0.13413573732085488,0.0,0.0,-1.9272719312460496,0.030697384428593398,0.6309648218120726,-1.798579543722146,-0.028790033499186178,1.0995159747352736,-1.9485941659592385,0.09673634032622033,1.073436764406047,-1.8231130740121273,-0.2636293047858823,1.5911683788436288,-1.9223444568640868,0.9119731497593678,-0.2226645514956512,0.6340857707898677,0.05236516824813299,-0.48500247048648026,0.04188187979829354,0.01544109129390302,-0.019952120359546396,1.1565095358787199,-0.2987266533691986,-1.9272719312460496,0.2737306181247944,0.26288257348041544,-0.14985521829191484,-0.25434580561237286,0.1621913420658652,0.1488383645901588,-0.2360849644850788,-0.2369192867352758,-0.16655788424759455,-0.24844896264390953,-0.33898901778776147,0.19022807808687164,-0.1660193910577183,0.14509905607327245,0.23626727362173672,0.44722782673003747,-0.09050168369406013,1.8452511107195235,0.0,0.0,0.7637627039155785,0.645497120138862
1.147187768842822,-0.23956562356646388,0.08692602530175203,0.0,0.0,-1.9958863384539236,0.06251744525406996,0.5599861177065025,-1.805383768132938,-0.04042584296836665,1.1444395703654144,-1.9519929578227377,0.09809281204336429,1.0482432406435727,-1.815382760058167,-0.1946951847883952,1.5359903535535246,-1.9460479636346144,0.8764509898360051,-0.21280455332930354,0.6210220622759992,0.053622579222084375,-0.4629147664834092,0.043728434350541856,0.015504838358010017,-0.020035813392330244,1.147187768842822,-0.23956562356646388,-1.9958863384539236,0.276194280193698,0.2814429455948022,-0.15746105452828574,-0.24399938300801127,0.15199893733435038,0.15149111223048273,-0.2327198318789571,-0.2315756845940677,-0.1671053938402517,-0.25042599734700577,-0.32319014803851004,0.17957625564225757,-0.18122943912094377,0.15531075062549243,0.2321729447734121,0.4456319599935987,-0.0885294120638601,1.868892573541211,0.0,0.0,0.7507271751118706,0.6606123738990595
1.1423094819729447,-0.18082013016948,0.030179316424981673,0.0,0.0,-2.1143367854197157,0.0890128101659505,0.4806596032180238,-1.8142384538513785,-0.050010509201489056,1.1931568960989676,-1.9342851561884726,0.09570737209798615,1.0245098230232048,-1.8039507438632323,-0.13359016308220478,1.4619473308645268,-1.963227883461983,0.8376003373481039,-0.20258378256179096,0.6120357985564885,0.05371160531503325,-0.44706805504351105,0.0443607280998888,0.01564100479847321,-0.020158152079283124,1.1423094819729447,-0.18082013016948,-2.1143367854197157,0.27720765913686446,0.3014815088991002,-0.16303357241411162,-0.23142067684534395,0.137733772041664,0.15372919048857064,-0.23195045450795893,-0.2271086812475947,-0.1667501776108897,-0.25323903181325513,-0.30453643478355563,0.16923879010097886,-0.196295348058608,0.16614567446064765,0.22684269972601512,0.44340062355955134,-0.08683296829782507,1.8919847267930225,0.0,0.0,0.736591782633024,0.6763375974744446
1.1466460122839344,-0.12749552894693417,-0.01870308832455786,0.0,0.0,-2.1235571027104676,0.11156154245031372,0.3970552067602823,-1.8209522731842533,-0.06141360072038525,1.2458253987801124,-1.9087415185880485,0.09376110862873786,1.0025932660666843,-1.7890830945797715,-0.07773763138974377,1.378926032760236,-1.9779378765372821,0.798424363136291,-0.19305349421757512,0.605547770590765,0.0532966408891917,-0.43371032995562386,0.04448995757914785,0.0158102565902322,-0.020294119053149737,1.1466460122839344,-0.12749552894693417,-2.1235571027104676,0.2774014528506973,0.3214451606158214,-0.1669660796413363,-0.21752572365689693,0.12105604034776998,0.15637348075206456,-0.23081619673635986,-0.22356575568893305,-0.16652979097687584,-0.25637263164372354,-0.2840480126587634,0.15861499710738827,-0.20958716006601374,0.17672126006372021,0.22071532559905482,0.44084155476161274,-0.08521288256811838,1.9150348277929439,0.0,0.0,0.7220632659760747,0.6918270303536603
1.1503748789647896,-0.07272325098373722,-0.0836841548429168,0.0,0.0,-2.1368795698624994,0.12864136952225896,0.3075228881451383,-1.824699463382844,-0.07533651013528161,1.3039691038029173,-1.872339651148806,0.0924234182764125,0.9831943588872107,-1.7694546394450688,-0.02916355014488213,1.2834634101519011,-1.98922525682757,0.7587975859642024,-0.18448001723135662,0.6025215835981471,0.052183289601597724,-0.42380162881266675,0.04392208371271369,0.01602535522592965,-0.02044897093888252,1.1503748789647896,-0.07272325098373722,-2.1368795698624994,0.27645953560388214,0.34151187356016444,-0.16897474079897756,-0.20238039383892514,0.10090128926022951,0.1595482214602193,-0.22889130865770937,-0.22134349274818987,-0.16650931571474908,-0.2600132538413368,-0.2610351459819909,0.1484846420153732,-0.220898642233685,0.18693917711544739,0.21370414076634703,0.4378471048134771,-0.08369860726018104,1.938026656386673,0.0,0.0,0.7071148804574611,0.7070986818228631
1.1536591860514214,-0.018799558084534485,-0.13637129604602838,0.0,0.0,-2.153488418417112,0.13466344010018105,0.2271525938878352,-1.8215644000678934,-0.09659397871797651,1.362206007844658,-1.830341302793086,0.09636084246699526,0.9646512269973755,-1.74753348844453,0.007464680086327193,1.1820527139957664,-1.9912549035096254,0.7209153662445725,-0.1777227728170306,0.6038987164429012,0.050277936923247515,-0.41776080712622643,0.04255576096608648,0.016287246979372474,-0.02061914124502717,1.1536591860514214,-0.018799558084534485,-2.153488418417112,0.2740540866569806,0.3584193450292337,-0.16859067036423675,-0.189825247414855,0.07934270334636177,0.16422821551454672,-0.22478799293412483,-0.21963753573637504,-0.16789491267122,-0.26329152209416384,-0.2377314186702408,0.14028670262755344,-0.22987271276841836,0.19610543211748632,0.2061702631460336,0.4344196037845763,-0.08230500665616819,1.961049889578187,0.0,0.0,0.6917236105235453,0.7221623409208421
1.1578634100291447,0.03549212295258075,-0.1975469211096384,0.0,0.0,-2.1609709569676605,0.13582645361996035,0.15234647109089772,-1.8156081801246997,-0.12074692525957657,1.4194004646766145,-1.786425337996534,0.10264779039822176,0.9458485647341683,-1.7253169838245623,0.03906826429255981,1.0797742141617666,-1.988806131492806,0.6840226895920264,-0.17179115485119562,0.607149393755048,0.04804535032547075,-0.4134147120205732,0.040859384589084155,0.016568853382995907,-0.020795858982536528,1.1578634100291447,0.03549212295258075,-2.1609709569676605,0.271004683762041,0.3733503369544425,-0.1672350818870085,-0.17814951284292097,0.05740252747298649,0.1692084821280771,-0.21846592185003288,-0.21784622827391228,-0.16993482161659068,-0.2662802261879979,-0.21442569789460159,0.13283029620125542,-0.23645610207142276,0.2045809504394681,0.19827243427443064,0.43083103609002765,-0.08096132536942813,1.9840979054837244,0.0,0.0,0.6759563628247892,0.7369416500352535
1.1609529840752375,0.08897067882276333,-0.2506082630499285,0.0,0.0,-2.1818043546865598,0.12344160291456423,0.10698670341122593,-1.8036255913396038,-0.1500063468852347,1.4638749707129688,-1.7420687098656937,0.11577097903336231,0.9205652167720183,-1.7087273097807363,0.05869728134524413,0.9908907413482677,-1.9701539508758055,0.6519084169018657,-0.16841087033671723,0.6150677992451574,0.04508870960243291,-0.4137492583644006,0.038431214348923805,0.0168977515591729,-0.020989166572690007,1.1609529840752375,0.08897067882276333,-2.1818043546865598,0.2661522098125951,0.38222195475956866,-0.16430232629212932,-0.17385062388078137,0.0381871682715048,0.17501445939329757,-0.2112575442235824,-0.21331689841365803,-0.17376879531434358,-0.26764938739134086,-0.19588435834869333,0.12792354716089333,-0.2423425124194053,0.21123470871605,0.19066068709093775,0.42708280392843734,-0.07972867354269952,2.0073145012701707,0.0,0.0,0.659716831913706,0.751514272445802
1.1607250337609631,0.13889173420023349,-0.27021741674792543,0.0,0.0,-2.176857950220483,0.10779945077007393,0.07547853903103902,-1.7916504986397255,-0.1794459414952117,1.498367073715374,-1.7014441443173263,0.1308697148035931,0.8902905801291108,-1.6972465955228362,0.0766579872497948,0.9176864057886132,-1.9439358377969393,0.6224382284721593,-0.16663692715347453,0.6245770309133769,0.04193000507450873,-0.41581633740428525,0.035788593967328364,0.017230436366091492,-0.0211827043297043,1.1607250337609631,0.13889173420023349,-2.176857950220483,0.26098035324004387,0.38838124240259486,-0.1611903221145574,-0.17217621951912845,0.021958270673435046,0.1805256314645221,-0.2037911345980618,-0.20651322681976528,-0.17808686175057628,-0.2679124797647996,-0.18140807995340286,0.1232260879425714,-0.24808714040323065,0.21678382676667785,0.18320396108766132,0.42353120136961864,-0.07847422532283277,2.0306057383082674,0.0,0.0,0.6432011048497112,0.7656972892208193
1.159877184856665,0.18614615293634196,-0.27472462945727916,0.0,0.0,-2.1702453030847115,0.08741505094219716,0.06413667945451638,-1.7796863193580328,-0.2091478467735337,1.5183259723007037,-1.6662530228228554,0.14884461478520458,0.8527492143774547,-1.6932039256591525,0.09218982839456162,0.8673090494661778,-1.9067026171632995,0.5968175156569396,-0.1672016279671782,0.6364023183409031,0.03847711941888257,-0.42040578022225356,0.032833759409231965,0.017568634061883852,-0.021376577182589465,1.159877184856665,0.18614615293634196,-2.1702453030847115,0.25534351314267806,0.3908090916591584,-0.15768320652623996,-0.17477688194085866,0.010108658381403929,0.18604092753735105,-0.1974704615270787,-0.19646922980712356,-0.18301898418930174,-0.2664239431427037,-0.1732186859594026,0.1188147444265955,-0.2551870244755161,0.2208968478553433,0.17618007852291567,0.4202668371803159,-0.0771880441188385,2.0540056442274413,0.0,0.0,0.6264321048304121,0.7794759893914242
1.156172460963955,0.2317368399751752,-0.26442467311804313,0.0,0.0,-2.1363167072770066,0.06638159154243356,0.07492334227408143,-1.7727189294753536,-0.23565236759442168,1.526431909171484,-1.6419618898822415,0.16902876701406264,0.8136699949541397,-1.696339745675364,0.10858574653825462,0.8523119188124133,-1.8615206133934756,0.5763268970674084,-0.17006475310171806,0.6502293854631405,0.034821267770503136,-0.4277929557907966,0.029668361429245223,0.01789602028426304,-0.02155594331442669,1.156172460963955,0.2317368399751752,-2.1363167072770066,0.2499913680617527,0.3889941598766964,-0.15422098284585986,-0.18066060510500698,0.003176092870604885,0.19101913711078433,-0.1928450309982362,-0.1849521813445148,-0.18826607405160284,-0.2630150202323004,-0.1745268785581542,0.11376701714252009,-0.26417370898471754,0.22343528904014637,0.17002934277816684,0.41742669111975705,-0.07576304313636595,2.077516230203772,0.0,0.0,0.609637065647314,0.7926806722690622
1.1537965887608197,0.2770114977220144,-0.25221496873858784,0.0,0.0,-2.1213447375499728,0.04550751263950049,0.0943745282815773,-1.7680195659719486,-0.26033118623559176,1.5301978494104091,-1.6229195376878143,0.19016206349950515,0.7749267085906001,-1.7026246790390287,0.12521755337501497,0.8526086347932026,-1.8139426349311751,0.558049429915712,-0.1739891306046516,0.6648427239455629,0.031089753780420573,-0.4363591024738912,0.026423886845616064,0.01821711062583872,-0.021727997702830154,1.1537965887608197,0.2770114977220144,-2.1213447375499728,0.24476652621795633,0.38540783762348496,-0.15064344580415753,-0.18762999037913541,-0.0016944630989409598,0.19564584123748163,-0.18888977412097804,-0.17317626832934457,-0.19348978910608422,-0.2583885363998327,-0.1802831373900895,0.10831547922088099,-0.27358750411485244,0.22522876318496218,0.16425601420414238,0.4148127948838911,-0.07427604552558675,2.1010823796726896,0.0,0.0,0.592684388990431,0.8054347987559511
1.1518300250566154,0.32177701892232013,-0.23936867767337597,0.0,0.0,-2.0786936055142555,0.030186528987568538,0.12444263461670102,-1.7701353744793964,-0.2753391057573337,1.532546844960968,-1.6230169368046585,0.21354803742046394,0.7487493580387488,-1.7171520605736734,0.14081108062711647,0.890309977702342,-1.772710912971087,0.5451326301875509,-0.1813036972476589,0.6804514497411719,0.02731489135105982,-0.4474518272398192,0.023126186435795216,0.018503762381051173,-0.02186995334789744,1.1518300250566154,0.32177701892232013,-2.0786936055142555,0.2399027693122092,0.37951460164146805,-0.14791468698199056,-0.19443692794566483,-0.002192174632541191,0.1983385658748499,-0.18618700086186718,-0.16401915876017392,-0.19882498460154246,-0.25180615354936975,-0.19573568267295305,0.10303827847249672,-0.281598688574764,0.22540576694612705,0.15945685476982063,0.41324918591142595,-0.07261407944143461,2.1248750216644723,0.0,0.0,0.5758138050093409,0.8175808595855609
1.1471263184253195,0.36747454060883644,-0.2297050262864774,0.0,0.0,-2.0604408868729664,0.01757320280997983,0.15535829336412496,-1.773504477675243,-0.2858599607021578,1.5371825541219404,-1.632335018086177,0.23814203790439076,0.7316840912706108,-1.7345051714169082,0.1552206430063453,0.9361148015145333,-1.7370459648870653,0.5340189696640096,-0.19047317838156097,0.6961983416670112,0.02358310273097407,-0.45905521960668666,0.019836171420030694,0.018766233036595005,-0.021997983457260235,1.1471263184253195,0.36747454060883644,-2.0604408868729664,0.2351917791110213,0.37329757437583777,-0.1455410206490688,-0.20064126937795307,-0.0012337262629497497,0.19998728660455856,-0.1835527952296283,-0.15722891747647186,-0.20411692478876842,-0.2444648569650102,-0.21337761340626393,0.09818518585370956,-0.2874304671462187,0.22489193055004655,0.15494187538195223,0.4122537075975836,-0.070873796539281,2.148798511874291,0.0,0.0,0.5588457932439627,0.8292715956630411
1.1290047558931378,0.3918270123760939,-0.20058855654731814,0.0,0.0,-2.033006098578077,0.009103413070401963,0.18757096413643082,-1.7787915015306095,-0.28951424712775853,1.545317628050363,-1.655763537225757,0.2645846850983127,0.7285630739290655,-1.7561825043838935,0.16781838035284385,0.9943204067086652,-1.7098998677346018,0.525664658529357,-0.20248124078183175,0.7121566696406263,0.019917230091748755,-0.4714400881507489,0.016557917386079823,0.018991699282039875,-0.022104703277135835,1.1290047558931378,0.3918270123760939,-2.033006098578077,0.2307145682607501,0.36667766827406556,-0.14387963616432958,-0.2060355885065729,0.001958498502814321,0.20007580362116917,-0.18103955092984453,-0.15390560738428152,-0.20947463893758506,-0.23633393482552328,-0.23374654249543697,0.09419572043292215,-0.2902102410578182,0.22339195250521496,0.15086880279199022,0.4121152139988003,-0.06901366517321614,2.17292223950868,0.0,0.0,0.5418711505317774,0.8404615733163343
1.101445374919157,0.4017229979907062,-0.16552822857988508,0.0,0.0,-1.8980348555124724,0.0015952384706893656,0.2215506016780826,-1.7830370788505856,-0.2858647719079021,1.5490475444383518,-1.6951884249205231,0.29310464175371287,0.7432708571461366,-1.7830178515458193,0.17566114445100123,1.0552226625463015,-1.6929355855483734,0.5194870502718033,-0.21749829989607616,0.7276430792278714,0.01651510584592071,-0.4843007655126647,0.01340681365540912,0.019172948220991748,-0.022200971601470824,1.101445374919157,0.4017229979907062,-1.8980348555124724,0.22716823684912857,0.35956697861241965,-0.1423377127030196,-0.2116240983444899,0.009489017548175924,0.1989357920824007,-0.17997150388141347,-0.15488510419385149,-0.21490243880163906,-0.2274643297706163,-0.25350749745356027,0.09206199866738572,-0.28976535069561543,0.22101565014255228,0.1471165613628628,0.4130460093022177,-0.06650959630914059,2.196401473869132,0.0,0.0,0.525821282605944,0.8505950733214013
1.0500063539960172,0.37917713075635046,-0.10210652718834616,0.0,0.0,-1.8292971092214216,-0.005585440704899427,0.2562058519932531,-1.7867345617663475,-0.2786624056677665,1.5499195591095956,-1.7414973128226494,0.32234112485762556,0.7662549249587519,-1.8122418388243644,0.1813607403347569,1.1170012412532682,-1.6805293675391906,0.5142936956497931,-0.23377187790409207,0.7428771142036684,0.013243090601698053,-0.49737325406843613,0.010314120550549808,0.019333257550193418,-0.022292513880998857,1.0500063539960172,0.37917713075635046,-1.8292971092214216,0.2240934391175547,0.3521700483146629,-0.14078859619092168,-0.21715043509882145,0.019039913413914533,0.1971618325763112,-0.17940871215289456,-0.15777084245440515,-0.2200555514514616,-0.2181800362512951,-0.27275433901348795,0.09092117221580337,-0.28723124431663083,0.2182451981678418,0.14352826205841668,0.41439480774237236,-0.06369276849492905,2.2195161158038723,0.0,0.0,0.5101733856353565,0.8600715764338208
0.9934593705138866,0.34092986459401925,-0.02955838931076871,0.0,0.0,-1.520588483412581,-0.013434587573919698,0.29092910095355,-1.7877605704851047,-0.2578324628559919,1.5300195994770227,-1.8018986794256397,0.35029263778399405,0.8155441226497775,-1.8489750773248708,0.18117058015425144,1.1761666737149694,-1.6801889344355538,0.5118521174222338,-0.25202226040611136,0.7568301620449217,0.010494950995196355,-0.5109886516379627,0.0073982556734407574,0.019421067269098376,-0.022370841233961044,0.9934593705138866,0.34092986459401925,-1.520588483412581,0.22308397576159472,0.34457239783649235,-0.13901189550880888,-0.2230469032661092,0.03584996049371385,0.19351111349085515,-0.18295822889326818,-0.1665289339599954,-0.22431111987047242,-0.20838798312174472,-0.28891123101471883,0.09190159528873457,-0.2821687012838716,0.21473608953668183,0.14053128675133558,0.4167551345389789,-0.05968293069618148,2.240531491549639,0.0,0.0,0.497036252012145,0.8677297760165428
0.9474181686735548,0.3212486513390655,0.025016110804346185,0.0,0.0,-1.3954785288383047,-0.02088371421273886,0.3222295410103266,-1.7866312889215339,-0.23142931912107734,1.500641525432628,-1.8637771952536792,0.3743138229975135,0.8759428536165567,-1.8856781810842531,0.18105106023691034,1.2323876521066095,-1.6824941237767537,0.5106933166049287,-0.269986663667959,0.7704150437454168,0.008048715537220362,-0.5244605810411513,0.004535341084564267,0.01948573286761947,-0.022432875796137744,0.9474181686735548,0.3212486513390655,-1.3954785288383047,0.22291110354512395,0.33752989444598946,-0.13724632473726905,-0.22859008999827168,0.054713495566337145,0.18871111805033833,-0.18712080067281103,-0.17773440015775133,-0.22730987336649253,-0.19907989458430242,-0.30345224824303196,0.09301596411155173,-0.2762599060219136,0.21107243377077659,0.137899235535345,0.4190551482311178,-0.05535198750782187,2.260693086090908,0.0,0.0,0.4848788715093353,0.8745813169533372
0.8899330829843709,0.2853354969891531,0.09756424868192297,0.0,0.0,-1.1942663563189617,-0.027689058293578372,0.34802139798800125,-1.7820333370598413,-0.19605680515048363,1.4560096110067065,-1.9280329981157849,0.3920096370481674,0.9542209896990039,-1.9223327867446403,0.18104522699309933,1.2838698997292461,-1.6890571117401123,0.5115989856822516,-0.28749081909015595,0.7834074080631296,0.0060883570682778365,-0.5377016163641405,0.0017576433658119473,0.019513150897397788,-0.022468689148144056,0.8899330829843709,0.2853354969891531,-1.1942663563189617,0.22408462019376857,0.3314965777550788,-0.13556094679542469,-0.2338114563748972,0.0768692331189485,0.18205581422746428,-0.1922908998011874,-0.1928396563481822,-0.22856870856622452,-0.19044167007358778,-0.3155675982215089,0.09419640017509082,-0.2698197148370644,0.2071922623760202,0.13584260639128865,0.4213159667537234,-0.05050426533305522,2.27948062650619,0.0,0.0,0.474399461388226,0.8803096904127327
0.8447351414024586,0.25979311685562223,0.15311605801077988,0.0,0.0,-0.9616902230935969,-0.03092775304257656,0.3600431389065199,-1.7698760263381466,-0.1544665268298546,1.3982630049455977,-1.9897258298798701,0.3986375974925188,1.0484804889207244,-1.955108131986365,0.1820723335909587,1.3237781772476798,-1.6990633087773477,0.5152204421258741,-0.30269060382706287,0.7951489212692425,0.004785893401498223,-0.5509199237310758,-0.0009358573177542288,0.01949833217327313,-0.02247393876981778,0.8447351414024586,0.25979311685562223,-0.9616902230935969,0.22681367349240086,0.3282830699513148,-0.1346734183558818,-0.23829481619462034,0.10066583361824094,0.17386434728833777,-0.19725267176491568,-0.211510221326709,-0.22733426155595893,-0.18331254579978368,-0.3237228110343013,0.0949751058258916,-0.26413363730755673,0.20337283958288124,0.1347076668270605,0.42330939620182956,-0.04531027391339289,2.2967014124743828,0.0,0.0,0.46591167128366523,0.884831235073481
0.803700616144791,0.22642449735831327,0.19211794740410307,0.0,0.0,-0.8617095743325993,-0.03236671411649312,0.3658241370031912,-1.754266805973532,-0.11013671830563644,1.3350296340962904,-2.050019428294191,0.4000144566686353,1.1499272691733502,-1.9859157198218886,0.1835205536268945,1.3579225672615898,-1.7106647423091326,0.5201665628768208,-0.31674261909231904,0.8063244262049274,0.003785786743018792,-0.5641209970238386,-0.003594284299694252,0.01946376041779595,-0.022464904106325574,0.803700616144791,0.22642449735831327,-0.8617095743325993,0.23020926251419976,0.3263115329748019,-0.13419954236649206,-0.24246393846275935,0.12442719916084741,0.16471239518316644,-0.20012116153880305,-0.23111589026872015,-0.22454045305855502,-0.17585913465271014,-0.3298833524480885,0.09558047624041519,-0.2588808430341178,0.19958603050370174,0.13398977070709384,0.4251313671906638,-0.03995248479735263,2.3132203924185912,0.0,0.0,0.45826969751162383,0.8888131886637398
0.7719372204313545,0.1907051753111595,0.2115074211337671,0.0,0.0,-0.7200401416007036,-0.025552299073947356,0.35591575695622346,-1.7294517229962092,-0.06051492314505307,1.267297860114805,-2.1019603436993015,0.3834082996973427,1.268311578740356,-2.0075115657621816,0.18507084074199842,1.367029349009196,-1.7269834113377398,0.5303520130854781,-0.3258054820440149,0.8160950560723582,0.0036311126864885766,-0.5771376932820966,-0.0062272970574677716,0.01936710049067774,-0.022411159550150234,0.7719372204313545,0.1907051753111595,-0.7200401416007036,0.234498391388565,0.3276577520136093,-0.13575118255278656,-0.24571706847632235,0.14663982711239837,0.1544139013338562,-0.20199691212797458,-0.2547102130977387,-0.21819029369456078,-0.1703489465305291,-0.3288398666601374,0.09562442767878244,-0.2565777821759666,0.1960170760888557,0.13503302278522486,0.4260544853409898,-0.03404324269422919,2.3281430787937616,0.0,0.0,0.45185800594033665,0.8920898735372029
0.7577009517937305,0.16801892253646677,0.2035640861077978,0.0,0.0,-0.7313967817650233,-0.016869844661818668,0.3435364464918773,-1.702050010363261,-0.010416009359889813,1.2010748253928294,-2.150624434153239,0.35956386062834017,1.3899570571051698,-2.0255397425757513,0.18613533675670624,1.363592134581672,-1.744648085700141,0.5428238842222425,-0.33295789692136973,0.8251989881197611,0.003722117799851627,-0.590093884203169,-0.008872981183230863,0.01924539626472526,-0.02234308421611786,0.7577009517937305,0.16801892253646677,-0.7313967817650233,0.23866955935955045,0.3294548517977859,-0.13781323248350485,-0.24896257162534516,0.166830415366973,0.14410476906645622,-0.20156590456526696,-0.2780893723235331,-0.21010243672574808,-0.16381269943151638,-0.3244855658225716,0.09551253286297641,-0.2557736046174589,0.1924843244325121,0.13676166203973433,0.4266805556776332,-0.027833688383301133,2.3426269160376654,0.0,0.0,0.445321203278819,0.8953708873479775
0.7396758353218333,0.13419599825532963,0.19300452643825214,0.0,0.0,-0.7506530699562329,-0.005023775188299051,0.3269724958045508,-1.6702677152490102,0.04049092790238751,1.1374069136103422,-2.193739062996321,0.3234610405874081,1.517125482627568,-2.0375258990940655,0.18637712203687237,1.3389110556640078,-1.7645922852246139,0.5591679198340276,-0.33687487554379264,0.8331738351493754,0.004229192475130695,-0.6029476064080406,-0.01154012488381517,0.01908127830687603,-0.022250739016359853,0.7396758353218333,0.13419599825532963,-0.7506530699562329,0.2426409548328769,0.3320497649759019,-0.14073429418855016,-0.2521809292871735,0.18453676407383815,0.13398763448210094,-0.19970606282140618,-0.3019190582980593,-0.19973510099796465,-0.15664143804692368,-0.31456404205210686,0.09517604132082173,-0.25724195867815,0.18899334924939648,0.13968703133748947,0.42683265783832536,-0.021115540817219718,2.3563675410431344,0.0,0.0,0.43858752756841873,0.8986884780953974
0.7253775234236026,0.11054456695378573,0.18482315070312977,0.0,0.0,-0.7720837801727854,0.005188932341913969,0.3184454469911514,-1.6368625125577374,0.08999894847792936,1.0823789450430104,-2.2301383018493652,0.2781979710825031,1.6415471030819793,-2.0460493795333368,0.1829497434439198,1.2912637649043917,-1.7854287239813034,0.5808435947664321,-0.3373653215746726,0.839678572070214,0.0050073366672281246,-0.6156795755509407,-0.014284976848190814,0.018881758134211266,-0.022148663538598245,0.7253775234236026,0.11054456695378573,-0.7720837801727854,0.24638974041708053,0.33246467871962715,-0.14333442058916235,-0.2569166164307857,0.1987069043710447,0.1246075321720631,-0.19703020335421273,-0.3238771682078606,-0.18818341950195405,-0.1483339199278192,-0.29886783934757855,0.09542665753754022,-0.26048279719471346,0.1853319090845407,0.14413442695851106,0.42658975087845247,-0.013860826846212192,2.369253320078696,0.0,0.0,0.43163582700562625,0.9020479548478391
0.707495873878076,0.07771214942639249,0.17450172787926083,0.0,0.0,-0.7821684889319368,0.014422130734262502,0.3140920622801698,-1.6028403547929602,0.13875184242870703,1.0314585696839085,-2.263553240820499,0.2288737949184185,1.7641761063674886,-2.0530245235743916,0.17765353972552905,1.233144758422741,-1.8066189665093646,0.6050262581490278,-0.3362511251135111,0.8455020300376374,0.005904224487589051,-0.6283308391502682,-0.017066526143247548,0.018666646253037194,-0.02204263207626172,0.707495873878076,0.07771214942639249,-0.7821684889319368,0.2500338808610021,0.3316201714775485,-0.14579425374206473,-0.26237860915752587,0.21086984194665698,0.11590362155058517,-0.19350703425794571,-0.34367415584406175,-0.1766754031394436,-0.13787307376736174,-0.2804891041403459,0.09621596637329448,-0.26350367489377996,0.18148960901320976,0.14923404245854233,0.4261590036276771,-0.006355314165033212,2.3817361033518254,0.0,0.0,0.4245670884746537,0.9053964807663852
0.6936293305179416,0.04528727463476295,0.15571709975973902,0.0,0.0,-0.8118609803468111,0.014535013813271744,0.33368521469468276,-1.5712998806362084,0.1824082493995679,0.9939942312924239,-2.2932591865566896,0.17480398634428634,1.8667569989371895,-2.057778314023035,0.16261120941690224,1.1537358649742648,-1.8269183695529951,0.6366126490322919,-0.33059080933157264,0.8496074206512889,0.006895135630816752,-0.6400530547651339,-0.019961108376796093,0.018436547528992417,-0.021943153639901496,0.6936293305179416,0.04528727463476295,-0.8118609803468111,0.25336980953225097,0.32426900362719807,-0.14595497156182452,-0.2713863868117187,0.2195206219089087,0.10863216745272399,-0.1896302594404767,-0.35866234292451854,-0.1661766146628633,-0.12852718770380891,-0.2569054176825115,0.09960896800916715,-0.26616950951461016,0.1772003546298799,0.15639037297894476,0.4250142703262067,0.0018466957344082484,2.392998152736267,0.0,0.0,0.41720253550346303,0.9088135366341555
0.691294814572947,0.026260877546110117,0.12487962067554562,0.0,0.0,-0.7985111233704386,0.011164232928265945,0.3631703731834241,-1.5422623657411147,0.22262829478068968,0.9598805071205225,-2.3235028302797702,0.1235416350505692,1.9552497120313739,-2.0635500748952227,0.1434166016437678,1.0723338306591088,-1.8445969884113598,0.670991331659337,-0.3236810776495166,0.8527946561895391,0.007801837387985429,-0.6515180603150397,-0.02288863499478623,0.018211421466642813,-0.02184303990134629,0.691294814572947,0.026260877546110117,-0.7985111233704386,0.25626256485139165,0.31383776322429024,-0.1451453270550338,-0.2811876794150611,0.22696063669291325,0.10256058730647949,-0.18489177331347714,-0.36981713531290217,-0.15754830068075967,-0.11930717517547122,-0.23329204117597083,0.10445854649771068,-0.26682779707372767,0.1724457434570833,0.1641620094385841,0.4238228191630206,0.010357635446213136,2.403956667069466,0.0,0.0,0.4099322572763848,0.912115970940257
0.6965942789257505,-9.315233603696127e-05,0.0681211177166227,0.0,0.0,-0.7747321526422353,0.001580917974099415,0.41029627583787454,-1.5176884615293111,0.25672016199344394,0.9317420449735442,-2.354705368746139,0.0772859159069247,2.018618505060887,-2.0711372163560657,0.11681709905892704,0.9873773617983714,-1.857601875472667,0.7103496012294593,-0.31454322094558385,0.8543445151766569,0.00855836574001552,-0.6625243745824343,-0.02587491243169728,0.017995163317649596,-0.021741793207210026,0.6965942789257505,-9.315233603696127e-05,-0.7747321526422353,0.2583649943592728,0.29808052664804136,-0.14246201559858468,-0.2921694101580699,0.23281551317585816,0.09814494080544768,-0.17938500226841758,-0.37621244655242325,-0.15102490763293874,-0.11284815934163159,-0.20962282504342858,0.11149117766242317,-0.2655627389941066,0.1669594428945178,0.17310284453847113,0.42254163944915357,0.019419499990066365,2.4143738772279475,0.0,0.0,0.40285349912539337,0.9152644744785119
0.7064382012878997,-0.016415255933475592,0.013424928790779778,0.0,0.0,-0.7025042451285362,-0.010047928780637674,0.47721939979915495,-1.5011644337766914,0.2802629502870702,0.9051610607400165,-2.3832178833664104,0.041234190425565385,2.0490336460879197,-2.0834148246327606,0.08400910216847653,0.9105772726424711,-1.86458676177541,0.7543473094167672,-0.3044460488476634,0.8547945039673945,0.009003551369766606,-0.6724498344578622,-0.02879889560429424,0.017800096796298112,-0.021641349586855128,0.7064382012878997,-0.016415255933475592,-0.7025042451285362,0.25898740956005656,0.2764641286815506,-0.13896406064469702,-0.3026154118795008,0.23776973137030116,0.09588177850554602,-0.1736931062497315,-0.37718007008863524,-0.14665599435981794,-0.11088265269250841,-0.1890436899938071,0.1202270460797858,-0.26257754823407836,0.16045096379359178,0.182894886949533,0.42121371025855653,0.029180079030947804,2.4245018702681347,0.0,0.0,0.39641378655925746,0.9180719524229849
0.7189681551862165,-0.039616715675405256,-0.057037067883330954,0.0,0.0,-0.6679709706950621,-0.022531747177083,0.5535711870398572,-1.488516160236892,0.29866229686685786,0.8793894142232915,-2.4102732443040416,0.010134481774863386,2.063647585530435,-2.097851881416895,0.04822974964495631,0.8378483505659207,-1.8686766778269122,0.800535584649732,-0.2939322494691418,0.854714273765523,0.0092983957860739,-0.6818563733049618,-0.03168818550885365,0.017614852556938766,-0.021541593215798818,0.7189681551862165,-0.039616715675405256,-0.6679709706950621,0.258901991510904,0.251604765829037,-0.13500748538624868,-0.31136395804076533,0.24206607736890298,0.09472149066235744,-0.16793398340074656,-0.3757650513818255,-0.1431318109117829,-0.11119146023754792,-0.17003548219152514,0.12965630640746212,-0.258040203470406,0.15312633070542486,0.19291270073605,0.4198626777777302,0.03927396097651091,2.4344915164414274,0.0,0.0,0.39027248862974556,0.9206993997058677
0.7317946626840804,-0.06384054402149231,-0.1284642832680857,0.0,0.0,-0.5649794418941265,-0.031190840841194174,0.6559922094840727,-1.4887588374503624,0.29664782982146015,0.8593625146428318,-2.424165141197943,-0.002485866080902767,2.02903857538777,-2.114395888475534,0.0034830701607531447,0.7860603125291915,-1.8633156591846096,0.8517933148209764,-0.28435598970741355,0.8528362546770376,0.009070618318453913,-0.6896126966749895,-0.03422075208263157,0.017442727267848977,-0.021459555420290186,0.7317946626840804,-0.06384054402149231,-0.5649794418941265,0.2567059268447233,0.2197123573475892,-0.1321742143518765,-0.31640882438275525,0.24505234444436097,0.096217919101338,-0.16404731768450817,-0.36825878203341916,-0.1417059511431329,-0.11840675012662619,-0.15748017282131438,0.14111756670348688,-0.253514566240441,0.14423875559348434,0.20343746434577656,0.4191143044786284,0.05031698944854903,2.4440673123978374,0.0,0.0,0.385064497466605,0.9228896644728398
0.7415645128583054,-0.0796370120161862,-0.1821952374605286,0.0,0.0,-0.5285530576603975,-0.038112379209969675,0.7608732032092254,-1.4942707823168848,0.288467654724702,0.843970603413052,-2.4301713017152626,-0.008286425877215536,1.9819370298829977,-2.129606433239462,-0.04293836274027452,0.7422403114243644,-1.8565521855508127,0.9041270361579026,-0.2755192082415344,0.8505967426043685,0.008696275512858096,-0.696557872611562,-0.03651424728360657,0.017276651850203883,-0.021379621759537726,0.7415645128583054,-0.0796370120161862,-0.5285530576603975,0.25376342018018055,0.18762084795136175,-0.1299723819768865,-0.3172502464506648,0.24723330433371876,0.09815309396318979,-0.16163032016499523,-0.35928859816185577,-0.14095389020877738,-0.12663657752264557,-0.14706650672159693,0.1527572892095068,-0.2483240227978863,0.13445832693911497,0.21362751135447622,0.41854915784498653,0.06168019025182652,2.453499918770192,0.0,0.0,0.3801811571472636,0.9249120432506908
0.7573668001125728,-0.11391183171694555,-0.23173281261997875,0.0,0.0,-0.46010368564827353,-0.04176851193751056,0.8703772464106154,-1.5096853163934523,0.2687002007038364,0.8372892737388611,-2.4213577162834907,-0.001270487423866061,1.9113581334390952,-2.1423109885184997,-0.09250717706257272,0.7133947245536314,-1.8471530637433453,0.9584828788234339,-0.2680721359868204,0.8476778730269402,0.00804649095141119,-0.7019786507852616,-0.03835845318052076,0.017121946018549706,-0.021303642420999466,0.7573668001125728,-0.11391183171694555,-0.46010368564827353,0.24941811734630218,0.15602550119158382,-0.12899669050656198,-0.31313214872722706,0.24818476437849593,0.10093574718093579,-0.16203791363699385,-0.3473568988938857,-0.14182630218200362,-0.13677805571993337,-0.14065467373595586,0.16496490135101707,-0.243121027930101,0.1235337174039596,0.22346314093133862,0.41834942286295485,0.07364509422932895,2.46266342747596,0.0,0.0,0.3759215785958288,0.9266514807337332
0.7719292299518679,-0.14633904678049753,-0.25304856052535546,0.0,0.0,-0.38971699254063974,-0.0471510243031287,0.9702533479232525,-1.5331344895038128,0.2413563511491246,0.8378500115914157,-2.3938121060743978,0.01649812256456726,1.8288084161751577,-2.1482139761729906,-0.1428489544058364,0.6992391226112201,-1.8394187018008215,1.0121924441347845,-0.26258550194429237,0.844638322843873,0.007273168099449946,-0.7047042609542928,-0.039476463110536666,0.01698134378212968,-0.02124156600605416,0.7719292299518679,-0.14633904678049753,-0.38971699254063974,0.2444941076753814,0.12963953706238412,-0.12767978801078764,-0.3057362313975133,0.24804394199928487,0.10393592697222029,-0.1662157628115377,-0.3343658799024652,-0.14443696377699564,-0.14691037633223242,-0.13777433003948847,0.17715148292208482,-0.23756575924794385,0.11200392156622317,0.23235607878624315,0.41831071993984575,0.08658703523404296,2.471337454293364,0.0,0.0,0.37230740556698566,0.9281094740169287
0.7952839208292464,-0.20566441600065982,-0.24899421092856938,0.0,0.0,-0.3554652350001798,-0.053414810569055726,1.06536081059432,-1.560446567432855,0.210344739391812,0.8419197210274291,-2.3571918865258543,0.03947408759038532,1.7405159195691446,-2.15080476063554,-0.19354885976801672,0.6922212971581354,-1.8324876049513457,1.0655633185499462,-0.25806108683240886,0.8415444950476342,0.006441292322931746,-0.7061099397238865,-0.040239702215865515,0.016847647606365142,-0.02118631649268357,0.7952839208292464,-0.20566441600065982,-0.3554652350001798,0.23929617492528796,0.10647069409808732,-0.12630040517695698,-0.29618996467885506,0.24707914270232573,0.10738907337877038,-0.1721910467665322,-0.32021345563056586,-0.148245461837417,-0.15624943075686684,-0.13661907927194486,0.18920406764487652,-0.2315631053890023,0.09996459820888709,0.24046216944271065,0.41834965869422147,0.1000076247158872,2.4797713423288,0.0,0.0,0.3690059468816433,0.9294270338041508
0.820316527991482,-0.2709934866932833,-0.23441385731474831,0.0,0.0,-0.2529224197791932,-0.06902079812941998,1.1326341308573236,-1.5916335505823933,0.17150061585569928,0.8539840822578757,-2.300149968875352,0.07388915129566674,1.6485365462559534,-2.1431207195405038,-0.24238084352785497,0.7047555645306904,-1.8268373858544136,1.1139790281172717,-0.2577484820478706,0.8390138661989602,0.005689606611286447,-0.7022077671943173,-0.0397182467884274,0.01674155548455254,-0.021161449392155935,0.820316527991482,-0.2709934866932833,-0.2529224197791932,0.23453433923823863,0.09309842334243673,-0.12230967699827429,-0.28812490423897874,0.243917763734588,0.11185968251994338,-0.18222753015517612,-0.30641322603749677,-0.15442813826249543,-0.16436374405261187,-0.14034499140315412,0.2007626086247651,-0.22604213798136383,0.0883346295042699,0.24666676966121315,0.41855340584377215,0.11537802147288462,2.4871715345690326,0.0,0.0,0.36665403727485985,0.930357359808609
0.8395910674330235,-0.3186369908974871,-0.22344575347011744,0.0,0.0,-0.21832900135525343,-0.08755906588501404,1.1890003053090905,-1.6221444675144756,0.1309019967005671,0.8655553255029904,-2.241967005541675,0.1091102857850359,1.5587851168006979,-2.135381597771867,-0.2888423394558678,0.7255533805457495,-1.8221365307394322,1.1587152194805899,-0.2594229927199716,0.8371042468214548,0.005073593435375066,-0.6958927046440835,-0.03869956086880417,0.016652226314536132,-0.021156302509715907,0.8395910674330235,-0.3186369908974871,-0.21832900135525343,0.22991962063269802,0.08332312839360717,-0.11771469476834888,-0.2808335738654263,0.2398121953453766,0.11753428816223618,-0.19209173561653323,-0.2919392511492462,-0.1612738193301785,-0.17072856277545034,-0.14615339254143006,0.21164592146965588,-0.22048881070143267,0.07716155558348745,0.2515643915124648,0.41872871032013764,0.13139322191797279,2.494232150388875,0.0,0.0,0.3646219234660786,0.9311556545110474
0.8649879104699699,-0.3832528083256745,-0.20886539985629435,0.0,0.0,-0.14976027014115506,-0.1119095318847232,1.2237469585992957,-1.6513153246226704,0.08682571658630958,0.8761491384557498,-2.1815223266574217,0.14592916772143383,1.4734497903495707,-2.1275332982394857,-0.3306051898600807,0.7627307304771997,-1.819317450660104,1.196158080118104,-0.26503625010076814,0.8364255569314444,0.0047265026070791765,-0.6847949493743186,-0.036695293080742646,0.016596123709687195,-0.021190243916699537,0.8649879104699699,-0.3832528083256745,-0.14976027014115506,0.22559650909943393,0.07960145494909103,-0.11157383100980779,-0.27609515847501853,0.2347728910158662,0.12480438693433557,-0.20169807538747683,-0.27738272618790727,-0.1687523492606641,-0.17504053204421116,-0.15608979943843854,0.22138853548795748,-0.2153859929473754,0.06733412669552555,0.2545393627444828,0.4188433229968201,0.1486865153876684,2.500619677232585,0.0,0.0,0.3632270133526687,0.9317006690836388
0.8842170309949398,-0.43164435814103697,-0.19789729601166137,0.0,0.0,-0.08118971717406928,-0.13762483257119398,1.2416114666128673,-1.6810781699354933,0.03827350682789233,0.8776519580553936,-2.1248724998966333,0.1775638191930712,1.3934182646454014,-2.1239236759883102,-0.3654072938426851,0.8173323677432158,-1.8175645374482678,1.2239119122105262,-0.27668978386027854,0.8372072500567282,0.004816937991367876,-0.6682058656087484,-0.033716848220235525,0.016561088482699087,-0.02125988107535147,0.8842170309949398,-0.43164435814103697,-0.08118971717406928,0.22156500463844625,0.08064914894510827,-0.10508878413632271,-0.27308824906667606,0.23086207850806031,0.1340583682443127,-0.20922329601590767,-0.26242420972138425,-0.17539541793820113,-0.17759378511444723,-0.170566045923157,0.22947754731325118,-0.2110013603963725,0.059457898581120536,0.25514944313679055,0.4192666726871587,0.16723904061702008,2.5063654171523226,0.0,0.0,0.3624704484990614,0.9319952649905949
0.9121304299055306,-0.4928625276002605,-0.15725954886405685,0.0,0.0,-0.04659561181427259,-0.1640286985050391,1.2509588562886773,-1.711139675964164,-0.012536829597847077,0.8745683305579702,-2.0701371931260635,0.20658300304284638,1.3160625303090692,-2.1224524855186435,-0.3966976699008734,0.8807246364572993,-1.8163495102236349,1.2467775857576757,-0.29139066426130167,0.8387257129915299,0.005128107320744289,-0.6488463818813311,-0.03024692663849471,0.016536681842739865,-0.021347526901511735,0.9121304299055306,-0.4928625276002605,-0.04659561181427259,0.21768061725896748,0.0840054806240129,-0.09847393045884593,-0.2708222857400293,0.22741959021517366,0.14470695940356462,-0.21531061705959717,-0.247168813211533,-0.18151298718082717,-0.17864105708183328,-0.18739370561282515,0.2364244015818222,-0.20621244004493677,0.05264661286003411,0.2545294904970913,0.4198106857061937,0.18642685394133277,2.511787372677984,0.0,0.0,0.36203614025435227,0.932164059138589
0.9429257995429506,-0.5487037546997506,-0.09957750371280133,0.0,0.0,-0.27240790524778197,-0.17976731905800486,1.2417075945912295,-1.747842539168601,-0.06875344237653226,0.8604627638307522,-2.019333036996984,0.21982790855523948,1.2554368652323233,-2.13119625788863,-0.4112067139276896,0.970558210940345,-1.825514777586879,1.2525251462895384,-0.3162706537058707,0.8422759619664976,0.006283909666575639,-0.6212972669618528,-0.025455031530617754,0.01655112568115462,-0.021469998076611523,0.9429257995429506,-0.5487037546997506,-0.27240790524778197,0.21527462268388398,0.09334340395354286,-0.0946698099802619,-0.2690506538161204,0.22629733523364715,0.15730089623078672,-0.21891230311044993,-0.2335863215669975,-0.18418809687498836,-0.17827356077046438,-0.20976281153040924,0.23860520036997493,-0.20162114995969105,0.04952268619859025,0.2504525114731578,0.42106550109626517,0.20746639525804922,2.5164447309295763,0.0,0.0,0.35949550840098704,0.9331468155866556
0.968505439351413,-0.5875597081827498,-0.03595801878146301,0.0,0.0,-0.4540339457041728,-0.18967176348932327,1.2262705949044996,-1.7859601090031287,-0.12470113269744408,0.8476601569883284,-1.9707778615336262,0.2274850510781811,1.2043836770519132,-2.141072004072128,-0.41956920873734255,1.0650668259589908,-1.8413420338784496,1.2519913450364144,-0.34377156342229553,0.8462110527100102,0.007780043483381321,-0.5914294950423701,-0.020325834412247876,0.01657645812919063,-0.02158993338384936,0.968505439351413,-0.5875597081827498,-0.4540339457041728,0.21369751711045543,0.10430856958233578,-0.09249271396366343,-0.26696208269084887,0.2248506760639453,0.17048177705088957,-0.22125296772651923,-0.22185277240480467,-0.18557353655244835,-0.17731955165962504,-0.23193054067083765,0.23823480610645698,-0.19541244662961652,0.04780330896843793,0.24533243139146454,0.42238398021122897,0.22912055686596913,2.520817518234253,0.0,0.0,0.355254999633007,0.934769428915897
1.0006516688569524,-0.6407285462048964,0.0483181594627305,0.0,0.0,-0.831273361372868,-0.18750210004895393,1.1981238199391249,-1.8269543626402436,-0.1800179264665071,0.8377230566889583,-1.9268793303479435,0.22364813238916437,1.1731508842078593,-2.15318774066091,-0.41528102531228017,1.1690250776147317,-1.8709792650728667,1.238529003221929,-0.37662867384572146,0.8509258478345836,0.00997770498890601,-0.5568129569826165,-0.01450746637638865,0.016624086252730808,-0.0217041231451496,1.0006516688569524,-0.6407285462048964,-0.831273361372868,0.21383630193262546,0.11868987239522041,-0.09354076251043111,-0.264390061632487,0.22295702245833732,0.1839601383611791,-0.22194620570596732,-0.21399442030788335,-0.184596746656644,-0.17655309840163141,-0.25342946487918705,0.23362612682835893,-0.18768499271923167,0.04878269706458134,0.2381633382506342,0.4239042270730845,0.2520375254974568,2.5246044529808893,0.0,0.0,0.34747223583431347,0.9376902715312255
1.0294797686032826,-0.6740294481874047,0.11171521785865932,0.0,0.0,-1.1951105544606797,-0.17540805132585607,1.1549648136220951,-1.8672467175350396,-0.2340652736498038,0.8454509514207055,-1.8890035942891164,0.2139348085422242,1.1579545518403411,-2.158516142957954,-0.4023676981421781,1.2634571880422616,-1.9146425484756417,1.2136756984990984,-0.41144540489360865,0.8561893870326354,0.012798151321789282,-0.5190358603086094,-0.00827265086860851,0.016698372213163257,-0.021803438716891846,1.0294797686032826,-0.6740294481874047,-1.1951105544606797,0.21563024348896465,0.13624678588117056,-0.0971579700492682,-0.26141407818312995,0.21708611344693812,0.19742639544594442,-0.22123061560942053,-0.21028640679813065,-0.18273555380576084,-0.17724271287340387,-0.26890434945732955,0.22642311958157396,-0.17889213341558685,0.052050250584245686,0.2296834368196,0.4250073673673115,0.2761824152375636,2.5274598384843503,0.0,0.0,0.33624098500223426,0.9417759818580675
1.056833586005613,-0.7326283651362169,0.19599132800615024,0.0,0.0,-1.388746589167121,-0.1580331370394717,1.1038176475032684,-1.9071655850256644,-0.28743713549388356,0.8625785682791023,-1.8543326482977918,0.20109459020758186,1.1512913819282287,-2.1602329361823296,-0.3848648449426056,1.3528203425868865,-1.9657692358057985,1.1827611474580662,-0.44730486985175844,0.8617449184899689,0.01594998774629447,-0.47957699850041374,-0.0018162394583385432,0.016786843077630124,-0.02189483958226378,1.056833586005613,-0.7326283651362169,-1.388746589167121,0.21830491064697183,0.15510958760180793,-0.10221878217546176,-0.2571898110357805,0.2088055448708812,0.21087931553124817,-0.21917608816313394,-0.20874125651152264,-0.18040871565890748,-0.17878193449749655,-0.2804606529575886,0.21814908383385886,-0.16938485809106318,0.05620257175150413,0.22042598785058504,0.42574401551857644,0.30098069419143025,2.529819537234563,0.0,0.0,0.3231296776076136,0.9463546964268734
1.086878753287374,-0.766903869924695,0.26769430566859415,0.0,0.0,-1.9361747178772533,-0.1353866689734987,1.0393275958235542,-1.938069931495147,-0.3348737398569732,0.9127352303928803,-1.8338943378045138,0.19035477033652703,1.149567226355221,-2.150063272872706,-0.3618475392086957,1.4045001435023485,-2.0265408194620553,1.1383455914835774,-0.4809016476395312,0.8663741920583992,0.019866940248290298,-0.4387448841312023,0.0048863258092634605,0.01691438721686495,-0.021970693035365006,1.086878753287374,-0.766903869924695,-1.9361747178772533,0.22346989660921066,0.17521723517057386,-0.10844549745341243,-0.2528004731451616,0.1932815691125453,0.2223752273782139,-0.21483551865098327,-0.2095704311159209,-0.1788299359336557,-0.18202092977192225,-0.2809729724723578,0.20998884274816976,-0.16215135189489008,0.0629144426633166,0.21033654803376045,0.425808527033701,0.3275507474885621,2.5301283439854996,0.0,0.0,0.30474602457350836,0.9524336514984352
1.1057085105059754,-0.7462470494244021,0.29550866627778766,0.0,0.0,-2.0416426629944597,-0.11454080045223244,0.97616575033434,-1.9638951525465989,-0.3776963953476224,0.9657183152800389,-1.8183151517717642,0.18299641169100253,1.1416062919896992,-2.138624674957713,-0.338398913328793,1.4415669458314082,-2.0825601666631663,1.0903668856535336,-0.5128650105554996,0.8701787229934473,0.023875106112717707,-0.39847374368312133,0.011512387306913435,0.017050791865608598,-0.022034597866851368,1.1057085105059754,-0.7462470494244021,-2.0416426629944597,0.2290126828737156,0.19366681119844992,-0.1141424847598528,-0.24762118363386704,0.1772876848797637,0.23219399673439545,-0.20908295732458979,-0.2092777924865703,-0.17788073851561467,-0.1851173245710396,-0.2788546490264612,0.20276867498184892,-0.15635491441403035,0.0698021558613936,0.1999979907684139,0.42564682022760825,0.35418828830496796,2.530078536720686,0.0,0.0,0.28523721247251527,0.9584569539738909
1.1180858573955565,-0.6936761001704962,0.3074413172126256,0.0,0.0,-2.2533066688483983,-0.09789028763771034,0.9164810699801282,-1.978852374579317,-0.4105552361216601,1.0236159537428178,-1.8129063255043438,0.18303131304120504,1.1196526737623314,-2.124860645622335,-0.3142194933788747,1.4478410187587945,-2.1276795761559604,1.0350543196483317,-0.5413075506046259,0.872196775610729,0.02805404108698656,-0.35949877353124665,0.017959299627491314,0.017205211163688734,-0.02207270683219997,1.1180858573955565,-0.6936761001704962,-2.2533066688483983,0.23529024326032216,0.209476499141157,-0.11856835691114553,-0.2432793046139134,0.1612892069708369,0.23873910557910408,-0.20235573074583646,-0.20633073324137663,-0.17839141614678367,-0.18783671972720187,-0.27244113424928385,0.19698333172445312,-0.15405796033011898,0.0777183651249175,0.1893121818986326,0.4253373700823559,0.38090340328472955,2.529318609545308,0.0,0.0,0.2635678157745398,0.9646408691776636
1.1274593327470623,-0.6142005317746837,0.29739524942144696,0.0,0.0,-2.2892383001208585,-0.0857811636929016,0.8663694042458755,-1.9867494174656475,-0.4294666707729354,1.0728271917630268,-1.8067858031146415,0.18897633932824634,1.0772654629950027,-2.1139324283941674,-0.28879542814360715,1.4356703348057245,-2.152301478984108,0.9749819572253892,-0.5621246052471968,0.8718452051976249,0.03210117460952866,-0.32330003316684425,0.023950863455999727,0.0173795393344322,-0.02210462240228516,1.1274593327470623,-0.6142005317746837,-2.2892383001208585,0.24131033556222062,0.22198362851997894,-0.12173207325747298,-0.2397935377289943,0.14745329237521454,0.24210247397088497,-0.19774780892979735,-0.19866826978464125,-0.1799489898679212,-0.189366677202984,-0.26605774691510353,0.19233180867622873,-0.15552288869547923,0.08654265527107194,0.1791066027500035,0.4245046086991231,0.406807304924107,2.5289282687675994,0.0,0.0,0.24141581565520775,0.9704217660128666
1.1317126660310686,-0.5259905034453614,0.2840405964295931,0.0,0.0,-2.3097669363526414,-0.07621861294606266,0.8216257840929071,-1.990687481391387,-0.4405571300282699,1.1171675510303942,-1.8002661987872108,0.19823545436491663,1.0234201629529296,-2.1045943861793877,-0.26267343097262946,1.4131567965271656,-2.165429452841427,0.9122405500822178,-0.5786656867645973,0.8701648742067344,0.036074400775962356,-0.28865805716924814,0.029687091681478622,0.01756503135900557,-0.02213306504044695,1.1317126660310686,-0.5259905034453614,-2.3097669363526414,0.24718605323718004,0.23268968139882523,-0.1241952049139825,-0.23679034171543425,0.13483646327040802,0.24367649785964118,-0.1942788508565872,-0.18824503350935495,-0.18203704014282118,-0.18981769417908717,-0.2596763296792643,0.18814449213690537,-0.15899818325161683,0.09554028382123078,0.16884827665344232,0.4233978987924426,0.4322563205782227,2.5287451726988652,0.0,0.0,0.21893692801918846,0.9757390130303906
1.136019428859284,-0.43825954065083117,0.2709867239105247,0.0,0.0,-2.3645869520586285,-0.06805029174973883,0.7854890438818161,-1.9909950456311625,-0.43032101661928235,1.1511449621569727,-1.7808616084437214,0.20832282689309894,0.9502600854442962,-2.094590325509348,-0.23070474593870083,1.37757941215269,-2.1470491193955943,0.8465404068270034,-0.5807288615934311,0.8648770932228335,0.03950987431791523,-0.2618527691210468,0.03441575241665689,0.017768625049821792,-0.022165852208291332,1.136019428859284,-0.43825954065083117,-2.3645869520586285,0.25267195941940435,0.24100440669311612,-0.1262376575394757,-0.23452084698995762,0.12270445912738155,0.241800937261346,-0.19655578700430426,-0.17359474931777313,-0.18414966170283475,-0.18940961723139058,-0.25567727753865965,0.1841242865692913,-0.16827334556496357,0.10619025046713315,0.16001239332342043,0.42169393289362056,0.4567252570582976,2.5292466455890286,0.0,0.0,0.1958035152831478,0.9806431478385815
1.1446893776807774,-0.3578033779115397,0.2606398756465594,0.0,0.0,-2.3830461580754223,-0.05907267727304959,0.7450972135348987,-1.9911906001388386,-0.414379417362179,1.1874408358741404,-1.756284830390766,0.21726510847341202,0.8764334368022113,-2.0821681919918267,-0.19762356130666633,1.3391435599241632,-2.1217931402199586,0.7808653765681824,-0.5785596302333271,0.8583043792341772,0.04264275975338447,-0.23821455624795732,0.03871921038648988,0.01798598952991988,-0.022200351040209492,1.1446893776807774,-0.3578033779115397,-2.3830461580754223,0.25802552219360103,0.2502085291254336,-0.12846667251267915,-0.2316512226658578,0.10890985040732779,0.23868145982669903,-0.19973189055968732,-0.15883264258455726,-0.18592960400198127,-0.18858662609523974,-0.2519292955553996,0.1796720971389341,-0.17867006088239545,0.11683029343521753,0.15108468351929136,0.42004090923464876,0.48094492381618864,2.5300094602783094,0.0,0.0,0.1723787310114019,0.9850307472840117
1.1527167330093784,-0.2760654279109525,0.22669291944913963,0.0,0.0,-2.423028576594934,-0.0481006221638785,0.6941268642743426,-1.9913862546284993,-0.3866272336906856,1.2299103471967912,-1.7205357154210408,0.22346805863910255,0.8024419678582082,-2.0641358693440752,-0.1623613884051639,1.2949623929129703,-2.0827237500084768,0.7154627972178986,-0.5675321949852837,0.8489854600694444,0.045106426709228105,-0.2214213162660598,0.04210046264860367,0.01823427031437556,-0.022238541394472122,1.1527167330093784,-0.2760654279109525,-2.423028576594934,0.2630975544452667,0.2616814877852168,-0.1311586036309228,-0.22751333539249707,0.09125301620712534,0.2329983694367502,-0.20482366324958462,-0.14426189248955762,-0.18721129742268583,-0.1882223439887611,-0.24878987610950787,0.1746394433855053,-0.1914901839382125,0.12825352774540907,0.14269765792367847,0.41852759135364453,0.5046520829200746,2.5313343736860485,0.0,0.0,0.14846054472891604,0.9889183316426051
1.1643247254275741,-0.20610169546191473,0.1838952837024552,0.0,0.0,-2.423656277533687,-0.037575336713944744,0.6257668246505084,-1.9868223180053055,-0.35330776629909405,1.2928261808169783,-1.677991049264067,0.2268250568579602,0.7418310783242668,-2.0364224064734677,-0.12622675932543262,1.2416096477098364,-2.0414947553347518,0.6526578043096811,-0.5518561614456997,0.8379260083680512,0.046733836893753336,-0.2113042114883341,0.04447029899525386,0.018508635140875335,-0.022268612819012774,1.1643247254275741,-0.20610169546191473,-2.423656277533687,0.2670932389715666,0.2765575324540429,-0.1337076432890159,-0.22237671941441184,0.06674929701574737,0.22488375944798583,-0.20770213207820645,-0.13292979267102692,-0.18836312174133535,-0.19000525745001245,-0.2435768706282343,0.16877373516076707,-0.2049451727980524,0.1396663544753668,0.1345011777257325,0.4176144730746849,0.528263525296283,2.532992534739997,0.0,0.0,0.1244489534225015,0.9922260115477946
1.1814535147122516,-0.14140043941575456,0.09562365684030737,0.0,0.0,-2.4245122866436692,-0.027313858110417432,0.5471385869074026,-1.9794479561535687,-0.31670095042515767,1.3678150809366656,-1.6314337719298597,0.22850158821297378,0.6891211023467407,-2.0029924608046,-0.08957696564522208,1.1828413039552685,-1.998990565645224,0.5913866243482053,-0.5334352412958723,0.8258388136450105,0.04786745736569061,-0.20512920559307143,0.04624291832515419,0.018798401973153533,-0.022293890208860453,1.1814535147122516,-0.14140043941575456,-2.4245122866436692,0.27045336579336493,0.2932723207941643,-0.1361393321148427,-0.21581851587309295,0.03834466840380697,0.21482907544100163,-0.2069712571827081,-0.1233377265755541,-0.18945447932444515,-0.1930910095294637,-0.2367675377084358,0.16200851015391943,-0.21848877197130018,0.150991237962874,0.12604882559328637,0.4170042560649058,0.5518184492237683,2.5348474705945634,0.0,0.0,0.10035572932024092,0.9949516207296727
1.1998187610033582,-0.08096928920890822,-0.001640446938068474,0.0,0.0,-2.3733228383928955,-0.021880056642289654,0.4553327577515741,-1.953558434722244,-0.28239577111377506,1.4732387023160107,-1.5838526107077102,0.22639290416967056,0.6630505314864565,-1.9568765958150227,-0.053768533185177776,1.1158768301796314,-1.9559965496849414,0.5363664377120233,-0.5145416883584846,0.813539110204225,0.04752185078184237,-0.20764271108480337,0.04642486486810937,0.019131220877170563,-0.022316235434731276,1.1998187610033582,-0.08096928920890822,-2.3733228383928955,0.2709181852451789,0.31202521594770155,-0.13741032473740178,-0.21077657599325306,0.002937777831228998,0.203051347092497,-0.19683832858725225,-0.12017126391556221,-0.1907489819051023,-0.20078099611023112,-0.2274458773958235,0.15461135505559365,-0.2317548470781822,0.16137096354425207,0.11799977684647098,0.41759254380322314,0.5756992631488377,2.5368878089398894,0.0,0.0,0.0767140478018003,0.9970531354295332
1.2159117613019288,-0.021044744515952736,-0.08035617009285873,0.0,0.0,-2.3556151313439124,-0.02004078206836541,0.3664097548812943,-1.9205160589628318,-0.2505831958786132,1.5815868070048678,-1.5385555682643766,0.2240854921520397,0.6435140775096031,-1.9104676644007361,-0.01841118306882896,1.0533013100265172,-1.9108500826743338,0.4837662375742386,-0.4969221475303813,0.8016595295680465,0.0467060927341702,-0.2123131111104002,0.04605802120540731,0.01948116126880851,-0.0223452505124833,1.2159117613019288,-0.021044744515952736,-2.3556151313439124,0.2703877479158422,0.3300263351900399,-0.13788445018559708,-0.20628822869702484,-0.03074857390734107,0.19119459335140512,-0.18016562893551089,-0.11855730208942705,-0.19206253745845311,-0.20891111370248178,-0.21873927119195943,0.14651729432940264,-0.24444912287085388,0.17095138415433503,0.10956410994651705,0.41856298885921805,0.5997417748615308,2.53898855691315,0.0,0.0,0.05320602630682031,0.9985835562258363
1.2354628108626873,0.03965618363948322,-0.18078682670456256,0.0,0.0,-2.3179139084750804,-0.026589311792858977,0.28606304707920327,-1.8717487849642302,-0.22470055792921356,1.6938841355744219,-1.499032291032935,0.2216959582327942,0.6372873840793487,-1.8647081322140169,0.015919115754865515,1.0024957186859573,-1.8604204590602593,0.4364875824220723,-0.48251235848259344,0.7908445528331197,0.044885193054500894,-0.22138842545102566,0.044503165161951484,0.019868879101663076,-0.02239111929758048,1.2354628108626873,0.03965618363948322,-2.3179139084750804,0.26770393844146456,0.34630236918505575,-0.13656465992732905,-0.2056397689074444,-0.06119196151897607,0.18024735999830854,-0.1565655486819462,-0.12024623245718674,-0.1934869625042547,-0.21779442588333595,-0.21309627572974732,0.13792147647042297,-0.2569414055068168,0.17908034791199498,0.10127802532367192,0.4204865687451282,0.6241498151560408,2.5412189610115514,0.0,0.0,0.030045424181898605,0.9995485343322402
1.2493532443072408,0.09949033244756691,-0.256336253390091,0.0,0.0,-2.2846797976053046,-0.04253463425730254,0.22515859783336764,-1.8137384862455428,-0.20177065984322642,1.7910323215641841,-1.4690091840682495,0.21970923469271714,0.638295247136051,-1.8263623398264681,0.05386058655049997,0.9774092589655232,-1.8017850627181362,0.3944589895159547,-0.47306964175248245,0.7816746826667513,0.04228010507948088,-0.23323681774318836,0.04196048491904818,0.020285461445115366,-0.022461990101469886,1.2493532443072408,0.09949033244756691,-2.2846797976053046,0.2631562748476597,0.35884730058593306,-0.1331611221343057,-0.20971025268446009,-0.08376396772521279,0.17110249790475968,-0.13260548377024095,-0.12346889577317552,-0.19472772710335312,-0.2255810732282209,-0.2149775663063041,0.12758447112611562,-0.26995883150425076,0.18542585183056418,0.09317851134245327,0.4233545525726593,0.6489757884787826,2.54354020002495,0.0,0.0,0.007201098229377282,0.9999740717560086
1.2740686866623332,0.1560848156187416,-0.30902535203964493,0.0,0.0,-2.264463657534677,-0.0643187405601625,0.17633477526326324,-1.7499849488658288,-0.18067547390537872,1.8787674480868926,-1.4448890955217422,0.21797280109697773,0.6437983685924161,-1.7926231430422874,0.09404589235782632,0.9683036188925466,-1.7380509338071268,0.35569257120932296,-0.466713261219763,0.7735270146400698,0.03918775447433994,-0.2468082875974717,0.038804010998818174,0.02071997901845363,-0.02254839614033699,1.2740686866623332,0.1560848156187416,-2.264463657534677,0.2574504883058609,0.36903987533775884,-0.1282348994823697,-0.21679091760013017,-0.10093684646887068,0.16342070170060313,-0.10861530910559115,-0.12775343592775437,-0.19584066570743114,-0.23263236014534827,-0.22209415635568924,0.11574867548005335,-0.28280370779997643,0.19054695176045974,0.08518544566353269,0.42682315169000534,0.6740614483433386,2.5459178801505797,0.0,0.0,-0.01544479773506371,0.9998807219978406
1.3007689489700096,0.20748643631661878,-0.3271245067158041,0.0,0.0,-2.0853932058619913,-0.0926783023448824,0.1506508798154882,-1.6872011136837766,-0.15668599964470023,1.925311024043722,-1.4435790841297438,0.21230447116077594,0.6617820852546279,-1.778293719855688,0.14140589065235512,1.008589399758205,-1.668632867515729,0.3238279900670483,-0.46636044039093894,0.7693315041535217,0.03524902621851605,-0.2626959644658589,0.03433858214687282,0.021143379724687994,-0.022656451536869914,1.3007689489700096,0.20748643631661878,-2.0853932058619913,0.2507952607660739,0.37423923463610764,-0.12124127555927929,-0.22777378433216838,-0.10681302844801327,0.15860259383178824,-0.09759527259944153,-0.13377468304003312,-0.19533683900419072,-0.23726632405085563,-0.24459392933765356,0.10115798639141048,-0.2936639668748415,0.19349524489982886,0.07800897935980232,0.4306385046278189,0.7001070553256616,2.548206583146126,0.0,0.0,-0.036292883646245534,0.9993411962871539
1.3251291887238728,0.25633666287428786,-0.30310373205865304,0.0,0.0,-1.9856144588027471,-0.12154847175203333,0.1307869921021137,-1.6277151270151995,-0.1316131975061151,1.9581139955042084,-1.4525484790938727,0.2062571887260697,0.6858965308008227,-1.7702243494731122,0.18985594659509605,1.0621516324285962,-1.6000525592475812,0.29402189378670046,-0.4679677067691707,0.7665585619147106,0.03111506726152155,-0.2794909232619842,0.02950585114112039,0.021553957360833348,-0.022763000153619328,1.3251291887238728,0.25633666287428786,-1.9856144588027471,0.24436550803722876,0.3778932651810674,-0.11354202039789053,-0.238785600525801,-0.10872832522393004,0.154944907942707,-0.09149351680122778,-0.14095246049769344,-0.19448836131745922,-0.24097733225208925,-0.2720256669370301,0.08599456320217937,-0.30052919332211614,0.19556833139725674,0.07102569477552464,0.43454295315761304,0.7265571648502007,2.5504212695637913,0.0,0.0,-0.056128791693454326,0.9984235367533324
1.358492530808188,0.303097506524187,-0.2693745851730371,0.0,0.0,-1.7502543782433886,-0.1507765285430414,0.12276508667135756,-1.5767586205595285,-0.10412443741675365,1.9609451345218125,-1.4851394366192558,0.19980223172454428,0.724267430202935,-1.7757133783832673,0.24009830881190525,1.1432361474601167,-1.5345275709705972,0.26859637165582323,-0.473831311989856,0.7669354215745003,0.026594383581992148,-0.2983253793690793,0.023903082895983967,0.02193247044198615,-0.022862341455233994,1.358492530808188,0.303097506524187,-1.7502543782433886,0.23867111148372777,0.3786322783835743,-0.10513661755877282,-0.24984791689353364,-0.10293709739934676,0.15264711959511562,-0.09690755385867497,-0.15060945082865168,-0.19309018128900585,-0.2427195996943036,-0.30784012046788956,0.0712539702399022,-0.30049063611059845,0.19610309992250624,0.06467298528513067,0.4386236146755099,0.7539274583580672,2.5524545920792447,0.0,0.0,-0.07359514548032535,0.9972882003522
1.3809363117989468,0.3488905089996412,-0.2440017584617843,0.0,0.0,-1.5535389029247568,-0.17422296165565446,0.12334057357576161,-1.5340321311813954,-0.07607831656398725,1.943674680152674,-1.5446820494094633,0.19371316114634166,0.7821455112922152,-1.7937448652841712,0.28612292752898316,1.2354345300291607,-1.4823196660660498,0.246567306712964,-0.48236838891087475,0.7696800024705976,0.021958853328420246,-0.3180110279377217,0.017864209596454853,0.022277627701079977,-0.02295315432559205,1.3809363117989468,0.3488905089996412,-1.5535389029247568,0.23359052463030727,0.3771520298362152,-0.09768430092393227,-0.2601234155365651,-0.08955453849934647,0.15068452374522187,-0.11029760489947202,-0.16402792865001398,-0.1913805430300503,-0.24244039143207968,-0.34441945539725993,0.059901475577791866,-0.29281763437562214,0.1955542840472349,0.05890954776404246,0.44259417843496507,0.7820879129098737,2.5544372510739124,0.0,0.0,-0.08907952407907756,0.9960245169622307
1.4132185710445986,0.3991015010502107,-0.21027261157616908,0.0,0.0,-1.4251513504074806,-0.1938913040477313,0.12953415844175545,-1.496683672764823,-0.04766797976681868,1.91326853109517,-1.6218366349469795,0.18786318466654822,0.8527708596226127,-1.8199724138423958,0.32939139702841325,1.3348954398999493,-1.4388140136623047,0.22675770884346386,-0.4926524869430021,0.773971807144876,0.01724827481854352,-0.33825290128321606,0.011540356756431726,0.022600988086353063,-0.023038394161663603,1.4132185710445986,0.3991015010502107,-1.4251513504074806,0.2289110411452564,0.37408030606165954,-0.09083624544240922,-0.269850912518735,-0.07034620962341524,0.14817725726093647,-0.12721449534661286,-0.17958382851975296,-0.18937770374975865,-0.24022180418732508,-0.3803951625421877,0.05216903113452391,-0.2786549557512903,0.19424512936028565,0.05356159338868574,0.4464719368244521,0.8107647103220755,2.5563868032134134,0.0,0.0,-0.10326533419682242,0.9946538446883009
1.440316543931407,0.4410350979719632,-0.17140747238231083,0.0,0.0,-1.1214773105154927,-0.19994381646956172,0.15019007075217478,-1.4731210636836225,-0.017123931598278568,1.8611629586065965,-1.7374872174314282,0.1797721119978094,0.960238569526263,-1.8672787643248039,0.35983367760976176,1.429261267826122,-1.4262803805771693,0.21139418485984995,-0.504935024887003,0.7815821805307943,0.012698512644537002,-0.3593290743007456,0.004872947070066599,0.022842474682356725,-0.02310713905320373,1.440316543931407,0.4410350979719632,-1.1214773105154927,0.2251796201672605,0.36752934382721963,-0.08750487514335212,-0.2784897358146241,-0.038944153478539245,0.14455692365156816,-0.14848644320824717,-0.20137247077998988,-0.18604176103324477,-0.23373443850076392,-0.4069050517956723,0.05030501715383614,-0.26110146424125513,0.1920220940266324,0.049166348411966584,0.44970609520265814,0.8406904826882067,2.558448335175873,0.0,0.0,-0.11441365727978725,0.9934331960569182
1.450714180787562,0.46953729387655807,-0.11852674960662682,0.0,0.0,-0.9788204782957106,-0.20287252391111038,0.17449589634454382,-1.453990698287991,0.013765733702422069,1.800698544389458,-1.863167184228111,0.1686314603974742,1.081023201720262,-1.92001311155203,0.38496071228417017,1.5153855380191599,-1.4240282778244293,0.1978515173478793,-0.5171603355356442,0.7898506184632633,0.008287468961837255,-0.3807180551645149,-0.001826119519049127,0.023059497076657512,-0.023167171452100985,1.450714180787562,0.46953729387655807,-0.9788204782957106,0.22205474224996397,0.35987280676910494,-0.0850657011880813,-0.2865005421041705,-0.002694620297566258,0.13973109627821112,-0.16546949134686723,-0.22423076645687465,-0.18159978926934364,-0.22452893342658517,-0.42749679007755903,0.05099655537132604,-0.2432143973930284,0.18956470739139156,0.04522505476726751,0.4526912305415763,0.8708793426927273,2.5604695598711675,0.0,0.0,-0.12413210378334404,0.9922657007124257
1.4575628511571908,0.4838375828604484,-0.035135441302826254,0.0,0.0,-0.6398861501071583,-0.1997526660828608,0.20615414137481314,-1.444533065655753,0.045200968648583605,1.7211446582630128,-2.0092956857441977,0.1494076040483293,1.2317724885906347,-1.9837662208037554,0.3977574577895542,1.5794752272226467,-1.4444126642733062,0.18852258177213785,-0.5288317466294892,0.799304504975623,0.004232507142301805,-0.40281702284317256,-0.008545961200950504,0.023224269490568866,-0.023206099881173035,1.4575628511571908,0.4838375828604484,-0.6398861501071583,0.22043855018299544,0.3504864597624422,-0.0845636532528715,-0.2932727882925298,0.04141565253472587,0.13409064382756558,-0.17702153350171904,-0.2502371546076563,-0.1748391125489115,-0.21101003250205388,-0.437054704783991,0.05361031590658393,-0.22962268864584973,0.1869094964371391,0.042289195798914235,0.4551877561997768,0.9015574600534195,2.562356034487379,0.0,0.0,-0.13047893322736157,0.9914510819923743
1.4552908216843117,0.4852190438273335,0.04191087245086489,0.0,0.0,-0.28697146616164204,-0.19253924008338683,0.23323797218261222,-1.4381873646090109,0.08004793692981038,1.6277727773112638,-2.1602947019761607,0.11954797660150841,1.4061640885568432,-2.0507942861126316,0.40024233441199025,1.6182906243108934,-1.481822279191786,0.18325880987028922,-0.5383751046273016,0.809539589189714,0.0005835407383499654,-0.4245846011946278,-0.015141440014685346,0.02334435584564363,-0.023232782439839457,1.4552908216843117,0.4852190438273335,-0.28697146616164204,0.22064932459785092,0.3423579336883461,-0.08564282883874266,-0.29830115591471773,0.08716431309895561,0.1279093246803496,-0.17947615758550903,-0.2771262907519077,-0.16593028324012174,-0.1935033115261011,-0.43711883455927564,0.0562765458652969,-0.22198898193876793,0.18450730340197866,0.040374847124578186,0.45684878094072856,0.9322039581114245,2.5640796538322204,0.0,0.0,-0.13332357766840852,0.991072562246426
1.4511084024921883,0.49055893830634234,0.1443317206743372,0.0,0.0,-0.04456892388465133,-0.18251407028953665,0.2571797811002286,-1.433979151924024,0.11723831800683837,1.5249097483987026,-2.3146391222553864,0.08238297102699159,1.596794853073721,-2.1200718161880325,0.3956443111956333,1.639745901562407,-1.5309259904328212,0.18078727160303398,-0.5464567695894549,0.8203112536433776,-0.002786560127625101,-0.44612455859406436,-0.02165149786846716,0.023433748746163954,-0.023251053693580798,1.4511084024921883,0.49055893830634234,-0.04456892388465133,0.22211498508103003,0.33513519486743126,-0.08784916528620344,-0.30213157924807466,0.13048079913076363,0.12249464595330292,-0.17121513340934752,-0.30161975888846687,-0.1564849857072614,-0.17149103250009193,-0.43101498690241846,0.058756604338402456,-0.2184473911901717,0.1822911691381869,0.039141250820564244,0.4579380406504455,0.962828737860512,2.565691412990666,0.0,0.0,-0.13376527480269287,0.9910130429297891
1.4494033532596005,0.4888669989544336,0.24075489557985605,0.0,0.0,0.5044076360422675,-0.16980525947386216,0.2678419928396902,-1.4304796722200182,0.1651861821718542,1.4111295600945801,-2.4502232732738647,0.028161565355929702,1.806550156258341,-2.185465823792215,0.3787037008124867,1.6070627568015914,-1.592168176900529,0.18532042643288987,-0.5495332505113335,0.8313550015504215,-0.005416587626020762,-0.46710019780316236,-0.027776631763652252,0.023457582118690656,-0.02324694879753615,1.4494033532596005,0.4888669989544336,0.5044076360422675,0.2264225934248244,0.3317382405387188,-0.09131762658700246,-0.30372701867824015,0.16568959352740228,0.11709032205265296,-0.15732913366321505,-0.3235747152596888,-0.14615425186086983,-0.1461311459873427,-0.41143214717867377,0.05935882664488674,-0.22599025972721298,0.18096233092580202,0.039656454065330596,0.4577560905416869,0.9933735046762721,2.56761072186159,0.0,0.0,-0.12876482765385427,0.9916751580831664
1.4467365859334567,0.49096051478534875,0.3237986035885369,0.0,0.0,0.7004559735689965,-0.15736855422296842,0.27523763750189095,-1.425634620010212,0.2154788038422979,1.2925901874419194,-2.575079930725917,-0.03077549110817584,2.014029449032197,-2.2468310684286132,0.35907281021918047,1.5534568781493823,-1.6548477859907247,0.1926607994302625,-0.5501161813735963,0.8423333898667366,-0.007790507658595021,-0.4879254125138763,-0.03374387351896167,0.0234589087426342,-0.023236292544552076,1.4467365859334567,0.49096051478534875,0.7004559735689965,0.23174518090422427,0.3291487836145146,-0.09478514425817636,-0.305076342234366,0.19223006456494687,0.11392497366135304,-0.1385976754901788,-0.33862376827241747,-0.138374067163253,-0.11925129237993881,-0.3867984292060421,0.06007523297220746,-0.23559778931856276,0.1800776429378493,0.040867631283162564,0.45703817704314065,1.0238763260585002,2.5697913656952562,0.0,0.0,-0.1218154208823625,0.9925527710077953
1.440961811139887,0.47731738011480773,0.39159167945171514,0.0,0.0,1.1460661954154079,-0.14641591650183472,0.2762476806144988,-1.4166068278760464,0.27004719421427786,1.16262936848466,-2.6727227951036143,-0.09946202617606019,2.2099301122850004,-2.2971816310745847,0.33453604611017346,1.4511825252177457,-1.7187558062187667,0.20659615131475606,-0.5445353190104166,0.8530488981995532,-0.0095881367983517,-0.5084447127943827,-0.039337905277381284,0.02340972196564452,-0.0232117599190136,1.440961811139887,0.47731738011480773,1.1460661954154079,0.23937453756836588,0.328041108471386,-0.0978492023354274,-0.306389700812157,0.2103843143868388,0.11200430923872595,-0.12133612503748696,-0.3477879067999658,-0.133056946639708,-0.09437078584515271,-0.3504914373319321,0.060741026076075524,-0.24989557624651443,0.18031502271104938,0.04378690457281885,0.45505409054180196,1.0542744120389334,2.5726725243325728,0.0,0.0,-0.11043210880828903,0.9938836699252857
1.4356710585768133,0.4446259749784356,0.4090213941203173,0.0,0.0,1.3320577299188678,-0.13437629739443463,0.27988120464868443,-1.4038813075711651,0.321244581839517,1.0301662967623777,-2.7430338287011695,-0.16687376946744945,2.3776609162703206,-2.334853925158046,0.30793392722324664,1.3200986428072805,-1.7761947604490436,0.22624033913817454,-0.5352846213139086,0.8635069054941977,-0.011057580854596842,-0.5293151084667466,-0.04463137150825565,0.02332744029046814,-0.023171262995850657,1.4356710585768133,0.4446259749784356,1.3320577299188678,0.24740884808229288,0.32578747864017565,-0.10114190092909575,-0.3086511503983691,0.22191426288925162,0.11139800050009054,-0.10743379275911856,-0.35185942579220664,-0.1308888627814311,-0.07395164687590382,-0.30772195097264016,0.06326622639876751,-0.2623719771912112,0.18102108093341002,0.04812125020476543,0.4524217185555661,1.0843000685442306,2.5757659669418063,0.0,0.0,-0.09718320670791068,0.9952665091994041
1.4205616976792272,0.38892253466435545,0.3779296192430691,0.0,0.0,1.4663671121740964,-0.12155225872993491,0.28540796233761684,-1.3884873236379318,0.37000928707020175,0.8958974756220359,-2.7936208607048107,-0.23336555993044134,2.5250629558358115,-2.3633769532685633,0.2798413461254494,1.1682243782986903,-1.828965316536605,0.25000430547421937,-0.5233855888407719,0.8737790872973779,-0.012290190314493491,-0.5504388719476676,-0.049707934781107764,0.02322127569907455,-0.02311924544553603,1.4205616976792272,0.38892253466435545,1.4663671121740964,0.2557353933331786,0.3226521605704647,-0.10465270183222727,-0.3115495850524632,0.22945639121734146,0.11146045936056682,-0.09660807017969592,-0.3528213228523512,-0.13105954390621324,-0.05722109972636352,-0.2602325553690731,0.06844718745866099,-0.26939073202070385,0.18194130723973623,0.05351933278715758,0.4493072765793175,1.1140569615107705,2.579012604169948,0.0,0.0,-0.08257849705229575,0.9965845633083948
1.4041952964018698,0.32469598917973397,0.3256380384434098,0.0,0.0,1.5075830549347613,-0.10688606353216273,0.3066759819839163,-1.3717431864003553,0.4046496637833161,0.7700053006944689,-2.8005794120091263,-0.28936881248882595,2.611038443008204,-2.374870475475079,0.24875773772543902,0.9905172693259399,-1.8634886374183026,0.28189326208552157,-0.5074692836371801,0.8828524064846791,-0.013109036667879978,-0.5720468695445727,-0.054162315503563936,0.023080247517768628,-0.023030153111851772,1.4041952964018698,0.32469598917973397,1.5075830549347613,0.26252603285201564,0.3144652213050081,-0.10859690169978638,-0.31642891735161577,0.23689007174412535,0.11059165399773786,-0.09292523863016995,-0.35296238155875453,-0.13149467542855026,-0.049199857852361605,-0.20960961264984276,0.0762362989324067,-0.27083257396673893,0.18303094213358745,0.06096578742824476,0.4457834950901475,1.1429081236589766,2.5817581214357874,0.0,0.0,-0.06754477226655292,0.9977162440992225
1.3913930118465188,0.2632667663484038,0.2796616899283553,0.0,0.0,1.52248208337649,-0.09161651150513729,0.33503002131284326,-1.3555743835305656,0.4329240027294363,0.6509251173679125,-2.7937150565526823,-0.33917778132209625,2.673757180518147,-2.3799342587857266,0.21783475396240073,0.8097458225424582,-1.891340566365095,0.316662216592433,-0.49073580943555395,0.8914512844495875,-0.013801448504477202,-0.5935480316907273,-0.058360856774139554,0.02292649873856148,-0.02293498531704949,1.3913930118465188,0.2632667663484038,1.52248208337649,0.26876091487091497,0.30387998936145116,-0.11285015259411914,-0.3216594724559335,0.24451650369699898,0.10976757351882074,-0.09074343760704269,-0.3530554461416954,-0.1321740905951498,-0.04420307792451345,-0.16055880144650145,0.08598186309981738,-0.26352130486615005,0.1837478980845723,0.06918900965091435,0.4421909292181358,1.1714627794040144,2.584311579290684,0.0,0.0,-0.05234689247754821,0.9986289615507574
1.3737258166251654,0.19760700717983687,0.22358062500167503,0.0,0.0,1.5570308216214601,-0.07500849039323867,0.38095008365569577,-1.341655300509545,0.44541163982883575,0.5508484167437399,-2.756632751034152,-0.37260619286567936,2.681882050729567,-2.369919346224877,0.1883589091800874,0.627339111220452,-1.9037280928704046,0.35802942322146514,-0.47266652507166707,0.8989194420076185,-0.01422207198676563,-0.6145582699006604,-0.061942051495275194,0.022743285603580937,-0.022832144292131547,1.3737258166251654,0.19760700717983687,1.5570308216214601,0.27371250044914985,0.28763406936430214,-0.11764587152784228,-0.3276591419082061,0.25458172053074757,0.10822911377391141,-0.09236506791666427,-0.3551846676883267,-0.13136284311634688,-0.04521512858804994,-0.11517424782592059,0.0960898750653171,-0.2498689315711214,0.18383719656142328,0.0790538114002872,0.43857984370179115,1.199359813044148,2.5864122606092885,0.0,0.0,-0.0367915860216368,0.9993229604077015
1.3618383075287137,0.13750283256342444,0.1813935176018758,0.0,0.0,1.5827080537002194,-0.057904620057365935,0.4393396027199251,-1.3323810835465737,0.4441925970884208,0.4747416417658547,-2.7027400172312204,-0.3893425597084893,2.653184735219539,-2.3500876683060845,0.16280522841065606,0.45611639112554697,-1.908786553208546,0.4036794954303341,-0.45484730141991797,0.9052552127923589,-0.014534992386176379,-0.6351982778118501,-0.06497727601545257,0.02255368192670166,-0.022723588818771012,1.3618383075287137,0.13750283256342444,1.5827080537002194,0.27770413987098197,0.2674713603588875,-0.12286416523397488,-0.3328679249670528,0.2658907417726939,0.10655968939500159,-0.09603408301970451,-0.35882852267297244,-0.12931172918564715,-0.04975495578341457,-0.07593906789443121,0.1053513883748893,-0.23090587379112654,0.18297671780336536,0.08991673622807521,0.4353188532147329,1.2268442799968102,2.5881538741477503,0.0,0.0,-0.020970612674810263,0.9997800925223722
1.3511577053841235,0.07470664148016047,0.11056831447027184,0.0,0.0,1.602335695867392,-0.04042494820437531,0.5071796574045688,-1.3266271861223335,0.4325853338378303,0.41680154727778485,-2.6361067483074767,-0.39342811372545033,2.5965800789522007,-2.322815915589691,0.14022413510361853,0.2933699591185438,-1.908290352872623,0.4525755289207656,-0.43721759746578837,0.9107327536015528,-0.014766285185932475,-0.6555576901282036,-0.06759871259385115,0.022359234891751758,-0.022610702395011874,1.3511577053841235,0.07470664148016047,1.602335695867392,0.2809682411532249,0.24423145223829484,-0.12846220625571142,-0.3366352145682691,0.27813539816874816,0.10481892797066593,-0.10150561640427476,-0.3633369749393442,-0.12612182851183024,-0.05728671435813049,-0.04211440073899365,0.11359849698686415,-0.2079210399947363,0.18114752934092612,0.10151396544384601,0.43231240277284366,1.2540160648284422,2.5896233521054723,0.0,0.0,-0.004948087118231137,0.9999877581420037
1.3455922721040774,0.015157190693511416,0.03489603865958341,0.0,0.0,1.6208388597569283,-0.027434475479587474,0.590220434691316,-1.3295496740648822,0.40194406432490204,0.4080055945663042,-2.5514353193262576,-0.36769336782475964,2.4910500075227473,-2.286268654689994,0.12283970159228136,0.16265919708436577,-1.8982529230015253,0.5063533750913475,-0.41850462716112863,0.9140121327933445,-0.014862725481150611,-0.6758143325005808,-0.06919494928211294,0.022140254016204546,-0.022497296233170778,1.3455922721040774,0.015157190693511416,1.6208388597569283,0.28212687244979284,0.2168960352113317,-0.1327554121586374,-0.33819526568089053,0.2889912760258129,0.10239461195248593,-0.11262561692128865,-0.367669117966061,-0.12172452121963884,-0.07039249315374389,-0.01745153328916338,0.11956565972474109,-0.1875844702923171,0.17832036488033037,0.11429391569192827,0.42975105254741414,1.28091751375506,2.5906071483447985,0.0,0.0,0.011260753061827717,0.9999365957101883
1.346613141190751,-0.040318816429175,-0.04608774003589528,0.0,0.0,1.6220052824227131,-0.015968752537577086,0.6782410941670856,-1.3362284339029726,0.3660124345919572,0.4157980322624185,-2.4636094185613833,-0.3319592835868995,2.3727427178386313,-2.248755767781248,0.10653902686411358,0.04762277124603284,-1.8844645014800483,0.5612727053276517,-0.39960673376650824,0.9164970472294797,-0.014909413142470263,-0.6960087025464646,-0.07039170714903048,0.021906504093746136,-0.022380367996284612,1.346613141190751,-0.040318816429175,1.6220052824227131,0.2823640826996082,0.188431117081579,-0.13662874347885764,-0.3370943660921805,0.2975059510132486,0.10030231897240964,-0.12646576117322045,-0.3698271012516622,-0.1178737915924509,-0.08598699496193951,0.0024922903300312327,0.12458417100205976,-0.16794210656365793,0.17457663367110174,0.1273074015344075,0.42735387413351894,1.3078124518890104,2.591441599698904,0.0,0.0,0.027478296071282143,0.9996224003317548
1.3486345154577402,-0.0978487690220978,-0.1458123913802553,0.0,0.0,1.6190037207388677,-0.007951993561987357,0.7773188651676249,-1.3523206232269178,0.3194445075740949,0.4609961281113301,-2.372014860953054,-0.27375304512011944,2.2298835443339464,-2.2115334644112536,0.09191808152583333,-0.02652871053278681,-1.8616133129297618,0.6181888603822306,-0.3804978476203043,0.9171306766489501,-0.014839086431248854,-0.7160312138150671,-0.07062677171174771,0.021632056215971602,-0.02225168320387068,1.3486345154577402,-0.0978487690220978,1.6190037207388677,0.28028336284835703,0.1581667533335572,-0.13935964146051835,-0.33241001945300186,0.30010731416083364,0.0989900150870598,-0.14541322049713648,-0.3676954899649059,-0.11614373598367633,-0.10523373047389808,0.015238321404888466,0.1279791297643392,-0.15649893338296292,0.16978104713832542,0.1407116833930914,0.4254584928474999,1.334789295777625,2.5919559241195733,0.0,0.0,0.043658618421519774,0.9990465079452128
1.3492590478131856,-0.15196715432467678,-0.22083022581633605,0.0,0.0,1.6166598262846301,-0.0029046734174092807,0.8869571288426709,-1.375522971153259,0.2717675566673282,0.5218826134999588,-2.2857339382171635,-0.20670087635517176,2.079346577326458,-2.1805191040039062,0.07349950075149551,-0.06504782040913892,-1.8329345385233564,0.6745826800664262,-0.36161333322525036,0.9160027901331584,-0.014613025200863682,-0.7355955044428506,-0.07002822806437811,0.021335177123546604,-0.022115637858708702,1.3492590478131856,-0.15196715432467678,1.6166598262846301,0.276531587044398,0.12650009143426783,-0.14105968396397056,-0.32386300607726776,0.2966434748124167,0.09937249834348744,-0.1660294241112743,-0.3599219015085177,-0.1177198237540774,-0.12569284295156746,0.022788620773630433,0.13102165959885248,-0.1526083076370896,0.16417669509928892,0.15389905651457794,0.42409026628629853,1.3618936141331988,2.5922484397888184,0.0,0.0,0.05980409630430927,0.9982101332210692
1.351897307062407,-0.20949391909637582,-0.32055453267148676,0.0,0.0,1.6149811867999604,-0.00022013255772197933,1.0049983651834575,-1.4043828646341958,0.22320815664465715,0.5952523335761066,-2.203681069035684,-0.13261001036372244,1.9227003982844748,-2.154444397136729,0.05205914554416495,-0.07521429027707771,-1.7996187603174572,0.7305608780580609,-0.34290735119132587,0.9134732672817818,-0.014263046181036366,-0.7547951893994458,-0.06876638326059532,0.021020449537743804,-0.021973735729639676,1.351897307062407,-0.20949391909637582,1.6149811867999604,0.2714501538157036,0.09457642537284715,-0.1419314920397146,-0.31122280944482095,0.28689156829915513,0.10192224452718314,-0.18726409127581278,-0.3463726636985789,-0.12339791166654593,-0.1457948362086581,0.0264352113632492,0.13403720848545245,-0.155304813074272,0.15777133320645087,0.16684178434862051,0.42312425899676803,1.3890993637850635,2.5923644624730593,0.0,0.0,0.07591720270672025,0.9971141250294204
1.3550966574575884,-0.26491383911750277,-0.39743126293237263,0.0,0.0,1.6113758283463901,-0.004184526995518701,1.1235071719760956,-1.445570012147281,0.1788678780251509,0.6860874605007918,-2.131565431540158,-0.05671699195566186,1.7791668702197339,-2.1373209389307166,0.018072659076328546,-0.028176354678301284,-1.7603174606104481,0.7841717555958735,-0.32464946277679946,0.9080434353975413,-0.013381114079346586,-0.7718748717325135,-0.06604193030826509,0.020660539494834068,-0.02183391447562898,1.3550966574575884,-0.26491383911750277,1.6113758283463901,0.26370940573753854,0.06687676409083215,-0.14076553152675206,-0.29520597804764526,0.2695410073338419,0.10606536418783002,-0.207317126831517,-0.32899944531831854,-0.1329963672763358,-0.16128536087494205,0.021005366567299413,0.13893274751598722,-0.17056234493486455,0.15094083843267883,0.17924485951771885,0.42287899412741714,1.416614845662134,2.592152161410205,0.0,0.0,0.0919746019860613,0.9957613532315389
1.364095130362023,-0.31499183365846284,-0.4145894373189594,0.0,0.0,1.5710924313329113,-0.010178241037553467,1.2353657676327623,-1.490134727570319,0.1376822927305772,0.7826091474102401,-2.0634096514794127,0.016756646094784347,1.6469092099897313,-2.1223305117699405,-0.021926127614514124,0.03730351309622601,-1.7230864532532228,0.8363583068693843,-0.30665299392515594,0.9013589485999075,-0.012238254500252566,-0.7876631675227997,-0.06276384380555917,0.02028682034823202,-0.021695030192213673,1.364095130362023,-0.31499183365846284,1.5710924313329113,0.2555529032984087,0.04401598113182072,-0.13917834323730469,-0.27770084177553794,0.24674120845270722,0.11174491989990684,-0.22494006220517185,-0.3100686417042015,-0.14490374353295776,-0.17247269704170592,0.010479077383254575,0.146151453779909,-0.1882608538654699,0.14358009899206448,0.19120190869077358,0.42286378851353335,1.4443271390853392,2.591875683876776,0.0,0.0,0.1076075813502392,0.9941934461843689
1.3818002668016873,-0.36231683592079245,-0.389873765168651,0.0,0.0,1.4262639141272893,-0.020450342566736227,1.3228065561650042,-1.5412313032321174,0.10600530372191519,0.8916645481594996,-2.0050211286032074,0.08058454395408664,1.5495575439972695,-2.1109203301022985,-0.0779420231672595,0.14316821867419768,-1.6961851739541605,0.8844677978946314,-0.28939847279620434,0.891463804843178,-0.010394413181076563,-0.7997426202647574,-0.058154410532405325,0.019883958602784784,-0.0215585833502179,1.3818002668016873,-0.36231683592079245,1.4262639141272893,0.24712582824478016,0.031119068488698276,-0.13664992705716977,-0.2625529430282112,0.21787814104815584,0.11716480462506004,-0.23847085992322717,-0.29465653134717623,-0.1566544780196629,-0.17760840992173227,-0.010859982439121136,0.1585757879567155,-0.20851373519010213,0.1362792654046467,0.2023615117467088,0.42351102076153646,1.4726109150062752,2.5915190532643306,0.0,0.0,0.12177645823131711,0.9925575520949081
1.3977890654354916,-0.4025160931590086,-0.3321027990737711,0.0,0.0,1.22707909489235,-0.0340061017368858,1.3834793456566379,-1.5898976834444165,0.07998983035912206,1.0066502525814982,-1.9544724375543625,0.13385996195791477,1.4766793404856031,-2.095928971485425,-0.14295957523221242,0.2627719348049516,-1.6779475947007483,0.9284754641167156,-0.27341746942116785,0.880171246212443,-0.007900309428492517,-0.8083865281501552,-0.05268909588562967,0.019472888527324546,-0.021423607336951412,1.3977890654354916,-0.4025160931590086,1.22707909489235,0.23995795269166265,0.02582392020073433,-0.1334940698742433,-0.251657049087434,0.1852256664658364,0.12253434856454652,-0.24665389060167345,-0.28345557353122997,-0.1671207120889614,-0.1801405191974221,-0.03861250490059759,0.17531590281036366,-0.22461647475761992,0.12905808992361661,0.21259828152674154,0.42438973061159885,1.5014632995837909,2.591174320508075,0.0,0.0,0.13394675603136724,0.9909885299783612
1.421098966131377,-0.4476783631310114,-0.25530527195622643,0.0,0.0,1.0608187810612397,-0.05030425629949065,1.421796443641827,-1.636534449874714,0.05870265577749528,1.1265887380928128,-1.910471298361337,0.17832231986266334,1.4242405122326263,-2.077946739812051,-0.215494994274391,0.393849989419343,-1.6669456330678796,0.9690574305031892,-0.25850006329115993,0.867711615818803,-0.004863129357897451,-0.8141611897817222,-0.04650897921253273,0.019054963143282037,-0.021289859708118183,1.421098966131377,-0.4476783631310114,1.0608187810612397,0.23384171628182931,0.02619444800086744,-0.12980353304987763,-0.24465196500009934,0.15004027991530186,0.12753265304231998,-0.2489720206279411,-0.27617202322626305,-0.1762111162221289,-0.18127449747485685,-0.07209377908793191,0.19561861298489083,-0.2346226656739212,0.12192113445332778,0.2220613282610238,0.425460218764275,1.530790566116251,2.5908395244229223,0.0,0.0,0.14445181150490488,0.9895118362874451
1.4421331531711734,-0.48789705318722165,-0.1857722839040135,0.0,0.0,0.7413190449615202,-0.07287588005211168,1.4178117987930134,-1.6696964715971312,0.034493933041249786,1.2361632158252063,-1.879386024235825,0.20795899795161327,1.4015518097894595,-2.051669833480671,-0.2918797794956453,0.5328023269185016,-1.6705503361199492,1.001843216171401,-0.2475644328688209,0.8532152156676017,-0.0006595676844960031,-0.8131995707429865,-0.03913540669506603,0.018659423122109053,-0.021145083150395785,1.4421331531711734,-0.48789705318722165,0.7413190449615202,0.2297457418134136,0.03403671303816408,-0.12432742069533233,-0.24555435839524642,0.11836716391158628,0.13361148400935152,-0.24473894662721754,-0.27602402832659917,-0.1826056421886714,-0.18246902079451627,-0.10909432849249008,0.21699908308369223,-0.23557622072574916,0.11569765425664,0.22980294944623766,0.4272527660690612,1.5610541852998903,2.5902646827014117,0.0,0.0,0.15178328194190882,0.9884137976186609
1.4599517867238387,-0.5305787063995955,-0.12073645428303803,0.0,0.0,0.6209693505987548,-0.09827814921469669,1.403383247313961,-1.6977203157212999,0.008736268406914148,1.3336458740268557,-1.854123039912152,0.23274086335653899,1.3847734035129615,-2.0244500756691006,-0.36801642649489913,0.6726601469901299,-1.6782957029171741,1.0314601561501888,-0.23788362378287914,0.8378604240314935,0.003953826603710006,-0.809459122278357,-0.03138248548979828,0.01827423876705563,-0.02099844127038901,1.4599517867238387,-0.5305787063995955,0.6209693505987548,0.22641082492566877,0.043256405770408034,-0.11799893157515376,-0.24812550992313184,0.09055007237610552,0.13993610373459126,-0.23665575263671396,-0.27718242774084245,-0.18820110711407945,-0.1837476682300258,-0.14730573744560826,0.23719004222761914,-0.2290992280086715,0.10977859516546355,0.23683959140823146,0.42923830008610053,1.5916736924947377,2.589531308861189,0.0,0.0,0.15791810225005326,0.9874522130117193
1.4715819578895406,-0.5593139362814681,-0.04733181475097548,0.0,0.0,0.3299291695050073,-0.13122346292259862,1.3719017121099657,-1.7132263978322346,-0.02143668022847934,1.3896594996093419,-1.8443683578122048,0.24687352872663923,1.3743757445325133,-1.9982091124339771,-0.4410165650870208,0.8116295279995083,-1.6940199162370415,1.0530678469647643,-0.2308710300794212,0.8202937976006539,0.009514123772180829,-0.7986387225889391,-0.022817140705482963,0.017916968192464564,-0.020850708127342243,1.4715819578895406,-0.5593139362814681,0.3299291695050073,0.22491628364209207,0.05401324025794658,-0.10932187635846717,-0.25387043493377726,0.07563776677130113,0.14692112280825081,-0.2285067217382093,-0.2795034864400986,-0.19179582512356616,-0.18574285727424078,-0.18469157567575623,0.2538668707229092,-0.21558790817906415,0.10532642260699518,0.24248486847643283,0.43164996800013694,1.623158510013293,2.5883128566126667,0.0,0.0,0.16117513563837507,0.9869258207443716
1.4670093952335201,-0.5653345464840288,0.004072754400177847,0.0,0.0,0.15815197761854222,-0.16619484933046488,1.3452314715231617,-1.7266615492468667,-0.05137017785861954,1.4037452491808107,-1.8421188268182953,0.2546312249262273,1.3555719147446332,-1.978669516501888,-0.5050937984152084,0.9480341553260787,-1.7056295717916181,1.0682806327778807,-0.2253590330855393,0.8016763237642129,0.015501702624944004,-0.7831135618643947,-0.013920079903363247,0.017589811702996595,-0.020723202556211462,1.4670093952335201,-0.5653345464840288,0.15815197761854222,0.22451755233562976,0.06322832112734361,-0.0999756172107934,-0.2584838690021183,0.07196575917266065,0.1536390343789656,-0.22391901354353339,-0.27881303546598385,-0.1942426816516699,-0.18849171761003825,-0.22149798354159722,0.2657360066333224,-0.19913596268304712,0.10218786641137116,0.24709285021158064,0.43414046240479764,1.6545962496897655,2.5870476307407504,0.0,0.0,0.16273577677537263,0.9866696848273571
1.443101751383521,-0.5476623213466865,0.0669171920173066,0.0,0.0,0.007606153944718839,-0.20294189495852316,1.3227778711626608,-1.738281727691705,-0.08109381955157022,1.3810852197763315,-1.8464468439847337,0.2568018694932315,1.3294008790805778,-1.9650030289926839,-0.5613509574671368,1.0821910209980479,-1.7136332104282994,1.077888895106572,-0.22116216579218495,0.782137882538594,0.021863753066187857,-0.7634651274236728,-0.004732301692381624,0.01728904733307473,-0.02061342452001828,1.443101751383521,-0.5476623213466865,0.007606153944718839,0.22507919381809918,0.07106546764839652,-0.09006099921028206,-0.2621310558730842,0.07801706459547583,0.16043179696258095,-0.22291698003490995,-0.27538351904915737,-0.19563748570781342,-0.19192535213766004,-0.25735496096912464,0.272718570089207,-0.1803435288817651,0.10026975155816534,0.25080626590721405,0.4367109498538988,1.6859927301338495,2.585741412255072,0.0,0.0,0.16281082391978413,0.9866573040395339
1.4140630427543013,-0.5165895383244092,0.12058516744003558,0.0,0.0,-0.23314413044284965,-0.23130557421715056,1.3111590570019136,-1.7561113719017276,-0.10115279497638843,1.3018537221416342,-1.8508579231077624,0.248855706184141,1.2848859487041346,-1.9624066698935725,-0.5973830530720375,1.2144384768701382,-1.7167940293588946,1.0765964754166142,-0.21826807914241664,0.7597892707394013,0.028580160330860915,-0.7373570261463039,0.004620707804156982,0.01704298464521285,-0.020537034698551702,1.4140630427543013,-0.5165895383244092,-0.23314413044284965,0.22719424001632202,0.07741218402976163,-0.0826477610123682,-0.26309844106368085,0.09750224973561976,0.16568037550774825,-0.2284718452343472,-0.2657897091495043,-0.19503626993594841,-0.19675827224801448,-0.2922132210130953,0.27280495222528606,-0.16287011598887013,0.10106405277730378,0.25306576335029035,0.43967468188973907,1.7162981456325903,2.5848479194025837,0.0,0.0,0.16051004783846118,0.9870342063692094
1.385664607429717,-0.48917343175281225,0.1718259479944001,0.0,0.0,-0.32509511374862937,-0.2540940735288846,1.2987320153943953,-1.776611518688954,-0.11697831872757193,1.2104523267369967,-1.8534806381417004,0.2375222701966548,1.234989566614978,-1.9612081435418898,-0.6254615256008709,1.3436842810723095,-1.7194109898741528,1.071099855993811,-0.21598749989677074,0.7365420471382823,0.03534017863773534,-0.709103574889535,0.013920678917358681,0.01681741289660922,-0.020469540322873753,1.385664607429717,-0.48917343175281225,-0.32509511374862937,0.2299026005157006,0.08441669177925591,-0.07677133827296045,-0.2633607071059324,0.1201986540588998,0.17014742677451322,-0.23393024491313466,-0.25455619385047523,-0.19361929706855627,-0.20182635229863055,-0.32463073588043995,0.26843624072892475,-0.14419516097077786,0.10292193338354684,0.2546374130543438,0.4428260616563508,1.7461881748664339,2.5840648391340797,0.0,0.0,0.15730039967035533,0.9875508008520607
1.3527532136973321,-0.4566586356448066,0.23169675474738957,0.0,0.0,-0.5507957607880146,-0.25901123048156827,1.2755944805760535,-1.8041937355499544,-0.12145629218081852,1.1058286214814808,-1.8485027226923187,0.21871576727932052,1.1747508172920522,-1.9584473602233394,-0.6336138673580677,1.4615534813173368,-1.7229967758219729,1.0552119550739136,-0.21541730477391177,0.7113973769663052,0.04204540543498539,-0.6761521335998313,0.022885556863520833,0.01664142776614449,-0.02041707569099028,1.3527532136973321,-0.4566586356448066,-0.5507957607880146,0.23406727793609802,0.09530768912801513,-0.0755757199283376,-0.26312998586592146,0.14558302712847077,0.17204266753584635,-0.2403295691706137,-0.24097184541744412,-0.19059522994802913,-0.20814468438673264,-0.35200713871617456,0.25934153174009916,-0.1284116508120038,0.10739224692724808,0.25449175236448607,0.4464612530767618,1.775060983541619,2.5834694558147033,0.0,0.0,0.15185862564746963,0.9884022247124202
1.3293495218591105,-0.42837920154989867,0.27673470397148875,0.0,0.0,-0.6962383646143204,-0.24962887969068365,1.2319625090527295,-1.8319661655733654,-0.11979849484338576,1.024626189662566,-1.8391153338134933,0.1981298726412564,1.117176613500043,-1.9473026631980819,-0.6291827367198087,1.5608704487482683,-1.7323778739539522,1.0330327082705761,-0.21487127196404243,0.6852422760378938,0.04843434174695306,-0.6409743582048734,0.03131511615168642,0.016510113873468936,-0.02037999013899475,1.3293495218591105,-0.42837920154989867,-0.6962383646143204,0.2391704707055962,0.11112937820966448,-0.07784111558027088,-0.2636381922836491,0.1649456430761217,0.1721807332658754,-0.2449955661993414,-0.22901068431097404,-0.1870861588554809,-0.21508138002418764,-0.37200791222384244,0.24866573055571561,-0.1154708285385818,0.11356272067633053,0.25327931906870627,0.4501621747061742,1.8032860935375248,2.5828845552218858,0.0,0.0,0.14497330946052148,0.9894355661406476
1.3029398078806684,-0.38940304924862856,0.29764748762585935,0.0,0.0,-0.8299950003276891,-0.22709755626203387,1.1694850784903372,-1.859913504251869,-0.11249860942256937,0.9649605610037375,-1.8256732567236844,0.17590775573125497,1.062052566518067,-1.9284486202356212,-0.6131805969822794,1.6431278917524532,-1.7470879947840097,1.0050683158272917,-0.21434745737301408,0.6581580433794253,0.05453243623337425,-0.6037493790349661,0.03925242839801679,0.016419876981059286,-0.020357046269654802,1.3029398078806684,-0.38940304924862856,-0.8299950003276891,0.24513666609495757,0.13143378055801816,-0.08355427668728252,-0.2638107172355065,0.17852403758122035,0.1707710342261997,-0.24928839458352647,-0.2184142009510507,-0.18308778418469504,-0.22274021317006018,-0.3857286155637056,0.23777672832726154,-0.10587888030219593,0.12125768940614243,0.2509307489049215,0.4539282112147145,1.8309156185409923,2.5823092939178576,0.0,0.0,0.1367560500986023,0.9906047560765235
1.2850843823303233,-0.3456060951669911,0.2884981199084292,0.0,0.0,-0.9731699945584837,-0.1883966662123209,1.073422931855724,-1.8755312747852777,-0.10307822761035727,0.9728160242025999,-1.8122920951535624,0.15861708839093475,1.0199726922537689,-1.8948149796455134,-0.5806533023447971,1.6783448414990554,-1.773474176724752,0.9687454828652,-0.21095612356739657,0.6308253251523526,0.059697092527450236,-0.5664667000052747,0.04584562134892287,0.016388534444741452,-0.020389285285733506,1.2850843823303233,-0.3456060951669911,-0.9731699945584837,0.25107637021063056,0.1579263337806328,-0.09327565316882107,-0.2645819188530279,0.17455973632901656,0.16862206745040037,-0.2524288048864275,-0.21271296915316457,-0.1802222124410291,-0.23135741065991663,-0.38692829146872093,0.23022700929853382,-0.10593896746973408,0.13143094542498568,0.24738740430248757,0.45696939489921606,1.8576744884573004,2.58201191416778,0.0,0.0,0.1271093058863299,0.9918887157121485
1.2741212411862115,-0.29552508929754395,0.24178581025224166,0.0,0.0,-1.008720135913957,-0.14567062162583708,0.968307356680589,-1.885036057041537,-0.0940697116236531,1.0046833574131002,-1.799277260739316,0.14391170602331854,0.9823614487083999,-1.8576416456571174,-0.5428916581215381,1.6956467628478995,-1.8021898385017159,0.9295026044691747,-0.20636574940014885,0.6035190519466186,0.06442280714550339,-0.5300207163697919,0.051850330324903764,0.016382645254814497,-0.02044371451421451,1.2741212411862115,-0.29552508929754395,-1.008720135913957,0.25667659089129474,0.1857266762565958,-0.10442568880092404,-0.2630812342669654,0.16422087896058724,0.16645946504422413,-0.25475168314853514,-0.20833217044555433,-0.17776294751106522,-0.2399045636024306,-0.3840799666310075,0.22409083653977485,-0.10947542309687142,0.142402846494934,0.24299121065614254,0.4597915313664845,1.8841438421639072,2.581893459443123,0.0,0.0,0.11709745773096204,0.9931204284440763
1.2616408885030264,-0.23990694562475207,0.17984432024767405,0.0,0.0,-1.055990823394099,-0.09756321772452341,0.8488495875430367,-1.8765377165168844,-0.08864690876135264,1.0919185731573342,-1.7878863448310498,0.1370476192150492,0.9546695597282876,-1.8161863695336073,-0.4945125534970275,1.6689568360646567,-1.8321560146988078,0.8836449596189685,-0.1986052161049245,0.5765333244022931,0.06789449698502016,-0.4974420318466789,0.05624828844140933,0.01644564250410671,-0.020555112524271866,1.2616408885030264,-0.23990694562475207,-1.055990823394099,0.2607478026207202,0.21485618699838877,-0.11694524011911293,-0.26065240424671354,0.1393853080140313,0.16489910922316695,-0.25340552844892134,-0.20690566742562033,-0.17708043907576587,-0.2478137673331328,-0.3727407449841095,0.220553316281024,-0.12157908427873536,0.15530091106047406,0.2372698466039652,0.46214682748706487,1.9099910703611203,2.582368681507726,0.0,0.0,0.10660366809326063,0.9943015930536679
1.253548548750153,-0.1914418683463387,0.1332488324907108,0.0,0.0,-1.0852737041418667,-0.053692840707344716,0.7362481214666876,-1.8574919046894196,-0.08370045596553433,1.1925679680267118,-1.7773599846815977,0.13242650619544435,0.9299179774885963,-1.7785282019645936,-0.4413252313718145,1.6238236705034863,-1.8553866823087029,0.8347281747394136,-0.18885742122554433,0.5507330061287008,0.07045050179018342,-0.46884740403048875,0.05951267930822561,0.01655396151499936,-0.020689315553153714,1.253548548750153,-0.1914418683463387,-1.0852737041418667,0.2638703637012017,0.24133537577426775,-0.1283278309827524,-0.2569564262292078,0.11136865096709313,0.16318206735036936,-0.24847962504347149,-0.20562945327378507,-0.17676864013900961,-0.25468127679708197,-0.35916391309516815,0.21677571258131073,-0.13686670473304843,0.1689989690312174,0.23044683532445104,0.46407474596810927,1.9354967981256466,2.583213623279312,0.0,0.0,0.09580649618775991,0.9953999775407998
1.2415552562363235,-0.13623288445460427,0.0713075254125825,0.0,0.0,-1.1135864618132532,-0.01390994844898067,0.6302609712846808,-1.8282708852521832,-0.07921354088091077,1.306158100405048,-1.7676676665582964,0.12996920318372787,0.9080029264573126,-1.744533127354037,-0.3834993935400435,1.5608982040036103,-1.8721195651638893,0.7828602194786067,-0.1771925034061554,0.5260762591515816,0.07212313985632314,-0.444096219155096,0.061683511181223796,0.01670600269590655,-0.02084551871784272,1.2415552562363235,-0.13623288445460427,-1.1135864618132532,0.26607775592034866,0.2655091644225117,-0.13849228734089147,-0.2528208910679345,0.0808733194959452,0.16127107718857836,-0.23898660584063083,-0.20452824252228444,-0.17687015486361174,-0.26056835301576836,-0.3430682959786096,0.2119500883259106,-0.15482873735719152,0.18339815379853097,0.22241454720717554,0.4655696556777732,1.9606730784139328,2.5844152358270462,0.0,0.0,0.08471591625168173,0.9964051452765778
1.2325128151532705,-0.08457858323156331,0.01731019827627411,0.0,0.0,-1.1618477529984876,0.011492516778703565,0.5459941082957813,-1.7874204142546561,-0.07272892699019445,1.4081096888443063,-1.7552913619625952,0.12489760199755315,0.8904801224722227,-1.7209390760749896,-0.3236415137313164,1.489323731818933,-1.8693661642758221,0.7287379225522379,-0.1638271911169891,0.5045654453257076,0.07226640391947975,-0.4270459800210903,0.06194402941078695,0.016925997444592073,-0.021042631044449776,1.2325128151532705,-0.08457858323156331,-1.1618477529984876,0.266722664717705,0.2836994994535067,-0.14489915540455292,-0.2517047422969396,0.053804881959284734,0.15885803615130126,-0.22790955368926474,-0.20308436527482954,-0.17602920923207305,-0.26506704309508217,-0.328536311481354,0.20569594260431232,-0.17429995436739618,0.19817256009399306,0.2131008917814306,0.4665452700352041,1.9853661466243022,2.5862266359363404,0.0,0.0,0.07313348740828794,0.9973221610991614
1.2302310366187466,-0.03630523776162634,-0.034369888805574345,0.0,0.0,-1.181459689068428,0.03150915068751154,0.4685636252485308,-1.7440282563582126,-0.06486317216281848,1.5029133724909942,-1.7412387512918017,0.11761723148993725,0.8753385003322343,-1.701200134865272,-0.2629735819114164,1.417707660292213,-1.8592058629545265,0.6741887318190718,-0.14988811639902014,0.4845514671349614,0.07182891301036312,-0.4129482029159438,0.06146939833211219,0.017171500284077868,-0.021251186201061822,1.2302310366187466,-0.03630523776162634,-1.181459689068428,0.2667701638513996,0.3004042835954526,-0.1499530529134889,-0.25081632396723585,0.029231222256197113,0.1561821969574958,-0.21524288593781238,-0.20170566661964662,-0.17447232171282312,-0.26918774751242847,-0.3147034210122292,0.1974431409709657,-0.1933191601713429,0.21270161859366635,0.20275722330350443,0.46720625109905695,2.009939739781041,2.58826000887006,0.0,0.0,0.061345423768688685,0.9981165958857913
1.2325207235606905,0.012735789741741901,-0.09183927462520085,0.0,0.0,-1.2326397667015556,0.03855677061183488,0.4042759268514563,-1.6991524516895247,-0.052053631874181716,1.573375532704016,-1.7214341214908064,0.10187482273065895,0.8678126168507401,-1.6906411429887176,-0.20022979330631913,1.3541656181376458,-1.8309317199132773,0.6196786203692028,-0.13472867524752033,0.46895629872557915,0.06997260803817418,-0.4061344211460441,0.059174206428309895,0.017478573967211995,-0.021477380487066447,1.2325207235606905,0.012735789741741901,-1.2326397667015556,0.26534786916548203,0.314014192345142,-0.15178870342898698,-0.25191054558910736,0.009843975089717252,0.15281858193137496,-0.20516142318269479,-0.2011170822083797,-0.17039155924850227,-0.27285710662641793,-0.30545108727032844,0.18702058838906713,-0.21223867551260675,0.2269012113832936,0.19151567718692372,0.46695271854302395,2.0343828508930826,2.590811508958058,0.0,0.0,0.04903758109843266,0.998796934136271
1.2390592842595956,0.055153031938065276,-0.1335380485408183,0.0,0.0,-1.2650496751056615,0.03924395902396084,0.3448741859005326,-1.6544850316953474,-0.03817883531786586,1.6307986141532995,-1.7005588427239415,0.08310770430338354,0.8651902453446475,-1.6831113535870788,-0.13550450618121568,1.2992445875666887,-1.7942294168643185,0.5665567352780287,-0.12098320709761712,0.45670177496462283,0.06743858741282552,-0.4032566662757628,0.05592781725910388,0.017822427935497747,-0.021706552061128793,1.2390592842595956,0.055153031938065276,-1.2650496751056615,0.2630965928663916,0.32664888158138505,-0.15202497609155147,-0.25344742742880894,-0.006364941460163395,0.14955853706634226,-0.19605768930925563,-0.20147541680904346,-0.16534754520100803,-0.27631341362004747,-0.29917584723409674,0.17429154784711703,-0.23036548374247484,0.2399620272196737,0.17943565905841044,0.4664992118967432,2.0589535603813807,2.593596360162168,0.0,0.0,0.03639837970486083,0.9993373594311686
1.2483291108989312,0.10084646643966083,-0.18896958306698627,0.0,0.0,-1.2979532694680158,0.03349408421892422,0.290417269352944,-1.6100285070344114,-0.02322594808100808,1.6750255195043418,-1.678600015606077,0.06127943392295576,0.8675304642714907,-1.6786472630757159,-0.06877384705996464,1.2530484361887835,-1.748997409711175,0.514839802164331,-0.10866874776860726,0.4478281445827963,0.06421868588548409,-0.40436236031593814,0.05171877061647756,0.01820350532490079,-0.021938736794189312,1.2483291108989312,0.10084646643966083,-1.2979532694680158,0.2600063472238493,0.3382256603601886,-0.1506184205359876,-0.2556160021681386,-0.019682681556206658,0.14640640360934923,-0.18857579410254355,-0.20280267130337945,-0.15932899695980404,-0.27950543720231713,-0.2961369981729116,0.15928648710806484,-0.24767096944021968,0.25182989330446104,0.166651726837233,0.46585949123452214,2.0836534055757694,2.5966173739416196,0.0,0.0,0.023424381659956285,0.9997256115274074
1.2558632315928921,0.1454199522814952,-0.23715983154953266,0.0,0.0,-1.3518809687671014,0.021531639240121324,0.24098978247693786,-1.564887649269514,-0.012570949571747928,1.7026109721070977,-1.6604486537236038,0.04146916050744312,0.8799485878277851,-1.6782231318053378,-0.002591012626565886,1.2265523633649271,-1.696118454779348,0.4682893009595973,-0.09926892480542582,0.44404821434328634,0.0601803972035326,-0.41114005606661563,0.04624656784117862,0.01860612751014771,-0.022157271422686114,1.2558632315928921,0.1454199522814952,-1.3518809687671014,0.25553780954371214,0.34861658398110884,-0.14759375997979132,-0.25872424961597107,-0.028728365450807383,0.14431463869160677,-0.18351603252882984,-0.20641572565474306,-0.15376704477397435,-0.28161099963207004,-0.2993046366008747,0.14268042891763102,-0.2624868846775512,0.26151240768391354,0.15420094912816568,0.46517944953737245,2.1086429985620643,2.599964457173501,0.0,0.0,0.009907140780925175,0.9999509230765012
1.2639797885857906,0.1894199143683647,-0.28609896352427966,0.0,0.0,-1.373387755478974,0.007941932954882108,0.19534826300050176,-1.5201754125642946,-0.004391841643813693,1.7243696053822837,-1.6449954249098309,0.023928686068476694,0.8959149908421289,-1.6794590313374782,0.06356354052447974,1.2086203649479856,-1.6410306743396221,0.4240206281344093,-0.09092419591855828,0.44218139750983126,0.05586600952571435,-0.4201614935765558,0.04033480162688904,0.019012387454723376,-0.022366752554278647,1.2639797885857906,0.1894199143683647,-1.373387755478974,0.250519953961868,0.3581570446551444,-0.14408373548352005,-0.26198658078503395,-0.03597581298749074,0.14278779900617566,-0.1791669619203596,-0.21078897795994322,-0.14880096213525087,-0.28302105406698796,-0.30513831443970096,0.12467551502383864,-0.2752228212595378,0.2700209417018732,0.14174079632069114,0.464480433201501,2.133762823638096,2.603428342436377,0.0,0.0,-0.0038269971409079545,0.9999926770196287
1.2756945964205544,0.23522048656070765,-0.3177775023338144,0.0,0.0,-1.4285773320315815,-0.007392492131947811,0.1645066364264399,-1.4785675088137276,-0.004741666805145993,1.7334940830866497,-1.639835269647687,0.01639773194614695,0.919638882614806,-1.6850933383442597,0.1301890407091409,1.2146811587836153,-1.5826789704702227,0.3862386544545487,-0.08497971018582681,0.44488459761424737,0.050986976032295475,-0.4348869199821173,0.03347878235535801,0.019413822106883524,-0.022542691973161527,1.2756945964205544,0.23522048656070765,-1.4285773320315815,0.24409385100274095,0.36402879689758816,-0.1400299359745093,-0.2668433867242621,-0.03869850717573249,0.1428399882109379,-0.17692266571675783,-0.21667847605318843,-0.14664512155319018,-0.2824698958226476,-0.31827578666319617,0.10565725415470367,-0.28380004420037946,0.2764453909718531,0.13050351745849606,0.46379117119194335,2.159258701468027,2.6071540548809966,0.0,0.0,-0.018112275313719974,0.9998359592868021
1.2862577486923583,0.2757454002338608,-0.310504455186128,0.0,0.0,-1.3402893030748508,-0.021995117587427584,0.1523151013158981,-1.4418133651056606,-0.008044751180756312,1.7306050331361835,-1.6477624947024925,0.016232249236875766,0.9470281947043626,-1.6969383955001827,0.19289091037165584,1.2357944750016725,-1.525065583567467,0.3529228270053871,-0.08018338295721247,0.4496415738136536,0.04593881844512891,-0.4525805221449939,0.02630584386567935,0.019808482018209263,-0.022702465134282264,1.2862577486923583,0.2757454002338608,-1.3402893030748508,0.2378088538685154,0.36515520531548556,-0.13600384222008868,-0.27361947252886365,-0.03650432453687656,0.14343054513273296,-0.17743544053107266,-0.2225769758123638,-0.14655884845371492,-0.28005153532180843,-0.3357171336669533,0.08756031642903984,-0.2879606104250598,0.2815515878695649,0.12021963221072866,0.46318816059955414,2.1850979020518633,2.6109828333700857,0.0,0.0,-0.031511342828965644,0.999503394327961
1.3055494768832085,0.3193772087676958,-0.2609548496089145,0.0,0.0,-1.2466760677664326,-0.03582077059480852,0.15992489788267333,-1.4102125962575283,-0.014483394722143684,1.7149608797497222,-1.6695849630567758,0.023886896669864502,0.978309187624189,-1.7153775824440847,0.2514269500970829,1.2728894816504577,-1.4682360887527477,0.3243488338258537,-0.07660608821445049,0.4565791024102104,0.04071109700534089,-0.4734255207909474,0.018796423243151922,0.020195948994821966,-0.02284507412049505,1.3055494768832085,0.3193772087676958,-1.2466760677664326,0.23167367279529583,0.3610039542937251,-0.13193665051048142,-0.2825266084857924,-0.029050092142360637,0.1446271618862237,-0.1806870283835605,-0.22841437827874064,-0.14861275680817598,-0.2756428542001739,-0.3576352449552033,0.07136308436840562,-0.2870682658581797,0.28539054602199343,0.11107280434667888,0.4626817779784441,2.211301618152194,2.614921040005154,0.0,0.0,-0.04396946359904171,0.9990328754704785
1.3240514242229775,0.35585986115791235,-0.19662691861070877,0.0,0.0,-0.8971910602323697,-0.04915542275674892,0.19908298600104585,-1.393260979310586,-0.014725100155585974,1.6770437652492178,-1.7202270898340428,0.03737237980075219,1.022009886293856,-1.7491402203036897,0.29502440332084606,1.3237037769782505,-1.422649908236705,0.3029913044531284,-0.07469879341809124,0.46689759787692825,0.035430318245323715,-0.49805197482895275,0.011141240716941834,0.02054912791884501,-0.022964214258510154,1.3240514242229775,0.35585986115791235,-0.8971910602323697,0.22737065988415883,0.3486109329693734,-0.12768496974194102,-0.29333280933304184,-0.011201849175286105,0.14479172630696846,-0.1888727918860335,-0.23502969949675556,-0.15208018896451891,-0.26781263755758855,-0.3808797516280853,0.061039014314009654,-0.2806034028516436,0.2876543505061401,0.10390838393561994,0.46209346082915476,2.2382402992590356,2.619120621766668,0.0,0.0,-0.05293092754599113,0.9985981758991557
1.3420737437330228,0.3972142243108249,-0.1299416092241101,0.0,0.0,-0.7558784356421215,-0.06255550314021356,0.24762904067193262,-1.3827015058968657,-0.011130975379097983,1.630112650573895,-1.7826113482957238,0.05150888163235872,1.0725866953531895,-1.788842185851066,0.3324576193286525,1.376965765030153,-1.3835902688323811,0.2844686104405312,-0.0736822735878729,0.47833619963738216,0.03017229662947761,-0.5238536115615596,0.0034791005134422867,0.02088702714411161,-0.023075641202990726,1.3420737437330228,0.3972142243108249,-0.7558784356421215,0.22380859605086748,0.33344657981643744,-0.1231703152243308,-0.3036029102833808,0.011154281993620632,0.14420025215169405,-0.19712963033028663,-0.24216782697652198,-0.15545307575181683,-0.2584886109130212,-0.40300022321484613,0.05386158825941391,-0.2712942585482121,0.28917817883973296,0.09748608693641815,0.46157852352336637,2.265471676344512,2.6234768718801518,0.0,0.0,-0.06047760368460899,0.9981695544608478
1.363459975716187,0.43810724250744365,-0.05517327844242053,0.0,0.0,-0.38842941533574293,-0.07701227923447938,0.3092644326789404,-1.3903328158949437,0.00690193594463407,1.5597231294091884,-1.8758177364171618,0.06160522324423635,1.1472658448749118,-1.843121108188424,0.3534510891924622,1.4261790770356373,-1.3681478350820508,0.2730357736669561,-0.07570517832233059,0.49185690956730993,0.02512192943777663,-0.5515215967291145,-0.004026529392541297,0.021180453132771247,-0.02317298457400346,1.363459975716187,0.43810724250744365,-0.38842941533574293,0.22217299551519443,0.3155951277768583,-0.11826280077823607,-0.31129572345874323,0.044724693272532895,0.14057988895788134,-0.20608176691957134,-0.25257314553631843,-0.15735199674249006,-0.2459416816785902,-0.4185268737225233,0.05190837993916199,-0.2612427575110897,0.2890557193232188,0.09306621509202317,0.4616127191706939,2.2934488412727165,2.628411617757599,0.0,0.0,-0.0643543316121273,0.9979271115681527
1.3783753297160735,0.4722712151016066,0.001071366785247718,0.0,0.0,-0.18542911985053898,-0.08990424262580056,0.3667777802354548,-1.4040946704085155,0.03367117108730448,1.4790017972283034,-1.9789459184079192,0.06563737555857627,1.2400784389947055,-1.9010380339878865,0.3663868124339743,1.467306204166891,-1.368017805092651,0.2656109920539309,-0.07915921065969708,0.507255607394762,0.020290410997325994,-0.5787019122885976,-0.011331481598718223,0.0214422420935712,-0.023260687314321064,1.3783753297160735,0.4722712151016066,-0.18542911985053898,0.22160166491317065,0.29940126732950195,-0.11388276514038083,-0.31619922130877454,0.08164873984620893,0.13496330477415855,-0.2105117549454909,-0.2656809260665157,-0.1574400245251383,-0.23175898241264228,-0.4283642293016355,0.051919398905471904,-0.25245418203698533,0.2880840737027854,0.0898090720591875,0.46138203205893474,2.3218091884394276,2.6338509949304725,0.0,0.0,-0.06620466843392958,0.9978060642617649
1.3816782138890036,0.49205013137876685,0.06606167843264746,0.0,0.0,0.040697153512489,-0.10105312351257582,0.4196994833407869,-1.4246854859013713,0.07017200744600745,1.386771612269903,-2.0931262252151335,0.06291448156679827,1.3530903131731107,-1.9630074193400728,0.3703468179190031,1.4994259354888755,-1.3849446299255537,0.2626508794805055,-0.08420741045346829,0.5247462411080639,0.015702673444344104,-0.6053390009428868,-0.018412894088654822,0.0216687898081477,-0.023337651124244095,1.3816782138890036,0.49205013137876685,0.040697153512489,0.22221585018660434,0.2853381747951641,-0.1102001149633738,-0.3184423383107402,0.12072582858679821,0.12758007273810784,-0.208508697333815,-0.28100533528553806,-0.15575293281177188,-0.21530359897809856,-0.43217594521930963,0.05352216607131105,-0.24577064944530863,0.28621908862827894,0.08785371463390437,0.4608547572936343,2.350596371517387,2.6398524930400233,0.0,0.0,-0.06579858428559823,0.9978329250460776
1.3735337067931443,0.48827602277257737,0.11431900750992345,0.0,0.0,0.30167750104859303,-0.10617503737463309,0.449185201557733,-1.4465877761977541,0.11578639062608737,1.290392927798749,-2.203888658981594,0.04418195901592208,1.492526062927789,-2.0203446752281584,0.36469900800335814,1.506092715434276,-1.4232757587159395,0.2659852848685342,-0.09260935809022611,0.5455769388051864,0.011565900280884844,-0.6291137297093649,-0.02504802678167588,0.02184608600713232,-0.02339074869496634,1.3735337067931443,0.48827602277257737,0.30167750104859303,0.22424413205047655,0.2787574665254182,-0.10870510042225197,-0.3174803817793978,0.15611724718139514,0.11933299813604223,-0.2004250420926475,-0.3001982496972442,-0.1508142678929259,-0.19725939542500545,-0.4255672867040953,0.05515602978504468,-0.24508293203130618,0.28294251694907135,0.0876682361012779,0.45982088445452335,2.379182247278083,2.6461053390229474,0.0,0.0,-0.0627880474377949,0.998026883956013
1.3463092965871282,0.4607213804264528,0.1548973209221337,0.0,0.0,0.39511100591782494,-0.10870029325980876,0.46843716502189653,-1.4674109728960152,0.16344920730078008,1.1931769792324343,-2.3112045770050362,0.018919298458698323,1.6402794588423943,-2.07486042241469,0.35580654533105965,1.500782855522676,-1.469335617984921,0.2719687368707415,-0.10219267149552627,0.5676694194048532,0.007604356921915577,-0.6514826273832693,-0.031490709979794675,0.022004325143111646,-0.023435353645287108,1.3463092965871282,0.4607213804264528,0.39511100591782494,0.22678861048700127,0.275264923235296,-0.10813053565465178,-0.3155531490029573,0.18606997517683507,0.1124929179760398,-0.186739147000938,-0.318020662832865,-0.14537408492798617,-0.17741620888755136,-0.4145743311276269,0.05668861920888048,-0.24673574969189666,0.27912428454317173,0.08818827223451137,0.45850303007718346,2.4075523174791775,2.652343831181953,0.0,0.0,-0.05884424327475056,0.9982671761775112
1.311735368294942,0.42297436186769954,0.19726624919308636,0.0,0.0,0.587326150917472,-0.10389378955287311,0.4582791328430174,-1.4789932620140815,0.20982055221834556,1.0971762711001967,-2.401352490148238,-0.023397130350913377,1.799964204911265,-2.1182984305966293,0.34112364630545317,1.4578496102363827,-1.5315927766984518,0.2851949661008775,-0.11411867603178964,0.592656823896593,0.0040657614928579595,-0.6692318147228613,-0.0373893481108451,0.022116902734964125,-0.023462722618733684,1.311735368294942,0.42297436186769954,0.587326150917472,0.2304400248873619,0.2797006930905532,-0.10995046638150448,-0.31233831297149994,0.2087935136210434,0.1075796649983235,-0.17168792779371714,-0.33606500725282445,-0.13835844989758384,-0.15672974850165358,-0.3913443296507091,0.057351961200172025,-0.2548925523659847,0.2741284406367686,0.0907453972028194,0.4562241490338659,2.4348267816728164,2.658079747230776,0.0,0.0,-0.05298014416228947,0.9985955659447636
1.286917625506937,0.3911513103221968,0.22913837091042347,0.0,0.0,0.6893894372091569,-0.09518122683716516,0.4412335564372363,-1.4847026281459357,0.25042915643329655,1.006260332240854,-2.474783227435149,-0.07023759634904914,1.9533464848781559,-2.154228975268675,0.32465990021237356,1.3927166252580603,-1.5952046280693404,0.30195817329977553,-0.1258950182186659,0.6191652143727918,0.00078497166448279,-0.6842241255185936,-0.043004574888389116,0.022205508524371732,-0.02348989316372461,1.286917625506937,0.3911513103221968,0.6893894372091569,0.23467926045472473,0.28549583751834556,-0.11291244595848252,-0.30922671484289604,0.2251325363046303,0.1048972202222156,-0.15706743808559295,-0.3504624536874711,-0.13266882893151488,-0.135988201244324,-0.3621548690263947,0.05829112056876941,-0.2643524528683599,0.2688211168403366,0.09427394832297122,0.45293744597159047,2.461517401493578,2.663615959946827,0.0,0.0,-0.04609467283394097,0.9989370756640941
1.2521858099433438,0.35511312026516684,0.2715072991813825,0.0,0.0,0.8087035087100293,-0.08190314060470968,0.41613760366234737,-1.4835475388393606,0.2843020896971438,0.9212876301939772,-2.5286744085264035,-0.12236589802208747,2.0993622460245653,-2.181384562591498,0.30611464455990817,1.301635892587751,-1.6603998864423415,0.32285551059203327,-0.13749643038677908,0.6474513806749842,-0.0021944869423158172,-0.6959941130812449,-0.048288541642354785,0.022266095323908712,-0.023516831779351797,1.2521858099433438,0.35511312026516684,0.8087035087100293,0.23960555972377884,0.29291227397987196,-0.11719169702610518,-0.3061335339670629,0.2367014318276598,0.10365856910339395,-0.1448759482527459,-0.3618742424437096,-0.12846552505956219,-0.1159042606074617,-0.3258155290097178,0.06017743364384283,-0.27362440491348844,0.2631017297767059,0.09890333082211919,0.44848541742358106,2.487525605813577,2.668918753183016,0.0,0.0,-0.03801472632964725,0.9992771790559825
1.225338678485598,0.319033161850741,0.3017864921080194,0.0,0.0,0.9836660711918728,-0.06685951993029601,0.3978280344957946,-1.4746910730997722,0.3051762959008576,0.845184096726038,-2.5534988987830376,-0.1739997612212295,2.2135465837294057,-2.197554652408887,0.28484737937168403,1.1790505186203983,-1.7167813893287414,0.34886715200639545,-0.14867455984956476,0.676871019665913,-0.004736870377054144,-0.7032478913184136,-0.05303393861138694,0.02229061955085365,-0.023560187228584804,1.225338678485598,0.319033161850741,0.9836660711918728,0.24553955242198003,0.29747317248528465,-0.12180328088202688,-0.3048204222871351,0.2453194153450564,0.10329647133317607,-0.13754803853093261,-0.36930179127319107,-0.12579597711645657,-0.10051447613531882,-0.28288556705768353,0.06360286053143384,-0.2814349311612811,0.25688538793892784,0.1049035907211399,0.442831976589613,2.512539250876314,2.6739740628068165,0.0,0.0,-0.02818333656717483,0.9996027708744817
1.2030064282670445,0.27688667337152323,0.2951653226942956,0.0,0.0,1.0495102614708416,-0.05157243511155503,0.384767851201437,-1.4631422826466165,0.3211649945773532,0.7720205409979729,-2.5673976269246856,-0.22398836985497525,2.312777790971982,-2.2094722990494047,0.2625264450640659,1.046675652158729,-1.7683501952865222,0.3769485422787276,-0.16001395299015944,0.7066457762940386,-0.007107045357933411,-0.7087844373077474,-0.05754125341238944,0.022300460859866124,-0.023608381516136576,1.2030064282670445,0.27688667337152323,1.0495102614708416,0.2516770194080996,0.3001997803518793,-0.1264139686824264,-0.30441146112350553,0.25291097100365545,0.10329888676551909,-0.1317991778090417,-0.3743632000637765,-0.12457159650470442,-0.0872441729044046,-0.2385923142376207,0.06922378072379147,-0.28342493096250204,0.2502390260785526,0.11121851564578884,0.4368377607163041,2.5371803177727594,2.678898173848361,0.0,0.0,-0.01769085071264915,0.9998435046551349
1.18383168881152,0.22680552199083523,0.25719620260713505,0.0,0.0,1.1925040732244838,-0.03793667470468883,0.39706491783101033,-1.4468138380289937,0.32657795941530576,0.7031810215297158,-2.557639020318199,-0.26284795059525295,2.3641385929558854,-2.211543724955624,0.2377658681309786,0.9037462656643271,-1.8017224863865886,0.41027550532826285,-0.1733635544349639,0.7368216638496691,-0.009063288112134218,-0.710500802404137,-0.061348263347875145,0.022272663758433422,-0.023660147095292697,1.18383168881152,0.22680552199083523,1.1925040732244838,0.25734616532975185,0.2947690250257323,-0.13039401356069513,-0.30759543049344645,0.2607117455929868,0.10333820492852593,-0.1298798414066502,-0.3771659883930375,-0.12354175823678676,-0.08122304617443658,-0.19540952828609917,0.07664259633512129,-0.2810889160121963,0.242411396379961,0.11855294850233279,0.4307241670579784,2.5610211955176454,2.6833402871231025,0.0,0.0,-0.005766418271209209,0.99998337407195
1.1761874695670522,0.1776048714027501,0.19872150113506293,0.0,0.0,1.238935103160467,-0.02423121531804419,0.4239159405872381,-1.4334295103626868,0.3277498134361801,0.6373579617469549,-2.5372390618888283,-0.2936634799485563,2.390279772461102,-2.2101635932922363,0.212900097812376,0.7650667384106642,-1.8273812314515472,0.4455005558588167,-0.18781593794463763,0.7664191780551783,-0.010822005359636181,-0.711107030991585,-0.06477955472405235,0.022229077735094614,-0.023703181775667333,1.1761874695670522,0.1776048714027501,1.238935103160467,0.261964867512385,0.28504159863993506,-0.13448007798169065,-0.311436630528385,0.26886565601636014,0.10336088827139601,-0.12943189929378274,-0.37891883387829184,-0.12241476678372978,-0.07888858877232863,-0.15584211101701118,0.08509909099893848,-0.273420000802738,0.2339296130243601,0.12590350714414072,0.42493385079174806,2.5846350628842587,2.6874236829819216,0.0,0.0,0.006623169354044984,0.9999780665733162
1.1646403514182462,0.12203297045338742,0.12098901160729063,0.0,0.0,1.295997502266092,-0.010440258516205395,0.468619816192163,-1.4236566328233287,0.32371923818810433,0.5752350925117398,-2.5037857118900524,-0.31461163960050126,2.3854848817257897,-2.204549551010132,0.18790529027420935,0.6316003718256495,-1.8435780267134365,0.4830539270327518,-0.20362106745388378,0.795307220951204,-0.0123384246522541,-0.7103514921280646,-0.06774996466747756,0.022166123967550987,-0.023735506553536675,1.1646403514182462,0.12203297045338742,1.295997502266092,0.26529502537515437,0.26992161426236794,-0.1387093689700042,-0.3156738135307128,0.2777355396371598,0.10331917609084618,-0.13087945087893407,-0.3798348771822637,-0.12053957087057034,-0.08109474334143528,-0.12043092458382001,0.0938838133686513,-0.2620442541577005,0.2247067971937865,0.13329967287136468,0.41952935893880056,2.607970464186857,2.691067052143876,0.0,0.0,0.019582303879769346,0.9998082483030235
1.1554106758091844,0.07002214816126502,0.05621209366774293,0.0,0.0,1.3765002582709556,0.004605222239716326,0.5278548512834794,-1.4235687324223125,0.3120490117098697,0.534505701834156,-2.4527182023585063,-0.3177519523969261,2.344170126863706,-2.193318520822833,0.16514919046646404,0.516533551036672,-1.8531284084456794,0.5231863196178145,-0.22061126121056102,0.8218668222854638,-0.013513888018773223,-0.7091882767215852,-0.06989926214606956,0.022074370701733886,-0.023749198404050643,1.1554106758091844,0.07002214816126502,1.3765002582709556,0.26680442797667664,0.2511455596007718,-0.1434666048314282,-0.31824344189055775,0.2858498199087743,0.10280294412295193,-0.13653044671627598,-0.3798007998159697,-0.1180082810804281,-0.08824776160291276,-0.09187311776180568,0.10180586568955922,-0.24906788917254494,0.21481141103944162,0.1407866916824221,0.41513463610474904,2.6309938106058315,2.694125415603747,0.0,0.0,0.033342811730575704,0.9994439738704213
1.1455341136229962,0.016757908819528294,-0.01521798177859246,0.0,0.0,1.410587062750094,0.02021483067543266,0.5916710745903749,-1.427600441440459,0.2969474859776037,0.5046369952540243,-2.3950559016196964,-0.3131009532559304,2.289470949480611,-2.1797283157225578,0.14344633635013346,0.41050192809874053,-1.8605789561425485,0.5643367786561286,-0.2381110422072871,0.8472740438676648,-0.01453920570953238,-0.7081090904051258,-0.07167450771216423,0.02196994105414037,-0.023753489818303816,1.1455341136229962,0.016757908819528294,1.410587062750094,0.2675435091218641,0.2312874785660724,-0.14847082541826861,-0.31909398063288,0.2932575248836433,0.10229198652106819,-0.14405132061334786,-0.37903688568896415,-0.11540732704792248,-0.09721343221179465,-0.06719283523211314,0.1091487254648573,-0.23430275986598076,0.20453532112846987,0.14792898365601176,0.4112145149049745,2.6538974546617076,2.696941967933409,0.0,0.0,0.04743752175764614,0.9988742070598744
1.1368548367647782,-0.03636612606417099,-0.08665999150618137,0.0,0.0,1.5029555342877254,0.03753852569181006,0.6591741925499346,-1.4429157211789094,0.2714413152373392,0.5142679483659806,-2.324302043538794,-0.2859101880835803,2.210018672396205,-2.1598429124415133,0.1251876588683829,0.3359126497767732,-1.8663063809863127,0.6078384351986711,-0.2570370820260817,0.8686278904637983,-0.01512493719563796,-0.7086859571891019,-0.07228796160028828,0.021828430260808666,-0.02372386536851365,1.1368548367647782,-0.03636612606417099,1.5029555342877254,0.26619570870553294,0.2118925837069913,-0.15396666244641194,-0.31684106963712505,0.29603325255796453,0.10179250098955642,-0.15751144459047364,-0.37702570033929944,-0.11399212175352386,-0.10902247760055615,-0.050865999009249666,0.11481993518923835,-0.22196471084272995,0.19367657073168051,0.1550135059972753,0.40922756098603347,2.6765454251279115,2.699135124897017,0.0,0.0,0.06244479885822766,0.9980484192139956
1.1341121636695222,-0.07952534145554016,-0.13074334911120644,0.0,0.0,1.4959279814459991,0.05319112208154475,0.7272422411963081,-1.461862751659954,0.24084092756753303,0.5422369876215538,-2.2523236907083923,-0.2486214857268074,2.122570717206565,-2.1378069547769414,0.10624446455509419,0.27788149861879224,-1.870802137159532,0.6514347874990076,-0.27560476889319757,0.8874228150186574,-0.015438873083814711,-0.710578879788785,-0.07224616162665855,0.021667938792951216,-0.023683723716539293,1.1341121636695222,-0.07952534145554016,1.4959279814459991,0.26407710946161683,0.193085945108075,-0.15879927582817457,-0.3129901775959742,0.2946953552974594,0.10230794225346151,-0.17316330131044844,-0.37354446515486295,-0.11412429130001792,-0.12173454184566743,-0.03883783698817594,0.12002813037800872,-0.21110407587035016,0.18281022498340854,0.16163060833508888,0.4081170691318994,2.6991983237659634,2.7011668374461513,0.0,0.0,0.077367897088515,0.9970026120828877
1.1350455923418425,-0.12109642747727863,-0.17831468667607875,0.0,0.0,1.4870648997626623,0.0666918928424513,0.7960377348366582,-1.485486283097215,0.20368086330352408,0.593819452870275,-2.1787685912142543,-0.19832996014625956,2.0248269573334756,-2.1130017900979654,0.08641983760941477,0.2411717714801923,-1.8737119090172552,0.6951530768025292,-0.29371101497321944,0.9029226892737927,-0.015402825599315988,-0.714166449603214,-0.07136061010501721,0.02148300645652638,-0.023630039365862006,1.1350455923418425,-0.12109642747727863,1.4870648997626623,0.2609659747410847,0.17514096025330694,-0.16275509148691364,-0.3075613588449144,0.28722693465692617,0.10452213285720521,-0.19121083966441105,-0.3680555655112381,-0.11669512103607518,-0.13541390715155077,-0.03155552987202342,0.12475326891013251,-0.2032011716558581,0.17198340946219245,0.16784910749687507,0.4081675348804394,2.721857568269134,2.7029906626670592,0.0,0.0,0.09218541808809678,0.9957418584612795
1.1378304904259378,-0.15675751625693513,-0.21085146560891607,0.0,0.0,1.3833044796375806,0.07256671460512289,0.8640699608778865,-1.5119266745010156,0.16138590546491777,0.6672649736045505,-2.112340822869305,-0.13716812656130878,1.923580457660033,-2.087357774857552,0.061800389146719495,0.233452321594334,-1.8696519144974302,0.7372246200893086,-0.30963591050930767,0.914847358153285,-0.014758050191386417,-0.7201548175999768,-0.06923544946323587,0.02126555348409333,-0.023545679345887194,1.1378304904259378,-0.15675751625693513,1.3833044796375806,0.2569445219945737,0.1583614958042427,-0.16417818570484755,-0.3016215369241299,0.2726552389008335,0.10926334240383231,-0.20880586980293347,-0.36052667824043155,-0.12238598894869135,-0.14865461765940788,-0.029999589315147644,0.1297559487009509,-0.200822174741954,0.16172928767520686,0.17358686615082383,0.40914189861763484,2.7447177475071296,2.7047404362736636,0.0,0.0,0.10595073941577572,0.994371379725528
1.1414260737133417,-0.19416882761867038,-0.24747776541872088,0.0,0.0,1.3387735039937247,0.07499967491434446,0.9321775459901424,-1.5395038896991369,0.11793955281964243,0.7478979633700484,-2.0498949148321652,-0.0728652224638968,1.8218594990323498,-2.062009922492461,0.03480735987317945,0.23819457074647404,-1.8624458847080076,0.7784144854887421,-0.3245654764141236,0.9253373363966585,-0.01383809522662214,-0.7270203687811413,-0.06656743137426263,0.02103705875121564,-0.02344834944734009,1.1414260737133417,-0.19416882761867038,1.3387735039937247,0.25253191611672804,0.14228927147784565,-0.16443652555344435,-0.2950109354547151,0.2533589832375185,0.11607949759085218,-0.22439604589539014,-0.3510030268626274,-0.13050275818260823,-0.1609892877333084,-0.030854428223051143,0.13506551420128282,-0.20080645485622453,0.15168078754934042,0.17881146959663685,0.4104144745071294,2.7676701725170183,2.706451171615218,0.0,0.0,0.11925362470105524,0.9928638239938344
1.1456438379091953,-0.2311367819028171,-0.2869487876960411,0.0,0.0,1.216469169497076,0.06687839473447503,1.0031910993719604,-1.5697100316324537,0.0783922379856474,0.8334957322766692,-2.004533256253889,-0.010175908685372312,1.725732921272197,-2.041869212222356,-0.0007988852198401036,0.2771829020592469,-1.8455906286034536,0.8160187146996933,-0.33637406685019033,0.9325678829223878,-0.012071523204525977,-0.735260869226148,-0.06234067762571002,0.02079787011188205,-0.023316823847351537,1.1456438379091953,-0.2311367819028171,1.216469169497076,0.24704541137782485,0.1264294880436842,-0.1615215926036493,-0.2882668928121947,0.23114667298894656,0.12385633436168922,-0.23471806673529785,-0.3395284410992952,-0.14026317949792388,-0.17115965952538625,-0.038692231662351556,0.14216564119514766,-0.20730222678379964,0.14265593894657824,0.1835085507553071,0.4121549597973109,2.7909153815238703,2.7080064178794943,0.0,0.0,0.1313226831293422,0.9913396758405821
1.1473646256240857,-0.26626417898632504,-0.3166408014340233,0.0,0.0,1.158916794914386,0.0551738133353573,1.0741447231675556,-1.6022001718534788,0.04282715769758385,0.9146818584865988,-1.965361105925721,0.04685154947115063,1.6353592500891743,-2.024036739034892,-0.039787803552910936,0.33219110495727916,-1.8243505471923447,0.8513735898079409,-0.3467823739120182,0.9384013465655747,-0.009841288005979922,-0.742717931774782,-0.05744870414283118,0.020557983735022153,-0.0231716023043706,1.1473646256240857,-0.26626417898632504,1.158916794914386,0.2410539646088864,0.1117274883037976,-0.15765317571991455,-0.2807834548623505,0.2084646288531913,0.13174273280204685,-0.24140266598171636,-0.32708752521912354,-0.15051873736405438,-0.17945339735923488,-0.05067786486762204,0.15067866856422213,-0.2161086095475471,0.13415907408240804,0.1877176150598325,0.41386748171598015,2.8143225869824806,2.709456275440886,0.0,0.0,0.14280266593427973,0.9897511801468399
1.154018394485714,-0.30116159846601076,-0.32351987443090113,0.0,0.0,1.0811837822884256,0.038624204935566106,1.145017315409944,-1.6377785351114034,0.012646507218106298,0.9899029466840955,-1.934557868161082,0.09622354087116035,1.5527641568132629,-2.009325262466212,-0.08335047725280972,0.4088599792945341,-1.7971816879019515,0.8836870847209807,-0.35529734007346586,0.9423457967337742,-0.0069841279491354965,-0.7491156980128271,-0.05165727862480722,0.020317153938408394,-0.023007862303259127,1.154018394485714,-0.30116159846601076,1.0811837822884256,0.23437977932046392,0.09841703135940742,-0.15260883844309872,-0.27268700311370747,0.18675854855732338,0.13891515030301987,-0.24451986161044847,-0.3142564748847242,-0.16037988042956136,-0.18582419349696863,-0.06898026007014622,0.16132156050944216,-0.227291676020916,0.12642585297326228,0.19150639870744623,0.4155680720535066,2.8379488298969884,2.710763635601194,0.0,0.0,0.15349534841651524,0.9881493702950442
1.1607485802321058,-0.32956090036205443,-0.3052613921596981,0.0,0.0,0.9066242102139472,0.02153471448729108,1.200717503024686,-1.675347770414045,-0.010124208225358004,1.054784259488506,-1.9109649465930076,0.13177717164639519,1.4895007110411118,-1.995115541642712,-0.13179650758543343,0.5105506643172238,-1.772889741005436,0.9108942189524252,-0.36087202833544824,0.9430115799750051,-0.003253152624012945,-0.7522490370658136,-0.04488840518939877,0.020081390656771198,-0.02282228909673229,1.1607485802321058,-0.32956090036205443,0.9066242102139472,0.22811316963165035,0.09038447190597067,-0.14773599090524112,-0.26529070426528406,0.16771178976338244,0.14448757077970176,-0.2452133870484392,-0.30428070798868156,-0.16805754116842903,-0.19029201245115485,-0.09514422848542886,0.17434195250290382,-0.2376681829200324,0.12005708489131658,0.19494799429735907,0.4171612464335954,2.8619624799297703,2.711980442846975,0.0,0.0,0.16244784130197695,0.9867171321388555
1.1718920750614845,-0.3573572499745851,-0.24524336700798285,0.0,0.0,0.8223981010189956,0.004409501228922653,1.2485306758607155,-1.7130627384322508,-0.029884085406325204,1.1154210435019583,-1.890613288007757,0.16144554546656956,1.4344359132124116,-1.9805438860342928,-0.18221268912369887,0.6216001905848009,-1.750295167755483,0.9357606516516759,-0.3652598834379599,0.9422507721890687,0.000853653626656498,-0.7538866028990798,-0.0377262385435218,0.019847442185686487,-0.02263141476873002,1.1718920750614845,-0.3573572499745851,0.8223981010189956,0.222169323634076,0.08500207528252428,-0.14314018181873284,-0.25836164490319363,0.14974574549587025,0.1493442036641683,-0.2442561131321676,-0.2955070990485806,-0.1748382052200232,-0.1939050374410912,-0.1257723791254205,0.18863711775127884,-0.24438506888820596,0.11425143554588078,0.19814894390261417,0.41872022803501946,2.8861542927321557,2.7131614676513123,0.0,0.0,0.1705570906786515,0.9853477958666341
1.1858878285196774,-0.3816250975737747,-0.16986657614990322,0.0,0.0,0.5224727775212382,-0.011186224638774844,1.264104973030774,-1.7452905720707337,-0.04309043790277188,1.1664406988355849,-1.8800432361582273,0.17593625070373645,1.4002249193875165,-1.9602324954070498,-0.2367939946899278,0.7459478591932619,-1.7360198108953386,0.9532054043157981,-0.36713333582792657,0.937558703525092,0.005960360900448859,-0.7507862070555328,-0.029741863436382725,0.01961530985370759,-0.02246024830794249,1.1858878285196774,-0.3816250975737747,0.5224727775212382,0.21830343495133103,0.08714906948674774,-0.13915228188614504,-0.25509718626173616,0.1354867458334124,0.15251429926135812,-0.24179646615305653,-0.29185940474566807,-0.17862677389224196,-0.19760694458377026,-0.16097165794437174,0.20383885052128048,-0.24489100671303046,0.11025381926401026,0.20089580874612686,0.42030291111639984,2.910915502937891,2.7142734587406174,0.0,0.0,0.17570293674507614,0.9844432325020858
1.1949793845095806,-0.40419844497212104,-0.11316436913705805,0.0,0.0,0.3872072616798329,-0.026288731764721938,1.2642360195036852,-1.7719618402501593,-0.0569216935865344,1.2120566521921474,-1.873206119383535,0.18638804699144065,1.372857256602215,-1.9373425911831594,-0.2891101567975947,0.8700345395713752,-1.7262094238752959,0.9670749056723812,-0.36850987134441254,0.9308798076004108,0.01140797921326225,-0.7453535596529641,-0.021586752156176045,0.01938955942469258,-0.022303457942701152,1.1949793845095806,-0.40419844497212104,0.3872072616798329,0.21537466058807986,0.09214167000499313,-0.13535924052267387,-0.25380575468562083,0.1231682153202463,0.15573407717911147,-0.2383008021081516,-0.28997971050216165,-0.18165396770997475,-0.20135423583078893,-0.19662975739188426,0.21741927559183669,-0.23965595513209656,0.1070449523008043,0.20330232369478413,0.4220987238303003,2.9359417551307274,2.715248771893081,0.0,0.0,0.1795134552711508,0.9837555180920778
1.2077041783656541,-0.43158889918001353,-0.03778761700062722,0.0,0.0,0.1950936622882795,-0.04069072531542939,1.2424331736820995,-1.7907411748790405,-0.07164049292764399,1.2499977824508515,-1.8716708524252779,0.1911034218726621,1.35520910746735,-1.9107904502567845,-0.33820915863078266,0.9937505410136322,-1.7227405882223532,0.9758665138675323,-0.36918064086667957,0.9213790410735698,0.01733979001627938,-0.7366084390216401,-0.013189146021467571,0.019172873147713234,-0.022167085800119623,1.2077041783656541,-0.43158889918001353,0.1950936622882795,0.2137768601858487,0.10109843270442159,-0.1316896669800826,-0.25518626617042917,0.11369096735631361,0.1590398227830068,-0.23402248568251427,-0.29082429524862874,-0.18348920499370758,-0.20530098389858206,-0.23151944632334445,0.22829899446193297,-0.2290553171494696,0.10499951173871724,0.20529554152713148,0.42420082215080485,2.9613444437690113,2.7160299627584368,0.0,0.0,0.18143235831113305,0.983403426553752
1.2170542615282722,-0.45070562087661525,0.02175290738382768,0.0,0.0,-0.04798961741072427,-0.05443142520056817,1.2084406746758358,-1.7978019714355469,-0.08886019719971533,1.2663283348083496,-1.8773910337024264,0.19308504958947498,1.338797450065613,-1.8871584600872466,-0.3782435390684336,1.110466784901088,-1.7257682879765828,0.9782889551586575,-0.367397235499488,0.9085029827223885,0.023630270527468723,-0.7237882150544062,-0.004821765443517184,0.018981247312492795,-0.02204191933075587,1.2170542615282722,-0.45070562087661525,-0.04798961741072427,0.21386315590805477,0.11096052213777144,-0.12805713560242654,-0.25850139753074636,0.11076475316507758,0.16287341974788033,-0.23003732773072227,-0.29136561421484797,-0.18470219500793356,-0.20915363555934452,-0.2629165957488703,0.23485187124188267,-0.21538204955027987,0.10466173784189008,0.20705201576097162,0.42626211105493966,2.9872299035390215,2.716360171635946,0.0,0.0,0.18096040587715803,0.9834903820092875
1.2091021909127997,-0.4564936750434684,0.07584974783936756,0.0,0.0,-0.14636541184347981,-0.06789072194407059,1.1709385738577895,-1.8002677873898578,-0.10683219327080629,1.2717896020540629,-1.8861759695955502,0.19391818456752327,1.3217780038874638,-1.8653895803677139,-0.4139868008193149,1.2234404074248444,-1.7306974408447102,0.9778752339783535,-0.36456237044385686,0.8942873650981534,0.03004245199663662,-0.7092717424515755,0.003491113498125957,0.018800669219545138,-0.021922063202627243,1.2091021909127997,-0.4564936750434684,-0.14636541184347981,0.21464697648120182,0.1209577226423818,-0.1243936883802082,-0.2621775736374618,0.11100203782265793,0.16682736872318588,-0.22640505826825763,-0.2913716138215336,-0.18565453160517387,-0.21300067612898016,-0.2919555046473305,0.23838349985482632,-0.19930769879137167,0.1050878157055309,0.20866853638705415,0.4282777711646763,3.013255324414981,2.716510672723093,0.0,0.0,0.17952072229475047,0.9837541919945099
1.188302417211785,-0.4466433054651323,0.12145164192363599,0.0,0.0,-0.3282447328448589,-0.08067727265178519,1.1427036045272718,-1.7958710556816457,-0.12331932174262183,1.2336533167883486,-1.9020489573905972,0.19216153084377233,1.2913695001260352,-1.854606035362435,-0.4349050628668946,1.319424918048271,-1.7310879649227238,0.9693563076330342,-0.3591388094382474,0.8778876014935073,0.036420062771834794,-0.6910984586643916,0.011235398277106267,0.018650541235575965,-0.021820606904164437,1.188302417211785,-0.4466433054651323,-0.3282447328448589,0.21689714582162947,0.1274741163554033,-0.1208330459784597,-0.2656507136217276,0.12282349319069455,0.17065672402715704,-0.22530307290403118,-0.2861034278417721,-0.18606094316309796,-0.21725787685363865,-0.31631025580618793,0.2380135758045799,-0.18557103180767476,0.10765865785433035,0.2097484292232463,0.42986682684174266,3.0389261638819103,2.716359971671976,0.0,0.0,0.17629063385332053,0.9843381595852081
1.1593197449155812,-0.42376556437341467,0.14374283906806798,0.0,0.0,-0.3541417518329801,-0.09083170227466075,1.118384623612982,-1.7933900356292725,-0.13433762289930837,1.1801480537674351,-1.9163302089151086,0.18851938160089626,1.2553837931711624,-1.8481258350461187,-0.4498470139332568,1.408233790414733,-1.729635547993431,0.9575305965638934,-0.3522944315787287,0.8602558468405069,0.042561179674547485,-0.6718266587103572,0.018542824666880196,0.018517006809512775,-0.021731391916298526,1.1593197449155812,-0.42376556437341467,-0.3541417518329801,0.21950504215814726,0.13337138469598228,-0.11796360852849191,-0.26823761749099156,0.1379865904629265,0.1733227879240486,-0.22533608727435261,-0.27856144523508225,-0.1860078598690341,-0.22163887045881306,-0.3382033201685677,0.23563947480751113,-0.17207428018680088,0.11120547757883129,0.21059217371169112,0.43135888828410857,3.0640334459188585,2.7162518680736585,0.0,0.0,0.17280357596087903,0.984956305698447
1.1198212633622409,-0.3960333704183995,0.1733752855476979,0.0,0.0,-0.39279683339124105,-0.0970575929649415,1.0999104015288812,-1.793768286705017,-0.1371934952274446,1.1037040179775601,-1.9282357346627021,0.1820630599414148,1.2110739023454724,-1.8480685372506418,-0.45586909786347424,1.4863327549349883,-1.7254324728442776,0.9407693859069577,-0.34332943154919526,0.8407852995780205,0.04834932064817802,-0.6509152823878871,0.02519822361007818,0.018408238887786865,-0.021660447541263794,1.1198212633622409,-0.3960333704183995,-0.39279683339124105,0.2226468593843522,0.13825908544571575,-0.11619400168342604,-0.269686081162962,0.15824944452016074,0.1741975865687876,-0.22665184557070442,-0.26768601780184587,-0.18521495271661542,-0.22601651909863482,-0.357139398552306,0.23147088953396186,-0.16032386617904454,0.11621291049564472,0.2110603696433773,0.43269882523159114,3.0882995974633003,2.716207342763101,0.0,0.0,0.1689333656890754,0.9856274742299755
1.0890622070245248,-0.3718069709578446,0.19700106193301714,0.0,0.0,-0.43994898089362355,-0.09325578258669917,1.0734407286490157,-1.7983361179256099,-0.12720149488431975,1.0256891763338463,-1.9294438921849786,0.1727065805038669,1.1649665037790924,-1.8477109858639351,-0.4526568721699457,1.5496856192106854,-1.7219467744177814,0.9189674335141331,-0.3319927930404633,0.8201391500384145,0.0534048702260714,-0.6288143857832873,0.030775506583486514,0.018322138222582024,-0.021613221929331832,1.0890622070245248,-0.3718069709578446,-0.43994898089362355,0.22644005358005517,0.14593956093596192,-0.11715070769998279,-0.2701471211475345,0.17737698097499835,0.1721552538969273,-0.2297047665547513,-0.25626382917156804,-0.1836455722070135,-0.23046526359403494,-0.37181250703103913,0.2262765840288176,-0.15129761296567562,0.1227633758580132,0.2110393237203601,0.43364448638620395,3.111544991052279,2.7162312085483236,0.0,0.0,0.16459547275710856,0.9863611561430549
1.0515055891118403,-0.34507792098694323,0.22529880900109198,0.0,0.0,-0.4612073349927372,-0.08481060053926154,1.042289482649935,-1.8043484751896193,-0.11178160757894515,0.949578346317386,-1.9260759340819489,0.16214561296833852,1.1192124453924028,-1.8465024980592895,-0.44540925393395053,1.605912459793912,-1.71916226588697,0.8949525283656232,-0.31975939090106614,0.7990024959314675,0.05810732517297986,-0.6062720014202974,0.03585034463300936,0.018247271243709815,-0.02157906457568155,1.0515055891118403,-0.34507792098694323,-0.4612073349927372,0.23052690186167288,0.15507253052883613,-0.11938908993619157,-0.2700173767321813,0.19555420867476464,0.16872156847994718,-0.23271194037566328,-0.24492962452125724,-0.18165322149994395,-0.2346467312362916,-0.3841851935226053,0.22073640575105247,-0.14329857637788612,0.13001868854409282,0.21059250281744957,0.4344297242487065,3.1343307708753914,2.716285684202734,0.0,0.0,0.16004455217284416,0.9871097919278249
1.0163245454931114,-0.3155382302743296,0.24115751133597096,0.0,0.0,-0.5218903016307851,-0.061534735784736005,0.9839390631644963,-1.8087781013980988,-0.08554571498465825,0.9124570097974556,-1.9128112446877266,0.14946894844373082,1.0894151656858386,-1.8336730721176313,-0.4282817084302186,1.6356551531822447,-1.7232321218777729,0.8653851177102779,-0.30718091931394365,0.7769728136318989,0.061508619176444145,-0.5836867517040625,0.0392801492845499,0.018217507429340835,-0.02161272390875765,1.0163245454931114,-0.3155382302743296,-0.5218903016307851,0.23545200594009885,0.17111614134186812,-0.1255858818715034,-0.26934801594518987,0.2031090788065617,0.16275638427759717,-0.23795553375937117,-0.23937330693199235,-0.17915455126896684,-0.23957268353423442,-0.3893144236985211,0.21583537871347008,-0.14095823581462133,0.13865570251009993,0.2089681207453068,0.4354007924531998,3.155811807160736,2.7164246830888974,0.0,0.0,0.15489074232485556,0.9879316059029872
0.9982302948978778,-0.2875598585207757,0.2280603626936585,0.0,0.0,-0.5592323134465819,-0.03423688566065196,0.9145764612382463,-1.8082187654296984,-0.05851172487581947,0.9018610604774993,-1.9006861555106325,0.13742608464853745,1.0704529058975985,-1.815018084741408,-0.4079790058742716,1.650862132349322,-1.732405474963581,0.8340974753475533,-0.2949597722313311,0.7550715109780699,0.06425531237890215,-0.5619404897040365,0.04194203674739833,0.018215282489695856,-0.021675265624478298,0.9982302948978778,-0.2875598585207757,-0.5592323134465819,0.24017320231511172,0.1893895284687251,-0.132873832847748,-0.26809031319131243,0.20432064919103754,0.1564016962592838,-0.24305782492897648,-0.23742087017754296,-0.17674182181285014,-0.2446377661371843,-0.3903615072101327,0.21169539906946572,-0.1414901069041498,0.1476558288053741,0.20657017800632624,0.43651512641894763,3.17689585942094,2.716711322039259,0.0,0.0,0.14936348749837572,0.9887823565387495
0.9808554281661851,-0.2510985506928975,0.18522119062775733,0.0,0.0,-0.6178417405058896,-0.0006276123412621015,0.8279332037894956,-1.7998305965068093,-0.030225335590301022,0.9328895649175063,-1.8903493620588787,0.12637780045950284,1.0684932927504236,-1.7872214471140215,-0.38269374917484955,1.643259221507657,-1.7495873927215522,0.8001103924594045,-0.28329934975579646,0.7333716656144802,0.06597478586285772,-0.5415107930432939,0.04339888492952965,0.01825627239961778,-0.02178313046373347,0.9808554281661851,-0.2510985506928975,-0.6178417405058896,0.2445744204478452,0.21131938893056518,-0.14183316170931853,-0.26586009611407296,0.19531344543977186,0.1495442864087256,-0.2480820270948444,-0.24134954220827978,-0.1745357973301716,-0.25003402853586654,-0.38522448225015826,0.20850185168447144,-0.14670578400738804,0.15715710621498818,0.20311880786253825,0.4378822667202876,3.1973569521339993,2.717229642321132,0.0,0.0,0.14325152653533824,0.9896863140133318
0.9730470987806892,-0.2167802975281047,0.13441327144809098,0.0,0.0,-0.7093400688363337,0.03297908772383903,0.7358154968548865,-1.7764162119998732,-0.006271367592196736,1.0022103491649816,-1.884772736539123,0.11915190445799992,1.0813110169544011,-1.7535785808358149,-0.35337137374826716,1.612757821236888,-1.770004368597461,0.7638659470824792,-0.27402349761737305,0.7136470284513251,0.06636954291212943,-0.5235003527774609,0.0434159941330392,0.01835860542312104,-0.021917419227701358,0.9730470987806892,-0.2167802975281047,-0.7093400688363337,0.247582049940222,0.23318156184244046,-0.15076288381504893,-0.2640390840294791,0.17715698499571297,0.14357551593679643,-0.2509209103842862,-0.2503050375369668,-0.17318552979578983,-0.2547931529568131,-0.37483217455560847,0.2059173846838342,-0.15623520791484494,0.16667417645335209,0.19827621124896752,0.43956188339171975,3.217367767005838,2.7182043931817494,0.0,0.0,0.13622768096313753,0.9906775554838242
0.9629182811608429,-0.17890573016616346,0.07228244456552803,0.0,0.0,-0.7512820209900455,0.06603479996911113,0.6426887764298351,-1.7461458081412908,0.015696647960866422,1.087009858059628,-1.8811252847794564,0.11363458563990916,1.1001712378635204,-1.7177271885683882,-0.3222754563482,1.5725860202611555,-1.791125170218902,0.7266030144947826,-0.26595339766539977,0.6949633235999758,0.06615757557653609,-0.5065922309848141,0.04278012920558236,0.01848969099822865,-0.022062467491274242,0.9629182811608429,-0.17890573016616346,-0.7512820209900455,0.24995095130576883,0.2549974758118149,-0.15949271967934792,-0.261362069300961,0.15536298101332657,0.13806744872632865,-0.25126341740954156,-0.26153787232804326,-0.17215813018503454,-0.2588204801536886,-0.36217289035635924,0.2029579763360774,-0.16703122068871035,0.1760528265906107,0.1925322256275732,0.441366943494975,3.2371747066470458,2.7193858871323235,0.0,0.0,0.12878105403532578,0.9916730510211268
0.9524401389455599,-0.13923798016378303,0.00782888582957636,0.0,0.0,-0.8725288257527092,0.088159660471597,0.5721230805988368,-1.6965817166058383,0.031919050627925785,1.18136755369043,-1.8787652292559223,0.11232033529482432,1.124093745344429,-1.6834905784189909,-0.2873568383168997,1.5184654339240007,-1.8010516029959514,0.6866698047166222,-0.26328523270118187,0.6815923871105287,0.06419905058799248,-0.4927602898476369,0.04037387153687866,0.01871471573668783,-0.022215667070560562,0.9524401389455599,-0.13923798016378303,-0.8725288257527092,0.25047334772284313,0.26934783209424373,-0.16565050359498015,-0.26336127636255346,0.131609067199178,0.13411911333135046,-0.24834269743208168,-0.2741610495078032,-0.1720655733708586,-0.26118147854200313,-0.34863613201740706,0.1993736615032473,-0.18031742554744457,0.18473012273112754,0.1847467046533852,0.443292784181716,3.2564347576496853,2.721123373209362,0.0,0.0,0.1201235186216326,0.9927589537616663
0.9452932129533161,-0.10574105128357081,-0.0406566085994882,0.0,0.0,-0.9205529334648437,0.10395418852567685,0.5182353392724062,-1.642236948013304,0.04656928417182767,1.2651737351571377,-1.8731717025080032,0.11201361398543085,1.144700061890387,-1.6521338955048586,-0.2521236236056965,1.4662441169061957,-1.8028634825060441,0.6464284081612854,-0.26354609381768024,0.6710665591301456,0.061637821457078294,-0.4796961171011768,0.03739174299182421,0.01896991076007967,-0.022366471348270297,0.9452932129533161,-0.10574105128357081,-0.9205529334648437,0.2502641067389519,0.2791179395155143,-0.1704217741747514,-0.26745287256708067,0.1102998741848144,0.13072106538460018,-0.24424584064169785,-0.2855984682437341,-0.172159839477951,-0.26277025574007895,-0.33677115258157386,0.19484390223138737,-0.19303212002663928,0.1925602773220349,0.17598930608915,0.4451665171286169,3.275501212766094,2.723063661206153,0.0,0.0,0.11097955710289854,0.9938226893693083
0.9405567317161968,-0.07295315013589096,-0.09570627015978579,0.0,0.0,-0.9998802922878637,0.10929864396651578,0.4918794593503402,-1.5800002680884475,0.05862419090924707,1.331561544035497,-1.8622403819928461,0.11337011521114669,1.1598320314961093,-1.6255313781854503,-0.21637107469275058,1.4171581016219224,-1.7912799090040201,0.6056782588309291,-0.26864217259123324,0.6652374182123438,0.05808165215463199,-0.4678993715393929,0.03345897046041323,0.019274910698280964,-0.022513321477345666,0.9405567317161968,-0.07295315013589096,-0.9998802922878637,0.2488470833788636,0.28054142339539906,-0.17288737251407418,-0.2762456929554248,0.09254473336330578,0.1280560520781264,-0.2403807010204412,-0.2948046098598081,-0.17264487526925837,-0.2637299376905818,-0.3279107354374935,0.18949334394610795,-0.2056911552633803,0.19909766204391444,0.16598162487372825,0.4469481403959862,3.294248081022693,2.7253387333244405,0.0,0.0,0.10103697210352086,0.9948826716091463
0.9412276190623452,-0.0489416858812606,-0.13166820249890798,0.0,0.0,-0.9756385155405809,0.10736344864184715,0.4876551813976739,-1.5223756998670575,0.06806120482076447,1.3676120773438483,-1.8448081806996393,0.11337158772894132,1.1672503593574715,-1.606040609352905,-0.181540940557757,1.3817296886956822,-1.764054925638288,0.5663120908976459,-0.27735785429622956,0.6650715090040665,0.05364724235295398,-0.45710973083759304,0.02876614099602122,0.019605955609711265,-0.022654235643404786,0.9412276190623452,-0.0489416858812606,-0.9756385155405809,0.24643585593256045,0.27569638986202744,-0.1734562999476731,-0.28673075827865774,0.0808338895717649,0.12592575643063805,-0.23905974961356893,-0.30060926103964714,-0.17275899162192676,-0.26472859421495465,-0.3249941657571469,0.1834724918949227,-0.21723939823004804,0.2041360621347773,0.15545597517593973,0.4478932991935269,3.3129420101001696,2.7277686903553624,0.0,0.0,0.09132570475470239,0.9958210761231442
0.9493143601848888,-0.03139836306773494,-0.16385647184532504,0.0,0.0,-0.9585563111716977,0.10229924176969836,0.4929170839248165,-1.4672962068229594,0.07625881342157241,1.3898617811100458,-1.8246522167677521,0.11271359354898494,1.171352703084228,-1.5898795538051154,-0.14715730743382568,1.352675623791192,-1.7298870125124532,0.5276614036611331,-0.28771967593059744,0.6675244800506099,0.04882088828311172,-0.446826127588108,0.023735543692945157,0.019948618146040105,-0.02279221132317538,0.9493143601848888,-0.03139836306773494,-0.9585563111716977,0.24358035527890728,0.2677117772127066,-0.1730496130963832,-0.29756895251617155,0.07178303895934782,0.12402060102149082,-0.2389540625128296,-0.3048931152973425,-0.17269193967135382,-0.26575835963358235,-0.3247583848607943,0.17686996821436063,-0.22820469510075012,0.2082021599810749,0.14471063838961132,0.4484261437635649,3.331625246232556,2.730261646291261,0.0,0.0,0.08177600324437867,0.9966507338548322
0.9599327459883205,-0.01851587420978839,-0.19292528857894412,0.0,0.0,-0.7697083680500678,0.09438786471402784,0.50612001585704,-1.4291183931425913,0.08036932373239143,1.3798270319525061,-1.8038456961245521,0.1094585275511161,1.1724265907827671,-1.583822042284046,-0.11447663479701634,1.3424846079187156,-1.6837039903927882,0.4927882207123614,-0.30192093097180855,0.6771472987308296,0.0432632942300117,-0.43889937360226905,0.01811056184886184,0.02031281012307358,-0.022917480011033328,0.9599327459883205,-0.01851587420978839,-0.7697083680500678,0.23988159705874745,0.2587827238798762,-0.17139702039253443,-0.30601332489477906,0.07008315691409665,0.12279397307362677,-0.24229706607435333,-0.3063777813849456,-0.1718686573507548,-0.2665539428329157,-0.3314797647892418,0.16988572581363576,-0.23705590967764198,0.21032623547471097,0.13423595886655956,0.447798121574691,3.350611438033401,2.732719243640968,0.0,0.0,0.07410227669615572,0.9972506468227766
0.9679920642507519,-0.004291605332745821,-0.21479237143711694,0.0,0.0,-0.69815033033213,0.08726328499214618,0.5179888522753152,-1.3969959020614622,0.08282566350954834,1.3648757605569761,-1.7855343558027752,0.10567783695181633,1.1752025931539503,-1.5809912143215057,-0.08459781751196846,1.3357173691513717,-1.6375390304032187,0.4601282937765973,-0.31665338987090696,0.688340779914651,0.03760303208424193,-0.43206375602325653,0.012432189269398538,0.020679814941299862,-0.0230306351964619,0.9679920642507519,-0.004291605332745821,-0.69815033033213,0.23586334373574952,0.25069320758476143,-0.16974108737258634,-0.31292421663926756,0.07005542033245658,0.1219165230515674,-0.2458813725085976,-0.30770679417658203,-0.1708514514909971,-0.266945371491945,-0.3391348480844998,0.1630850419102569,-0.24460178025380866,0.21158801017180368,0.1242537329873568,0.4468636355797086,3.3697103291856774,2.735204155727099,0.0,0.0,0.06713816206519292,0.9977436881256166
0.9785731406196309,0.010065381213943368,-0.24386118817073182,0.0,0.0,-0.573819628258246,0.08150592686668509,0.5275394243578758,-1.3753957748413081,0.0824075430150955,1.3413810242888744,-1.7715589025969145,0.10098376589757133,1.180936368562842,-1.5837674102475567,-0.05958779805129534,1.334899644697866,-1.5914054570659506,0.4313143526995049,-0.3323089243263329,0.7022636090555501,0.03176436308891533,-0.42712421154463154,0.006661039346488481,0.021051707647500504,-0.02312274068914434,0.9785731406196309,0.010065381213943368,-0.573819628258246,0.23128990220126278,0.24457175135358897,-0.16826202921935512,-0.3176021716201117,0.07299083617923814,0.12168457451162236,-0.24990274632180506,-0.30875569361592947,-0.16950771254664102,-0.26664472198932443,-0.34839698728359314,0.15709500106702454,-0.2501776365979867,0.21175642365990244,0.1151362049019227,0.44543003549477983,3.389005058555193,2.7377365327650502,0.0,0.0,0.06141180760826215,0.9981125136407647
0.9867134608936987,0.02262459909086368,-0.2655618693879813,0.0,0.0,-0.43774477753170854,0.07801830827335297,0.5335183357252443,-1.3632417489978146,0.07727219556928946,1.317757323224057,-1.7644592754302486,0.09643020798655812,1.1885269991385896,-1.5898041058612127,-0.03792719868776147,1.331259613396019,-1.5511568814622878,0.4073116485576898,-0.3460674570025512,0.716275206817094,0.02604110631090326,-0.4256042167277319,0.00112359978318683,0.021397567010321077,-0.023178234082182676,0.9867134608936987,0.02262459909086368,-0.43774477753170854,0.22610889620892025,0.2408649311690809,-0.16732541442110435,-0.3202224598993402,0.07739360615839828,0.1227027679336636,-0.25292494385071906,-0.30967030373917576,-0.16816024458909723,-0.26583730634529523,-0.3558087076932885,0.1517461193857398,-0.2550346665615143,0.2114607700798639,0.10745492427673793,0.4439069498002533,3.408508649436377,2.7404023353344225,0.0,0.0,0.057042033815056466,0.9983717776350862
0.999397943838795,0.03451562455452463,-0.26529257229151726,0.0,0.0,-0.37284010442410614,0.07548751551190591,0.5380118044901063,-1.3554272707217911,0.06995833168427168,1.2938992020049835,-1.760588724980645,0.09205696833283243,1.1968506583176206,-1.5973559472723244,-0.017757371174819465,1.3261833720737035,-1.5137498263389837,0.3855635664796319,-0.3589188086943813,0.7302307578397906,0.020381886645564125,-0.42571805145150865,-0.004294253231483473,0.02173084869820584,-0.02321688724034149,0.999397943838795,0.03451562455452463,-0.37284010442410614,0.22066742742574352,0.23824223545479079,-0.1666215358254904,-0.3219409749263916,0.08256298350866698,0.12433647866015922,-0.2554161500324009,-0.31047676935336144,-0.1668508131173553,-0.2647885531053093,-0.36230634429279696,0.14662330930547418,-0.25948470497429565,0.21089915341127555,0.10048184728613632,0.4423577958306702,3.4281136758865847,2.743131027426771,0.0,0.0,0.05331930696547879,0.9985775140191777
1.0139595779019297,0.04222122660159105,-0.24587736067806304,0.0,0.0,-0.16574618286745268,0.07128283934247114,0.5459631758351479,-1.3552134921473842,0.05838351696729672,1.2627989861273,-1.7651161070792905,0.0925142714573491,1.2017779119553105,-1.6082350361731743,0.0016715406410153823,1.3131458759307864,-1.4866994157914195,0.3694934614243047,-0.3687891210279156,0.7403120302384899,0.01526446000582754,-0.43114596509164377,-0.009026097103712973,0.022018002165902044,-0.02322524131065415,1.0139595779019297,0.04222122660159105,-0.16574618286745268,0.21549719331725956,0.23558450451559917,-0.165293798378954,-0.3228210218499129,0.09122078328934208,0.1271200403808744,-0.25736472116016773,-0.3096871229711074,-0.16683657555389558,-0.2632750396633689,-0.3645575044435934,0.14155787815466322,-0.26457917835995814,0.21027572744622833,0.09525652622600576,0.44216068866557895,3.4481102497346936,2.746032022660778,0.0,0.0,0.05166412961410979,0.9986645170983179
1.026619925277067,0.04713283695631603,-0.21011574080340853,0.0,0.0,-0.08503402157808608,0.06524844176559896,0.5569271898184198,-1.3561062180440486,0.04758676953320011,1.2249817463659474,-1.7698670437686332,0.09480201129844965,1.2050844704378463,-1.620397345566835,0.020800444868303042,1.2976964203687553,-1.4613722259425777,0.3551388630730277,-0.37752913146890615,0.7488078624544178,0.01044730407496295,-0.43765264685435956,-0.013444680867442932,0.022284939484570616,-0.023233004148021395,1.026619925277067,0.04713283695631603,-0.08503402157808608,0.210832332998621,0.23209278292768729,-0.16336367624863965,-0.3238389822227398,0.10170146099900815,0.1297432647150678,-0.25964427779234295,-0.3082037318764164,-0.167306563198532,-0.26161083233004223,-0.36577187417098556,0.13640670022748497,-0.2698573665360863,0.20965161126130616,0.09060872937190256,0.44236871361149604,3.46828127078258,2.748996091145341,0.0,0.0,0.050814906334534116,0.998708088128965
1.043449621337552,0.05286142222747734,-0.16257618971195625,0.0,0.0,0.06271029110133572,0.055864723646298936,0.5734058716818423,-1.3590244097521655,0.03821428085420292,1.1748689374616068,-1.775027199030777,0.10044038106143262,1.205424332704168,-1.6349086009473357,0.03938018266231787,1.2778318526497023,-1.4391994061863123,0.34392451428170695,-0.38420011471676574,0.754401532979849,0.006179796221355589,-0.44613402280756226,-0.017289839347817786,0.022514870971120815,-0.02323968472847161,1.043449621337552,0.05286142222747734,0.06271029110133572,0.20709256368512322,0.22708131415269617,-0.16032857429384473,-0.3250789038167443,0.11552400366291907,0.13203314646929643,-0.2625128748452045,-0.3054648073816172,-0.16865142819266177,-0.2596527913707815,-0.36507619165634253,0.13121468900546715,-0.2756156679630558,0.20913599527269977,0.08696376779883119,0.44335203092762854,3.4887716189080242,2.7520756157495643,0.0,0.0,0.05144118909216562,0.9986760255782573
1.0563493976596012,0.055655656892378454,-0.12638606131076885,0.0,0.0,0.2186618427548158,0.04363196952048193,0.5905108560797986,-1.3642913090285433,0.029793167546872314,1.1110616422468629,-1.77503562870846,0.10664687938587628,1.2015736961877475,-1.6526774770470072,0.05978681884145186,1.2569261750867293,-1.417220448934904,0.3357212447351026,-0.3880913872872629,0.7568241876940573,0.002660800692855728,-0.4555990561362234,-0.02039789220177994,0.02269019719253304,-0.023255678654838633,1.0563493976596012,0.055655656892378454,0.2186618427548158,0.20432928541014275,0.222227986042555,-0.15633278830352867,-0.3262005711624895,0.132202189932173,0.13410855298622246,-0.2662187417236822,-0.3009861714756515,-0.17013733400294828,-0.25773821671740826,-0.3639717635887139,0.1253170831461414,-0.2815631680905694,0.20893140305956612,0.08435117733036111,0.44488981843879494,3.5095811095289,2.755387775359615,0.0,0.0,0.0536247895148161,0.9985611558384854
1.072864891101289,0.06324398963377262,-0.07927465155774248,0.0,0.0,0.29390161022037287,0.030069069542978628,0.6078275843760448,-1.3707545171074544,0.021807821340671885,1.0407736156149139,-1.7725528128258214,0.11307834558803126,1.1957149381705936,-1.6720194649952718,0.0810589363604894,1.2355712853024934,-1.3953340425286238,0.32894925767802846,-0.39065600723348637,0.7577302656720616,-0.000497122949463308,-0.46552232078753936,-0.02314958760120965,0.022839199678177904,-0.02327624142276771,1.072864891101289,0.06324398963377262,0.29390161022037287,0.20203712123269246,0.21750468486660135,-0.15188389083452086,-0.3271712627876338,0.15046197136137632,0.13614441637930194,-0.26950721612296763,-0.2957090549881359,-0.17165776531721919,-0.25575216815983376,-0.3626332720119742,0.11895981585957816,-0.28748977660608044,0.20886535930650724,0.08221878707671477,0.44669230140026933,3.5305441639329374,2.7588142391601345,0.0,0.0,0.05655934522983741,0.9983992390157216
1.0875514494066187,0.06770004707119985,-0.037838063306278036,0.0,0.0,0.5196210483685415,0.016044662577704004,0.6185911857526364,-1.385827904533742,0.01328300823554326,0.9610808733116325,-1.762138028725928,0.11627894121899833,1.1849138399178833,-1.6961962804999409,0.10366209609747834,1.2170884293040063,-1.373647433455272,0.3247673391868563,-0.39038832021015946,0.7551439088305264,-0.002576003188274068,-0.47552123206490704,-0.024773673277922462,0.022910893277188357,-0.023316517786046084,1.0875514494066187,0.06770004707119985,0.5196210483685415,0.20115829934783305,0.2162978902074954,-0.1472540255082908,-0.32666826253071285,0.17034200501550129,0.13838342932475636,-0.2728887132342456,-0.2882615642558308,-0.17232099164637377,-0.2540259409031324,-0.36197872978959367,0.1120497805428398,-0.2928402670507564,0.2091941699362424,0.0810420491272524,0.4490272958008836,3.551935436050525,2.7627480218060128,0.0,0.0,0.06174647424913588,0.9980918659711644
1.0939488517992755,0.06820478542972785,-0.01995725336895182,0.0,0.0,0.5586064765212928,0.0029050714226181297,0.6245388503997558,-1.4043913528483396,0.005506852060876982,0.8852444726933728,-1.748003446927635,0.11705995134768954,1.1751356342787385,-1.7199939438091807,0.12465684244068688,1.199011539900175,-1.3534792841121717,0.3210606821762619,-0.3900220092906747,0.7517118876980198,-0.004293351774654703,-0.4849536191391687,-0.02604982857742616,0.02296180632566252,-0.023364092153246682,1.0939488517992755,0.06820478542972785,0.5586064765212928,0.20052359870044134,0.21720809623550807,-0.14294561948010776,-0.3253668150941125,0.18902571078298766,0.1404847648799016,-0.27541467049302615,-0.2812572293141958,-0.17233019530313592,-0.25231910398371377,-0.3610531787810704,0.10543204021854537,-0.297788023279469,0.20948923585928347,0.08001846012587499,0.4515502302309609,3.573380726639942,2.766863538372901,0.0,0.0,0.06732091667438514,0.997731373756544
1.0980632156995676,0.07041882511978499,-0.008179474368317369,0.0,0.0,0.6338534664584208,-0.00852698044964903,0.6211926020601745,-1.4296900063859943,-0.0008245275813190817,0.8168501349760221,-1.726690308167516,0.11317158594567293,1.1673314319289287,-1.7430599098991746,0.14254763311169033,1.1817180948018176,-1.336241495652011,0.3182711964439748,-0.38946537155404315,0.746647882846094,-0.005313007698451094,-0.49329271389164797,-0.02665453928933348,0.022972616557312267,-0.023425750387665617,1.0980632156995676,0.07041882511978499,0.6338534664584208,0.20036000921307498,0.2221040001886296,-0.13925300797412277,-0.32255232190278155,0.20504008352627925,0.14222929870074352,-0.2780576312301257,-0.2750080133006514,-0.17113237597678388,-0.2509081148736181,-0.35967370211659355,0.09960959474777323,-0.3021783721980487,0.2097424066776324,0.07930485571951126,0.4544388345864568,3.5949302634030684,2.7713297695241947,0.0,0.0,0.07364371918233548,0.9972846146537072
1.09822763256461,0.06812882438388805,-0.008179474368317367,0.0,0.0,0.6338472466390406,-0.017341486014772867,0.6084158102244033,-1.4585143972895904,-0.004922989475470698,0.7649063032160526,-1.700738046331645,0.10593538872870925,1.1683773203989938,-1.7619922891739874,0.15578465719163198,1.1642037527535551,-1.326450700400978,0.31673174530374537,-0.3889168930310075,0.7397130014221301,-0.00564949323613477,-0.5007898065138033,-0.0266748253910345,0.02295415546064095,-0.023497409491022,1.09822763256461,0.06812882438388805,0.6338472466390406,0.20019641972570865,0.23037272619465393,-0.13649141467974504,-0.3184498255487944,0.21620246485839467,0.14338524542734404,-0.2811456291686515,-0.27189868198957834,-0.16907265827605883,-0.24953835869504765,-0.35660145887515393,0.09510940419874848,-0.30601114257636597,0.2098765551896703,0.07895704988189146,0.4578646302668952,3.616413090818672,2.7761014088934894,0.0,0.0,0.0799635008749956,0.9967977921964989
1.0988408465099564,0.058035774639512455,-0.008179474368318063,0.0,0.0,0.633851222862124,-0.02487058937549591,0.5910079479217529,-1.489070177078247,-0.00792492926120758,0.7210408449172974,-1.672507643699646,0.09705516695976257,1.173769235610962,-1.7788947820663452,0.16673634946346283,1.1465809345245361,-1.3203169107437134,0.31580615043640137,-0.38837242126464844,0.7318593859672546,-0.005650493316352367,-0.5078734159469604,-0.0264081172645092,0.02292132005095482,-0.02357397973537445,1.0988408465099564,0.058035774639512455,0.633851222862124,0.20003283023834229,0.24006226399344777,-0.1342325047927786,-0.31343972631911277,0.22506253721767663,0.1442576515921385,-0.28449533406717,-0.27030826083664683,-0.1666171984078496,-0.24820636191448342,-0.35267011081754174,0.09124937784190318,-0.30953073190645697,0.2099284877352627,0.07878188429232456,0.4615522639590186,3.6378631591796875,2.7810230255126953,0.0,0.0,0.08628010951787808,0.9962709183257248
