vx,vy,vz,wx,wy,wz,base1,shoulder1,elbow1,base2,shoulder2,elbow2,base3,shoulder3,elbow3,base4,shoulder4,elbow4,arm_1_joint,arm_2_joint,arm_3_joint,arm_4_joint,arm_5_joint,arm_6_joint,arm_7_1_joint,arm_7_2_joint,com_vx,com_vy,com_wz,height,e1x,e1y,e1z,e2x,e2y,e2z,e3x,e3y,e3z,e4x,e4y,e4z,arm_eex,arm_eey,arm_eez,com_x,com_y,quat_x,quat_y,quat_z,quat_w
0.008277555697273137,0.00754452480616161,0.0004334582222820239,0.0,0.0,0.006556070828305526,0.0855037271976471,0.7687963247299194,-1.576905608177185,-0.224211186170578,0.875224769115448,-1.636401891708374,0.16995498538017273,1.0912539958953857,-1.6384055614471436,-0.05335788428783417,1.1787283420562744,-1.7289702892303467,-0.015873288735747337,-1.5169363021850586,1.5568604469299316,0.007571742869913578,0.014387384057044983,0.0008625248447060585,0.029721632599830627,-0.03035382181406021,0.008277555697273137,0.00754452480616161,0.006556070828305526,0.2800000011920929,0.19792084420863978,-0.16741564975399068,-0.2924360805146668,0.17535640291851817,0.20455266017740606,-0.26354801076485057,-0.27326824634231217,-0.1881885671427176,-0.2610127631082519,-0.28056622786701324,0.1559435595445954,-0.25852495692399485,0.056959084197933274,-0.00018984870017705132,0.25676158714906944,0.0,0.0,0.0,0.0,0.0011669927912916532,0.9999993190636808
0.008368114165580734,0.007597609686790352,0.00045031610161339053,0.0,0.0,0.006556070828305526,0.08580434928187217,0.7688579044558785,-1.576768119527836,-0.22363673760132355,0.8758098660695433,-1.6367705819582699,0.16960776205917802,1.0918776025675765,-1.6383325541862335,-0.05386156453327699,1.1776871109249616,-1.7294273189824036,-0.013829336191217104,-1.5175187840606228,1.5517536642575505,0.007722307471652525,0.015370590894511251,0.0007335542315485502,0.029694248160178013,-0.030352120221865297,0.008368114165580734,0.007597609686790352,0.006556070828305526,0.28000867035653854,0.197881832348849,-0.16750537880544925,-0.29242089695942536,0.17524289217120748,0.20438699700606516,-0.2635761405773348,-0.27345696120789015,-0.18809085561901184,-0.26102064194217406,-0.28020790904217013,0.1560759338791753,-0.2585101289986442,0.056785734249642235,-4.482693968740507e-07,0.25847994328022955,0.0001651984870238606,0.00015127647878611556,0.0,0.0,0.001232553452424053,0.999999240405705
0.008635648927967336,0.007757579728517481,0.0005004682926218472,0.0,0.0,0.006870964232532103,0.08610267448003846,0.7690693868531121,-1.5767433860085227,-0.2231123870370364,0.8765109572747741,-1.6371952885329122,0.1693191710445616,1.0922385153144296,-1.638235801398152,-0.05442556889370234,1.1764773010003446,-1.7297335911278773,-0.011926773841483424,-1.518042215193161,1.5469689634111192,0.007869977447571177,0.016138396178833163,0.0005925285413560241,0.029667257321904405,-0.030356936006232946,0.008635648927967336,0.007757579728517481,0.006870964232532103,0.28001801383615743,0.19781434779482945,-0.16759301534504797,-0.2923894817253242,0.17510428481350152,0.20423227614647255,-0.26358620138109934,-0.2735761477730397,-0.18801242510061358,-0.261043380592909,-0.27983258328127675,0.15622558386736446,-0.2585192599414888,0.0566157506611385,0.00017932802311565541,0.2601100077972997,0.0003339743933692161,0.0003047285953094487,0.0,0.0,0.00130126303964847,0.9999991533568924
0.009172454687971334,0.008079446742826648,0.0006011941216216288,0.0,0.0,0.007492878726293807,0.08639646332823869,0.7695769270261129,-1.57694134387103,-0.2226869800325596,0.8774411371259978,-1.6377306273489287,0.16914637883504233,1.0920806075587417,-1.6380921511939077,-0.055108713381218186,1.174934547958952,-1.7297421170003486,-0.010303457126472935,-1.5184490211082227,1.5428203741709392,0.008011930537494745,0.016480783395694965,0.00042769407401933813,0.02964104384635434,-0.030374623609311653,0.009172454687971334,0.008079446742826648,0.007492878726293807,0.2800286890882434,0.1976906544111112,-0.16767649612262353,-0.2923260131012374,0.17491611032037863,0.2040991659274852,-0.2635606957805627,-0.2735580466890645,-0.1879720811193603,-0.2610957270811615,-0.2794234785785575,0.15640943975348254,-0.25857612831738874,0.056464542985835295,0.0003408525825422283,0.26156688631820074,0.0005098157028745239,0.00046247759636378657,0.0,0.0,0.0013761917598206113,0.9999990530476718
0.0097119912777434,0.008402090959405443,0.0007023376346837474,0.0,0.0,0.008752478976648902,0.08669513795110914,0.7704955827106129,-1.5774149039779046,-0.22243727427540402,0.878436677383654,-1.6382401976922545,0.16911670400036705,1.0912600406492599,-1.6379612166472155,-0.05582343628912261,1.173282507694129,-1.7294335702452996,-0.00887847486695256,-1.5180524768251362,1.5393548180358578,0.008140509835246838,0.016341258028540948,0.000244642560831224,0.029618430732175557,-0.030406616327136454,0.0097119912777434,0.008402090959405443,0.008752478976648902,0.2800420616010223,0.19748397601335246,-0.16775788229237504,-0.2922217075936804,0.17470497057516254,0.2040129320419918,-0.2635097750346178,-0.27335124778219483,-0.18797779078117335,-0.26117874142501707,-0.27904296687302077,0.15660403805424178,-0.2586731668257605,0.05636941542277157,0.0004903397535190792,0.26278409023116656,0.0006999816825481679,0.0006289150844553881,0.0,0.0,0.0014637164614340773,0.9999989287664866
0.010421679996835458,0.008827729504756123,0.0008350670939738515,0.0,0.0,0.009382278953008805,0.08699656846095817,0.7716185215747717,-1.5780257347858313,-0.22227617548872727,0.8794629724338802,-1.6387346946831904,0.1691593151501935,1.0901084283385614,-1.637836886174751,-0.056552681131194334,1.1715791068895898,-1.7289671259697037,-0.007552014221672457,-1.5172535999856813,1.5362280486810087,0.008262464828375313,0.01595880136345372,5.2645774275967467e-05,0.02959758402647996,-0.030445710567738673,0.010421679996835458,0.008827729504756123,0.009382278953008805,0.28005678259363076,0.19723622548421854,-0.1678382594312981,-0.2920968359970491,0.17448263915137577,0.20395039347160515,-0.26344627739440307,-0.27305002341640067,-0.18800667539470506,-0.261276673430379,-0.2786772367890418,0.15680379579333045,-0.25878977326693536,0.05630277641468749,0.0006338858882412962,0.26388274090053504,0.0008973098281215915,0.0007996970415468131,0.0,0.0,0.0015575391440157088,0.9999987870351719
0.01113601276856016,0.009255881558281975,0.0009686432101516097,0.0,0.0,0.011240170129937027,0.08734213944637415,0.7731974558396773,-1.578980489210649,-0.22246348496639368,0.8803584756273212,-1.6389328674836592,0.1694988454833175,1.0880129265062737,-1.6377603682604702,-0.057178965572154884,1.1701019099264434,-1.7281083771676728,-0.006441914504676153,-1.515192201643279,1.5337866400227402,0.008372079270581404,0.014632472937757319,-0.00014695770699869513,0.029578062733917526,-0.030499882770307137,0.01113601276856016,0.009255881558281975,0.011240170129937027,0.28007546428478125,0.1969024021293226,-0.1679270123998578,-0.29191579105323917,0.17425236368692246,0.20398963102631135,-0.2633721065013779,-0.2724742129585811,-0.18812484412710612,-0.2614007837204021,-0.278442297970342,0.15697848808570117,-0.25894142409561005,0.05632357865091299,0.0007663012807871425,0.26477138949134055,0.0011157468984355078,0.0009833211237988012,0.0,0.0,0.001669940699136683,0.9999986056480586
0.011671049745115201,0.009575876952413841,0.0010689475921671354,0.0,0.0,0.011885709137932356,0.08772555215641706,0.7748126890322174,-1.5800081870772622,-0.222771107924707,0.8812063125648883,-1.6389414120202113,0.16994288179910544,1.0857321656111516,-1.6376848130515127,-0.057739388009514475,1.1688078985069736,-1.7271804616908835,-0.005457902186070427,-1.5124878889382487,1.5315240230223146,0.00847693784820913,0.01284415703831297,-0.000337220902432396,0.029557486939610855,-0.03055607102284528,0.011671049745115201,0.009575876952413841,0.011885709137932356,0.2800955283220368,0.19656882731611847,-0.16802569355380115,-0.2917187416564936,0.1740064503542374,0.20406675947148173,-0.2633065036632679,-0.27184565286705004,-0.18827268500511127,-0.26152309147925895,-0.2782680940039289,0.1571358814146109,-0.259092156144879,0.056384976168972936,0.0008899733407933812,0.2656106940368171,0.0013415113143208956,0.0011714179553279672,0.0,0.0,0.0017887976129917574,0.9999984001002701
0.012233939111879297,0.009825728556749161,0.0011880327053737096,0.0,0.0,0.013113807846219011,0.0881809564401405,0.7764969787212334,-1.5811746553941206,-0.22330761994376327,0.8819634673571346,-1.638589200347361,0.1705857343745954,1.083098960645271,-1.637611089330731,-0.05817451200099907,1.167862386414499,-1.7261209608328463,-0.004713763454646774,-1.508560470860414,1.5296015462490042,0.00857274868346826,0.01017693814003106,-0.0005097147735832919,0.029534905020034675,-0.030616094687520856,0.012233939111879297,0.009825728556749161,0.013113807846219011,0.28011822218846794,0.1962354917076892,-0.1681433471971981,-0.2914916264838214,0.17373063412788256,0.20421602721271437,-0.26325725955039947,-0.2711169481019785,-0.18847705918113045,-0.2616425261390917,-0.2782099246464019,0.1572601185570353,-0.259241627993559,0.05652494827056175,0.0009970546722812758,0.2663559475253332,0.0015812155583666433,0.00136802391962835,0.0,0.0,0.0019199354662650199,0.9999981569222043
0.012548110780828748,0.009880043076905152,0.0012673512853750288,0.0,0.0,0.01318865404492577,0.08870984410697763,0.7779118283228441,-1.5823172276670283,-0.22405525229193948,0.882719793102958,-1.637814077464017,0.17141311073845084,1.080427424474196,-1.6375703323971142,-0.058439785106615585,1.1674174720590764,-1.725097742947665,-0.0042702912098982115,-1.5030817606232383,1.5280478488315234,0.008651541969315573,0.0064965330741622185,-0.0006643631918863818,0.029509846629066902,-0.030683164484798908,0.012548110780828748,0.009880043076905152,0.01318865404492577,0.2801430496302518,0.19598004849107217,-0.16828244144704807,-0.2912579842415836,0.17338881211935767,0.204434379517686,-0.26323395656174353,-0.2703708517236805,-0.18872950234063696,-0.2617330123675382,-0.27827785417862233,0.15733772762477657,-0.25936338532687586,0.056764142601845896,0.0010843517858267206,0.26698829833018917,0.0018293560927056455,0.001566323266491633,0.0,0.0,0.002051821746939387,0.9999978950115439
0.012737535261078162,0.009694946623422403,0.0013492437023115977,0.0,0.0,0.013195972264413424,0.08927279876338111,0.7791886504250344,-1.5834434995747575,-0.224905480038036,0.8834755667532334,-1.6368338832951554,0.17233118986842608,1.077744640485205,-1.6375469992859195,-0.05862150123023024,1.1672217063229493,-1.7240939947089764,-0.0039747625100191196,-1.4968345153211342,1.5266693023720173,0.008721860492545547,0.0023080425129996343,-0.0008101477428819195,0.02948352355848659,-0.030753622170199047,0.012737535261078162,0.009694946623422403,0.013195972264413424,0.28016891623988294,0.19576397064999135,-0.16843140085836517,-0.29102195521655266,0.1730147687205506,0.204686289845605,-0.2632226651226696,-0.2696178426974081,-0.18900541546114064,-0.26180732217100344,-0.27840839867396805,0.15739235544955682,-0.25947101830950603,0.05705582008333104,0.0011620178214768297,0.2675671340221428,0.0020815139998578364,0.0017652820297187628,0.0,0.0,0.0021837811739452645,0.9999976155470494
0.01285716703987404,0.00942302314528939,0.0014253863782592857,0.0,0.0,0.011569972369433329,0.08981196168396208,0.7797854973210229,-1.5842720137702093,-0.22596345841884613,0.8842217955324385,-1.635463582144843,0.17349122795793745,1.0754558377795749,-1.6376382046275668,-0.058576597107781306,1.167862508032057,-1.7232334547572665,-0.004082306495143307,-1.4882023202048407,1.5254161424107022,0.008763442592074474,-0.003797118034627704,-0.0009271545956532161,0.02945118211209774,-0.03082889411598444,0.01285716703987404,0.00942302314528939,0.011569972369433329,0.28019701937834424,0.19570810534001667,-0.16857711700824687,-0.29083208715208897,0.17258192245182283,0.20500547685520645,-0.2632326006255238,-0.26895482877845656,-0.18933725105794344,-0.26180288760900655,-0.2787351414823977,0.15738308794148276,-0.2595166485315689,0.057489590520381564,0.0012125087291549486,0.26818014679751734,0.0023371589163111318,0.0019563427065602606,0.0,0.0,0.0022994806071425376,0.9999973561909739
0.012947373282359696,0.00921865829836015,0.0014827031679820473,0.0,0.0,0.010986307745259641,0.09027039959575191,0.7801567605047515,-1.5849425359205767,-0.22699297648487668,0.8848806330651948,-1.6340397740855361,0.1746716946363449,1.0734816789627075,-1.6378113139759412,-0.058420810284036576,1.1688143629016299,-1.722487489382426,-0.004388361491940239,-1.4785181175578723,1.524117365027919,0.008806055919690565,-0.01063522651340023,-0.0010216470920678341,0.029417085602427975,-0.030903932158694122,0.012947373282359696,0.00921865829836015,0.010986307745259641,0.2802259316950133,0.1956965137629917,-0.16870131604301902,-0.29067537429480517,0.1721656437850307,0.20531934151070308,-0.26325521142454816,-0.26836558158358115,-0.189668650697175,-0.2617613056674702,-0.27912378617480266,0.15734271464620478,-0.25953489962378606,0.057989714724781635,0.0012472347605319543,0.268823952005991,0.002594061802621141,0.0021445641477564068,0.0,0.0,0.0024093433802608926,0.9999970975280259
0.013067142335658387,0.008946574539332524,0.0015589775461150033,0.0,0.0,0.00991625599949362,0.0905808416580913,0.780114453549337,-1.5853234059882886,-0.2279703173071447,0.8853792533127949,-1.6325178700264054,0.17588961372772852,1.072084367275238,-1.638134580669981,-0.05806173850791623,1.170336481898722,-1.7219515773985121,-0.005058353343470531,-1.4669052344380002,1.5227349557057777,0.008850559832133127,-0.018817072865938915,-0.0010748632684952082,0.029379771476743196,-0.030978541379098338,0.013067142335658387,0.008946574539332524,0.00991625599949362,0.2802563275050635,0.1957660042273804,-0.16878629715478657,-0.29057961370888136,0.1717802055803976,0.2056234755834962,-0.2633021030631692,-0.2679120773957198,-0.1899992652772472,-0.2616537949176626,-0.2796256711367957,0.1572453461865536,-0.2595029498759838,0.05860801650747848,0.0012526123857080932,0.2695248996129598,0.0028532709670017918,0.002327580323602741,0.0,0.0,0.0025085056405934835,0.9999968536947759
0.013158295240295532,0.008737463243885477,0.0016186235830037419,0.0,0.0,0.008776705027567094,0.09072811133933789,0.779711724531771,-1.585441975882559,-0.22865669895904234,0.8855879758343552,-1.6311155389053653,0.17702272835403982,1.0714914822819257,-1.638676603635152,-0.05754622711677744,1.1723943587505457,-1.7216755464823559,-0.006214562295512721,-1.4536934212000683,1.5209264875662447,0.008903463502800224,-0.02816869875397346,-0.0010805485694847926,0.029336245278968956,-0.03105264919048006,0.013158295240295532,0.008737463243885477,0.008776705027567094,0.2802882907968579,0.19590466758602154,-0.168827365246158,-0.29054265018963793,0.17149794157685702,0.20584863617256238,-0.2633839140972515,-0.26764646760120026,-0.19029267037688224,-0.2614743319867047,-0.2802222681984957,0.15710305568747832,-0.25941247789139893,0.05932349537150378,0.0012183805407644046,0.2704044220032209,0.003114945520976126,0.002505044937321935,0.0,0.0,0.002596272405065647,0.9999966296791197
0.013234143117171438,0.008476480854745286,0.001746461246952824,0.0,0.0,0.008196645494940823,0.09079615500840274,0.7791346103856058,-1.5854352315266926,-0.22919480999310812,0.8856540819009145,-1.629778554945281,0.17810838421185812,1.0712971958247097,-1.6393244555502227,-0.056955762884833595,1.1747071580453352,-1.721529655384295,-0.007615184693625486,-1.439708588701306,1.518907205625014,0.008960475820596472,-0.038090973866708386,-0.0010630572638051074,0.029289623778877834,-0.03112638961862434,0.013234143117171438,0.008476480854745286,0.008196645494940823,0.28032107244838367,0.19607704604869494,-0.16884709211291946,-0.2905338598009945,0.17126740684305308,0.2060334217968034,-0.26348278359295785,-0.267474496094183,-0.19056605943963323,-0.2612603110129825,-0.2808624177175345,0.1569392972874191,-0.2592924396589752,0.060099930368901586,0.0011626454070683872,0.2713664605382774,0.003377780900336803,0.0026798071339726452,0.0,0.0,0.002678238575040273,0.9999964135126361
0.013282830396944983,0.008215050251473559,0.0019130607446044001,0.0,0.0,0.005649597934178602,0.09064768661152232,0.778102943993578,-1.5851593944761488,-0.22907620006137425,0.8852635754479302,-1.628882120354007,0.17883856428994072,1.0724804293025623,-1.6402476857406925,-0.05619654827045672,1.177529508417303,-1.7218816521191838,-0.009983355480462619,-1.4237304588760993,1.5161699706857854,0.009029803948119433,-0.04966902808107514,-0.0009786823595112019,0.029231700237200717,-0.031194672722256546,0.013282830396944983,0.008215050251473559,0.005649597934178602,0.280358149246736,0.19634596058176185,-0.16880749851154805,-0.2905909978260464,0.17124007035701821,0.20603319302921957,-0.2636347577495239,-0.2676420508875849,-0.1907226410931495,-0.26096614960573217,-0.2815459293501689,0.15672633644286255,-0.25909054496319783,0.06100814550244161,0.0010221087000607386,0.27264240413094254,0.0036424874948958563,0.002846934832632542,0.0,0.0,0.002734734347485748,0.9999962606070328
0.013289047696325107,0.008023437149681087,0.0020769509402190907,0.0,0.0,0.004358867889954683,0.09042051923696441,0.7769012005642207,-1.5848011789899883,-0.22865658652300785,0.8847787428383875,-1.6282144917382135,0.1793785775550688,1.074213257943741,-1.641223548036633,-0.05546179218123658,1.1804152606713652,-1.722449536275382,-0.01268627684601028,-1.4070804347895611,1.5131086068924027,0.009104657128001705,-0.06186581534719228,-0.000885462759984563,0.02917031810214423,-0.031259457185638675,0.013289047696325107,0.008023437149681087,0.004358867889954683,0.28039759487816784,0.19665381310794944,-0.1687460795691515,-0.2906694762776072,0.1712765606934448,0.20594658325605555,-0.26380492659248,-0.26795495981020434,-0.19082090617528344,-0.2606530800853837,-0.2822056935399448,0.15651837330632656,-0.2588550839722732,0.061985387327935924,0.0008471053549481025,0.2740514837439648,0.003907288897387458,0.003011310219087384,0.0,0.0,0.002778322860792135,0.9999961404535925
0.01329705200828141,0.007767857717791733,0.002295617954899132,0.0,0.0,0.0020775775817101884,0.09005425599488345,0.775398855859583,-1.5842973644083196,-0.22770496661012823,0.8841271942312067,-1.6279512643814087,0.17958248203450983,1.0769174640828914,-1.6422924345189875,-0.05477026511322368,1.1834130720658735,-1.7233989888971502,-0.01598085039718586,-1.38924287665974,1.509474364194003,0.00918927551670508,-0.07515617730942645,-0.0007766106758605347,0.029102823104370724,-0.03131805800578811,0.01329705200828141,0.007767857717791733,0.0020775775817101884,0.2804412272843448,0.19703050768314362,-0.16864606152897327,-0.2907856796391331,0.17142591069181315,0.20570719277815847,-0.2640071330917919,-0.26852441456234505,-0.19081640999616134,-0.2603061297751481,-0.28282389791707224,0.15631910477399905,-0.2585619845153381,0.06306806731862395,0.0006126276348681675,0.27570372053886166,0.0041722578673877506,0.0031708210537379445,0.0,0.0,0.002799098555824558,0.9999960825159641
0.013303171559547688,0.007570264136249294,0.0024645542255549713,0.0,0.0,-0.0004138482678407743,0.0895740513247673,0.7736437549494734,-1.5837280870688082,-0.22619302796595023,0.8835484791885723,-1.6281833552350902,0.1793891687435333,1.080570030694056,-1.6432906612001283,-0.05435471853824577,1.1860995106022767,-1.7247092362606165,-0.01982298118974826,-1.370363211390948,1.505046223149155,0.009272818735828905,-0.0895335302509443,-0.0006939358868156418,0.02902729283416211,-0.03136552219288518,0.013303171559547688,0.007570264136249294,-0.0004138482678407743,0.2804894195963638,0.19747367322239678,-0.16851358821789975,-0.29092421500839116,0.17163222432549569,0.2053032532612624,-0.2642275753997293,-0.26937260270657043,-0.190696868949748,-0.2599523188111244,-0.2832922867455065,0.1561909012176686,-0.2582262302115758,0.06425596031201902,0.0003180903299125721,0.27768652114857645,0.004437423210045455,0.0033249972279964374,0.0,0.0,0.00279496008933462,0.9999960940914214
0.013311112222581552,0.007320799285737779,0.0026774413958943763,0.0,0.0,-0.0016145349545866549,0.08903810050752428,0.7717745888112771,-1.5831250193143132,-0.22441543924688087,0.8830117246117255,-1.6286540260218612,0.17900688163559847,1.0846643387669266,-1.6442488263351749,-0.054080530700057444,1.1886219990373863,-1.7261916579622212,-0.023921737635527004,-1.3509586086176861,1.500238259633382,0.009354914284565231,-0.1044280856396213,-0.0006267955206861401,0.02894776649396829,-0.031407605969544616,0.013311112222581552,0.007320799285737779,-0.0016145349545866549,0.280539809453367,0.1979463830881515,-0.16836513794300054,-0.29107344647432837,0.1718638619635639,0.20482092712404304,-0.26445517533478874,-0.27035052105183616,-0.1905226921520566,-0.2595940923223729,-0.28368458671223024,0.15609920130520985,-0.25787033634557116,0.06552782899326752,-1.1554193434008087e-05,0.2798110109213644,0.004702683735751745,0.003476601423262948,0.0,0.0,0.0027788148024867287,0.9999961390866935
0.013295289622772238,0.007074067728531546,0.0028545958827244644,0.0,0.0,-0.005066497034439,0.08832028384009998,0.7697778867952751,-1.5823667898322598,-0.22198751794569418,0.8827731076515082,-1.6298073114770832,0.1781448550296552,1.0896327730381128,-1.6449363412279072,-0.05442896304708539,1.1903137040860725,-1.7281250249255786,-0.02857050878193343,-1.329457003058809,1.494410216808319,0.00940879654477943,-0.12063756483522331,-0.0006798420976282973,0.02885355202086044,-0.03143387541852214,0.013295289622772238,0.007074067728531546,-0.005066497034439,0.2805965172521996,0.19843478544576781,-0.16816557056167156,-0.29126701769230817,0.17211568821048806,0.2041431615321294,-0.2646827290901571,-0.2716209532649188,-0.19021703169562992,-0.2592636716969801,-0.2837742278498811,0.15616943859766977,-0.25747226824049135,0.06699678631230428,-0.0004093177009404945,0.28227206549314493,0.0049682320307262925,0.0036207837948688507,0.0,0.0,0.002728150024188872,0.9999962785917983
0.013236984272811647,0.00690657200918128,0.0029065392234101095,0.0,0.0,-0.005792836454324647,0.08750686132245594,0.7678992284668816,-1.5815351009368896,-0.2194220291243659,0.8825631936391195,-1.6312027507358127,0.17718343767854902,1.0946380827162001,-1.6454443269305759,-0.05505969954861535,1.1915432744556003,-1.730091717508104,-0.0332293055123753,-1.3069860140482585,1.4882983764012654,0.009441236034035683,-0.13734220465024313,-0.0007978931276334658,0.0287532400753763,-0.0314510783387555,0.013236984272811647,0.00690657200918128,-0.005792836454324647,0.28065399328867596,0.19887716261306537,-0.16793889094317033,-0.2914831061486586,0.17239696515695313,0.20342101728591644,-0.2648953332596805,-0.27293185259137004,-0.18988825226593314,-0.25895800710704764,-0.2837357705569446,0.15631406941834827,-0.25708109258135325,0.06860374435403985,-0.0008276283985677122,0.2847827861353859,0.0052329434806274045,0.00376246163311104,0.0,0.0,0.0026702218706432966,0.999996434951226
0.013113982879133164,0.006699079105222135,0.002897553371659922,0.0,0.0,-0.0070309150250591895,0.08653047428739191,0.766221780969639,-1.5805781971324573,-0.21662205021188716,0.8824022051059839,-1.633010952159612,0.1760526042845514,1.0997062482015052,-1.6456462969683638,-0.056171636313501035,1.1919851152583807,-1.732115215123302,-0.037905191306513986,-1.2828626668814456,1.4817027901158188,0.009437125345522707,-0.15489086824836157,-0.0010267472026324036,0.02864253471106893,-0.031452826948629484,0.013113982879133164,0.006699079105222135,-0.0070309150250591895,0.280712778821136,0.1992408234342066,-0.1676661053622952,-0.2917384029151873,0.1727284363176604,0.20262358820664467,-0.26508323919953175,-0.2743138306058266,-0.1895202439427602,-0.2586979507364287,-0.28347989915415567,0.15658538955950282,-0.2567014980527441,0.07040951577983309,-0.00127274112575105,0.287392565692742,0.005496228490062435,0.003899870380392355,0.0,0.0,0.0025999129644482984,0.9999966202205772
0.012986349537960342,0.006549197226805811,0.002835943090795379,0.0,0.0,-0.007282765085466357,0.08532455563545227,0.7650586420839484,-1.5794877789237283,-0.21374790505929425,0.8820417035709728,-1.6350769779898904,0.17489154682014926,1.1042576522538157,-1.6454617832646226,-0.05772946187944124,1.1914950862075344,-1.7340521306702585,-0.042419914720636435,-1.2572224645903616,1.4745241403579712,0.009345278877652052,-0.17316183718768036,-0.001411113634028219,0.028524482735630238,-0.03143839831605102,0.012986349537960342,0.006549197226805811,-0.007282765085466357,0.28076989542354236,0.19943017138468166,-0.16732788455515304,-0.29204424684027386,0.1731580750126859,0.20179950732799465,-0.26524731119891565,-0.2756201092425908,-0.18915866921863297,-0.2585179548739751,-0.2829957485982363,0.15697561773230506,-0.25636472245756997,0.07242128213724582,-0.0017337033663367039,0.29012130635525474,0.00575610234712561,0.00403314878260999,0.0,0.0,0.0025270855528402346,0.9999968069142064
0.012828087322095963,0.006362564283869352,0.002759002675914446,0.0,0.0,-0.00740269228524699,0.08401981142885757,0.7641480101479424,-1.578343845979132,-0.2108534070277455,0.8815827550310077,-1.6372503614184832,0.1737244649216382,1.1085250371634359,-1.6450982539340704,-0.059499698606404396,1.1905726856655545,-1.735928956908409,-0.04681892741960709,-1.2308396094977254,1.4670761257711082,0.009209573607553135,-0.1917439386098072,-0.0018711821975732098,0.028403459888215018,-0.031416151841933075,0.012828087322095963,0.006362564283869352,-0.00740269228524699,0.2808262165447678,0.19953570016587652,-0.1669610130166351,-0.29237113907802753,0.1736324102355273,0.2009673335065289,-0.26539778760992505,-0.2768785667553761,-0.18880250930921216,-0.25837456823551586,-0.28240984023983307,0.157422057391749,-0.25604766426424985,0.07459090074737772,-0.0022125347265839167,0.2928629268480901,0.006014351810639104,0.004164460324447113,0.0,0.0,0.0024530588594378843,0.9999969912465897
0.012664707562305639,0.00616984066464814,0.0026795975487645123,0.0,0.0,-0.007744456695880899,0.08264239493644598,0.7641086048550076,-1.5772481638975817,-0.20819944263708712,0.8807745882959077,-1.6394221662270902,0.1727071545942865,1.1112260192331642,-1.6443247638567529,-0.061876966194673026,1.188644978735182,-1.7372582765540692,-0.0501107784232708,-1.2019343942102758,1.4590256960705072,0.008907377550547772,-0.21055795989855378,-0.0025798919883490835,0.02828449396548247,-0.03136934238401326,0.012664707562305639,0.00616984066464814,-0.007744456695880899,0.28088025553057894,0.1993856951671956,-0.16657204021409105,-0.2927040931486513,0.17420734521908485,0.20020066493458183,-0.2655144200027622,-0.2777747047123556,-0.18851483525243154,-0.25837730263292613,-0.2816611725427473,0.15803203670021798,-0.2558090662855104,0.07707623143011,-0.0026293738972531303,0.2955286034375161,0.006267971048752468,0.004290165727713494,0.0,0.0,0.002375614518134373,0.9999971782238495
0.012542182693650462,0.006026085676146227,0.0026204896093617873,0.0,0.0,-0.007879383690940392,0.08135297657413916,0.7643762583082373,-1.5762813904068687,-0.20582430267875843,0.8799096752296794,-1.6414533311670476,0.17176951467990875,1.1131422248753635,-1.6434556625106118,-0.06434616717425261,1.186441871252927,-1.7383417270400308,-0.05278007584539328,-1.1722349741242146,1.4507484436035156,0.008520647460086777,-0.22954014079137292,-0.003380772022699773,0.028169098394838245,-0.03130727362903682,0.012542182693650462,0.006026085676146227,-0.007879383690940392,0.2809334004467184,0.1991619357709886,-0.16620669143109404,-0.2930079249778747,0.17477575237830753,0.1995126215956325,-0.2656058304656439,-0.27846958479282724,-0.18826054533072653,-0.2584413904431279,-0.2808855555588906,0.15866814776305163,-0.2556075049183977,0.07975173229347139,-0.0030193711760075005,0.29813856329356847,0.006519761825488374,0.0044136580757119445,0.0,0.0,0.0022968208961890745,0.9999973623034067
0.012385548782584571,0.005630263500931071,0.0026208357979548564,0.0,0.0,-0.008101263666812525,0.0802082662480046,0.7651488528107152,-1.5755265999321986,-0.20390767400914972,0.8789514459744848,-1.643253221656337,0.17096288833353254,1.1137679092811816,-1.642429333744627,-0.06696654750843241,1.1837858828631314,-1.739020859352266,-0.05442561848898127,-1.1412295283693255,1.4420981936984592,0.00799490584794319,-0.24879885081088907,-0.004333220902040151,0.028059574069850372,-0.031220111807789466,0.012385548782584571,0.005630263500931071,-0.008101263666812525,0.2809850751149534,0.19881693374292567,-0.16588080646523248,-0.2932642262897293,0.1753343396544638,0.19895371248012642,-0.2656589345012582,-0.27883379585246465,-0.18806144266346142,-0.2586101525989029,-0.2800649395127073,0.1593480150136972,-0.25546873144421184,0.08267424512797864,-0.0033462452378035484,0.300693151078669,0.006768545799070236,0.004533511177269798,0.0,0.0,0.002215808465670633,0.9999975450934084
0.012267663875156074,0.005165560830427012,0.002680997354814752,0.0,0.0,-0.005587046675382554,0.07944681397592178,0.7663322858738176,-1.5751657088597615,-0.20289290199677149,0.8784123457441426,-1.6446322431468001,0.1704544308360177,1.1128293570846017,-1.6413440505663555,-0.06959675037951181,1.1809187435140514,-1.7393518433426365,-0.054510314920634934,-1.1089799500475024,1.4327608076008882,0.007289457948633815,-0.2682122138112483,-0.005431884368223077,0.02795644670800127,-0.031101696823507247,0.012267663875156074,0.005165560830427012,-0.005587046675382554,0.2810382338786366,0.198406088847981,-0.16566233207974987,-0.2934161751276231,0.17570493078749844,0.1986453929281516,-0.2656255918386326,-0.2787726301813617,-0.1879629864295782,-0.25887413427838246,-0.27925196415799,0.16003420498736912,-0.25538114305583987,0.08586312661316312,-0.0035478327603816672,0.30327626413161934,0.007014180867547039,0.004641061919186302,0.0,0.0,0.0021599381326152514,0.999997667330911
0.012132443635334642,0.004330010192015397,0.002858832930073552,0.0,0.0,-0.00420842768463674,0.07887392513679736,0.7677029967308044,-1.5749929998860215,-0.2023240765838912,0.8780907356377804,-1.645806287274216,0.17009672025839487,1.111161481250416,-1.6402341163519656,-0.07221338627013295,1.1779714100288623,-1.7395275722850452,-0.05384711921215055,-1.0761131012078486,1.4230928926756887,0.006496651662570051,-0.28769106937177263,-0.006595239974558361,0.027856517018693867,-0.03096858863577698,0.012132443635334642,0.004330010192015397,-0.00420842768463674,0.281092315009146,0.19796651721070604,-0.1654968112953982,-0.29351720854865043,0.17598012492647694,0.1984608762192844,-0.26554928216205276,-0.2785121234056564,-0.18791430750957058,-0.2591805022346081,-0.27844558040308637,0.16071881284758674,-0.2553148478118038,0.08926324833726075,-0.0036899548359625623,0.3058025991667957,0.007258355194194752,0.004742251469217467,0.0,0.0,0.0021178539520248572,0.9999977573448042
0.011995265449156188,0.0033762982579804853,0.003076615658674509,0.0,0.0,0.0028151287954278526,0.07896510361119954,0.7695057888825735,-1.5753970116075844,-0.20335992531041908,0.8787077508791529,-1.6462904708554047,0.17033187134398353,1.107541925979383,-1.6391040441965816,-0.07450051425081311,1.1751044242068975,-1.739402048515551,-0.05085699632763862,-1.0409934562866132,1.4123764441470907,0.0054123831226142345,-0.30723831569305576,-0.007875480999549232,0.027768619706609633,-0.03079419894463787,0.011995265449156188,0.0033762982579804853,0.0028151287954278526,0.2811525871958395,0.19748228705521156,-0.16551933167698174,-0.2934527545225465,0.17587568309498985,0.19871936275664312,-0.2653117121396342,-0.27770891222314364,-0.18804753165952606,-0.2595674862111341,-0.27771425371275926,0.16132156777942952,-0.25530906713137175,0.0930686649175374,-0.0036099578881137557,0.30831548604405146,0.007498740634852738,0.004816316348039592,0.0,0.0,0.0021460051760063092,0.9999976973282412
0.011892632179076943,0.0026626952073474023,0.0032396102794499115,0.0,0.0,0.0056742900940321556,0.079301413035754,0.7714669692395913,-1.5759759455016165,-0.20507422751850554,0.8797950564008771,-1.6464545823106862,0.1708898882974278,1.1032552791364265,-1.6380147392099553,-0.07649905942004137,1.1725000155092489,-1.7392717334959242,-0.04704667823483243,-1.0049313475387263,1.401088369013083,0.00421275329221077,-0.3268862267335257,-0.009167675916669952,0.027688820611196336,-0.03060808384584056,0.011892632179076943,0.0026626952073474023,0.0056742900940321556,0.281215379635493,0.1969765193403382,-0.16561163148015912,-0.2933323715274962,0.17558514261048133,0.19916515843103413,-0.2650080408998273,-0.27670939341108725,-0.1882731838895967,-0.25995684823578935,-0.2770521815565427,0.16184942083919643,-0.2553117795976746,0.0971565775737504,-0.003438937266027258,0.31078001102071845,0.00773758174983239,0.00487936150301436,0.0,0.0,0.0022027479428315478,0.9999975739478073
0.011755590015543476,0.0017096335965944888,0.003457716619124918,0.0,0.0,0.010211654789175484,0.08002673462033272,0.7736795047918955,-1.5768324732780457,-0.20786520590384802,0.881628692150116,-1.646110753218333,0.1719602793455124,1.0979099869728088,-1.6369901299476624,-0.07803963621457419,1.1703123052914937,-1.7391338149706523,-0.04193474600712455,-0.9673735896746315,1.388893147309621,0.0028300501095751833,-0.34669388830661785,-0.010478841140866288,0.027621873033543427,-0.030403361034890015,0.011755590015543476,0.0017096335965944888,0.010211654789175484,0.2812821716070175,0.19643664789003187,-0.16581453914973981,-0.29312343724471224,0.17499909700649915,0.19990771311330652,-0.264597606606392,-0.27539831765677236,-0.18864575802781192,-0.26034848843761005,-0.27650067978344733,0.16225804495805418,-0.25533113856631295,0.10161228690985004,-0.0031146771377613147,0.3132302073527738,0.007973972087105118,0.004924918835361799,0.0,0.0,0.002304864231498332,0.9999973437969095
0.011651141429913482,0.0009750434449589065,0.003633380989835622,0.0,0.0,0.015557017813836997,0.08106831483768695,0.7760863882122618,-1.5779895192444926,-0.2117562160046414,0.884101187942004,-1.6450130915400958,0.17368639704554972,1.0916353355754504,-1.6361316755564526,-0.0787892331077595,1.1688929254358464,-1.7389356788962778,-0.03584652204028884,-0.9279626535646842,1.3755999261682683,0.0013134953180196263,-0.36658408364864314,-0.01173538324244396,0.027568186228775014,-0.030181617899374527,0.011651141429913482,0.0009750434449589065,0.015557017813836997,0.281353688300258,0.19588355829251786,-0.16610610240233106,-0.29283058224245295,0.17410999634412358,0.20095992377340371,-0.26410950765336877,-0.27379185108178256,-0.18919902301095962,-0.26069597096935393,-0.27616221947159153,0.16246043727337905,-0.2553839916571768,0.10650134202565525,-0.0026586740017240764,0.315641126102659,0.008207485117394515,0.004949913717655822,0.0,0.0,0.0024604339685194592,0.9999969731277624
0.011589640331550626,0.0004318453918741357,0.003886478717880782,0.0,0.0,0.017905200435973597,0.08224203968138406,0.778568917452687,-1.5792793703801704,-0.2161168030867673,0.8868299665475132,-1.6435561240321457,0.17570317732264298,1.0849561215651156,-1.6353707319558268,-0.07915220616592301,1.1678695299408652,-1.7387085906182878,-0.02938012782521919,-0.887673451442911,1.3618032691454647,-0.00026036288137689615,-0.3864961386931064,-0.012959715242337704,0.027521130882880905,-0.029952396638691425,0.011589640331550626,0.0004318453918741357,0.017905200435973597,0.28142750684661094,0.19532818329752186,-0.16643410880781687,-0.29250057405255364,0.17308939695586584,0.20214387351473112,-0.26358718670395537,-0.27204922040448043,-0.1898318620274482,-0.2610123954904949,-0.275933230795916,0.16256185001075846,-0.25545185782769003,0.11170586602246349,-0.0021181431158338107,0.3178913456301236,0.008439820179847455,0.0049662134431377805,0.0,0.0,0.0026394853914713644,0.999996516552367
0.01157273884055022,0.00011531536274135738,0.00418195444526065,0.0,0.0,0.02265807956089652,0.08358839763836429,0.7810685742985118,-1.5808490623127331,-0.22123693878000436,0.8897369666533037,-1.6409784447063098,0.1783447021787817,1.0775097391822122,-1.6351498473774304,-0.07818544656038284,1.1684646931561558,-1.7383879748257725,-0.022856986827470994,-0.8447096456180916,1.346692843870683,-0.001929288984022369,-0.40625123002312413,-0.0140040461820635,0.027498763901266186,-0.029708022251725197,0.01157273884055022,0.00011531536274135738,0.02265807956089652,0.2815091474489732,0.19481030094981375,-0.166808311777898,-0.29210610806054527,0.17183973083961526,0.20355972511436274,-0.26309046277762765,-0.2699869717853735,-0.1906276899837706,-0.2612256706237612,-0.2761480748910615,0.16231383158504312,-0.2555511312147313,0.11747615334164281,-0.0015488480721358778,0.31994711668516185,0.008670973083512352,0.004969634539024396,0.0,0.0,0.002866065330043911,0.9999958928263276
0.01160901893673465,0.00013642483765888877,0.004434954337399765,0.0,0.0,0.0237257782292509,0.08497592795527344,0.7834131202914498,-1.582544931257614,-0.2264098875751399,0.8925730399411134,-1.6379716390311116,0.1811547436647945,1.0699266815426374,-1.6352262527051598,-0.07666873352395163,1.1698393580889461,-1.7379737520458722,-0.016553018787744046,-0.8006581820622838,1.3308663308018385,-0.00360261529420663,-0.42588702054938893,-0.014942217030270837,0.027494149847012577,-0.02945877942774031,0.01160901893673465,0.00013642483765888877,0.0237257782292509,0.28159478502442137,0.1943588202466415,-0.16719195715015076,-0.29168596640123934,0.17054007116084868,0.20500126327798265,-0.2626334542698318,-0.26782760946684137,-0.19146279609974604,-0.2613744483850069,-0.27658546065759293,0.16192095292198522,-0.2556594808581246,0.12362467026284135,-0.000964167197640747,0.3217843590289109,0.008902695688484896,0.004973479429015306,0.0,0.0,0.003103322057210294,0.999995184684511
0.011657470377521696,0.0001664893248418134,0.004772668836093564,0.0,0.0,0.02536140252372414,0.0864265308235631,0.7855200496586886,-1.5844340926468974,-0.23166374154765199,0.8953004593801017,-1.6343074483100815,0.1842229382859336,1.0621342490417789,-1.6357580808678058,-0.07430953863594265,1.172408153312375,-1.7374161313278507,-0.01058480506668786,-0.7549405194292163,1.3139428321761313,-0.005282682347854589,-0.4453400523975643,-0.015717759653173315,0.02751673176658876,-0.029202078572577898,0.011657470377521696,0.0001664893248418134,0.02536140252372414,0.2816865456224692,0.1940085312205943,-0.1675904274885906,-0.29122754607220874,0.16916422571809497,0.20648404109838248,-0.2622427642426994,-0.2655226994899394,-0.19235763211626328,-0.26143061332325707,-0.27736359618222955,0.16130620626177605,-0.25577961247724984,0.13025274223212532,-0.0003863526877818025,0.32339589418928083,0.009135291027375545,0.004977973535506412,0.0,0.0,0.0033569347614130383,0.99999436547863
0.011696193052593052,0.00018913909683199512,0.005042229336921222,0.0,0.0,0.027337799563703045,0.08780824438189017,0.7867433311361255,-1.586461117773345,-0.2365198950424339,0.8978251164609736,-1.6300013426578406,0.18734055328549762,1.0548196254354534,-1.6368282690192715,-0.07098375565626402,1.1762742923967766,-1.736861077221957,-0.005244672270209473,-0.7075819535688918,1.2956153443365386,-0.006903403043521181,-0.4641804889296041,-0.01620262404057113,0.02757192095459411,-0.02892785829802354,0.011696193052593052,0.00018913909683199512,0.027337799563703045,0.2817856917778651,0.1939449341557559,-0.16796587130878257,-0.2907551494794538,0.1677405917313744,0.2078836024439813,-0.2619936602170413,-0.26325378023895996,-0.19324581643884825,-0.2613642185939816,-0.27848277334434496,0.1604361362437601,-0.25589604685562506,0.1373938951596213,0.0001355529332063685,0.3247731836577005,0.009368939282880588,0.004983269503678788,0.0,0.0,0.003630311091254761,0.9999934103989789
0.011742204494405845,0.00021756151344038056,0.005363142400076349,0.0,0.0,0.02824648501850867,0.0891615767972638,0.7875236260770547,-1.5885363708842883,-0.24115395801838,0.9002754712345624,-1.625432480465282,0.19045903766998137,1.0477784944303108,-1.6381404737029412,-0.06724557145075363,1.1807108250531284,-1.7363220332848905,-0.00021544279474198998,-0.659566005071004,1.2766478735991198,-0.008487672413313635,-0.4826978032637125,-0.016549204748989355,0.02764107042340317,-0.028645524943266252,0.011742204494405845,0.00021756151344038056,0.02824648501850867,0.28188823479594605,0.19402157127152023,-0.16833130123684054,-0.2902778874365268,0.16629099038198056,0.20923365169847805,-0.2618028450309912,-0.26101777183757524,-0.1941229272975988,-0.26123087801341477,-0.27974831324554683,0.1594572271997255,-0.2560005053491241,0.1448812762990308,0.0006641312335015945,0.3258124957438674,0.009603071487461678,0.004988935743129313,0.0,0.0,0.003912773935284468,0.9999923450707667
0.01149680365130811,0.0005509596933171435,0.00550521142555077,0.0,0.0,0.0307680519866557,0.0904726938843125,0.7866671341236191,-1.5905772068283774,-0.24473615886286051,0.9027296687015379,-1.620493850924752,0.1933373704251617,1.042093600287582,-1.640063165414213,-0.06271825256672772,1.186440641229803,-1.735992031868058,0.003705381613337635,-0.6108031372229258,1.2559658264873004,-0.009869050704921136,-0.49985814561145475,-0.01646056075138275,0.02773750928051845,-0.028340032051383246,0.01149680365130811,0.0005509596933171435,0.0307680519866557,0.28200021747386816,0.19458338643165707,-0.16868372996028258,-0.2898086586085199,0.1647745705126606,0.2103204129655843,-0.2618187488441644,-0.2590587448511322,-0.19490357353749768,-0.2609547964570349,-0.28131417775834905,0.15826806345315947,-0.25604726896923796,0.15281640885629144,0.0010540117219908231,0.3266721432582067,0.00983854497999254,0.0049956472369494164,0.0,0.0,0.004220451914672538,0.9999910938531582
0.010805191582202644,0.0013250002675663085,0.005272361967298412,0.0,0.0,0.029352222741786692,0.09170594201846556,0.7850271553704233,-1.5925103064739343,-0.24778839494242813,0.9051871028813449,-1.6155214670932654,0.1960103525356813,1.0373319206815776,-1.6421549464717056,-0.05794935063882306,1.1924345673936787,-1.7359079917271931,0.007266910577362242,-0.5619970939376137,1.234320712812019,-0.011111489214906189,-0.516128167961583,-0.016193182518084843,0.02784561619839885,-0.028033828870816662,0.010805191582202644,0.0013250002675663085,0.029352222741786692,0.2821084432529681,0.19536255405236155,-0.16901385333602245,-0.2893621001637749,0.16324513626724754,0.2112693406617122,-0.2619126374170576,-0.2573336512688561,-0.1956122358173601,-0.2606159365060783,-0.2829016972122547,0.15701546829274,-0.2560556926032053,0.16105080044973522,0.0014403532428770495,0.3272601947395407,0.010062741228576862,0.005014855047744332,0.0,0.0,0.004513971346131197,0.9999898119794454
0.009342867520977063,0.002918203038175922,0.004601960230354862,0.0,0.0,0.02725797665288136,0.09282400899312714,0.7822282690592486,-1.5942840461779122,-0.25005672480722874,0.9076493246988817,-1.6104991550397392,0.19837958681764026,1.0339358292444787,-1.6444968388538168,-0.05282310712518112,1.198819156246956,-1.7361877693070307,0.010296981697055441,-0.5131271869847267,1.2112510631782838,-0.012148412631241366,-0.5310812586485738,-0.015661426561160218,0.02797098212282766,-0.02772657505490563,0.009342867520977063,0.002918203038175922,0.02725797665288136,0.2822111119525601,0.1964631850242752,-0.16931151936251104,-0.2889479708833285,0.16169953949554228,0.21201415390058875,-0.26212995898361446,-0.25595481750063415,-0.19621623278882216,-0.2601970348662358,-0.2845213095728801,0.15566938079729395,-0.256012916974824,0.16962491814819988,0.0017881863268640946,0.32764072336710476,0.0102702565538236,0.005052546994064493,0.0,0.0,0.004786548167918319,0.9999885444127029
0.007816712265680975,0.004562910782721082,0.003828906049632708,0.0,0.0,0.02006740456099687,0.0935672488477495,0.778040435579088,-1.5957026481628418,-0.2512793905205197,0.9104106028874716,-1.6057358185450237,0.20029095146391127,1.0325594080819025,-1.6470854149924383,-0.04753819604714711,1.2051585515340169,-1.7369924386342366,0.01338276163571411,-0.465353422694736,1.1865389744440715,-0.012846080482833916,-0.5437186691496108,-0.014854679194589455,0.028107941150665283,-0.027439499894777935,0.007816712265680975,0.004562910782721082,0.02006740456099687,0.28229252166218227,0.19792456544388282,-0.1695043985494492,-0.2886238310591789,0.16010164480125436,0.21247274253849233,-0.26246581430879934,-0.25510914591356254,-0.1966680774538822,-0.2596876876865295,-0.2860281391934487,0.15428309575291363,-0.2559186716222998,0.17840617173107576,0.0022344450115757424,0.32795422745437613,0.010435321368277073,0.0051351553863949245,0.0,0.0,0.0049872198183119176,0.9999875637419117
0.006028590034627697,0.006490463952624868,0.0029229831815968947,0.0,0.0,0.016798968293223006,0.09411824122071266,0.7732643430883234,-1.5969563993540676,-0.25203704969449475,0.9132882356643677,-1.601125099442222,0.20199129053137518,1.0320995937694202,-1.649774437600916,-0.04220299016345629,1.2114289023659446,-1.7380416230721907,0.016531487926840793,-0.4182284230535679,1.1609965833750637,-0.013390224596316164,-0.555365345694802,-0.0139360474422574,0.028249537910927425,-0.027161778120154682,0.006028590034627697,0.006490463952624868,0.016798968293223006,0.2823642681945454,0.19953528716561142,-0.1696428164127561,-0.2883378601041594,0.1584882599581563,0.21280150114188734,-0.262844610001849,-0.2545078954899227,-0.19704956243262306,-0.25913969290583233,-0.2874669994538576,0.1528868106135945,-0.25579435357483554,0.18736238439387995,0.0027661333982072728,0.32804066338424137,0.010581089014356787,0.005238173000345177,0.0,0.0,0.005155207341710092,0.9999867118303443
0.004133151757891278,0.008534709289776477,0.001962889324534645,0.0,0.0,0.007810817904910465,0.09393338114023209,0.7672786074455338,-1.5977243726903743,-0.251613460706942,0.916300376256307,-1.5972646703623763,0.20308381123374208,1.0341469494983404,-1.6526290286671033,-0.036936222001759667,1.2170499599341191,-1.7398193749514492,0.020209701110919336,-0.37431326598832076,1.1323776654522826,-0.01351865114775872,-0.5648733413580692,-0.012833930655486048,0.028397903316701303,-0.026911495178185328,0.004133151757891278,0.008534709289776477,0.007810817904910465,0.28240944098944615,0.20143423542569625,-0.16957434040615046,-0.28819957870505836,0.15695404095658566,0.2127913271843889,-0.2633086288054835,-0.2545901659656527,-0.19723721350321077,-0.25851190268041163,-0.2885972629401988,0.15151159741610312,-0.25563306181928397,0.19646442442019013,0.0035237583131180732,0.32903867266504994,0.01067377541289486,0.005397246402660104,0.0,0.0,0.005233314467118792,0.999986306116083
0.0027152406361053475,0.010064453718945205,0.001244638303313228,0.0,0.0,0.0038069941593733003,0.09332630783319473,0.7609908523583653,-1.5983200584999238,-0.25068138012982377,0.9193451452736903,-1.5939529652547355,0.20390080833675886,1.0371525365896899,-1.655499963447301,-0.03193003134896056,1.2222679708943223,-1.7419804665777419,0.024341344494711276,-0.33249306919598814,1.1023827189146869,-0.013472462336372847,-0.5735056650156927,-0.011736803735145412,0.02854107465181086,-0.026671039392099236,0.0027152406361053475,0.010064453718945205,0.0038069941593733003,0.2824427837675268,0.20339664169208257,-0.16938539494108998,-0.2881250442313936,0.15549739197412504,0.21262619907838715,-0.2637773693511741,-0.25494016704592215,-0.19734017999694203,-0.25786545341920264,-0.2895472588290846,0.15020740363543567,-0.2554312455159746,0.20563394016993858,0.004479743291283391,0.33038658885096417,0.01074283289243326,0.005581273055268509,0.0,0.0,0.005271383883594789,0.9999861061594565
0.0013481618370041392,0.011720227040263008,0.0005274258478724092,0.0,0.0,-0.0019127540462451716,0.09211607277393341,0.754271640922084,-1.5986696192712495,-0.24902288299618344,0.9224365263274222,-1.591425151535959,0.20432420029784695,1.0415270256273674,-1.6583942463903716,-0.0272960942803007,1.2269102009859951,-1.7446891864140828,0.029120745306665266,-0.29366567279353273,1.0704220172130698,-0.013176823006660648,-0.5808870286652537,-0.010646805195420073,0.028676825885971386,-0.02644462240013209,0.0013481618370041392,0.011720227040263008,-0.0019127540462451716,0.2824592265215787,0.20545088112883417,-0.1690247313870501,-0.28814500895208056,0.1541551455641078,0.21224072336289693,-0.26425789902724367,-0.25567113066360087,-0.1973229175150573,-0.2571914431183765,-0.2902423630485749,0.14900273756025229,-0.2551800483028016,0.2148180381313701,0.005704010734108822,0.3324838476882568,0.010778134773400698,0.00580094720829617,0.0,0.0,0.0052522566079230325,0.9999862068051362
0.0006353184946233575,0.012771879302193796,0.00012750276411482855,0.0,0.0,-0.0026149806018459258,0.0901761311623785,0.7471908448320446,-1.598785982589529,-0.24658319850762683,0.9255586645819924,-1.5901720469648188,0.20428384975953537,1.0472803910573323,-1.6611342074895146,-0.02339416787479861,1.2304129678793627,-1.7480380739828554,0.03517760981739775,-0.2607306916304307,1.0355080348072627,-0.012666326176111744,-0.5868722082990588,-0.009701949732396934,0.028796853572882787,-0.026235019054376717,0.0006353184946233575,0.012771879302193796,-0.0026149806018459258,0.2824638808014417,0.2075785160109885,-0.16845549395256368,-0.2882713126116415,0.1530166609662902,0.21160499650989703,-0.2646990971623999,-0.2568144213737083,-0.19717175535664222,-0.25651798229377365,-0.2905213086056993,0.14799019818998052,-0.25489135777266303,0.22376603047192073,0.007368413187436494,0.33643398883664816,0.010791831847393152,0.006050622735097253,0.0,0.0,0.0052261071607981645,0.9999863438087262
0.0004485491188730257,0.013517285301804587,-4.16931479868543e-05,0.0,0.0,-0.0021923932186069845,0.08789436067595625,0.7399724643639843,-1.5987870440338596,-0.2438269569115205,0.9286428756184049,-1.5894959574998027,0.20403809649775725,1.053604492033371,-1.6637932507678717,-0.019830658881351194,1.233381586845475,-1.7516688553973883,0.041864523080864365,-0.23043417930603022,0.9992454100136804,-0.012074352919378062,-0.5922456124816278,-0.008837983397898649,0.02890940791353433,-0.02603363317221102,0.0004485491188730257,0.013517285301804587,-0.0021923932186069845,0.28246432663214327,0.20972995094697067,-0.1677877275059032,-0.288438981508967,0.1519863749466218,0.2108654764757363,-0.265115700476234,-0.2581273180034245,-0.19696155670393575,-0.25584383053042736,-0.2906083248818076,0.1470680609642415,-0.25458650098528707,0.2326010454955106,0.009318538891120477,0.3411403213250267,0.010798206421160939,0.006312060089913583,0.0,0.0,0.005204183526753519,0.999986458145219
0.000440019611126319,0.014172874791877883,-0.0001350286031015502,0.0,0.0,0.004993900094541511,0.08456771211190654,0.7325829330718878,-1.5983881191773848,-0.2404904480684887,0.9312006731828054,-1.5904258507670779,0.20325731644124695,1.0610834016944424,-1.6661372925295974,-0.017266377355113154,1.23471456043648,-1.7560202027812148,0.05072536517047528,-0.2072473168373106,0.959133401061549,-0.011383706873113453,-0.5960804639440594,-0.008322430069022103,0.028998273565913692,-0.02586004166214755,0.000440019611126319,0.014172874791877883,0.004993900094541511,0.2824622130755222,0.21187570255501562,-0.1668220668462492,-0.2887765017284658,0.15138472170941675,0.20992601370502903,-0.26544248139755255,-0.2598136025489387,-0.19660599775816445,-0.2552055155326911,-0.2901411427210868,0.14640484975631915,-0.25426156082328083,0.24096378467185,0.011989205661310237,0.3485597053703509,0.010804145201814898,0.006591471603535344,0.0,0.0,0.005254121844942869,0.999986197006558
0.000433627777253183,0.014663536991871805,-0.00020488344057573157,0.0,0.0,0.0082903961873665,0.08087060412373201,0.7253175329680394,-1.5978061358133953,-0.2371695478155155,0.9332613138237384,-1.5920869846536656,0.2022565636369917,1.068756538208085,-1.6683266632484668,-0.015134421412390875,1.2351983484595712,-1.7604543343938963,0.06071505206401914,-0.18770386353887678,0.9176609010407414,-0.01069888629658956,-0.5992057943584943,-0.008056065735567098,0.029075996272943237,-0.02569699902651888,0.000433627777253183,0.014663536991871805,0.0082903961873665,0.2824589254880192,0.2139590524159837,-0.16574974174975,-0.28917165425494346,0.15105534376903362,0.20897289660463975,-0.2656912100478768,-0.26157428987094505,-0.19619445015043502,-0.25459449024805864,-0.2894423277931086,0.14585481639907605,-0.25396310790225923,0.24883818750191844,0.015107117522502109,0.35723339026213924,0.010809849035182987,0.006879128732088242,0.0,0.0,0.0053370246444377255,0.9999857579825547
0.0004239873317439301,0.015319158420099585,-0.0002982188956904275,0.0,0.0,0.012839560848644415,0.07666226213026525,0.7182234339039735,-1.5969715317090352,-0.2338701874168232,0.9346358779102865,-1.5947572305949047,0.20095224844084844,1.0766977077782758,-1.670302587928194,-0.013599074774920323,1.2345102603989417,-1.7650027082423971,0.0722625447869904,-0.1731883148954371,0.8743109233451608,-0.010022104868307853,-0.6013519857266937,-0.008133582215793808,0.029138341715390034,-0.02554851383761023,0.0004239873317439301,0.015319158420099585,0.012839560848644415,0.2824540177378992,0.2159568979888346,-0.16453041694282222,-0.28965350098809295,0.15110093577438044,0.20800214097677971,-0.26583434053071026,-0.2634401661195414,-0.19570616565428856,-0.25402327512415834,-0.2884251955621164,0.14545914289783426,-0.25370100092709674,0.25592662406520733,0.018791312396123257,0.36778141339887677,0.010815228641296576,0.007178164809246108,0.0,0.0,0.0054654183803200945,0.9999850644894293
0.00046500237056403167,0.015781192992289077,-0.00035387623791849343,0.0,0.0,0.018773220495471497,0.07206524028019468,0.7117921384898098,-1.5959599018096924,-0.2310745607722889,0.9346451976082542,-1.598351782018488,0.19942606172778388,1.0844213203950361,-1.671944184736772,-0.012484333731911391,1.2323433811014348,-1.7694829160516912,0.08553621511567734,-0.16480131582780314,0.8292589892040596,-0.009431298060173333,-0.602049242366444,-0.008681370030072608,0.029168690300800583,-0.02542385526678779,0.00046500237056403167,0.015781192992289077,0.018773220495471497,0.2824469967321916,0.21773385132508524,-0.1631986538868281,-0.2902071960128105,0.15170654702235056,0.2071517717575681,-0.26583186467553205,-0.26529757168144547,-0.19517168344442162,-0.2535252502584531,-0.287046811634085,0.14517285702171095,-0.25353774616155345,0.26179895180092533,0.023069547338632822,0.38051405077278644,0.010820109566504305,0.007492043839936909,0.0,0.0,0.0056531476850885665,0.9999840208329583
0.0009691750807831308,0.015590938271423195,-0.0002173086007431491,0.0,0.0,0.022599696249571585,0.06733390440543495,0.7057093547450172,-1.5949087474081252,-0.22856282939513525,0.9340679777993096,-1.602316227224138,0.19782495581441456,1.0919660727183025,-1.6734379066361322,-0.011532292597823676,1.2295339637332492,-1.7739025685522292,0.0995178471008936,-0.15902073515786064,0.7835899028513168,-0.008880253570775192,-0.6020608411894904,-0.009443943802681229,0.029184839584761195,-0.025310799686445132,0.0009691750807831308,0.015590938271423195,0.022599696249571585,0.28243986268838245,0.21940258325547174,-0.1618255697966025,-0.29077513671422434,0.15254589015011036,0.20637217005269962,-0.2657556746029191,-0.26712495098412176,-0.19462359162431275,-0.25305464275889183,-0.2855197959338354,0.14492894210038154,-0.25341550326893486,0.2667219358435789,0.027640164736903578,0.3942455173863194,0.010826690588146448,0.007809582476814587,0.0,0.0,0.005879140891974862,0.9999827177018473
0.001868273477696085,0.01483429400518809,8.328846006766533e-05,0.0,0.0,0.04139679181902289,0.06251349074370932,0.7009514522070837,-1.5940295794997552,-0.22724480294820035,0.9320511432609173,-1.6069881904004801,0.19619020036976748,1.0984430132490215,-1.6745374576009886,-0.010847025597938383,1.2250943484932486,-1.777943330581742,0.11498937710668104,-0.15944194191634053,0.7372458751755531,-0.008447610321595812,-0.5999244294985376,-0.010827557672981665,0.029162803965837064,-0.025236285620867605,0.001868273477696085,0.01483429400518809,0.04139679181902289,0.28243830438816186,0.220700823959314,-0.1604236871486049,-0.29134537811250893,0.15392528931766522,0.20590215370615844,-0.26544892583721275,-0.26872133038136853,-0.19409100547293512,-0.25269917785857066,-0.2836512508555369,0.14475485906266178,-0.2534457737198925,0.2698504637026147,0.032635927468313286,0.40988520135957096,0.010851541110737757,0.008116094085077446,0.0,0.0,0.006293101152095548,0.99998019824289
0.002893824849871995,0.013724060761459439,0.00045942989262692796,0.0,0.0,0.055787210216856675,0.05783960527994414,0.6969375727754651,-1.5933437943458557,-0.22665809140060889,0.9295161547082843,-1.6116920872168108,0.19469160812370703,1.1042019074613398,-1.6754454067259124,-0.010125629829637928,1.2200056206096301,-1.7818110675522776,0.13099914439248322,-0.16208585283973004,0.690813876462705,-0.008077141715947424,-0.5969372165925575,-0.012523876051559602,0.029130138993037468,-0.025172808235793404,0.002893824849871995,0.013724060761459439,0.055787210216856675,0.28244319422678515,0.22180406600815653,-0.1590608073414169,-0.2918759468653259,0.15545716065332066,0.20562875765038097,-0.2650323599636063,-0.2701493928232089,-0.1936074221251748,-0.25238898573866986,-0.2816528675343257,0.1445722519931998,-0.25354159239820206,0.27170812005431666,0.037749083371412126,0.4262602105556853,0.010893947458967115,0.00840384779836644,0.0,0.0,0.006850961228142667,0.9999765318897491
0.004259942974339523,0.01224330815753292,0.0009620054201645023,0.0,0.0,0.07497444746443324,0.053361090746792864,0.6939157241522663,-1.5929158528645833,-0.22704646638547532,0.9262902941366639,-1.6164385622197932,0.1933745668090955,1.1090034065824566,-1.6760978867309262,-0.009356062370117262,1.2140514092011885,-1.7854481044441763,0.14772656138497176,-0.16769336931633227,0.6442645830337446,-0.007789572635007024,-0.5928156020665409,-0.014637133774507533,0.029083301548403922,-0.025124046424723635,0.004259942974339523,0.01224330815753292,0.07497444746443324,0.28245668158386694,0.22264674083021152,-0.15775163919881519,-0.2923607781705705,0.15719298715441207,0.20561606619590117,-0.26447012124150177,-0.2713561558651232,-0.1931893310137768,-0.25214560065218244,-0.2794795265874412,0.1443781283607239,-0.25372630130177365,0.27202041342277766,0.04294172810342812,0.44354424386434355,0.01095976157471387,0.008666590985023615,0.0,0.0,0.007600686182180615,0.9999711143675901
0.0053907991869342,0.011021088353173319,0.0013760770812179526,0.0,0.0,0.10065141869095681,0.04935434291308574,0.6921551525592804,-1.5930455995328499,-0.22871236992303773,0.9225688751297767,-1.6208883596189094,0.19258321738905376,1.112171014752051,-1.6764714952671167,-0.008503326562919996,1.2071627318257032,-1.7888967250332688,0.16459571863665737,-0.1753381267942564,0.599030587709311,-0.00756357939481133,-0.5875876786732914,-0.01727273746515918,0.029013604621845063,-0.02508386152072085,0.0053907991869342,0.011021088353173319,0.10065141869095681,0.28248167444359173,0.22318849572688204,-0.1565757096136802,-0.29273082320291033,0.15901847878032593,0.20595027044456185,-0.26374865549047477,-0.27216122004079774,-0.19293420057361443,-0.25197673613939026,-0.2771052231729917,0.14416334807508724,-0.25399980328441285,0.2708685853881054,0.04798068762567645,0.4609250517949245,0.011056881101632662,0.008896113744927478,0.0,0.0,0.008607167445273742,0.9999629576482166
0.006656530474656142,0.009654628679587322,0.001840722380262727,0.0,0.0,0.11193801391360216,0.04557712850245559,0.6909355214147856,-1.5934271017710369,-0.23094630873564523,0.9186513929656057,-1.6251679911757961,0.19204706314838293,1.1145975120139844,-1.6767320741306653,-0.007580535429896716,1.1998784361463604,-1.7922681317184912,0.18144708375136076,-0.18381363334077788,0.5544741442709253,-0.00736540090292692,-0.5819764624942432,-0.02013848315585747,0.028933930803428997,-0.025046892633492294,0.006656530474656142,0.009654628679587322,0.11193801391360216,0.28251172466711566,0.2236026497828998,-0.155464670673079,-0.29304476849289723,0.16086685144646018,0.2064357622198032,-0.2629524510996388,-0.27278186800179577,-0.19275688768259944,-0.2518382152212149,-0.27464664662783644,0.1439304991955554,-0.25429843195026847,0.2685433954363086,0.05279141257578838,0.47831714421438987,0.011167773045599462,0.009111081024236753,0.0,0.0,0.009726500727493582,0.9999526964729872
0.007908985804439826,0.008090478686969287,0.002298293390659567,0.0,0.0,0.14212979649376659,0.04255225283629967,0.6910788492120877,-1.594523357020484,-0.23474021451641813,0.914345290022667,-1.628744272270588,0.19234411636687287,1.1148984968060194,-1.6767499139814666,-0.006261264133935024,1.1916303351672008,-1.7954679847967745,0.19775092518991894,-0.19410729889917855,0.5123505667604582,-0.0072462984050313635,-0.5759828099698732,-0.023623225307374287,0.02882801340610692,-0.025015068381573215,0.007908985804439826,0.008090478686969287,0.14212979649376659,0.28255530333880224,0.22370631847024483,-0.15457019263317606,-0.2931955481307495,0.1627080880823674,0.20734959809779505,-0.26199827253762564,-0.27286143784015454,-0.19282673964785466,-0.2517693362678388,-0.27197511071265745,0.1435966829173195,-0.2547073639082116,0.2648389233728796,0.057115990637735745,0.495349382724804,0.011315579836567244,0.009287405157029027,0.0,0.0,0.011147721635826368,0.9999378622206132
0.008671533575761788,0.006784685010781909,0.002571443716684052,0.0,0.0,0.15619633677895164,0.039930402404732175,0.6919589674834049,-1.5959148732098667,-0.23911298796384023,0.9097783174177613,-1.6317926777733698,0.19305891325377456,1.1141046899737734,-1.6767602713421137,-0.004792930050329727,1.1832972969671693,-1.7984865361993962,0.21349031997449472,-0.20419123558082966,0.4719650245676137,-0.0071594352843333976,-0.5698597792423132,-0.027380070639680135,0.02870440874436889,-0.024989752663355885,0.008671533575761788,0.006784685010781909,0.15619633677895164,0.28260365640274204,0.2236301160309174,-0.15379294395008872,-0.29327355574364666,0.16453495452764147,0.20842581778751823,-0.2610138860346567,-0.2726411608517532,-0.19301852921235765,-0.25172536042277527,-0.2693157852975417,0.14322392762689803,-0.2551302268814135,0.2603736879256751,0.06101982152738763,0.5116459384698683,0.011476839064723916,0.009441672673806398,0.0,0.0,0.01270957434795942,0.9999192300980583
0.009477509621695614,0.004898343190990106,0.002856439713275205,0.0,0.0,0.17432075736757827,0.03782783448696135,0.6937884119423953,-1.5976868217641658,-0.24423161013559866,0.9048752242868596,-1.6341609358787537,0.19431195679036053,1.1119002862410112,-1.6767609878019853,-0.003132534298029803,1.1748548204248601,-1.8012714873660696,0.22850244695490066,-0.21400494467128411,0.43381887403401437,-0.007114111361178485,-0.5635700496760281,-0.03148751045492565,0.028558014722710304,-0.024972822940485043,0.009477509621695614,0.004898343190990106,0.17432075736757827,0.2826581610874696,0.22332263213187187,-0.15316702769393603,-0.2932593179824031,0.16634638120932826,0.20971278018131126,-0.25999326735850103,-0.2720342751683249,-0.19336742140671326,-0.25171222585265657,-0.26667097599249245,0.14280108336771938,-0.2555797035435999,0.2553169018726228,0.06446463155571897,0.5269778403004335,0.011655431240797045,0.00956752108917995,0.0,0.0,0.014452621812162314,0.9998955554070408
0.010023134507267462,0.0032338755180043345,0.003044691049691739,0.0,0.0,0.1981358737857677,0.03667525307397649,0.697134605561844,-1.6001923024052322,-0.25014857089880743,0.8995755928935426,-1.635403942580175,0.19625298784236717,1.1078839037153456,-1.6769150242660984,-0.001188990895194224,1.1668915242859812,-1.8035693373342958,0.2421753087429086,-0.2229781632471567,0.39903748276257733,-0.007098508594237795,-0.5575018254193392,-0.0360042230799945,0.028388999007416493,-0.02496373438925454,0.010023134507267462,0.0032338755180043345,0.1981358737857677,0.28271791399127305,0.2226632760375026,-0.15281732593080344,-0.2930652161065146,0.16809092860389377,0.2112392572343503,-0.2589876679786599,-0.2708999900217201,-0.19391348084036153,-0.2517171790285094,-0.2642344149326544,0.1423045146032594,-0.25605490911724593,0.2500740071246982,0.06735010839098353,0.5408268928377531,0.011850118157312727,0.009648481393327015,0.0,0.0,0.016433745238860747,0.9998649568903913
0.010628900513125232,0.0014009877712697482,0.003252908436938984,0.0,0.0,0.20849032181150412,0.03593874414159794,0.7010920378896925,-1.6030244116831307,-0.256377181621513,0.8941922946409745,-1.6361434098446008,0.19848825308409607,1.1031278630699775,-1.6771169292806376,0.0008809269227162894,1.1592209254852448,-1.8056626048955051,0.2552639089449488,-0.23150678234870992,0.36575711194914984,-0.007096139309607973,-0.5515577166971534,-0.04068591298930575,0.028209163666223034,-0.02495584334011632,0.010628900513125232,0.0014009877712697482,0.20849032181150412,0.2827799487294573,0.22186779082928018,-0.15258867040590918,-0.29278794493636934,0.16977878179642691,0.21285596040932497,-0.25798240158715646,-0.2695518745554141,-0.19454329669248752,-0.2517227837724368,-0.2619086797956567,0.14177405843524912,-0.25652361849731864,0.24452359461643414,0.06986452471569618,0.5539392095807949,0.012051889066104637,0.009709981872201567,0.0,0.0,0.018518331187845186,0.9998285210024853
0.011287285410783299,-0.0005935541711164735,0.0034796657285299233,0.0,0.0,0.23592974016648408,0.036321530739466354,0.7064038713773092,-1.6067644755045574,-0.2632365326086681,0.8890756964683532,-1.6354697942733765,0.20147632062435153,1.0966767867406209,-1.6773422559102376,0.0033037165800730655,1.1527902682622273,-1.807253360748291,0.2667933603127799,-0.23842147986094164,0.33666404088338187,-0.0071305517728130026,-0.5460955699284871,-0.04573342204093939,0.02799523994326591,-0.024938952798644703,0.011287285410783299,-0.0005935541711164735,0.23592974016648408,0.2828480303287506,0.22079490083945236,-0.15268361305716535,-0.29227604152659536,0.17116555524758834,0.21467718163424537,-0.25704140285610333,-0.2677296031178595,-0.19538676628596288,-0.25172956938506585,-0.25998728091287415,0.14115151107200957,-0.25698542546491765,0.2394235928620761,0.07193298921042011,0.5651162417322994,0.012272907420992853,0.009720226128896078,0.0,0.0,0.020877172480337606,0.999782048083094
0.011781287199743076,-0.002098359937790113,0.003649377160602762,0.0,0.0,0.24964898108964395,0.037151599585106894,0.7119457727730877,-1.6108806253683687,-0.27014887739311577,0.8843898294549999,-1.634154605142998,0.20462987112878553,1.0897708715814531,-1.6775126661917177,0.005762767460611166,1.147048634110075,-1.808540975806689,0.2775618564901931,-0.24422451221581667,0.3095461075956168,-0.007151957601308823,-0.5410979944046097,-0.05089058330037986,0.027767865344731493,-0.024915116942591138,0.011781287199743076,-0.002098359937790113,0.24964898108964395,0.2829191353585985,0.21970798757232082,-0.1529064012107715,-0.2916555125982611,0.1723271385824442,0.2165273278051325,-0.256152347079196,-0.26578843092754095,-0.196278802491348,-0.2517355164707509,-0.2582943758955836,0.14051806485534646,-0.2574291792036506,0.23453299944906345,0.07374333314717449,0.5752804229485853,0.012503978034312078,0.009705108021282487,0.0,0.0,0.023373053118307296,0.9997268128783626
0.011992932685351525,-0.003830711828328372,0.0038572370704981216,0.0,0.0,0.26673419303251156,0.03853866141853911,0.7177741738280865,-1.6154651087943954,-0.27712721445343713,0.8802403446399805,-1.63204047535405,0.20798949475842293,1.0822985533512,-1.6776146900774254,0.008266973826620318,1.1421650286876794,-1.8094510947815095,0.2873827480908596,-0.2486432068275683,0.28488777984272345,-0.007157166488468647,-0.5366789415629223,-0.056184292592183514,0.027523740599251757,-0.024882632204227977,0.011992932685351525,-0.003830711828328372,0.26673419303251156,0.2829940054151747,0.21860347045507056,-0.15328741472477447,-0.2909000259168739,0.17320845468459783,0.21841731801441672,-0.25533447028498113,-0.26369909358057786,-0.19723130758597252,-0.2517408215276093,-0.25688563676321974,0.1398714997197608,-0.25785919073106317,0.23009781735264767,0.07533195371964307,0.584227348472219,0.012747566554356705,0.00965840659207768,0.0,0.0,0.026039583218738033,0.9996609125627522
0.01182992768235304,-0.005093789621249977,0.004017097179334627,0.0,0.0,0.27293959237511234,0.04042251092014892,0.7233325522957427,-1.620395176338427,-0.28360391701712756,0.8773948631503365,-1.628939146345312,0.21140149213147888,1.0748314423994585,-1.677373145565842,0.010637183758345528,1.1383330695556872,-1.809835110649918,0.29622234765327343,-0.25097579847682605,0.2626656185496936,-0.007132148313702959,-0.5337519979838169,-0.06151636706834492,0.0272586712557258,-0.02482381711403529,0.01182992768235304,-0.005093789621249977,0.27293959237511234,0.2830734248414184,0.21762936769626653,-0.15380786488850168,-0.29002156249515615,0.1735550149923357,0.22020831900299265,-0.25469906874904924,-0.2616681345165023,-0.1982039258913319,-0.25175886496856753,-0.2558355346854206,0.13925802476823995,-0.25827087541259863,0.226405574403806,0.07679424650575589,0.5919203093110049,0.01299102209282644,0.00957706215029413,0.0,0.0,0.028767956646172467,0.9995861166855029
0.01115310494067386,-0.006174551111039878,0.004170692027218038,0.0,0.0,0.27291895764481205,0.042476550798223496,0.7287075712223247,-1.6254266211480806,-0.28977994756265124,0.8751040648932409,-1.6254839848990392,0.21481899570937113,1.0674602419438988,-1.6769600095170918,0.012921154047503634,1.134910949552902,-1.809972751020181,0.3046536569041436,-0.25234081046749846,0.24146954941027074,-0.007091506271425521,-0.5314680819559578,-0.06684025038372392,0.02698581330854483,-0.024751997280000434,0.01115310494067386,-0.006174551111039878,0.27291895764481205,0.2831546893023481,0.21672699715988641,-0.15437348797532116,-0.2890978422636973,0.17368442282610028,0.22193302016850297,-0.2541412050190817,-0.2596898213350021,-0.19917968284576118,-0.25177178570625897,-0.2549317029308261,0.13866539306109574,-0.2586760917232304,0.22299136588515983,0.07817141617509211,0.5990401585824786,0.013231698611770015,0.00948220681436736,0.0,0.0,0.03149590951767965,0.9995038807746843
0.010275490078332979,-0.007269177486836505,0.0043334307694681265,0.0,0.0,0.2597515518599369,0.044765366937475994,0.7332735699836654,-1.6304937835895654,-0.29475275223905395,0.8742391903593083,-1.6214450140192052,0.21816797990991615,1.0607974517225014,-1.6759803222887444,0.014839287282842594,1.1323575582167114,-1.809365694571023,0.3120803366405796,-0.25082306187562264,0.22286108045866979,-0.006997064546202168,-0.5308782563667105,-0.07202225686474284,0.026698456926628793,-0.024637850669372564,0.010275490078332979,-0.007269177486836505,0.2597515518599369,0.2832402525225071,0.21607030735172497,-0.15500213586028758,-0.2881188382440852,0.17330299323521856,0.2233680572185195,-0.2538368809908028,-0.25800405526340253,-0.20014200000217952,-0.25180031163502337,-0.2543756192075674,0.1381655412751606,-0.2590887384126335,0.22076399950360845,0.07959408926716109,0.6047128642734055,0.013451811316601859,0.009358658347128316,0.0,0.0,0.034092030105894185,0.9994186977854971
0.009609634813452748,-0.008102731224855672,0.004455228947629342,0.0,0.0,0.25297938726133246,0.04705291715535253,0.7374769665978173,-1.6354155540466309,-0.29886589267037134,0.87383971972899,-1.6173665090040727,0.22134448181499136,1.0547016642310403,-1.6747896671295166,0.0165235684676604,1.1303448677062988,-1.8082493435252796,0.31942907788536773,-0.24767322973771524,0.20535472306338207,-0.0068723331628875286,-0.5313147414814342,-0.07704354619438003,0.0264107251370495,-0.02450426769527522,0.009609634813452748,-0.008102731224855672,0.25297938726133246,0.28332802653312683,0.21550288263077264,-0.15562710152835485,-0.2871513022503439,0.17277676091999483,0.22458473742353927,-0.25367238053280355,-0.2565093079287727,-0.20105834343674053,-0.251832150433933,-0.2540433499508466,0.13772457703018096,-0.25951242105817657,0.21911982295994925,0.08115385870418604,0.6096909925556127,0.013661576942964035,0.009220124307003887,0.0,0.0,0.036620244311493175,0.99932925390312
0.008732728284890056,-0.009199804790707275,0.004617613975448076,0.0,0.0,0.24482856301041114,0.04933894357898022,0.7412438976644267,-1.6401623156335619,-0.301944252065938,0.8740004575011706,-1.613240416603859,0.2243133661421863,1.0492883800256132,-1.6733450690905254,0.017926361073147188,1.1289830207824707,-1.80651995268735,0.3266840042790982,-0.2425588525906957,0.18917498143032319,-0.00671114200594449,-0.5329866005916788,-0.08187137969365031,0.02612254146787554,-0.02434728909848314,0.008732728284890056,-0.009199804790707275,0.24482856301041114,0.2834184616804123,0.21504154448321033,-0.15624859493861604,-0.28619924131765273,0.1720755578553791,0.2255384679638528,-0.2536805910153079,-0.2552459895302509,-0.20191991356544217,-0.2518744345112829,-0.2539809458240004,0.13735487373196634,-0.25995090390211045,0.2182282576400825,0.08291660040451683,0.6138471574194067,0.013858887752649762,0.0090635520772952,0.0,0.0,0.039066778010652906,0.9992366020397103
0.007954353211449161,-0.010025891726731871,0.004718757488510195,0.0,0.0,0.2330402753724515,0.05157900834926452,0.7444846431414286,-1.644653497320233,-0.3034830198745535,0.8748055780776823,-1.6094476080904103,0.2268172786994414,1.0450034731566304,-1.6717435916264851,0.018578430167352313,1.1287975997635813,-1.803759809696313,0.33399976955519783,-0.2345082494947645,0.17465062334079928,-0.006519078653343397,-0.5362392236488034,-0.08630649820722716,0.025833829879911258,-0.024155017759914348,0.007954353211449161,-0.010025891726731871,0.2330402753724515,0.28351273109214475,0.21470074566441735,-0.15685467983726797,-0.28527966863129284,0.17123413266027376,0.2260839464188177,-0.25390082195011227,-0.25432307547250743,-0.20265356935718415,-0.2519328288563031,-0.25439500162632517,0.13717838340247177,-0.26038495034425974,0.21849016824109038,0.08507618386467623,0.6168661269052276,0.014038550422874966,0.008880527313761035,0.0,0.0,0.04139529565804491,0.999142847393396
0.006907922241505663,-0.010201904399003932,0.004583943371820609,0.0,0.0,0.22625538752150082,0.053834331758094565,0.7474772361191836,-1.6490247412161394,-0.30438002853682544,0.8758379835070986,-1.6058080377000752,0.22910907661372965,1.041258322470116,-1.6700835390524431,0.018878841264681378,1.1291204618685173,-1.8005925669814602,0.3412754160888268,-0.22527883811430494,0.16074641545613602,-0.0063191513164025355,-0.5402113154078975,-0.09056675027717245,0.02554698178375309,-0.023949765007604252,0.006907922241505663,-0.010201904399003932,0.22625538752150082,0.2836072119799527,0.21441710982229556,-0.15746222471675397,-0.28436993146988665,0.1703469699826411,0.22645834490198796,-0.25420667998112456,-0.2535595165038592,-0.2033285885814411,-0.25199474576732855,-0.25500995832803736,0.1370926833694089,-0.2608079942501831,0.21919765598802954,0.08739054886346205,0.6194347552870149,0.014209144974522518,0.008690210059285164,0.0,0.0,0.04365580422480792,0.9990466309224436
0.005588665403275332,-0.009818293820209885,0.004238951386828504,0.0,0.0,0.2009497705923192,0.05628020037906341,0.749719576402144,-1.653035698514996,-0.3036664703277626,0.877258006972496,-1.6026163522643273,0.230787607756528,1.039174785517683,-1.6683066469250303,0.01812540310801881,1.1307981243037215,-1.796503443910618,0.34816072083482846,-0.21329067331371873,0.14808943536546484,-0.006121627807692444,-0.5462568396269674,-0.09433875029737303,0.025274027364723606,-0.02371958660131151,0.005588665403275332,-0.009818293820209885,0.2009497705923192,0.2836960888270176,0.21430341368882216,-0.1581226303805816,-0.28348012056254246,0.1694138079642632,0.2264007047895503,-0.25473009137855446,-0.2532817655509877,-0.2038302303908855,-0.25206685363531967,-0.2561334465776005,0.13728138163269465,-0.26116877731519145,0.22096944099030746,0.08998292319559792,0.6210896852752373,0.014349409905873767,0.00849810925622781,0.0,0.0,0.04566329799483043,0.9989568875663429
0.004433063824872414,-0.008998122221265573,0.003795641841310149,0.0,0.0,0.18108163786873982,0.0589300928016504,0.7515001131428612,-1.6567443940374587,-0.30223032169871855,0.8790338536103567,-1.5998325281673007,0.23207284344567194,1.0380260480774774,-1.666357331805759,0.01665400216976799,1.1330326596895854,-1.7921337816450331,0.35468592246373504,-0.20014644331402232,0.13587849669986288,-0.005959217747052509,-0.5529893239339193,-0.09785530302259661,0.02500882775833209,-0.02348006289038393,0.004433063824872414,-0.008998122221265573,0.18108163786873982,0.28377677003542584,0.2142830207505395,-0.15883932276655177,-0.2826052431177594,0.16843804226344208,0.2261372947842458,-0.2553172873404378,-0.253296464128253,-0.20422532588739278,-0.252165966333544,-0.2574530157898841,0.1376585083857394,-0.26145873095102146,0.22320165502085187,0.09266876741783112,0.6223310313657537,0.014467588781068724,0.00831951056089666,0.0,0.0,0.04747215062212212,0.9988725618993198
0.0029007531131063466,-0.007894949989294166,0.0032036781612065916,0.0,0.0,0.1579626603547217,0.06181739473884759,0.7527432784889684,-1.6601013667655713,-0.2999533405809691,0.8812237490307201,-1.5975233063553318,0.23290042624329077,1.0379650773424092,-1.6642073790232341,0.014347153631123606,1.1359151926907627,-1.78743767377102,0.3607920950109309,-0.18565697380990678,0.12418658805615962,-0.005837666971439664,-0.5605211799794978,-0.10107460798639244,0.024752651933919297,-0.023229664643153996,0.0029007531131063466,-0.007894949989294166,0.1579626603547217,0.28384791450067,0.21437063161139427,-0.15962190841315432,-0.2817479856549536,0.1674135875868324,0.22563363872075803,-0.2559783733188038,-0.2536525640459943,-0.2044960383671043,-0.2522970567381672,-0.25900159435821785,0.13825545342371828,-0.2616629618713193,0.22597563914681906,0.0954660513601326,0.6230861010285437,0.014560067518190905,0.008156623409101456,0.0,0.0,0.04904993706767997,0.9987963274229921
0.0015990816639922334,-0.006957469889915284,0.0027012719650471024,0.0,0.0,0.12364466831568424,0.06499907927531187,0.7531915857936397,-1.6627028325591424,-0.2965295435202242,0.8843165464473494,-1.5959173139899667,0.23297287388281387,1.039568749943165,-1.6615828679065512,0.010598963559275889,1.1389313364269757,-1.7828909056355255,0.3656993743145105,-0.1706791044485688,0.11285095564042669,-0.005826087847276769,-0.568558080027802,-0.1038695194128186,0.024511563441142286,-0.022978544291673283,0.0015990816639922334,-0.006957469889915284,0.12364466831568424,0.2839049171618741,0.214586396358161,-0.16049020840740327,-0.28096324660901284,0.16623269173663022,0.22479689849153722,-0.2567234818465129,-0.2545615993005614,-0.20456627901565944,-0.25250460166134503,-0.26056511054285053,0.13923157461301205,-0.2616940699244198,0.22904580098933974,0.09805262501835009,0.6235935923980737,0.014614003047234182,0.008016600955578714,0.0,0.0,0.050284857980075315,0.9987349163105912
0.00021929596342265843,-0.005964353343080902,0.002169093549853063,0.0,0.0,0.10919508464796938,0.06825621727139061,0.7533615020790485,-1.6649360307539351,-0.29264790331474455,0.8877470168200406,-1.5946222146352131,0.23275870144969285,1.0418287142358644,-1.658745249112447,0.006238403193878353,1.1418946234866827,-1.7784640451874396,0.3700077846796826,-0.1557171826410774,0.10163660844167063,-0.005866745345746028,-0.576760485918835,-0.10649504617910194,0.02427777350701467,-0.0227289552979096,0.00021929596342265843,-0.005964353343080902,0.10919508464796938,0.28395596537927187,0.21483279518030837,-0.16137954785331507,-0.2802219926994808,0.16500055673772776,0.22382281453604863,-0.2574925054769654,-0.2556949422947171,-0.20455989637540262,-0.252739670421532,-0.2620996092905144,0.140369608138837,-0.26164211978739566,0.23216054934162655,0.10050939407696433,0.6240239431702839,0.014651660337065808,0.007886156637334461,0.0,0.0,0.051375397438598126,0.9986794122930672
-0.000917619051797375,-0.004250945783507067,0.001646488001852409,0.0,0.0,0.0719875086342451,0.07152032784440301,0.7530319663611326,-1.6660271991382947,-0.287683982740749,0.8918828530745073,-1.5941848158836365,0.23192750052972272,1.0456063205545598,-1.6553075313568115,0.0002797855572266835,1.1443003524433484,-1.7745662169022993,0.3724107552658428,-0.1416522156108509,0.09062361717224118,-0.006064827469262211,-0.5852069746364247,-0.10872035710649057,0.0240664312785322,-0.022490398788994007,-0.000917619051797375,-0.004250945783507067,0.0719875086342451,0.2839916809038682,0.21507142650406225,-0.16228006199104014,-0.27965641795973667,0.16369789211183763,0.2225253054123388,-0.25831156067140054,-0.2573647503428625,-0.20439053001928856,-0.25304356872194933,-0.2634018048843104,0.14192686878658956,-0.2613964426728298,0.2351293356245164,0.10234474289581369,0.6246101298151129,0.014647209889848124,0.007780186345123431,0.0,0.0,0.05209430855486648,0.9986421696564743
-0.0012282214190568511,-0.0021337604070989693,0.0013505005174219156,0.0,0.0,0.0575777676866365,0.07456220942314226,0.7526715807240418,-1.6664130001357107,-0.28234528622241933,0.8960059953458381,-1.5943397018644545,0.2308405234356119,1.0498063853292754,-1.6516546396294025,-0.006434646670264467,1.1461647748947144,-1.770865625805325,0.3734886459629945,-0.1285618025847155,0.07985243532392708,-0.006348178326857815,-0.5934696956114336,-0.11076799652191124,0.02386875341486449,-0.022260771161227513,-0.0012282214190568511,-0.0021337604070989693,0.0575777676866365,0.28402182489934596,0.21522574852734855,-0.16312481239294752,-0.2792307227968124,0.16249640519384106,0.22110308858289057,-0.25910743283272486,-0.25919564716432253,-0.20415302653663742,-0.25337520205456165,-0.26453183188261475,0.14368192585455883,-0.26107502823322726,0.2379096932683666,0.1037059393948776,0.6253198669429226,0.014632846746179793,0.007713222683341515,0.0,0.0,0.052669295788180505,0.9986120093816102
-0.0009661944749565646,0.0017347698755178134,0.00107314701032063,0.0,0.0,0.041366818980344465,0.07735408338332418,0.7522764889278797,-1.666005262822816,-0.27658496676671385,0.9001148568861412,-1.5951609081692166,0.22946579814559281,1.0544817158670137,-1.6477596771837484,-0.013999370312449938,1.1474202275276184,-1.767386926545037,0.3730758217850117,-0.11656776281318275,0.06935328907436791,-0.006727456510292763,-0.601525677876039,-0.11261575548636793,0.023686447961613386,-0.022041188524753758,-0.0009661944749565646,0.0017347698755178134,0.041366818980344465,0.2840457009245651,0.21528551617790342,-0.16390854205587657,-0.27896348728636283,0.16140974579697284,0.21954206851850674,-0.2598778340409338,-0.2612080712128382,-0.20383822285963704,-0.25373582475967477,-0.26546669159650654,0.1456587959317559,-0.26066876697947416,0.24048267639749465,0.1045183087389959,0.6261854407742967,0.014607331819004482,0.007690141480792351,0.0,0.0,0.05308238530399613,0.9985901363274315
-0.0003617236419292211,0.0056267428211457604,0.0009022841248845781,0.0,0.0,0.026640653847318094,0.07962854929042587,0.7521091807972301,-1.66433098821929,-0.2701607165914593,0.9035850456266692,-1.5969076409484402,0.22755662509889313,1.0592239770022307,-1.6438995094010325,-0.022396326516613885,1.1480791424259995,-1.764122486114502,0.370220681031545,-0.10753826300303135,0.059346816756508484,-0.007224215448580009,-0.6090468800429143,-0.11421612627578505,0.0235242328860543,-0.021841829021771748,-0.0003617236419292211,0.0056267428211457604,0.026640653847318094,0.2840647507797588,0.21511290517356127,-0.16456472548550807,-0.2789713567360567,0.16066700844550122,0.21777620829247155,-0.26064909764629024,-0.2632377940702438,-0.20338147455744598,-0.2541565065503264,-0.26620996144860787,0.14785193284423898,-0.26017669412828126,0.24228832818474788,0.10425582141264847,0.6276512737625779,0.01458706029436805,0.007778125180100854,0.0,0.0,0.05334841436187524,0.998575959396717
0.00027123316895288365,0.00969028353759663,0.000724264166572508,0.0,0.0,0.020504808627841806,0.0817262913392048,0.7520695093906287,-1.6622071759869355,-0.2635308016430247,0.9067731794684825,-1.5990784120078039,0.22538870964387447,1.0639006381083016,-1.6400980244983325,-0.031051210381768078,1.1485524153468585,-1.7609246084184358,0.36641798326463404,-0.0997740897265347,0.04960697467881009,-0.007755574393979836,-0.6162838156175132,-0.11571901856046736,0.023370020336123426,-0.021650844168933953,0.00027123316895288365,0.00969028353759663,0.020504808627841806,0.2840817922895605,0.21484374048719343,-0.16517857557504514,-0.2790759097250771,0.1600796125284019,0.21594088900213285,-0.2613953489288957,-0.26524279897647346,-0.20285389220509428,-0.25459970998548415,-0.2668945632637738,0.15011085800860416,-0.25964230667408217,0.24376028413428566,0.10355558087394089,0.6293398351479338,0.014568965204737404,0.007912388480635307,0.0,0.0,0.05355316932984365,0.9985649994140237
0.000980756309127283,0.01423999113610899,0.000524814381744343,0.0,0.0,0.004858595457890646,0.08350746431435,0.7524682193091421,-1.6592067853368895,-0.2566212984648617,0.9091870760676837,-1.602462968440971,0.22243660838917045,1.0680874863056222,-1.636598619547757,-0.04005732590501969,1.1487693593959616,-1.7578181100614143,0.3604407734943158,-0.09534034945748064,0.040758695265259305,-0.008325654796954966,-0.6225838980289421,-0.1169926603183602,0.023234943022029567,-0.021481036462567066,0.000980756309127283,0.01423999113610899,0.004858595457890646,0.2840937213464217,0.21433112335750462,-0.16571790061868683,-0.2793710098391291,0.1599235573728086,0.2139947410453252,-0.2620415517329123,-0.26705867858899685,-0.20212217373987929,-0.255151099729747,-0.26749724196434715,0.15245934350933274,-0.259056713610919,0.24435514128220348,0.10183319153604381,0.6315864187497232,0.01455639133399183,0.008164673592105058,0.0,0.0,0.0536016855003406,0.9985623963035674
0.0015127778321490843,0.017645010739803683,0.0003752533835596484,0.0,0.0,-0.0038849531707088603,0.08537739391128223,0.7530109268246274,-1.6558336001453977,-0.2496455962007696,0.9114017920060591,-1.6064134601390723,0.21898975561965595,1.072073712493434,-1.6333143187291694,-0.04891321514592028,1.1489180796074145,-1.7549070860400344,0.3535223544547052,-0.0927320086594784,0.03262470707748874,-0.00887853607083812,-0.6284833713011309,-0.11816026428432176,0.023112387424617103,-0.021323603549689957,0.0015127778321490843,0.017645010739803683,-0.0038849531707088603,0.28410278486483026,0.21372525474653548,-0.16628886971121237,-0.2797174756486661,0.159920530486526,0.21201294594143186,-0.26261598448210804,-0.2687821082330822,-0.201257397541242,-0.2557561499555268,-0.26804881841984385,0.15476586715696505,-0.25844590102023196,0.24443665323269617,0.09963083513011643,0.6340760619839979,0.01454699481131904,0.008482914615535376,0.0,0.0,0.05356289177841376,0.9985644779503896
0.0011229928860941169,0.01977890920888329,0.0002509754414500854,0.0,0.0,-0.013395479774103599,0.08734386579857933,0.7537102633052402,-1.652054919136895,-0.24259788791338596,0.913399855295817,-1.6109795305464003,0.21500475207964576,1.0758417182498508,-1.630263990826077,-0.05760570036040419,1.1489925914340549,-1.7522086832258437,0.34558016392919744,-0.09210919009314643,0.025267667240566623,-0.009412709520094929,-0.6339470942815145,-0.11921252889765634,0.023003451940086152,-0.021179630938503478,0.0011229928860941169,0.01977890920888329,-0.013395479774103599,0.2841087314817641,0.21301712051414756,-0.16689452608061556,-0.2801189653192421,0.16008308952709213,0.20999381257608557,-0.26311244092813607,-0.2704040183249867,-0.20024800321123618,-0.2564212930646411,-0.26854439751308773,0.1570265190395219,-0.25781121694952375,0.2439443630667891,0.09691779941152784,0.6368318125668816,0.014541054351462258,0.008872897157238593,0.0,0.0,0.053429128795175265,0.9985716439976596
-2.7580235775907834e-05,0.019838926544916487,0.00019938957811493907,0.0,0.0,-0.026174507064141844,0.08980991025314189,0.7544587730157255,-1.6474320003480623,-0.235494450938822,0.9153174134817991,-1.6165259703241215,0.2101769853721965,1.0795255104700725,-1.6276298833615852,-0.06553875628595406,1.1488335596190558,-1.750127340205992,0.33704462421662873,-0.094195104006565,0.019640567326786505,-0.009871485172723885,-0.6386624731198706,-0.12011495970114314,0.0229121826099928,-0.021050833334976975,-2.7580235775907834e-05,0.019838926544916487,-0.026174507064141844,0.28411282388248826,0.2121774484630534,-0.1676546563712413,-0.2805953364700234,0.16042997880803012,0.2079304039880511,-0.2634740809626894,-0.27192842661438976,-0.19900887981119517,-0.2571634007138737,-0.268870118205041,0.15908525815145,-0.25718543419167883,0.24269473485349818,0.09378796936508546,0.6397252447447329,0.014507237229157578,0.009274347186690632,0.0,0.0,0.05316775575944886,0.9985855946024375
-0.002353254932306475,0.01739958009709875,0.00022380339979033437,0.0,0.0,-0.031054441676289304,0.09248090535402301,0.7552549568089572,-1.6424245184118098,-0.2284042591398412,0.917198511687192,-1.6224164420908147,0.20503220910375763,1.0831691243431785,-1.625183885747736,-0.07312618196010594,1.148523666641929,-1.7482748790220781,0.3284082412719726,-0.09705003825100988,0.014797524972395445,-0.010293210687285122,-0.6431134722449563,-0.12095328014005315,0.022827228361910038,-0.02092765796590935,-0.002353254932306475,0.01739958009709875,-0.031054441676289304,0.2841167070648887,0.21126690871345943,-0.16848100231873273,-0.281104306802873,0.16084263783255692,0.2058626492079683,-0.26377045546316824,-0.27340874445844837,-0.1976791595478129,-0.25792221116792385,-0.2691158999028294,0.16105115222037647,-0.25656648937173465,0.24122421067281813,0.090595555238548,0.6425449233330527,0.014455693435262549,0.009661850604144012,0.0,0.0,0.05285764801469354,0.9986020574014229
-0.005257558745308617,0.01403107462795879,0.0002704711273462945,0.0,0.0,-0.04217341439548065,0.0956661336951786,0.7562560661874637,-1.6363336064598777,-0.2214593091095336,0.9189774815482323,-1.6289896748282693,0.19918117687256642,1.0866944651411037,-1.623263701646015,-0.07974070517553232,1.147664487963975,-1.746921414678747,0.31996112565199525,-0.10077283538953227,0.012152355126660247,-0.01060299674105464,-0.6470333674941401,-0.12162255217330625,0.02275522638375711,-0.02081671751320663,-0.005257558745308617,0.01403107462795879,-0.04217341439548065,0.2841217760184799,0.21014250666847556,-0.16947247891266154,-0.28172222707285965,0.16139474392238537,0.2038166226673772,-0.26393670331434027,-0.274760260338592,-0.19615209439799047,-0.2587261787172008,-0.2691283073447922,0.16276366026386996,-0.25602795003761963,0.23970624715188577,0.0874989684294987,0.6448510221387206,0.01434015980310211,0.009956504241798565,0.0,0.0,0.052436498730241234,0.9986242604708306
-0.007434496652910317,0.011509319843730395,0.0003053985460840791,0.0,0.0,-0.048558279054861604,0.09902239094177887,0.7576544591874788,-1.6295598010824184,-0.21460162389157988,0.9205088519086742,-1.6357750109951907,0.1930551417548246,1.090191555745674,-1.621805368047772,-0.08577659485316044,1.1464351584212948,-1.7455640393074112,0.3122922434951319,-0.10397151985553783,0.010813294035015684,-0.010859802224193561,-0.6508038929014496,-0.12220754068006169,0.022687259835727287,-0.02070892530709806,-0.007434496652910317,0.011509319843730395,-0.048558279054861604,0.2841275259099825,0.208798988499333,-0.1705282524407017,-0.2824245584486063,0.16205068981770013,0.20179356037450336,-0.26404866060421367,-0.2760193351989793,-0.1945391760987795,-0.25950941816156836,-0.2690433082805955,0.16432863790253294,-0.255574460899789,0.2385026749938324,0.08478064602320567,0.646574266426603,0.014187769315233734,0.010197982521294948,0.0,0.0,0.05195157779311393,0.9986496049990737
-0.010340669319323155,0.00814421023992085,0.00035206627364142706,0.0,0.0,-0.05527340135443294,0.10255852341651918,0.7594706849618391,-1.6220677802056978,-0.20783571718317087,0.9217798158977971,-1.64278342145862,0.18663987946329694,1.0936589349399914,-1.620832773772153,-0.09120392167206967,1.1448165322795059,-1.7442025506135188,0.3054418482563712,-0.10661898237286192,0.01084789904681119,-0.011060886762358927,-0.6544173224405809,-0.1227038861675696,0.02262353744696487,-0.020604444187924717,-0.010340669319323155,0.00814421023992085,-0.05527340135443294,0.28413399196032324,0.20722137687533443,-0.1716524726729028,-0.2832114535025577,0.16281474575329688,0.19979487225204096,-0.26410403795147314,-0.2771803855660309,-0.19283689077601654,-0.2602714586939302,-0.26885558312260527,0.16573981187271009,-0.2552136314882596,0.23765226695773445,0.08244977833738923,0.6476932593278313,0.013996615582569078,0.010383534993073254,0.0,0.0,0.051399582252827446,0.9986781678520037
-0.012674420898515566,0.0054403695422105105,0.0004337517300029292,0.0,0.0,-0.06606228023539162,0.10612355977898899,0.7622789800769151,-1.6137306654092036,-0.20131461216945837,0.9221976321152966,-1.6498543156517878,0.17990185094602176,1.0968776182694868,-1.6208841692317615,-0.09584900706705424,1.142754088748585,-1.742462619386538,0.3008016453246877,-0.10706334764307196,0.013112093463088545,-0.01116866609928283,-0.6578306742388793,-0.12305130177375043,0.022559898030577282,-0.020505650364088288,-0.012674420898515566,0.0054403695422105105,-0.06606228023539162,0.2841416085609282,0.20521710833217555,-0.17280617640166718,-0.28412319750581627,0.16383111890684798,0.19786942402130772,-0.26411829563809697,-0.2780810030045992,-0.19103038783144044,-0.2609795119772707,-0.26861656790786853,0.16695861862887523,-0.2550169657907286,0.23787740914061356,0.08112916168905676,0.6474865675613796,0.013742883623850463,0.010479565342944681,0.0,0.0,0.050739821466963396,0.9987119056652427
-0.014049283799479948,0.003856425038977958,0.0007327683646266013,0.0,0.0,-0.06877964574879405,0.10968476831160415,0.7654651990442566,-1.6051495087267171,-0.1949239705096591,0.9221934414271152,-1.656853674036084,0.17309527738828845,1.0999523991286153,-1.621384520121295,-0.10019882700660016,1.140549194331121,-1.7405474366563738,0.2971395184897413,-0.1065607763300038,0.016172389189402312,-0.011239831269991517,-0.6611722623459017,-0.12333375576770667,0.022496049574604538,-0.020408808432444178,-0.014049283799479948,0.003856425038977958,-0.06877964574879405,0.28415134202952336,0.2030468547224847,-0.17396942039514438,-0.2850538658214633,0.16495147397942586,0.1959876815770465,-0.26411394256910975,-0.2788567000311108,-0.18919661234084575,-0.26164799906552433,-0.26836989039178377,0.16810603555291495,-0.254881310517966,0.23853807847574876,0.0802336528922455,0.6467625243389267,0.013470194175500758,0.01054864770478823,0.0,0.0,0.050052898954603776,0.9987465681073653
-0.014783364542690074,0.0030196720548488804,0.0012517163548803054,0.0,0.0,-0.07091366837402528,0.11319323200168036,0.7695216157219628,-1.5962370345086763,-0.1889438859441063,0.9209303584965792,-1.6634060577912764,0.16629196251883646,1.1025502826228286,-1.6230929186849883,-0.10387684540315112,1.1380951043331262,-1.7381366924806074,0.2961324624943011,-0.10355902440620188,0.02090811729431157,-0.011223521732696981,-0.6643617984020349,-0.12344227257100018,0.022431007332422516,-0.020315825374740543,-0.014783364542690074,0.0030196720548488804,-0.07091366837402528,0.28417091929551325,0.2005481527230718,-0.1751299197079393,-0.28602278236890116,0.1663555779852502,0.1942375201251301,-0.26412422882340353,-0.27927228940665655,-0.18734692282107812,-0.2622175699395,-0.2681436141653983,0.1690913694112531,-0.2548994586172899,0.2402810329731134,0.08045376665909984,0.6448040666574553,0.013168305412612175,0.01057686334983869,0.0,0.0,0.049344638540225895,0.9987818113318515
-0.014589054948912942,0.0032581430448206283,0.0018020470937102353,0.0,0.0,-0.06693720275951098,0.11667592228964126,0.7739914724923144,-1.587278026523012,-0.18334427265205763,0.9190702935059865,-1.6695084138350054,0.15969496363341198,1.1047988076402684,-1.6253215363531401,-0.10727442902597517,1.135573735742858,-1.7354867789480422,0.29679418377804034,-0.0990556526665735,0.026465290724629175,-0.011180781637026805,-0.6675315309654583,-0.1234276791413625,0.02236602614360927,-0.020228264411215228,-0.014589054948912942,0.0032581430448206283,-0.06693720275951098,0.28420141068371857,0.19789480025522793,-0.17628929233639476,-0.28697251067740553,0.16785143975912287,0.19260585132315053,-0.26413643333058445,-0.27949166138450077,-0.18554635146091322,-0.262720886991807,-0.26794054410238005,0.1700105063695299,-0.25498110282459446,0.24261473571040093,0.08135016841003678,0.6421559754006064,0.01286983341825279,0.010610559089767813,0.0,0.0,0.048676070879395836,0.9988146174960317
-0.014328130806559395,0.003582946325827143,0.002537735483863768,0.0,0.0,-0.06289335443085482,0.12013240233816287,0.778881776814509,-1.5782716960617988,-0.17813157929916565,0.9166031281153361,-1.6751531145789407,0.15330777761310027,1.1066920528508197,-1.6280791903987075,-0.11038682474331428,1.1329839482451929,-1.732593642340766,0.2991529667016232,-0.09302520992779963,0.032857832282480674,-0.011111163007415303,-0.670681124383753,-0.12328788886467615,0.02230110704296767,-0.02014621744176956,-0.014328130806559395,0.003582946325827143,-0.06289335443085482,0.28424300117926166,0.1950828992068989,-0.1774466793167686,-0.2878994051430461,0.16944074063421966,0.1910933735848069,-0.2641521844760508,-0.27951195615495983,-0.18379667342639067,-0.26315834898878065,-0.2677610037688913,0.17086254170854998,-0.25512806172904573,0.24552615755578203,0.08294210131224777,0.6387924176237887,0.012574836103753605,0.010649827807539642,0.0,0.0,0.04804787323481582,0.9988450339655351
-0.014100522413884677,0.0038654646605424266,0.0031810065712581377,0.0,0.0,-0.05622079741423928,0.12368357181549078,0.7839751541614534,-1.5694271326065061,-0.17380455881357187,0.9138563275337219,-1.6796082258224487,0.14763212949037544,1.1080607175827026,-1.6312431693077087,-0.11322753503918652,1.1303661465644836,-1.7296152710914612,0.3034925758838654,-0.08565390110015857,0.040306329727172976,-0.011020312085747717,-0.6737167239189148,-0.12292519956827164,0.022239699959754944,-0.020078289322555065,-0.014100522413884677,0.0038654646605424266,-0.05622079741423928,0.2843029201030731,0.19220844478340096,-0.17863234400179864,-0.28875268132016596,0.17091697434021752,0.18984786827337666,-0.26419918853464547,-0.27930905907647846,-0.18223491318218837,-0.2634898000817461,-0.26758776533427064,0.17164863499191882,-0.2553176736108321,0.24892298086939843,0.08531263986557414,0.6346697089895609,0.012285598088055844,0.010698203928768635,0.0,0.0,0.04748630699835408,0.9988718890066223
-0.013873064323064102,0.0041471276390518735,0.003823905129625438,0.0,0.0,-0.053524799914057786,0.12725308025726167,0.7890666470383153,-1.5606938672788215,-0.16986508592210633,0.9111009836196899,-1.6835964821805858,0.14230063647934882,1.1092416818695838,-1.6345147737348922,-0.11596036544351868,1.1277337387354687,-1.7266473878513682,0.3084627058770922,-0.07786057934616547,0.048058148586388835,-0.010931714400272779,-0.6766300074981921,-0.12247609708345297,0.022181384303052016,-0.02001521217100548,-0.013873064323064102,0.0041471276390518735,-0.053524799914057786,0.284370241442112,0.1893266280914967,-0.17982470815203583,-0.2895493010515368,0.17231747654594745,0.1887171884577563,-0.2642443281221341,-0.27903361608684724,-0.18076516672357404,-0.2637697800886396,-0.26740744512868797,0.1724091507351111,-0.25551765741646176,0.2524132835255884,0.08794510663070644,0.6302736423036712,0.011998690918765284,0.010750242969905488,0.0,0.0,0.046951656016179,0.9988971628738057
-0.013434018704889049,0.004297959521294867,0.004286936136208007,0.0,0.0,-0.04685216273230742,0.13081867714421921,0.7939457387635203,-1.5523497606768752,-0.16695830075427737,0.9085829854011536,-1.6864633963565634,0.13796117337364133,1.1100181094323747,-1.6379127996136444,-0.1184308758061944,1.1250570446553856,-1.7238166548989036,0.3145730876260334,-0.06931915969559632,0.05625545256065609,-0.010875502526007517,-0.6790518209789739,-0.12182214833570248,0.02213485919014372,-0.019962028459166035,-0.013434018704889049,0.004297959521294867,-0.04685216273230742,0.28445587630825814,0.1865461995957715,-0.18101178775708993,-0.2902540594258749,0.17347353241778035,0.18788672674041496,-0.2642901339429583,-0.27862182024029414,-0.1795609475891714,-0.2639297520063741,-0.26718960875097214,0.17310300078623392,-0.255735082151697,0.2561160604118024,0.09104536922166175,0.625412763753303,0.01171756214038892,0.010811306061129077,0.0,0.0,0.046483645938662624,0.9989190511048676
-0.012886183811742011,0.0041923077920369605,0.004297235246861208,0.0,0.0,-0.0453516222493178,0.1341908750208942,0.7986758188767867,-1.5444062334118467,-0.16460366682572794,0.9061758156978722,-1.6888797355420662,0.13427690981012397,1.1105620788805413,-1.641320976344022,-0.12071975456042727,1.1224639054500696,-1.7211151737155337,0.32053909970052324,-0.06078001585873677,0.06462784969445445,-0.01085395673572114,-0.6810372923359727,-0.12105306328246086,0.02209687853852908,-0.019922192575353565,-0.012886183811742011,0.0041923077920369605,-0.0453516222493178,0.2845417188875603,0.18385292888030555,-0.18213771564547077,-0.2908943506145009,0.1745262487118616,0.18721291441713167,-0.2643145942219011,-0.27814383313785523,-0.17853318533029056,-0.2640149437374587,-0.2669700209279434,0.17374953982652544,-0.25595180350520863,0.25979065025803844,0.0941476783069958,0.6203946565398346,0.011447686843122492,0.010871515439992601,0.0,0.0,0.04603061516372124,0.9989400294650572
-0.011855947232265025,0.0037645846716054306,0.0038579407364430778,0.0,0.0,-0.04387609537102086,0.13737289720412463,0.8032593709049803,-1.536856609161454,-0.1627919816158034,0.9038776273679251,-1.6908530093202687,0.13123692579642685,1.1108774645159942,-1.6447391347451645,-0.12283002889969137,1.1199529285382743,-1.7185407901051069,0.3263631482618025,-0.05224310990535833,0.07317242176845838,-0.010866499261347333,-0.6825936939379181,-0.12017076086215296,0.022067299940519862,-0.01989548205576762,-0.011855947232265025,0.0037645846716054306,-0.04387609537102086,0.2846277657181326,0.1812480112489043,-0.18320275329038738,-0.2914746586623244,0.1754783411745233,0.18669299234173029,-0.2643204564516571,-0.2776010639786428,-0.17767890516206478,-0.2640281942909501,-0.2667488119874357,0.17434932144300197,-0.25616821149468794,0.2634315390662403,0.09724852781189423,0.6152194867464625,0.011188877468947504,0.010930885335035398,0.0,0.0,0.04559231485298974,0.9989601297481026
-0.01079467770821442,0.0032358682018701146,0.003235700606095404,0.0,0.0,-0.04561433863472538,0.1401103455008883,0.807570517665208,-1.530255842690516,-0.1615829053852293,0.9016402779203473,-1.6923502888342348,0.12922886977292067,1.110935466458099,-1.6482450745322488,-0.12440342870023517,1.1178685763869622,-1.7162738821723245,0.3313267224966878,-0.04523996993748818,0.08116754738971453,-0.010940342567710565,-0.6832636420172874,-0.119171130612041,0.022053238681771538,-0.019888119527486838,-0.01079467770821442,0.0032358682018701146,-0.04561433863472538,0.284696036517018,0.17886246527889157,-0.18412139156068788,-0.29195910246447665,0.1763393866914106,0.18634353660636377,-0.26430713514660087,-0.27697145737061696,-0.17709949457180574,-0.2639143014550125,-0.26658727956704836,0.17480445810489292,-0.2563844925287638,0.2664890449358023,0.09991621795406963,0.610543807396896,0.010961703899683371,0.010978274564776156,0.0,0.0,0.04513664105345703,0.9989808224557724
-0.009748771534013316,0.002714323816463802,0.0026219797254811716,0.0,0.0,-0.04630965162029279,0.14267382206338827,0.8117462902358085,-1.5240682887308525,-0.16054696657440878,0.8994760296561501,-1.6937009294827778,0.12757503805738507,1.110936878305493,-1.6517711697202742,-0.12574903621818082,1.1160152464201956,-1.7141444412144748,0.33582203722361365,-0.03903106125918298,0.08880106066212516,-0.011032812974669718,-0.683548474853689,-0.11813190240751612,0.022045321339233356,-0.019887402540806568,-0.009748771534013316,0.002714323816463802,-0.04630965162029279,0.2847571937423764,0.17657220247738,-0.18498194778539573,-0.29238905798952514,0.17715637835010445,0.18604297171380269,-0.2642870870150102,-0.27632368324194156,-0.1766145483986043,-0.26375340167509786,-0.26646311192550265,0.17519792946287455,-0.25659601604281745,0.26920770673677435,0.10234755489238316,0.6061508636589128,0.010747177145359188,0.011020853551048222,0.0,0.0,0.04467401167485843,0.9990016179570855
-0.00854324206487128,0.0021149208967535717,0.0019147841617314645,0.0,0.0,-0.04801320495701639,0.14481961937865828,0.815531849259078,-1.5189677392593537,-0.15978468909408106,0.8975989764386957,-1.6947893036736383,0.12665927696107612,1.1109024165856718,-1.655313490617155,-0.12650764184166688,1.114861746027012,-1.712383884372133,0.3388950948161309,-0.035168626091696936,0.09523422549469313,-0.011157856492156334,-0.6828220920129255,-0.11701191442482398,0.022052316898197838,-0.01990054286263808,-0.00854324206487128,0.0021149208967535717,-0.04801320495701639,0.28480091570603727,0.17456882507975538,-0.18570012274681744,-0.2927157935870714,0.17785160592674346,0.18582011203967908,-0.26426084625296925,-0.2756643118404333,-0.17632486772301592,-0.2634947891626665,-0.2664626192597594,0.1754294441700945,-0.2567884086091694,0.27109727283151847,0.10403594154823613,0.6027424247248008,0.010563618447067156,0.011051607591034187,0.0,0.0,0.04419435383122635,0.9990229522335513
-0.007641535355747194,0.001664180689584322,0.0013854994316289673,0.0,0.0,-0.04907354289021169,0.14677821920074602,0.8189134579716307,-1.514553563763397,-0.15908029193830006,0.896156760177227,-1.6958106894685765,0.12600498729281953,1.1110964278982143,-1.6587569081422056,-0.12694514663231493,1.1141581770145532,-1.7109739882777435,0.3409261229363355,-0.03306371816481002,0.10075302075858078,-0.011280005534339435,-0.6815875852950896,-0.11589393719579232,0.02206918489037439,-0.01992210206773245,-0.007641535355747194,0.001664180689584322,-0.04907354289021169,0.28483378510884566,0.17279542077010746,-0.18635096577926222,-0.2929688161286737,0.17841302738216747,0.18561296250350146,-0.2642282085116719,-0.27508779386909155,-0.17610331281718472,-0.2631918741562769,-0.26652179239556056,0.17556937242380416,-0.2569481807919834,0.2723609464183047,0.10516402273672447,0.6001162048304793,0.010399312255998149,0.011074944394593588,0.0,0.0,0.043704092552808625,0.9990445196757428
-0.00615204419429203,0.0012028436294781435,0.0007235303972702445,0.0,0.0,-0.05008173875004957,0.1485588279637424,0.8219109827821905,-1.510792006145824,-0.15843092853372745,0.895127995447679,-1.6967683813788674,0.12559930980205536,1.1115076758644797,-1.66210628639568,-0.12707734243436294,1.1138824116099963,-1.7098975073207507,0.34196636893532495,-0.03262990171259099,0.10540241544896918,-0.011399402452463457,-0.6798699443990533,-0.11477787183089687,0.02209543978626078,-0.019951666112650524,-0.00615204419429203,0.0012028436294781435,-0.05008173875004957,0.28485633568330243,0.17124313096065005,-0.18693775678731,-0.2931559851404416,0.178847428004122,0.1854208594860928,-0.2641902184069648,-0.27458976235418187,-0.1759464055896806,-0.26284743949232137,-0.2666378923380258,0.17562199261806202,-0.2570771164287111,0.273050593094448,0.10575747048231934,0.598242790230373,0.010253311727534638,0.011091228743845766,0.0,0.0,0.043203748205579824,0.9990662821559883
-0.004624727878996964,0.0008944196163951184,0.00016930127384739976,0.0,0.0,-0.05125098231525207,0.1499909112098241,0.8239635087624945,-1.508050150943525,-0.1578863158521026,0.8953709551180252,-1.697688006993496,0.12533809876803195,1.1125288966930273,-1.6650220372460105,-0.12684515683036862,1.1138989540061566,-1.7095524343577297,0.3417826710325299,-0.03463172009496977,0.10808087599397909,-0.01146805254422655,-0.6779804274891362,-0.11373079022524334,0.022139451795756215,-0.01998820321427451,-0.004624727878996964,0.0008944196163951184,-0.05125098231525207,0.28486272632473647,0.1701498557881418,-0.18740515216991632,-0.2932703011561334,0.17891625135553646,0.1852544681175991,-0.2641245821937153,-0.2743404093599412,-0.17582733165384554,-0.2624811526094518,-0.2667036040303906,0.1755672920850362,-0.2571462378716334,0.2727887130942272,0.10559698264502262,0.5977723043891319,0.01014999563645835,0.011101635069482856,0.0,0.0,0.04269171124790929,0.9990882932908007
-0.002866295487224911,0.0007282257457935158,-0.0003258575393697005,0.0,0.0,-0.05158645905366457,0.1512476603190104,0.8256362080574036,-1.5056483348210652,-0.15739242070251042,0.8960960043801202,-1.6986098951763577,0.12510534955395594,1.1137481662962172,-1.6677506632275052,-0.12649735808372498,1.1139454974068537,-1.7094688812891643,0.3411760065290663,-0.037457969453599686,0.11000058386060926,-0.011506060862706767,-0.6761036316553751,-0.11271831393241882,0.02218881394300196,-0.020027152366108365,-0.002866295487224911,0.0007282257457935158,-0.05158645905366457,0.2848631077342563,0.16922919361573133,-0.18781566155776427,-0.2933689081997407,0.17884915839677007,0.1851004214946205,-0.2640445035851621,-0.2741800397275846,-0.17571640660691001,-0.26211502805913817,-0.2667310627012328,0.17547866075098512,-0.2571974935220935,0.2721914827283001,0.10517562658355568,0.5978145727619477,0.010065944968826242,0.011111094512873225,0.0,0.0,0.0421763112941009,0.9991101834961063
-0.0007666310304527194,0.0005651718964985552,-0.0008910217068419657,0.0,0.0,-0.05214684229427594,0.15200520916418594,0.8263767768036235,-1.5039445216005498,-0.1570398328882275,0.8979473366881862,-1.6995716709079165,0.12488457244454008,1.1153613473429824,-1.6699949737751123,-0.12592613358389249,1.1138946287559741,-1.7099636684764514,0.3396661927302678,-0.04200534025828043,0.11012360002055313,-0.011448842586215698,-0.6744179806926034,-0.11180420964956284,0.022247812174486393,-0.020071257188013107,-0.0007666310304527194,0.0005651718964985552,-0.05214684229427594,0.2848496920231617,0.16871396291886054,-0.1880692232463374,-0.2934664942256424,0.17847011154442036,0.1849802258363518,-0.2639222839472325,-0.2742164600813957,-0.17561143231120208,-0.261768347041988,-0.2666294710507048,0.17532486547941886,-0.2572169650546868,0.2708561973889113,0.10419613256014566,0.5990159733177054,0.010033296788054886,0.011120997891394478,0.0,0.0,0.041655301147879,0.9991320412669586
0.0008046563442279419,0.00044287596467957696,-0.0013137330310511453,0.0,0.0,-0.05250496198537601,0.15227675468030602,0.8267953901579885,-1.5025288071295229,-0.15676291858909105,0.9000834455393781,-1.7005344544998322,0.12466390265358819,1.1169136834867073,-1.6719629066159027,-0.12533541911780233,1.1137306184479685,-1.7106018331315782,0.3379266427622901,-0.04669216907385625,0.10942091725089333,-0.011329630982469427,-0.6728514438927775,-0.11098121407658162,0.02231235188817737,-0.020114883742850236,0.0008046563442279419,0.00044287596467957696,-0.05250496198537601,0.28482746686598265,0.16834663834543104,-0.18817563602978699,-0.2936022078682042,0.17801131507349485,0.18487930013301537,-0.26378450699912087,-0.2742859856374436,-0.17551101760825802,-0.26145650831678013,-0.26647179615848865,0.17516498807229916,-0.2572302139871593,0.26938679353652456,0.10310024777826901,0.6005399890615652,0.010033504388323336,0.011131070413146957,0.0,0.0,0.041130701507721294,0.9991537746480682
0.0029042365115996907,0.0002788337675966689,-0.0018789160131191252,0.0,0.0,-0.052834207905346715,0.15210149068422993,0.826918012265003,-1.5013779576378639,-0.15655557510226664,0.902481365083444,-1.7014981646730443,0.12444333152638541,1.1184100815744111,-1.6736767502746197,-0.1247267864569269,1.1134625908100244,-1.711371812555525,0.33597588373555076,-0.05150720928654531,0.107959124174985,-0.011153425513343376,-0.671394415275015,-0.11024197973687239,0.022381986190348563,-0.020158070600544562,0.0029042365115996907,0.0002788337675966689,-0.052834207905346715,0.28479714270191964,0.16811560940269724,-0.18814664832433817,-0.29377363874149964,0.17747938693623652,0.184796006560152,-0.26363202712982525,-0.2743859330377455,-0.17541479124127282,-0.26117675149676717,-0.26626262366133874,0.17499952057265605,-0.2572376103843278,0.2677883107736152,0.10189783351975518,0.6023580498541866,0.01006391810987032,0.011141298437547503,0.0,0.0,0.04060280078440713,0.9991753662738397
0.004570123742177647,2.06675661551322e-05,-0.0023080468779856918,0.0,0.0,-0.05342341049259644,0.1510290986660755,0.8269928567337267,-1.5007271766662598,-0.15644153771978436,0.9043864011764526,-1.7024586200714111,0.1242517309658455,1.1191967545133648,-1.6749720790169456,-0.1241954124786637,1.1131388635346384,-1.7120017752502903,0.333970361586773,-0.055954337120056215,0.10593284260142931,-0.010871619296570614,-0.6701873902118567,-0.10962813099225362,0.02245241307625265,-0.020202094181017444,0.004570123742177647,2.06675661551322e-05,-0.05342341049259644,0.2847523102254579,0.16798315716843895,-0.18784410587480632,-0.2940080277967145,0.1770865099948637,0.1847385341969409,-0.2634740342845076,-0.27436652888248764,-0.17533909214654256,-0.2609960335718052,-0.2660632518542418,0.17485649664603814,-0.2572552584093867,0.2662294069154375,0.10070872009730836,0.6042667786883653,0.010148385850091776,0.011151612820950422,0.0,0.0,0.040069001432798255,0.9991969150894023
0.005284197630248611,-0.0007029786208205594,-0.0023993955116083376,0.0,0.0,-0.05334953470854634,0.14968705267617194,0.8271175725291474,-1.500280615657267,-0.15636406500231137,0.9059739925644614,-1.7033610103106258,0.1241248468633252,1.1195995717337637,-1.6760878304038385,-0.12372221372494793,1.112859526065865,-1.7124879004979374,0.33209458926711416,-0.06010328398810498,0.10384434280973488,-0.010560527359220109,-0.669028852323089,-0.10906100551588366,0.02252375509477023,-0.020245301734768982,0.005284197630248611,-0.0007029786208205594,-0.05334953470854634,0.2847048208268002,0.16786934341709095,-0.18745767534234947,-0.2942522815149756,0.17677478208370503,0.1846928215456914,-0.2633242609652515,-0.2742742332531559,-0.17528664124178617,-0.2608574203847671,-0.2659014564134641,0.17473014344771437,-0.25727892961194854,0.26474150178237293,0.0995962623244211,0.606100025946529,0.010246069866674718,0.011156760344300607,0.0,0.0,0.0395359288256103,0.9992181495208623
0.0053658504862808655,-0.0019561993156669375,-0.002233010500368726,0.0,0.0,-0.05263130614590062,0.1478435835151961,0.8274836835235057,-1.5003385772608748,-0.15637430142272601,0.9065794728019021,-1.7040233058158798,0.12424793019138201,1.1188939304062815,-1.676745182335979,-0.12343808812926514,1.1128042153637818,-1.7124710636909561,0.3307984775365001,-0.06326358848147925,0.1018888372363466,-0.01020066076042977,-0.6678987801677049,-0.10860167413648933,0.022598365434642994,-0.020284521195924644,0.0053658504862808655,-0.0019561993156669375,-0.05263130614590062,0.28465633440499355,0.16776485228647356,-0.18691249117670453,-0.29449484644257595,0.1767037854242045,0.1846783695687707,-0.263214085062718,-0.2739607976399469,-0.17531676894426537,-0.2608257249688705,-0.265889439048936,0.17465777821629716,-0.2573213128706456,0.2635634035282177,0.09878680435206466,0.6075797353220742,0.01036131467594944,0.011140281767255128,0.0,0.0,0.03901002178643654,0.9992388194021596
0.004774906433535602,-0.003246227545781425,-0.0018716460526591039,0.0,0.0,-0.05132497109936038,0.14594877104867587,0.8280072808265686,-1.5007500865242698,-0.15657714754343033,0.9066205322742462,-1.7043910351666538,0.12466731498187239,1.1173820062117144,-1.6770259629596362,-0.12333647805181416,1.1129642724990845,-1.7120942690155723,0.32985949787226587,-0.06574418328025126,0.10055330124768343,-0.009842293590984558,-0.6667036576704546,-0.10818498581647873,0.0226774402809414,-0.020323070951483467,0.004774906433535602,-0.003246227545781425,-0.05132497109936038,0.28461550040678546,0.16767058890764025,-0.1863444211107821,-0.29469366388511403,0.17674745857606042,0.18472299057168579,-0.26313051042258795,-0.2734942755179419,-0.17543736239473767,-0.2608611985835914,-0.26599953159859324,0.17463569623852865,-0.2573671259790725,0.26267471155005473,0.09819324200851456,0.6086356023746073,0.010466150897131725,0.01109548353336074,0.0,0.0,0.03849715761305177,0.9992587096721829
0.003984122444637431,-0.004971394532339539,-0.001388426982995572,0.0,0.0,-0.050163790719338935,0.14400832008833833,0.8286708659595914,-1.5014758603741425,-0.15695120228661433,0.9061598843998379,-1.7044969279356676,0.12535007885008148,1.115153386135294,-1.676972013531309,-0.12339710399056926,1.1133157677120633,-1.7113975117904972,0.3292379689337027,-0.06762059168382127,0.09976884933433146,-0.009485259247623907,-0.6654507126471009,-0.10780620243814255,0.02276048357739593,-0.020361025413178434,0.003984122444637431,-0.004971394532339539,-0.050163790719338935,0.2845814685628872,0.16758546371680144,-0.18575620321594863,-0.2948533320822774,0.17689301071597283,0.18482009872909197,-0.26307052767358113,-0.27289127997700413,-0.17563842393535908,-0.2609555091282283,-0.2662182480287141,0.174658304992615,-0.257415843660991,0.2620472525474267,0.09779119487498183,0.6093169332345653,0.010561735040009625,0.011025512271156213,0.0,0.0,0.03799588672146302,0.9992778955787273
0.0032737842742342578,-0.0065228282200346785,-0.0009537345231180882,0.0,0.0,-0.04802772701101654,0.14243359803551373,0.8291844108490029,-1.5025381162913158,-0.1578729008183335,0.9053454528553317,-1.704101446301046,0.12673968528256274,1.1118391059865855,-1.6761907146434591,-0.12367787577136599,1.113980056059481,-1.7104579740100436,0.3292112523558164,-0.06871966821978792,0.10027984717879634,-0.009175206468713398,-0.6642923373164552,-0.10749143188950991,0.02284819722137969,-0.0204039312184158,0.0032737842742342578,-0.0065228282200346785,-0.04802772701101654,0.28455996332746564,0.16760362558410025,-0.18527005091304483,-0.2949211608038401,0.17706292508978821,0.18507401462142195,-0.26301518233595594,-0.27212065459001045,-0.17604512577976908,-0.26112269201991684,-0.2665649765541033,0.1747382859856922,-0.25744187903337107,0.2617970979137486,0.0977066106913006,0.6093485088092999,0.010640156140193495,0.010909303599460556,0.0,0.0,0.03751595187950831,0.999296028889625
0.002603203441080718,-0.00798703957456353,-0.0005437230521987413,0.0,0.0,-0.047198176499990904,0.1410694953167077,0.829545360622984,-1.503675269358086,-0.15901361812244766,0.9045384074702407,-1.7035130045630715,0.12840479341420266,1.108240308183612,-1.6751429456653018,-0.12400255329681166,1.1147506164781975,-1.7095031051924734,0.3293542247830015,-0.06955411939909964,0.10135602228569268,-0.008896593032686995,-0.6631098479935617,-0.10719362849538976,0.022938074544072155,-0.020448753553809543,0.002603203441080718,-0.00798703957456353,-0.047198176499990904,0.28454331918196246,0.1676818773105619,-0.1848453140161015,-0.29495311855693596,0.17720190512777026,0.18539012060023802,-0.26295776979565044,-0.2713183543072278,-0.17653092558747938,-0.26130302983407977,-0.26694348346977675,0.17482879106320107,-0.2574557984625522,0.2616988091852396,0.09772555717324649,0.6091117188057659,0.010711880824105308,0.010775152198744538,0.0,0.0,0.03704429819738134,0.9993136244298201
0.002278760579725781,-0.008449718348669203,-0.0002116491698261891,0.0,0.0,-0.04522797753668887,0.14031421227587593,0.8293945458200243,-1.5049019919501412,-0.16068454583485925,0.9039781358506944,-1.7024690508842468,0.1307258009910584,1.1041828526390922,-1.6734876367780898,-0.12436565963758364,1.1157495048311021,-1.7086368335617912,0.3298031406270133,-0.0698190662595961,0.10387280252244745,-0.008713538654976415,-0.6617737578021156,-0.10692362611492474,0.023033644693593185,-0.020498117638958827,0.002278760579725781,-0.008449718348669203,-0.04522797753668887,0.2845382144053777,0.1679343952458193,-0.18460047888141218,-0.29490160358801565,0.177203123596631,0.18585601849400904,-0.2628901118223391,-0.27049725903761107,-0.17720241989265356,-0.26149764072107745,-0.2673684450736341,0.17492575613132613,-0.257437099651565,0.2619676379961162,0.0979592359239364,0.6082119398327072,0.010767652187496425,0.01059840826524628,0.0,0.0,0.03659232506696779,0.999330276608386
0.002552689808667453,-0.007391899389818735,-0.00013059964685674386,0.0,0.0,-0.04211578107478451,0.13989405905959582,0.8287746195841317,-1.5060383563089852,-0.1626225890535297,0.9038006440557614,-1.7013260306734028,0.13332496839340288,1.1002564068996545,-1.6716336168424049,-0.12458133178226875,1.1169089957921192,-1.7081306077013112,0.3299080016035022,-0.07018377323343296,0.10769817805049398,-0.008623663796996228,-0.6602036224471198,-0.1066505748665694,0.023131322680097637,-0.020557102756668822,0.002552689808667453,-0.007391899389818735,-0.04211578107478451,0.2845348532151694,0.16831752705254166,-0.18445786767031785,-0.2948268357957821,0.17708154953382102,0.1863936798985015,-0.2627928247293056,-0.26974576309293763,-0.17794962636498105,-0.2616638423119296,-0.26777313031665595,0.17497796161979715,-0.2573829361812216,0.26240346803033693,0.098133596040603,0.6068864792844648,0.010827506168021096,0.010444734941678817,0.0,0.0,0.036171446070195484,0.9993455991243424
0.0036727518910597374,-0.003926915011911415,-0.0002676790410813257,0.0,0.0,-0.03944124074345784,0.1397619080362898,0.8277515507105625,-1.5070970690611638,-0.16479018466039136,0.9039521036726056,-1.7000978751616045,0.1361631793957768,1.096442547711459,-1.6696088295994382,-0.12467030266469176,1.118206504619483,-1.7079337961745984,0.3297171904282136,-0.07063421155467178,0.11264812765699443,-0.008613865088784334,-0.6584323545296987,-0.1063749034973708,0.02323081208900972,-0.020624355949235684,0.0036727518910597374,-0.003926915011911415,-0.03944124074345784,0.2845329904195034,0.1688127463492016,-0.18440296211258142,-0.29473173787335677,0.17685422181409963,0.1869929791620378,-0.26266937214216746,-0.2690537943126657,-0.1787623401211045,-0.26180489942887164,-0.26816020694383813,0.17499169152506425,-0.25729833842933936,0.2629779989376657,0.09825498845325195,0.6051927940652729,0.010890868647644917,0.010310887923520622,0.0,0.0,0.03577728895314977,0.9993597878617905
0.005046434191980201,0.0001950376496596321,-0.0005093487826263178,0.0,0.0,-0.03148258200589058,0.13996769788891378,0.8260581571646411,-1.5078763937709307,-0.16703928931794987,0.9046863835267346,-1.6990924411349826,0.13914055219202331,1.0934803774862578,-1.667666944590482,-0.12434608511852495,1.1199606644986857,-1.7084607512059837,0.328713120234133,-0.07168944797130547,0.11973825729254521,-0.008786004967987537,-0.6560126771830549,-0.10608107378386487,0.023334999578167693,-0.02070400495119769,0.005046434191980201,0.0001950376496596321,-0.03148258200589058,0.28452414605352616,0.16946944982377382,-0.18445493983044814,-0.2946417994256163,0.1764956227472699,0.18760654342881608,-0.2624900186340472,-0.26858113430226044,-0.1796029087476839,-0.2618502681599838,-0.26854199768453707,0.1748843315944832,-0.25714850996335015,0.26369967609385053,0.09814807556560161,0.6029009898759379,0.01098527250378722,0.010298565820311054,0.0,0.0,0.035462662915363936,0.9993710019502023
0.006324859831959187,0.004031230081166169,-0.0007342359032297407,0.0,0.0,-0.028421695033315465,0.14025078977298255,0.8241920636759864,-1.5085735483603044,-0.1692433074267224,0.9055797641325478,-1.6982351336816344,0.14206088289166943,1.0909241389746618,-1.6658386606158633,-0.12385362725366245,1.1219292927269984,-1.7092472934963727,0.3272880854630711,-0.07326885004236243,0.12768604659070878,-0.009025032105244172,-0.6532201502058241,-0.1057657493334828,0.023440600325814402,-0.020788187800784303,0.006324859831959187,0.004031230081166169,-0.028421695033315465,0.28451261646819836,0.17016582696866134,-0.1845315453935571,-0.29455457020249015,0.17611408275305093,0.18820388306114305,-0.2622904486874786,-0.26819943514318084,-0.18042369962361293,-0.2618566750621056,-0.2689351518036999,0.17472804185466906,-0.256973617880087,0.26438187019485826,0.09788454582918749,0.6004358712218466,0.01109166532717269,0.010332977601486926,0.0,0.0,0.03517862330461413,0.9993810406758735
0.00784068445715692,0.008582787016708898,-0.0010008349864171207,0.0,0.0,-0.021228800955669817,0.14064126935872165,0.8220401406288147,-1.5091132575815374,-0.17123359712687408,0.9067552956667814,-1.6978139985691418,0.14469126679680566,1.0894323262301358,-1.6643925580111416,-0.12295266105370087,1.124456676569852,-1.7106173797087236,0.32472126050428907,-0.07649112831462518,0.1376980001276191,-0.009416888637298892,-0.6493773460388184,-0.10537945208224382,0.023548967120322315,-0.020882695574652065,0.00784068445715692,0.008582787016708898,-0.021228800955669817,0.28449477661739697,0.17092461668832115,-0.18464335937233084,-0.294478095688276,0.17571845732984967,0.18873291078557028,-0.2620499659328975,-0.2680443071810256,-0.18115189250568522,-0.2617771487355164,-0.26937470359383764,0.17445344816629121,-0.25674094006906795,0.2648704086421231,0.09717158267444664,0.5976597158945711,0.01122630269012668,0.010477204891768371,0.0,0.0,0.034966465900016924,0.9993884861566412
0.008974196927612825,0.011990108186902963,-0.001200100388190628,0.0,0.0,-0.016254762444828673,0.14102723381736063,0.8199053388653379,-1.5095940695868597,-0.17292674450260223,0.9079682200846046,-1.6977186570263871,0.1469474528173004,1.0887018333781848,-1.663282345641743,-0.12189084528522055,1.1273520799598309,-1.7122033310659004,0.32139367331760094,-0.08085820409986717,0.14896135318158873,-0.009877384395686674,-0.6447570203530667,-0.1049317799207538,0.023658732968297874,-0.020985842259092766,0.008974196927612825,0.011990108186902963,-0.016254762444828673,0.2844725830687417,0.1716680856065558,-0.1847545990589721,-0.29440779325763977,0.1753614434873761,0.1891751285439599,-0.2618015134180262,-0.26804051516339106,-0.18176870131577574,-0.261651949929144,-0.26987401839442043,0.17413155288299065,-0.25647492456282167,0.26518878076852104,0.09615101607566182,0.5947134342321589,0.011380531693423039,0.01069736904982064,0.0,0.0,0.034804017213753924,0.999394156669822
0.008810719192874288,0.01395967429683969,-0.0012304671485011132,0.0,0.0,-0.01212248452984451,0.1414094472473318,0.8177847609375462,-1.5100259515974257,-0.17437303517804004,0.909212209359564,-1.6978939747569537,0.148892766749016,1.0886038216677578,-1.6624511805447666,-0.12069540064443239,1.1305532226658832,-1.7139686165433943,0.3174340682800369,-0.08617634243435342,0.16126433044973074,-0.010394903511335766,-0.6394907537132801,-0.10443311937228597,0.023769661106846553,-0.021096165884624832,0.008810719192874288,0.01395967429683969,-0.01212248452984451,0.28444677260186935,0.17239883994682048,-0.18486533283639273,-0.2943424062413252,0.17503666669340184,0.18954513646478427,-0.2615467308428423,-0.26816274801094425,-0.18229258438796864,-0.2614892740196958,-0.27042228957642883,0.17377066752746,-0.2561804966179531,0.26535515872445703,0.09487398648331129,0.5916175777116408,0.01155103682869613,0.0109806192210979,0.0,0.0,0.03468286555598888,0.9993983684381446
0.0074567997083530005,0.013906533982509225,-0.0010889286946758059,0.0,0.0,-0.016723932007922836,0.1416513188318773,0.8159239102493633,-1.5104217998909228,-0.1751230690966953,0.9101728914362012,-1.698425267681931,0.15001093302712298,1.0896205161557053,-1.661992047772263,-0.11944486629782299,1.133924292795586,-1.7157409191131592,0.312676679907423,-0.09339301513903081,0.17489967021075184,-0.01093705455687914,-0.6331014362248506,-0.10380512464678647,0.023878038832635593,-0.02121265119675434,0.0074567997083530005,0.013906533982509225,-0.016723932007922836,0.28442336438280164,0.17304272782265628,-0.18493443254875502,-0.29429428014771786,0.17484594689788907,0.18972432148447707,-0.2613436068902753,-0.26852879672502195,-0.18258131022583896,-0.26131360147144456,-0.27101330973641485,0.17339474934336563,-0.2558773795156781,0.2651054985329202,0.09321019616680318,0.5885008805220948,0.011693402969588838,0.011278844424382308,0.0,0.0,0.03451572636734063,0.9994041548009168
0.004692660546075177,0.011519051410427113,-0.0007446328497889844,0.0,0.0,-0.021605849032122714,0.1417952213022444,0.8141316897941357,-1.5108119201178503,-0.1755817225485137,0.9109759384935553,-1.6990421564892084,0.1508002436221248,1.0909850163893267,-1.6615967172564883,-0.11821935958031451,1.1372222659563778,-1.717488579075746,0.30774419265564035,-0.10120894571747453,0.18886813130041583,-0.011467417749115319,-0.6263794333043724,-0.10312494327022571,0.023984417450999974,-0.021331578718893456,0.004692660546075177,0.011519051410427113,-0.021605849032122714,0.2844032154540823,0.17366418804436365,-0.18497441734160863,-0.29425779986829315,0.1747128194172102,0.1898254377943328,-0.2611722866957567,-0.2689803178794956,-0.18277882101360368,-0.26114882650947757,-0.2715872063419166,0.17302701866233242,-0.25557757797668174,0.26468015470159123,0.09144643034665668,0.5853868166995329,0.011810221483535839,0.011556133072860917,0.0,0.0,0.03429979580881458,0.9994115888899197
0.0011193297435911828,0.008254584232972352,-0.00029555474869019655,0.0,0.0,-0.03687355600629564,0.14165562805202273,0.8124610844886664,-1.5111987368024962,-0.17533019139911188,0.9113502529534426,-1.6997954423981483,0.1508077485392792,1.0930619619109414,-1.6612521717042634,-0.1171096483189048,1.1401777345724782,-1.7191447477148036,0.3025658714650856,-0.11026292076014524,0.20339270733823706,-0.01194386916103388,-0.6190030490509186,-0.10231977671083776,0.024084861766584597,-0.02145630318784353,0.0011193297435911828,0.008254584232972352,-0.03687355600629564,0.2843935790688101,0.17424715446112798,-0.18493053610320292,-0.29425746878939035,0.17472141178871559,0.18973885889419512,-0.2610904545544369,-0.26962113356099465,-0.1827629543461306,-0.2610304940155911,-0.2720838047027417,0.1726939865942362,-0.25529846862546807,0.2639028459749312,0.08951691372577947,0.5823519012143039,0.01184907823688153,0.01175139133696153,0.0,0.0,0.03393127488505023,0.9994241685013802
-0.0015568448028433774,0.005811657199848929,4.028581609555326e-05,0.0,0.0,-0.0477090364538103,0.14124403893947599,0.8107283910115559,-1.5115933815638225,-0.17456677059332526,0.9113012353579203,-1.7005717356999714,0.15030360718568164,1.0954822699228923,-1.6607731978098552,-0.1161285564303398,1.1425594488779705,-1.7206316788991292,0.297553390264511,-0.11954232056935649,0.21789491176605258,-0.012353950180113324,-0.6115433573722837,-0.10144090155760445,0.02418045575420062,-0.02158405755956968,-0.0015568448028433774,0.005811657199848929,-0.0477090364538103,0.2843913932641347,0.1748505625052031,-0.1848064728570541,-0.2942937555090003,0.17485285238504256,0.1895194667100533,-0.26108616475348,-0.2703817115636907,-0.18261166014019342,-0.26096920497834397,-0.27245557480353033,0.1724019124652422,-0.2550660373751561,0.2629971164083183,0.08762660886696075,0.5793478120947101,0.011832497393091519,0.011888592814405761,0.0,0.0,0.03345445538253427,0.9994402430436039
-0.005133120027817903,0.0025516466004143813,0.0004894128351501382,0.0,0.0,-0.0564102599709432,0.14061402890718344,0.808945838851158,-1.5119943125079376,-0.17339228688165392,0.9109122692936599,-1.7013665046354738,0.14938859837223784,1.0981783084195071,-1.6601862738830875,-0.11525074979572583,1.1444804210855504,-1.7219827072788971,0.29267408360134456,-0.1290027432971533,0.23237915111310595,-0.012710733762518935,-0.6040167673067611,-0.10050283616991956,0.024272154781478223,-0.021714245035040262,-0.005133120027817903,0.0025516466004143813,-0.0564102599709432,0.2843951905014539,0.17547034556433283,-0.184617951615506,-0.29435903129959956,0.1750827992343929,0.1891934129116465,-0.2611436894397251,-0.2712384219185451,-0.18235154566328507,-0.2609523300571043,-0.2727274454520614,0.17214265786672567,-0.2548714608156633,0.26198356108378335,0.08577007663500344,0.5763607970639691,0.011771398478874352,0.011979172932868355,0.0,0.0,0.032890663220378445,0.9994589557720336
-0.008017906815118858,3.0350325297364192e-05,0.0008882860643696922,0.0,0.0,-0.0738118339210669,0.1394845385744114,0.807164754530396,-1.5123762891750143,-0.1715549938004426,0.909643014272054,-1.7022183278594354,0.14781835073172442,1.1009278273341632,-1.6592475789966006,-0.11456457201880636,1.145284622606605,-1.7230069179727574,0.2885305794200511,-0.13851951830314888,0.2464406526449958,-0.012965809619712713,-0.5966294305493132,-0.09947267979985533,0.024355518434083824,-0.021842742301147397,-0.008017906815118858,3.0350325297364192e-05,-0.0738118339210669,0.2844109697775407,0.17608641403511627,-0.18428250952105563,-0.2944943445399693,0.17556918835706847,0.18869545989933562,-0.26130201778209416,-0.2721737477922021,-0.1819253204388935,-0.26105587523220936,-0.2727587167394836,0.17194702620688163,-0.25477759103463365,0.2608058091161226,0.08412512057708704,0.5735170315450872,0.011620906435630535,0.01197693861945711,0.0,0.0,0.032152935276109636,0.9994829607117524
-0.009233853356823946,-0.0005823920951258999,0.00120086049792828,0.0,0.0,-0.07556334174720408,0.13823585957288742,0.8054879687049172,-1.5127619721672751,-0.169559508562088,0.9080367305062034,-1.7030747749588706,0.14613155614246023,1.1035434224388816,-1.6581884622573853,-0.11394686556675218,1.1457259871742942,-1.7238422252915122,0.28463841026479547,-0.14793892340226603,0.2602731856432827,-0.013195034116506575,-0.58929565819827,-0.09842205386270177,0.024437718093395233,-0.021970381028950214,-0.009233853356823946,-0.0005823920951258999,-0.07556334174720408,0.2844307219440287,0.17667052402766126,-0.1839113406050882,-0.2946422060569082,0.17615078862158517,0.1881567602812308,-0.2614859927798037,-0.2730938434685779,-0.18147169216238948,-0.2611950124674748,-0.2727267908529347,0.17177475084734017,-0.25472506561450803,0.2595893536976037,0.0825641694607725,0.5706942045649119,0.01145126729864966,0.011959771160036325,0.0,0.0,0.03139768337142921,0.9995069712007553
-0.009479731001599441,0.0001355883300071067,0.0015356323935761251,0.0,0.0,-0.07425952518224815,0.13678978383541107,0.8041659569499469,-1.5131682049144397,-0.16730197932985094,0.9056499160901464,-1.7039231350927642,0.1443214561000015,1.1056803356517444,-1.656866020626492,-0.11348238910990532,1.1453977052611535,-1.7241704355586658,0.2812951577432228,-0.15700300052912547,0.2735021872953935,-0.01337867509573698,-0.5820862090948856,-0.0973401636336789,0.024519434819618862,-0.02209580068786939,-0.009479731001599441,0.0001355883300071067,-0.07425952518224815,0.28445900419745784,0.17714759089938603,-0.18348050472988497,-0.29480706044131233,0.17695044900180065,0.1875514664313046,-0.26171854386186105,-0.2739291144814875,-0.1809950130393079,-0.26141364991355254,-0.27258014293964583,0.17165510390386823,-0.25477164669413865,0.2583641344411539,0.08118772445486788,0.5679537920748482,0.011253742670471018,0.011930506572955184,0.0,0.0,0.0306554455833606,0.9995300113833929
-0.008651523584484302,0.0018848076311139745,0.001751465929879237,0.0,0.0,-0.06136079475451824,0.13543061234734274,0.8034200192701937,-1.5136473696641248,-0.16518034040927887,0.9028022343462163,-1.704691100602198,0.14269279861691023,1.1071682427868699,-1.6554545115942907,-0.11313566828917976,1.1448009706506825,-1.7240727923133157,0.2782789798397006,-0.16546821232998013,0.2860932759564333,-0.013564678398196145,-0.5748512660614168,-0.09627945867903304,0.024600112829545533,-0.022221411324360153,-0.008651523584484302,0.0018848076311139745,-0.06136079475451824,0.28449214723977173,0.17745740786452602,-0.18307242606261911,-0.2949396973986538,0.1778671784447161,0.18698424465114913,-0.26194743357918693,-0.27460066567482433,-0.18057396678584023,-0.261666352747686,-0.27243812991602173,0.17157335755159475,-0.2548730762516245,0.25724188941362414,0.07995338422705697,0.5652189162906196,0.011072458384201081,0.011941946995905554,0.0,0.0,0.03004212025345213,0.9995486336395429
-0.007545755195931733,0.004224972140620037,0.0020398485540140676,0.0,0.0,-0.051349851156038205,0.13413888893344184,0.8031211838577733,-1.5141831383560642,-0.16316416859626767,0.899596864526922,-1.7053966702836934,0.14120496222467133,1.108152443712408,-1.6539738756237607,-0.11288033990245877,1.14399588469303,-1.7236446358940818,0.27551665089347144,-0.17346863313154748,0.29818926796768663,-0.01375251514554927,-0.5675965366941509,-0.09523519602688875,0.024679984671599937,-0.022347170182249763,-0.007545755195931733,0.004224972140620037,-0.051349851156038205,0.284529062834653,0.17763743365559825,-0.18268211820908797,-0.29504759121933494,0.17887464445923126,0.18644623506073416,-0.2621718681452327,-0.27514527607677275,-0.18019594858992583,-0.26194606867818543,-0.27229961270191533,0.17152098272401436,-0.255017082198526,0.256195614833102,0.07882815649709551,0.5624854235926007,0.010903778542397598,0.01198497936694008,0.0,0.0,0.029528849557081776,0.999563928442716
-0.0065241918235475205,0.00638974257621236,0.0023064664517985505,0.0,0.0,-0.030750173280632644,0.13346392586074693,0.8039311658252369,-1.514899608462748,-0.1618987853930454,0.896249156106602,-1.7057973989332564,0.14041567691648849,1.1077783884424153,-1.652596571228721,-0.11280301529349702,1.1433859949160103,-1.7226512480263758,0.27302136385079584,-0.18020575455944957,0.3091784396556894,-0.013990415203751943,-0.5602666278078098,-0.09428637335547292,0.024758605333515493,-0.022475069031269865,-0.0065241918235475205,0.00638974257621236,-0.030750173280632644,0.2845737411819323,0.17750245674579962,-0.18246812665445258,-0.2950291030621962,0.17987631824496184,0.186112089406632,-0.2623347485481661,-0.2752934423176677,-0.1800144068874095,-0.26223015189570964,-0.27231457130091363,0.17151953500714903,-0.2551880403111689,0.2554476998657663,0.07787347306246702,0.5597236091101818,0.010761178206802918,0.012092833538925409,0.0,0.0,0.029221480520950537,0.9995729613570806
-0.0056156440854788076,0.0083176995169158,0.0025440647144520105,0.0,0.0,-0.02304940078463385,0.13307838668726912,0.8050519914338083,-1.515698077702763,-0.16099226399503572,0.8930303948094146,-1.7060302062468096,0.13991065699644764,1.1069860217547176,-1.6513091771289556,-0.11274446208368648,1.1429341742486665,-1.7215531510536117,0.27055846139638107,-0.18655679201838957,0.3196859937725647,-0.014253460745694065,-0.5529156610219165,-0.0933850486621712,0.02483633260308492,-0.022604679519479927,-0.0056156440854788076,0.0083176995169158,-0.02304940078463385,0.28462132149272495,0.17728444371445856,-0.18233742802788158,-0.29495493685386354,0.1808165991589394,0.18587524229065164,-0.2624674970003521,-0.27530870119058737,-0.17991051184474288,-0.26250029580052847,-0.27239059121875364,0.17152279692520098,-0.2553561397964138,0.2547684185313882,0.0769524197278614,0.5569902510969748,0.010628325507195308,0.012224887366020924,0.0,0.0,0.02899108416672058,0.9995796701808407
-0.004607383697652418,0.010371692077853987,0.0025435604832382834,0.0,0.0,-0.005530181855509638,0.13340867468805023,0.8067789104851809,-1.5166971809936292,-0.16097839154077298,0.8902825920870809,-1.705828379500996,0.14007488751050198,1.1053292083017754,-1.6502763285781399,-0.11268203603950414,1.1429249319163235,-1.7203207684285713,0.2681034758235469,-0.19211351149009942,0.3290317112749274,-0.014579981734806844,-0.5455236579432631,-0.09260330586270851,0.024911612385150158,-0.022739072838290172,-0.004607383697652418,0.010371692077853987,-0.005530181855509638,0.2846755037705104,0.17691125138542332,-0.18241284040311948,-0.294746125807229,0.1815601600063587,0.18588194608796837,-0.262533136921973,-0.2750362442310438,-0.1799882033289966,-0.2627236527458832,-0.27260931764677554,0.171522832240539,-0.25550512669817116,0.2542462849734575,0.0760803215028345,0.5543999310076414,0.010517647010133122,0.012411963434494808,0.0,0.0,0.028935805548837287,0.9995812719120142
-0.003949817566230134,0.011619937784030608,0.002253842022682806,0.0,0.0,-0.0032317104250185946,0.13415980098223446,0.8085308442212115,-1.5178783469729953,-0.16161645662904991,0.888267584521361,-1.7052932556229408,0.1405416994985908,1.1034151243441033,-1.6495419776800906,-0.11247418655289544,1.1432881668360546,-1.7194226655093106,0.2657173011038038,-0.1972273768800678,0.33745045252520633,-0.014942808688213733,-0.538313349088033,-0.091924523464357,0.02497973716394468,-0.02287791908314132,-0.003949817566230134,0.011619937784030608,-0.0032317104250185946,0.2847230639120545,0.17656035416962867,-0.1826086022404905,-0.29445434791528635,0.18204860070355838,0.18606643628463737,-0.2625484514409586,-0.2746368701925229,-0.18014385956151963,-0.2628947675335694,-0.27286798693134884,0.17147802762793665,-0.2556046319637447,0.25376676305528606,0.07524746612773014,0.5520096413850182,0.010420339765271755,0.012628399324838564,0.0,0.0,0.028903501961556163,0.9995822065114797
-0.0032211289108177127,0.012830425629611314,0.0014075125106663422,0.0,0.0,-0.0015078568548851684,0.135226555996471,0.8103015389707353,-1.5191960599687364,-0.16274347487423158,0.8868021733231014,-1.7045081588957045,0.1412354475922055,1.1013080875078838,-1.6490315000216167,-0.11215726948446697,1.1439307596948411,-1.7187752723693848,0.2633827345238791,-0.20200910170873013,0.3451739615864225,-0.015332865114841202,-0.5312393109003701,-0.09132296136683887,0.02504249569028616,-0.02302010502252314,-0.0032211289108177127,0.012830425629611314,-0.0015078568548851684,0.2847656574514177,0.17622632911344582,-0.18289420585437366,-0.29410003257812023,0.18234578773142263,0.18638449193029746,-0.2625264843626224,-0.2741421206379299,-0.18035806884083608,-0.26302605887985825,-0.2731566080882055,0.17139956816589114,-0.25566688758858536,0.2533174611439479,0.07444425779926714,0.5497684544782728,0.010333060959561002,0.012866855081584722,0.0,0.0,0.02888842968944927,0.9995826422212811
-0.002611647351020903,0.013755312566453948,0.0004178797355813835,0.0,0.0,-0.014998117450704864,0.13663406534628436,0.8114875121550127,-1.5207682739604604,-0.16464719582687729,0.8867965665730563,-1.7032913077961314,0.14213238521055743,1.099508285522461,-1.649057074026628,-0.11133794621987775,1.1449723352085461,-1.719050949270075,0.26106808131391346,-0.20692158829082152,0.35172334584322856,-0.015761030753227805,-0.5248302654786542,-0.0908414606343616,0.025097981772639534,-0.023161796175620777,-0.002611647351020903,0.013755312566453948,-0.014998117450704864,0.28477936441248114,0.17611525887145868,-0.18327585983182587,-0.29367386341787755,0.18216822006774952,0.18691472911979637,-0.262444562199234,-0.27363472386527526,-0.18061405719739299,-0.26304652421237795,-0.27338613838856124,0.17117731543004833,-0.25565520845430084,0.2526943711357944,0.07360321437757225,0.548052430732203,0.010262069969692013,0.013133318586782981,0.0,0.0,0.0287385107858388,0.9995869636994134
-0.0020751397962773532,0.014567647955427776,-0.0004513922965895812,0.0,0.0,-0.019994597141970945,0.13801849309844202,0.8123890899046503,-1.5224269779041562,-0.16673381604028475,0.8873251417670588,-1.7019372805200441,0.1430161763170753,1.0979283084773053,-1.6492809587054782,-0.11034493987457918,1.1460984770697777,-1.7196877622845197,0.25872913981326895,-0.2120272481080259,0.3579863135260766,-0.016192954710938724,-0.5186782078911558,-0.09038554850702332,0.02515063604170626,-0.02330285693622298,-0.0020751397962773532,0.014567647955427776,-0.019994597141970945,0.28478237264084094,0.1761064420211923,-0.18364882890589407,-0.29324326403268275,0.18181949071370185,0.18749558713916006,-0.2623503019716158,-0.27315233292874525,-0.18086099609104808,-0.26302867875826746,-0.27357316188674674,0.17090546508586185,-0.2556171324909264,0.25196810389630026,0.0727324662861619,0.5465174729547814,0.010197156108915804,0.013410156832612832,0.0,0.0,0.02853864682490372,0.9995926898679299
-0.0014181554435502665,0.015561084475975128,-0.0015145788590117946,0.0,0.0,-0.031236751770882788,0.13922357860237664,0.8125928869151106,-1.524273653223057,-0.16914254517266253,0.8890500905537847,-1.7002940081586742,0.1437949413301969,1.0969334322996813,-1.6499508486853707,-0.1089717236281645,1.147360951009423,-1.7211535675357086,0.256308526402772,-0.21769107833053145,0.36373153358998944,-0.016624496403065608,-0.5131134998918782,-0.08997109886070694,0.025196800685741687,-0.02344211770428552,-0.0014181554435502665,0.015561084475975128,-0.031236751770882788,0.28476130872061756,0.17634391383289097,-0.18396639874248819,-0.29282291414497247,0.18108968233965145,0.18816605382186105,-0.262237973631797,-0.2727520852653129,-0.18106657229579606,-0.26292934642530846,-0.27364721252034374,0.17052515622486236,-0.2555210660720679,0.2509958051777957,0.0717790394105341,0.5453956769750214,0.010145953856408594,0.013710339525432307,0.0,0.0,0.0282264051453424,0.9996015556473343
-0.0009294421009707481,0.016304354586273894,-0.0023102971038427285,0.0,0.0,-0.03985571156209448,0.14003742599126065,0.8123700826457052,-1.5262218587326282,-0.17164971995534326,0.8914731424866301,-1.6984124057220689,0.14445711694883578,1.0962675737612175,-1.650970195278977,-0.10742486437613309,1.1485898585030527,-1.7229479334571145,0.25379494058363355,-0.22361326217651384,0.369387852423119,-0.017037047919901946,-0.5082086965893253,-0.08955651420083911,0.025241176400220756,-0.02358228397188765,-0.0009294421009707481,0.016304354586273894,-0.03985571156209448,0.28472178948648047,0.1767292398723175,-0.1841677258518228,-0.29244887690363097,0.18012591357192184,0.18886688572093727,-0.26213463614158056,-0.2723802645895741,-0.18123204649284347,-0.26278105191112455,-0.273652871367852,0.17009724818764,-0.2554111939154104,0.24990118060780167,0.07077415751731825,0.5444608980280252,0.010105395604940977,0.01402840729464185,0.0,0.0,0.027828004590702483,0.9996127260897091
-0.0007955011441955358,0.015435609863824007,-0.0026023862036789196,0.0,0.0,-0.0461013368375484,0.14056776749967326,0.8118381470140784,-1.5282436368441341,-0.17422823216577973,0.8944020662644897,-1.696358100332395,0.14503480749900896,1.0958401338018553,-1.6522427713028107,-0.10575217685916208,1.1497944424850772,-1.7249803868207065,0.25121398345388546,-0.2297226587931315,0.37497975007452145,-0.017435838440150925,-0.5037820850959932,-0.08914183170506448,0.02528425578893435,-0.023723106398576436,-0.0007955011441955358,0.015435609863824007,-0.0461013368375484,0.28466889683646385,0.17722121799803553,-0.18428489370038617,-0.29210790756538746,0.17899138445897286,0.1895894545675515,-0.26203440945029854,-0.27202920766193917,-0.1813683494020804,-0.2625971860643803,-0.2736089668020828,0.16963516870574677,-0.2552908285030956,0.24871798048931176,0.0697349275813022,0.5436584779014255,0.010072550397704948,0.014359435264134045,0.0,0.0,0.027367166803587528,0.9996254489463264
-0.0010390241846143606,0.01330824619897991,-0.002332295131202145,0.0,0.0,-0.05113499418847619,0.14021471022355436,0.8109660097444901,-1.530366346691594,-0.17681722802044167,0.8978507753574487,-1.6938825460395428,0.14567118348798366,1.0955737383678705,-1.6539153992527662,-0.1041012933534203,1.1507564752992958,-1.7268632144638987,0.24888844825703688,-0.23540745961545695,0.38105642193495626,-0.01777115082274182,-0.5005197487395219,-0.08865229943484972,0.025332713377370378,-0.02386077983549448,-0.0010390241846143606,0.01330824619897991,-0.05113499418847619,0.2846176940383333,0.1778335136762946,-0.18414256984888433,-0.29187890884138423,0.17764398778728124,0.19032409305759673,-0.26198046660594937,-0.271650699663863,-0.1815115229210103,-0.2623483337896523,-0.2735270959207208,0.1691831734955872,-0.25520306094233225,0.24761913950217548,0.0687980879424559,0.5427178443811069,0.010039841568078658,0.014643165837935727,0.0,0.0,0.0268560048103956,0.9996393124550595
-0.0016976988243989947,0.009876944950205292,-0.001440009083410188,0.0,0.0,-0.05062037751007936,0.13952260035457031,0.8100667794545492,-1.5324868830767544,-0.1793748343532736,0.9012894811052264,-1.6912183219736272,0.14638849009167065,1.0951950513955317,-1.6557012760277952,-0.10254181379621678,1.1516468019196482,-1.7285351500366672,0.2467639229514382,-0.24067281231735696,0.3874619729591139,-0.01807379937081626,-0.49768653421690967,-0.08812088361292174,0.025382163059530838,-0.023996981312379692,-0.0016976988243989947,0.009876944950205292,-0.05062037751007936,0.28457560503121576,0.17845267509002083,-0.1839014137781701,-0.2916956049413105,0.17626756275191816,0.19105504192713146,-0.26195025932002536,-0.27122071392461056,-0.18167497797994905,-0.262083937618557,-0.27346392589042284,0.16875815746470554,-0.2551328252120014,0.24663507158209141,0.06795578291345095,0.5415943332311012,0.010002467188645493,0.014888765713707968,0.0,0.0,0.02634998017586976,0.9996527789911512
-0.0025639801411669735,0.005437070597699407,-0.00025323695606593866,0.0,0.0,-0.047723669640505464,0.13806507021489767,0.8091797663105859,-1.534573500806635,-0.18183646509141635,0.9045570396413707,-1.6881090294231067,0.1473299183628776,1.094439401169016,-1.6577142416828812,-0.1012475648612687,1.1523904156203222,-1.7296221629537718,0.24516620848214984,-0.24480936503169518,0.394711257231356,-0.018296822134141973,-0.49580949891095205,-0.08748558521120234,0.02543309216171202,-0.024129673038995027,-0.0025639801411669735,0.005437070597699407,-0.047723669640505464,0.2845600936749969,0.17906148090537433,-0.18343781799687361,-0.2916199582535883,0.17486834412747543,0.19177289677369486,-0.26199319895647605,-0.27064496748704575,-0.1818972177089912,-0.2617919231296264,-0.2734666596074944,0.16840924882196096,-0.2551077546503488,0.24597128043137093,0.06735385677738885,0.5399830447177201,0.009951214560053564,0.015034117510147169,0.0,0.0,0.025872906185403634,0.9996652403307426
-0.003213128177923041,0.0021134554933309236,0.0006347254972255412,0.0,0.0,-0.045445242434921235,0.13610134010363104,0.8083440854091837,-1.5365282477754536,-0.18420346517755531,0.9071687423821652,-1.6846085497827241,0.1485363893737697,1.0932167033956508,-1.6598635032923534,-0.1000519213501853,1.1532167593638103,-1.7300947483139808,0.24443846594805668,-0.24747005255535398,0.40256291567677216,-0.01845743518435594,-0.494864915055458,-0.08676960605262504,0.02548383095423983,-0.024256548138730457,-0.003213128177923041,0.0021134554933309236,-0.045445242434921235,0.2845654755529731,0.17963225250805265,-0.1828293435096276,-0.29162873220636015,0.17359142736891311,0.19247863861566564,-0.26211024842775904,-0.2699151731149212,-0.18219114034502296,-0.26148254093473466,-0.2736016425224563,0.16809212340586202,-0.25513359161921,0.24569553281743686,0.06710429363577984,0.5378693501672624,0.009888795232682516,0.015100652135607571,0.0,0.0,0.025418603221670628,0.9996768951067436
-0.004080439816302769,-0.002326329977635419,0.0018215766458801186,0.0,0.0,-0.04385034720938924,0.1337832700122486,0.8075443370775742,-1.5383906852115286,-0.18650422380729162,0.9093213460662148,-1.6808342391794378,0.14992839030244137,1.0916670723394915,-1.6621081720698965,-0.09892530163580718,1.154101014137268,-1.7301372343843633,0.24431970376860013,-0.24909763444553726,0.4108362360434101,-0.01857436143539169,-0.49457304721528833,-0.08599715036424721,0.02553443653001027,-0.02437935159964995,-0.004080439816302769,-0.002326329977635419,-0.04385034720938924,0.2845854826948859,0.18017623918045866,-0.18211950472019311,-0.29169537752986163,0.17239872784768884,0.19317640878093054,-0.26227770009555756,-0.2690781029073091,-0.1825347213640968,-0.26115921325243197,-0.2738291898903363,0.1677971134953303,-0.2551949081796653,0.24568199367575336,0.06709770432309162,0.5354040294090258,0.009818559216166083,0.015112014741382816,0.0,0.0,0.02498023898838235,0.9996879451409241
-0.004585278053534358,-0.005879491006148188,0.002742649027795419,0.0,0.0,-0.0402698899686129,0.13108162747489077,0.8066776328616672,-1.540064771970113,-0.18862392505009973,0.9102543062633939,-1.67664455042945,0.15161377025975126,1.089411324924893,-1.6644035047954984,-0.09778826766543916,1.155472305085924,-1.7293920119603474,0.24564892881446418,-0.24830255243513316,0.4204155604044598,-0.018608323401874967,-0.4958686663044824,-0.08505776855680676,0.025579246174958017,-0.024489471481906045,-0.004585278053534358,-0.005879491006148188,-0.0402698899686129,0.28463833861880833,0.18070982346935346,-0.18130159289963882,-0.29183800059733334,0.17148548150877202,0.1938435061394438,-0.2625501761736019,-0.2680364905710333,-0.18296085295089323,-0.2608390699726169,-0.27432785518528224,0.16750437406402952,-0.2553072209906808,0.2462960397943863,0.06766979308280878,0.5320162612482446,0.009730428871181274,0.014999563184877234,0.0,0.0,0.02457766372736677,0.9996979235977759
-0.00408672951151778,-0.007013252814402033,0.0029352201957891233,0.0,0.0,-0.0390012776516222,0.12836707917728807,0.8056565017411202,-1.5416503223505886,-0.1907020248848983,0.9108271881787464,-1.6723888486322729,0.15337066570616734,1.0870245105088359,-1.6666852892047228,-0.09656629993608502,1.1571238751363273,-1.7285181175578723,0.2473904471656289,-0.2468374618376144,0.4304692913787535,-0.018620140925802366,-0.49765664113290387,-0.08405533000224767,0.025624281218783424,-0.02459737282208722,-0.00408672951151778,-0.007013252814402033,-0.0390012776516222,0.28469518865599774,0.1812758842599264,-0.1804818300832638,-0.2919932172183136,0.1706612995750625,0.19450406745450863,-0.2628405432726602,-0.2669622266466172,-0.18340598817119624,-0.2605153353723204,-0.274924372182088,0.1671889555019405,-0.2554202990049321,0.2470524533292409,0.06840009336845089,0.5283365344789601,0.009646926517363147,0.014868106316737453,0.0,0.0,0.024187766895253034,0.9997074331686351
-0.002642278972479092,-0.006734910562219043,0.0026480266542144863,0.0,0.0,-0.03623164757983363,0.12570498296708768,0.8042125485160134,-1.5430282896215266,-0.19270408243844006,0.91066118442651,-1.6680422298835984,0.15526243321823355,1.084429636146083,-1.6689168467666164,-0.09510564871809697,1.1594579581058386,-1.7274619124152444,0.24996603980208892,-0.24403309460842243,0.44156639503710216,-0.01858836593049945,-0.5004735643213446,-0.08291266158674701,0.025671302256259052,-0.02470192222884207,-0.002642278972479092,-0.006734910562219043,-0.03623164757983363,0.2847557474266399,0.18193778899211263,-0.1796816909653127,-0.2921719850196713,0.1700314538964527,0.1951516018651526,-0.26316694163397103,-0.2658404713672185,-0.183888038005,-0.26018854057299096,-0.27573542368975185,0.16680894143934855,-0.25552496977203626,0.24811285280350784,0.06945532217982489,0.5240487931516965,0.009580717788952768,0.014711455724230316,0.0,0.0,0.023825554833634795,0.9997161311776807
-0.0008998074989430855,-0.005175073772960569,0.002011272943380771,0.0,0.0,-0.03407315619800069,0.12332055371518082,0.8022042311201192,-1.5441776471908646,-0.19470482018559876,0.9103656579749753,-1.6639101571506922,0.15722633055364246,1.082137451629446,-1.6709648924644547,-0.09335030397080407,1.1623903675512834,-1.7266414556840453,0.25269348497944655,-0.2403950799595225,0.45378837982813547,-0.018537298785616652,-0.5038102133707567,-0.08165528222617474,0.025723673318597404,-0.024810670837383683,-0.0008998074989430855,-0.005175073772960569,-0.03407315619800069,0.2848011097221663,0.18273559792990202,-0.17896727709657884,-0.29234855862377673,0.1694699285171137,0.1957947720726949,-0.26346199509839546,-0.2648370687886549,-0.18438729747134736,-0.25984594333572164,-0.276662996235653,0.16634619755621616,-0.25558596273632317,0.24937258784754657,0.07061387066326033,0.5191926527329147,0.009554188745566692,0.014593980872457977,0.0,0.0,0.023484918611672373,0.9997241912636721
0.0014274656942413165,-0.0030909403717832035,0.0011604843717635818,0.0,0.0,-0.032613896004693624,0.1211238429702893,0.7998143717496081,-1.5451724517225016,-0.19670466566928715,0.9099825668816615,-1.659923129611545,0.1592389917132831,1.0800499025017323,-1.6728888738034953,-0.09139572979524876,1.1657272794029931,-1.725980378160573,0.25552359102952366,-0.2361934726888482,0.46677084763844845,-0.01847318906073618,-0.5074982263825157,-0.08032035180414562,0.02577966129915281,-0.02492225834290789,0.0014274656942413165,-0.0030909403717832035,-0.032613896004693624,0.2848361983443751,0.1836250643381634,-0.17831054801717872,-0.2925221446787723,0.16895431604699324,0.19643537444530734,-0.2637350471433632,-0.26391384795953693,-0.18489780200207592,-0.25949194555744703,-0.27766892445537833,0.1658276447991353,-0.25561500681120647,0.2507245155210235,0.07183568568464468,0.5139466452658734,0.009554485404732251,0.014502991028506343,0.0,0.0,0.02315886835459412,0.9997317974419613
0.0036371968920733315,-0.0011111517484357872,0.00035238235887857794,0.0,0.0,-0.029239313558345022,0.11948502865253069,0.7965904140111171,-1.545634759194923,-0.19868645884773953,0.9101127927953546,-1.6564565030011262,0.16133012735482422,1.0789252320925395,-1.6742555643572952,-0.08903526277704667,1.1696371201312905,-1.7261711756388347,0.25708091349312756,-0.23172334468725947,0.48228565039056753,-0.018379649316722695,-0.5114830958120752,-0.07876736941662699,0.0258462145981012,-0.02505075683196386,0.0036371968920733315,-0.0011111517484357872,-0.029239313558345022,0.28484752909703687,0.18468538852811914,-0.17782663841695498,-0.2927015874936971,0.16837086177913135,0.19705525620709252,-0.2639216779188543,-0.26335830451393083,-0.18542701010706872,-0.25912134186947267,-0.2786713914262759,0.16519258561234107,-0.2555447136034715,0.25221820130317385,0.07272763081134463,0.5077626963618701,0.009616951204159044,0.01447311984939557,0.0,0.0,0.022866552649628363,0.999738526200687
0.0054961527624128505,0.0005540745841863799,-0.00032762611153064336,0.0,0.0,-0.02802329364672836,0.11796831866406429,0.7931334081322255,-1.5458926335729735,-0.2005871240839814,0.9105160152069246,-1.6532300626388703,0.16347468200356075,1.0782609840836188,-1.6754264578674778,-0.08656256051376608,1.173626265140495,-1.7267143654100823,0.2578981979326768,-0.22742430971126357,0.4987930571190038,-0.01826777662893738,-0.5154188847300983,-0.07713531002853853,0.025916924718955552,-0.02518766431721172,0.0054961527624128505,0.0005540745841863799,-0.02802329364672836,0.28485029363873027,0.18578465555119555,-0.17738149976361423,-0.29289162348189846,0.16774469522491364,0.19764641459821208,-0.264076730663159,-0.2629659449568778,-0.1859674544815517,-0.25873226155847373,-0.279629141778422,0.16452557441118934,-0.2554368331697755,0.253625090565695,0.07338260131698592,0.5012601461569309,0.00970185326054843,0.014465243311015645,0.0,0.0,0.02258639208887076,0.9997448949068997
0.007400061955265448,0.0020681912913221153,-0.001055739744744433,0.0,0.0,-0.025378475955942986,0.1166742622777067,0.7892062408153457,-1.5456990461156825,-0.20227076000336444,0.9115608644605887,-1.650554658186556,0.16574909282152098,1.0786598372941065,-1.676174227035407,-0.08386425173493346,1.1777187555727333,-1.7280487002748433,0.2569529007781636,-0.22364304944722338,0.5175029051424277,-0.01811182794321065,-0.5191630681957862,-0.07533098644379413,0.02599686596806001,-0.02534412012219128,0.007400061955265448,0.0020681912913221153,-0.025378475955942986,0.28483442405257564,0.18695719519361537,-0.17700884071266973,-0.29311593686757836,0.16701854910253888,0.19816182055859186,-0.26416815065298027,-0.2629442602133363,-0.18653640302802316,-0.25829988828613687,-0.28046789148188417,0.16379390584173448,-0.25525482933490456,0.25493375142343094,0.07348936489427804,0.4940951084659543,0.00983557209955773,0.014505188747525516,0.0,0.0,0.022332671343738498,0.9997505947938479
0.008442625506020568,0.0026863439182799125,-0.0014891979670292323,0.0,0.0,-0.024871711093327475,0.1153541017662395,0.7851345918395303,-1.5452657829631458,-0.20362637530673636,0.9129235473546115,-1.6485603939403186,0.1680092743851922,1.0798910747874868,-1.6766547506505793,-0.08113831078464333,1.1815244067798962,-1.7300025333057751,0.2542442598126151,-0.22024950114163483,0.5383278510787272,-0.01788052137602459,-0.5223466428843412,-0.07337204299189827,0.0260768783363429,-0.02552200718359514,0.008442625506020568,0.0026863439182799125,-0.024871711093327475,0.2848080640489405,0.18813698824187886,-0.17663174215798572,-0.29337406423687923,0.16630708979933148,0.19856957710681775,-0.2642034192690641,-0.2632011101602323,-0.18709601412211846,-0.25784218909821444,-0.281115278136873,0.16305336272929333,-0.2550288515296752,0.2561494196283083,0.0730516958775154,0.48620976953056966,0.009993866340003231,0.014561106196858667,0.0,0.0,0.022084015573395767,0.999756118388957
0.00917825061757205,0.002623292023030383,-0.0018770195016962201,0.0,0.0,-0.024540906828248922,0.11401690106199244,0.7809686284474652,-1.5446760648428792,-0.20476786604132316,0.9144937049860906,-1.6470107628841593,0.17026016740786912,1.0816656742433106,-1.6769608223077024,-0.07839433216687401,1.1851428157151347,-1.7323607609729574,0.2503845471926409,-0.21710904258670224,0.5605334859303757,-0.017600022858441474,-0.5251642646211566,-0.07131216712672299,0.026156937129645036,-0.025713884092942636,0.00917825061757205,0.002623292023030383,-0.024540906828248922,0.28477485613389447,0.18932197542751938,-0.17625130750922355,-0.29365244442443805,0.1656052586744636,0.1989067952985526,-0.2642017133900585,-0.26363951784750617,-0.18764886341308795,-0.2573670397017113,-0.28163693513075533,0.16230802745040845,-0.25477354678022696,0.25721059268622215,0.0722300173433927,0.47785525372057147,0.010168202856386251,0.014627449821229235,0.0,0.0,0.021838665690860543,0.9997615079011809
0.009617864211039329,0.0022072689899651633,-0.002171133052218666,0.0,0.0,-0.026369580776449512,0.11215900260992721,0.7767953487357707,-1.543963621361087,-0.20506087442239126,0.9159079609495221,-1.646515221306772,0.1722903739322316,1.0844929471160427,-1.6769694535419195,-0.07578509436412287,1.1880763227289373,-1.735612523676169,0.24407937159441928,-0.21592996457610467,0.5858344634373986,-0.017142904339113613,-0.5270291127339758,-0.06903180705778522,0.026232703485422667,-0.025929463180628692,0.009617864211039329,0.0022072689899651633,-0.026369580776449512,0.28473298326887264,0.1904909553548822,-0.17571879206127106,-0.294010949468642,0.1651163608575164,0.1989903351123395,-0.2641865335770842,-0.2644224442284991,-0.18813667123582983,-0.2568822120383261,-0.2818129119294897,0.16159637978112848,-0.2544625869708421,0.25774671231529417,0.07055652801609939,0.4688500356621503,0.010356064133270825,0.014681969223675704,0.0,0.0,0.021575032013181637,0.9997672319063224
0.009982025069228706,0.0018630635425529564,-0.0024152825577092303,0.0,0.0,-0.027022627285430024,0.11003378530343369,0.7726765473683674,-1.5433211127916973,-0.20498306304216382,0.9171021580696106,-1.6464096109072368,0.17415776848793033,1.0875963966051738,-1.6768573721249898,-0.07325507079561547,1.1906398336092632,-1.7390884558359783,0.2371592596173285,-0.21570463975270593,0.612093458573024,-0.016615175952514,-0.528563658396403,-0.06668827186028158,0.026305866117278736,-0.026152856958409156,0.009982025069228706,0.0018630635425529564,-0.027022627285430024,0.2846880108118057,0.19165485670508042,-0.17510506457898928,-0.29438809859823983,0.16475350607839123,0.19896587998383566,-0.26417964939565214,-0.2653028479055727,-0.18857996679290934,-0.2564117616920996,-0.28184933506632415,0.16090782801668507,-0.2541481190134244,0.2578484134092053,0.06860174483613792,0.4597486084080067,0.010548750404268507,0.014732254979511103,0.0,0.0,0.021304867852653148,0.9997730255441887
0.010441841654957987,0.0014273970791446504,-0.0027231345273021064,0.0,0.0,-0.02842665496403537,0.1072967294791732,0.7687009115411777,-1.5428808482006342,-0.20407707266735306,0.9177482615817677,-1.6471484959727587,0.175636810335246,1.0912481209244391,-1.6764791529588026,-0.070909537901782,1.1923506681365197,-1.7430030492821125,0.22903490021373277,-0.21764538625274044,0.6403449400506841,-0.015932201624217653,-0.5293926024677778,-0.06421601064879483,0.02637294243381481,-0.02639275571011534,0.010441841654957987,0.0014273970791446504,-0.02842665496403537,0.28463637196656427,0.1928066636318609,-0.174306265870091,-0.2948080564263193,0.16468471009881858,0.198701686099476,-0.2641979048141662,-0.26638201412553664,-0.1889205200272594,-0.2559841984758733,-0.28158167699644526,0.16027031380518694,-0.2538373061789709,0.25724282043863844,0.06614894074578298,0.4504935549256969,0.010751808005751987,0.014773433510628011,0.0,0.0,0.021020664963461937,0.9997790414108978
0.01078579003033028,0.0011029278741612803,-0.002953297261035214,0.0,0.0,-0.029618471543467605,0.10408497097516296,0.7649516667982544,-1.5427087719994361,-0.20261676805187956,0.9177017648412724,-1.6485208014045099,0.17667685411494188,1.0949196670994614,-1.6758277789510863,-0.06875078259694453,1.193160025760381,-1.747100566372727,0.22042767974463368,-0.22149316229001445,0.6700849725742536,-0.015132476194677018,-0.5294820287010886,-0.061685631239805534,0.026436886562015673,-0.02664801186759665,0.01078579003033028,0.0011029278741612803,-0.029618471543467605,0.28457908543071364,0.19393057820601145,-0.17336140993306334,-0.29524242337243034,0.16491779369068793,0.19827716311053054,-0.264232227057591,-0.2675149625425179,-0.18915245141461387,-0.2556442336894967,-0.2810456103131084,0.15968621201426367,-0.2535614796121325,0.2559469254437404,0.06343626371974626,0.4411822719071985,0.010963655100439236,0.014806856081416511,0.0,0.0,0.020724544770561106,0.9997852235575663
0.011428220441133376,0.0007320379164965005,-0.0027433451679020897,0.0,0.0,-0.030369480137473127,0.10057408475514609,0.7613450794508962,-1.5427056912219885,-0.20080716953133088,0.9172188350648591,-1.650292248436899,0.17744026897531567,1.0986037037589333,-1.675004279974735,-0.06670972275914565,1.1934013294451165,-1.7513133504173972,0.21151619065891597,-0.22654262817267223,0.7007629961678481,-0.014259181578050947,-0.5291054573926058,-0.059118629404992726,0.02649885698249846,-0.0269129452944705,0.011428220441133376,0.0007320379164965005,-0.030369480137473127,0.28451824007612286,0.19503669374584381,-0.1723237211114736,-0.29568256492580003,0.16534052728637919,0.19775171181501805,-0.26427530933540233,-0.2686818909009904,-0.18931568720489816,-0.2553574505212568,-0.28034182576373146,0.1591359488017325,-0.2533056036167564,0.2541206680162024,0.06056492453319912,0.431842050425362,0.011181040779885021,0.014835391334737793,0.0,0.0,0.020420914239957483,0.9997914713887114
0.012173105134741687,0.0004194132075301185,-0.0021827792880513286,0.0,0.0,-0.022853759813679885,0.0966286085019207,0.7582862645086615,-1.5431541493444731,-0.1986936394764919,0.9156288287856362,-1.6527828104568252,0.17770201268822255,1.1015993766110352,-1.6736227015052179,-0.06488551571965213,1.1922150163939504,-1.755175965602952,0.20312689335057213,-0.2352178759045073,0.7335300249884834,-0.013223017217835972,-0.5278815958234999,-0.05651003566354207,0.02654967521025677,-0.027192564408360712,0.012173105134741687,0.0004194132075301185,-0.022853759813679885,0.28446935162399756,0.196043423974977,-0.17114906440775193,-0.2961037386888252,0.16619684057566061,0.1971319941234891,-0.26429230115174385,-0.26975884156367724,-0.18937021567468654,-0.2552515468095502,-0.2793322984188479,0.15865239633139702,-0.2531830983559001,0.2511597392824265,0.05768398897511929,0.42270873081972077,0.011419206998790761,0.014854779260026084,0.0,0.0,0.020192423765162247,0.9997961122261319
0.01292912454174285,0.00021770899611737922,-0.0013067076603576202,0.0,0.0,-0.017376926072111425,0.0926377722109206,0.7555831586471711,-1.5437649825606683,-0.19671550784448177,0.9136514404807428,-1.6553798444343337,0.1778724610504478,1.1041071908642548,-1.6720248834051266,-0.06306486132771073,1.1905810580109104,-1.758759237299062,0.19536662222159012,-0.24484717845916779,0.7669729132844954,-0.012143217676290929,-0.5263221799725233,-0.05389731633241723,0.026593210382594004,-0.027475031111577553,0.01292912454174285,0.00021770899611737922,-0.017376926072111425,0.2844309289046008,0.19696522421116627,-0.16995715687944937,-0.2964996285920194,0.16717985434540758,0.19654711143599063,-0.26427974086238176,-0.2707404635202771,-0.18941163867187516,-0.25521560904339935,-0.27825958265417833,0.15817464948957177,-0.25312396099741097,0.2477047728161572,0.05495486249119601,0.4135707360191822,0.011666890534788678,0.014871814532788715,0.0,0.0,0.020018689629006117,0.999799605953882
0.01390330612408106,-3.5864693633424794e-05,-0.00015736529321297432,0.0,0.0,-0.0046825035578070065,0.0885912247679449,0.7536966123364188,-1.5447218147191135,-0.19511621716347602,0.910852554169568,-1.6581476005640898,0.17788126455111938,1.10548673434691,-1.669960547577251,-0.061224302784963026,1.188017492944544,-1.7616906328634783,0.1891095990484409,-0.2563803195953373,0.8018281486901381,-0.010975950058888267,-0.5240363505753604,-0.051279804076660676,0.026620018295943737,-0.027762667360630912,0.01390330612408106,-3.5864693633424794e-05,-0.0046825035578070065,0.28441708331758325,0.1976884528685716,-0.16874300945726547,-0.2968465886455086,0.1684242109784705,0.19606148922796535,-0.26420175702628096,-0.27149526093457116,-0.18943603336740478,-0.25533754441618245,-0.2770655505568638,0.1577014441538256,-0.2532128137757089,0.24348899113529854,0.05258648285336048,0.4043754602400186,0.011935608884827666,0.014884182421321219,0.0,0.0,0.019971873954940055,0.9998005422336637
0.014632411465635563,-0.00022618597829891237,0.0007028343400578009,0.0,0.0,0.006369339681798192,0.0848077709476152,0.7528327125491517,-1.5460226403342354,-0.19424923802867078,0.9074194340994862,-1.6607189226632166,0.1780078382504107,1.1054418303749778,-1.667618245789499,-0.059228143005660025,1.1851095334447994,-1.7637582355075412,0.1851504563984244,-0.2685726218753395,0.8375320067309381,-0.009764029230508503,-0.5211701742326369,-0.04872662491268574,0.026624316518956963,-0.028038256209005016,0.014632411465635563,-0.00022618597829891237,0.006369339681798192,0.2844246342928723,0.1981496055644793,-0.16760214915120095,-0.2971083709887125,0.16981723219969116,0.1957771050152983,-0.2640503776401076,-0.27190715674233723,-0.1895154469743127,-0.2555812211645147,-0.27593924910049195,0.15719607707422548,-0.25343946849881605,0.23875793767035747,0.0508267463374015,0.39498480793453355,0.012222636415801876,0.014892590664929211,0.0,0.0,0.020035554607103944,0.999799268129151
0.015606834565078621,-0.00047694209759041367,0.0018517477343771298,0.0,0.0,0.013090055164372262,0.08118430649240813,0.7525906924045447,-1.5475326511594985,-0.1938275834827712,0.9036006313381774,-1.6631707916356095,0.17820602896237614,1.1045307083563372,-1.665106910647768,-0.05713736085277615,1.1819921448977306,-1.7653005586730108,0.18258867352598845,-0.28116576539145577,0.8737519190769003,-0.008524954422480531,-0.5179510842068027,-0.04621256722344293,0.02661492641676556,-0.028306518935344437,0.015606834565078621,-0.00047694209759041367,0.013090055164372262,0.28444519669118556,0.1984513108169397,-0.16650626786416936,-0.2973175211696385,0.1712993438555318,0.1956142015042181,-0.2638506672739385,-0.27211022856612566,-0.18962851857910784,-0.25589942807174865,-0.2748537090719775,0.15667039683960923,-0.25374811928927715,0.23363448592535502,0.04941956166112214,0.3854775998259982,0.012520797908155605,0.014898591016353381,0.0,0.0,0.02016642871118088,0.9997966368982429
0.01658055488429163,-0.0005419332344827025,0.0028911413568435958,0.0,0.0,0.03011572483443059,0.07835622628529866,0.7540813106479067,-1.5497371861428926,-0.19488873355316394,0.8990006862264691,-1.6648562749226887,0.1787715662609447,1.101319948832194,-1.6623648910811453,-0.05450489755832787,1.178925958546725,-1.7654993389592026,0.1842367012392391,-0.2936813506213102,0.9107000213680847,-0.0072850409725850225,-0.5141125917434692,-0.043787658666119424,0.026576952782995773,-0.028552401077115177,0.01658055488429163,-0.0005419332344827025,0.03011572483443059,0.2844987042022474,0.19832719707310084,-0.1656395287314648,-0.29733193500009314,0.1728839761593616,0.19586552279832964,-0.2635475005273767,-0.27171675540347084,-0.18987245547377132,-0.2563676331998671,-0.274021782356791,0.15601431424182313,-0.2542623548063102,0.22803493143794834,0.049075510104362244,0.37561948425027447,0.012847171334380455,0.014898702107144125,0.0,0.0,0.020467523800748958,0.9997905182934401
0.017443041226015813,-0.0001265294701580002,0.0035380474244714466,0.0,0.0,0.035602570626372655,0.07590431648522915,0.756062446519582,-1.5521613070459077,-0.1964354387136421,0.8942951716557898,-1.6661392522580696,0.17948704837548612,1.0974210627151257,-1.6596392417194867,-0.05168745177562788,1.176120891715541,-1.7653672111154806,0.18724426913141007,-0.3060614421512142,0.9476064877076585,-0.006076739433061584,-0.5100151261295934,-0.04138486798514017,0.02653150980106809,-0.028788623428254417,0.017443041226015813,-0.0001265294701580002,0.035602570626372655,0.2845608423454593,0.19808655029121894,-0.16488314450282013,-0.2972681886318833,0.17443470478901033,0.19625437875946877,-0.26322271705067213,-0.27112683378770563,-0.1901645265974749,-0.2568639818433568,-0.27331611003152384,0.15530993795341988,-0.2548101235386061,0.22217456037141062,0.04901316081053886,0.3657218107672133,0.013184351606689623,0.014904075193999692,0.0,0.0,0.020823473628966756,0.9997831679649462
0.018618570309610866,0.0008281531822961069,0.00419665617172188,0.0,0.0,0.04697882900575875,0.07427149100436102,0.759038441711002,-1.5550393263498943,-0.19899139139387345,0.889418515894148,-1.6665368874867756,0.18052372998661467,1.0921127398808796,-1.656977163420783,-0.048483067088656906,1.1739371220270793,-1.7645823293262057,0.1930715954966016,-0.3181245128313702,0.9843363761901861,-0.004944394756522427,-0.5053613252109951,-0.03902577608823773,0.026471149176359177,-0.0290040181328853,0.018618570309610866,0.0008281531822961069,0.04697882900575875,0.28464022609922623,0.1976112794911232,-0.16436637544278765,-0.29704145576265767,0.175897373501104,0.19693265494322226,-0.26286875270889665,-0.270129380291437,-0.19055791551236803,-0.257411745478404,-0.27288763477921607,0.15450575043647033,-0.2554229223879894,0.2160130051760833,0.04956547656464484,0.3557492114294894,0.013544498632351562,0.01492269699358278,0.0,0.0,0.021293157755992123,0.9997732750142797
0.019553479864984347,0.0018607175687985825,0.00455757283201047,0.0,0.0,0.056092498005273134,0.07340877333825284,0.7622999973369368,-1.5583268115014741,-0.20230396182248095,0.8846682716499674,-1.6661346915996436,0.18181351120724826,1.086160190177686,-1.654472676190463,-0.04499039573199814,1.1724451726133174,-1.763487367918997,0.2008782758405716,-0.3294397032622137,1.0204372550501974,-0.003909616702885319,-0.5006002585093179,-0.036667334706042706,0.026410798429313934,-0.02920100581126683,0.019553479864984347,0.0018607175687985825,0.056092498005273134,0.2847287085923282,0.1971119490369446,-0.16407465520938427,-0.2966614825129071,0.17720150810371155,0.19783066422356504,-0.2625058216365927,-0.26891865543639404,-0.19102274250907275,-0.2579488537314371,-0.27269391908379026,0.15362407380576434,-0.2560448929673385,0.2097036241898625,0.05049201489390646,0.3458242175155191,0.013927008688562755,0.01496887994422154,0.0,0.0,0.021853952210530634,0.9997611738674291
0.020800290863191177,0.0032514806298925888,0.005039806016766957,0.0,0.0,0.06143918867217369,0.07299785225680379,0.7657290817511203,-1.5618545166169755,-0.20606041466346905,0.879992188829364,-1.6652632614578864,0.1832517775321248,1.0798296940447103,-1.6520606423869277,-0.041328596195789206,1.171359091094046,-1.762210493135934,0.2098461771854249,-0.3403161372801273,1.056169114931666,-0.0029320777346840765,-0.4957762625482346,-0.034309274959142703,0.02635045347716471,-0.029387194700915407,0.020800290863191177,0.0032514806298925888,0.06143918867217369,0.28482252901250665,0.19659939216231212,-0.1639148025763531,-0.2961909774528823,0.17841388715384016,0.19885715007806726,-0.2621338762478669,-0.26757989799164095,-0.1915297410224043,-0.2584753508818691,-0.2726380282747816,0.1526955026813591,-0.25667073973928667,0.20321009410500956,0.05155522127365193,0.33595642111792046,0.014322638389362841,0.015031232103479633,0.0,0.0,0.022468193239727367,0.9997475582828609
0.022016501937055316,0.004603886024695971,0.005509907549078319,0.0,0.0,0.0754136020607959,0.07339514306548871,0.768821636233667,-1.5657703683833883,-0.21048144574719255,0.8760200805134243,-1.6632042659653556,0.18491801770046506,1.0735948152012293,-1.6499560932920436,-0.03744292515094827,1.1712187968119225,-1.7611571177087648,0.2199408271999072,-0.35106507003909426,1.091095878620341,-0.0021004734861880692,-0.4911486247573235,-0.031804924567389925,0.026290547751793354,-0.02956183170993822,0.022016501937055316,0.004603886024695971,0.0754136020607959,0.28493030083299886,0.19624903503800975,-0.16398982732917267,-0.29556438589086,0.17924486314499022,0.20009088959142282,-0.26181501556992004,-0.26620700211955745,-0.19208859872075876,-0.25891964514806404,-0.2727889853957249,0.15170239213082828,-0.2572156285700572,0.1965687915666859,0.052722691157667124,0.32640828954682166,0.014752337375110156,0.015136186014672724,0.0,0.0,0.02322213249587421,0.9997303299201961
0.02298168780047008,0.005672979499217808,0.00588295586181481,0.0,0.0,0.08027419995089526,0.07397492162205957,0.7716091004284946,-1.5697436115958474,-0.21497151526537814,0.8723412860523571,-1.660829782485962,0.18660903383385055,1.0676634311676025,-1.647990876978094,-0.03354504839940499,1.1712949167598377,-1.7602352770892056,0.22996883771636284,-0.361909714612094,1.1255464987321337,-0.001317078332332038,-0.4866476492448286,-0.029230358925732662,0.026233861730857327,-0.029730697077783672,0.02298168780047008,0.005672979499217808,0.08027419995089526,0.2850429253144698,0.19600098911109193,-0.16411737916876878,-0.2949053369390004,0.17994544649668753,0.20135149926342605,-0.26151933795278814,-0.2648893791092435,-0.19264746409210426,-0.25931520508352957,-0.27297309756867183,0.15070240713907995,-0.2577252508312834,0.18978952467764768,0.05370456677501557,0.3171142043510295,0.015193797986615794,0.015256079506467691,0.0,0.0,0.02402465053777313,0.9997113664285997
0.023811544710550026,0.00704836298196471,0.006108091335103871,0.0,0.0,0.09035995957226528,0.07491062269216837,0.7737201494399948,-1.5738180472393228,-0.2195674620493495,0.8692822889848189,-1.6578231586350334,0.1883388903706965,1.0624241034189859,-1.6463222419372712,-0.029636983693850084,1.1717941459983285,-1.7595987741393273,0.23975284954514187,-0.37298525282830924,1.1589639066445714,-0.0006331289469292537,-0.48242295405479385,-0.02650563964488525,0.02618456369435245,-0.029887181988945515,0.023811544710550026,0.00704836298196471,0.09035995957226528,0.28516561906747145,0.1959734565347922,-0.1643475521207113,-0.29418598443581917,0.18037312701350816,0.20265862593824627,-0.2612836257673271,-0.2637095051262156,-0.19320143552499164,-0.25961611335120666,-0.27321692650137147,0.14969542637764316,-0.2581648965723198,0.18298509769994364,0.054475936750035855,0.3083000037863613,0.015659643553498425,0.015407000658939586,0.0,0.0,0.024927979516345112,0.9996892496357219
0.024095660693553043,0.00805789744458371,0.006066447105070039,0.0,0.0,0.0904728320941462,0.07591971529252604,0.7750315702322758,-1.5778963264792858,-0.22403358449839594,0.8667314016457759,-1.6544610936232287,0.18992500097462628,1.0581902422086156,-1.6449195929247924,-0.025795592804147643,1.1723998520109389,-1.7593028412924872,0.24863370771359936,-0.3843935595618357,1.191206775530421,3.261983658028796e-05,-0.4783409981414524,-0.023613841169410208,0.026157111813775218,-0.030036693946881732,0.024095660693553043,0.00805789744458371,0.0904728320941462,0.28528724896787394,0.19618771972932214,-0.16459771823498565,-0.29345383237085926,0.1806013234176839,0.20394305932741844,-0.26110615970716294,-0.26276308403748055,-0.19369956894406531,-0.259833254717109,-0.2734278757263432,0.14870259478514503,-0.2585454380563915,0.17623725247686547,0.05491776840955882,0.300000760486142,0.016131024299697455,0.015585134774822785,0.0,0.0,0.02583241649043808,0.9996662874470983
0.023835596466343933,0.009397503009887075,0.005619265515394157,0.0,0.0,0.09053671767980741,0.07697033204815608,0.7758905697952617,-1.5819767803856821,-0.22842625370531383,0.8644679974425922,-1.650897923744086,0.19142978164282717,1.0545252633817268,-1.6436674360072974,-0.02199192525762489,1.1730658014615376,-1.759199599424998,0.25700357104792765,-0.3959901432196303,1.2227851025985959,0.000688070911123917,-0.47433980260834535,-0.02062751104434322,0.026142020258262302,-0.030182260681282394,0.023835596466343933,0.009397503009887075,0.09053671767980741,0.28540827695167426,0.1965375564112787,-0.16485844137839306,-0.29271344516667197,0.18071654163682577,0.20521560944061726,-0.26095883708351014,-0.2619486611296002,-0.1941662267405142,-0.26000274446536753,-0.2736201679544053,0.14771752743473104,-0.258890961962305,0.16948475356016549,0.05512200838119735,0.292004718570595,0.016605536792088652,0.01577866569895185,0.0,0.0,0.02673747094755892,0.9996424899169345
0.023349258688212585,0.010708348129759295,0.0050379810008133186,0.0,0.0,0.07678530389908247,0.07794652578204572,0.7755420045419172,-1.585972309112549,-0.23221978484982206,0.8630530069572756,-1.64697933919502,0.19241050201835058,1.0524704408163976,-1.6428864182847918,-0.01859449828513933,1.173540180379694,-1.7595798583945843,0.2637824491418976,-0.4103302082630124,1.252070310139898,0.0014531186151534893,-0.47008320297857714,-0.017432023310149446,0.026150374137090916,-0.03031341641238242,0.023349258688212585,0.010708348129759295,0.07678530389908247,0.2855120195884897,0.1972359964426677,-0.1650965470150412,-0.2919885453756779,0.18053162299534764,0.20634310126340447,-0.26094129070654415,-0.26150531352044454,-0.1944654384010384,-0.26008515145024014,-0.27367608838872054,0.14683585283997622,-0.25915112728948886,0.16290046612582756,0.05491892750856956,0.28526645286270413,0.017062990916798828,0.016011463497022194,0.0,0.0,0.027505041589161262,0.999621664774818
0.022972887487004275,0.011723545556820753,0.004583047796981321,0.0,0.0,0.07204344213166931,0.07884265444796497,0.774807534133545,-1.5899496915364508,-0.23567502366171952,0.8619201809468895,-1.643025811272438,0.19311237290050046,1.0510330182133298,-1.642233467463291,-0.015412975065033745,1.1738861708930044,-1.7601247478013087,0.270056139640134,-0.42569524922756297,1.2804327763692307,0.0022608998109295243,-0.46563879558534316,-0.014176288412676792,0.026170034384862945,-0.03044028957421431,0.022972887487004275,0.011723545556820753,0.07204344213166931,0.2856097961917068,0.19804455540165078,-0.1653098881150254,-0.29127118045948824,0.1802585591162714,0.2073845276464973,-0.26097363488204905,-0.2612137944429404,-0.1946813553054924,-0.26015207237523574,-0.27366907487255915,0.14600944757237108,-0.259377981922214,0.15638161381680488,0.054536852681484484,0.27897673692303365,0.017514540221203474,0.016257709879992595,0.0,0.0,0.02822519630684552,0.9996015897813689
0.02247801458613554,0.013057902501571595,0.003990418080128399,0.0,0.0,0.06232264089494278,0.07956560723709338,0.7732870271711638,-1.593891725395665,-0.23841487367947897,0.8613640647945981,-1.639015212203517,0.1932262900200757,1.0508715998042713,-1.6418373368003152,-0.012686657183098053,1.1739586049860173,-1.7610067815491648,0.27530141400568414,-0.4431746132446059,1.3068816806330827,0.003157106030619512,-0.4607928043062036,-0.010799020839234171,0.026213408193805,-0.030558497616738983,0.02247801458613554,0.013057902501571595,0.06232264089494278,0.28569534150036896,0.19907970635633954,-0.1654715394168884,-0.2905720092244,0.17980742378433254,0.208241152474056,-0.26111695577296506,-0.2612384885532181,-0.19472199511290847,-0.26019143362314767,-0.27353052964220836,0.14530055735524472,-0.25953997993915073,0.1500931485472882,0.05392571935861766,0.27358462548783413,0.017953980883414097,0.01653151061724533,0.0,0.0,0.02884816893453399,0.9995838049654088
0.022111273682553414,0.014051032831221038,0.0035471085346114313,0.0,0.0,0.05319466717327196,0.08010005495614476,0.7712894148296779,-1.5977948639127943,-0.24020679460631478,0.8613335457113054,-1.6354030701849196,0.19265802039040458,1.0521630777253046,-1.6416274772750006,-0.010763535069094754,1.173975083563063,-1.7623527314927843,0.2801152351829741,-0.46291120515929346,1.3318328592512345,0.0041637948403755905,-0.45491976042588544,-0.007361397975020913,0.026281999217139352,-0.030660166301661067,0.022111273682553414,0.014051032831221038,0.05319466717327196,0.2857694129149119,0.20024733266981848,-0.16557744339456312,-0.2898932913232279,0.17926207987398363,0.2088358555186469,-0.26134546562712635,-0.26164235563202,-0.19456198391348467,-0.26021344955545717,-0.2732947486273631,0.14479954690730742,-0.25957147990455853,0.1439361783869127,0.053187873116637766,0.2688564349629681,0.018382041094203792,0.016831010993984014,0.0,0.0,0.029379890131159297,0.9995683178532025
0.020989504260911538,0.014729402635042447,0.003108438668827929,0.0,0.0,0.04821577816911198,0.08053168172788139,0.7690315631904987,-1.6016767867887864,-0.24148166330173765,0.8615897159383754,-1.6320082683755894,0.19171764889750817,1.0542470445536605,-1.6415192201884106,-0.009278519737600056,1.1739610409495806,-1.763951726634093,0.2846937182575766,-0.4838790122908778,1.3559670966080948,0.005230746881076797,-0.44848650603583357,-0.003890854043114623,0.026364345084687678,-0.030752813518799917,0.020989504260911538,0.014729402635042447,0.04821577816911198,0.2858372258417534,0.2014845880710173,-0.1656525587338855,-0.2892223454674325,0.1786643739423706,0.20928751212995778,-0.2616198774370522,-0.2622528438921597,-0.19429240581193388,-0.26022472047292977,-0.27300615195293426,0.1444122500864655,-0.2595316988654083,0.1378883891520945,0.052368117285377686,0.26442834257495773,0.018803893786036613,0.01714452935589685,0.0,0.0,0.0298618363588824,0.9995540359226586
0.019452652276874233,0.014959205424318445,0.002779939559974243,0.0,0.0,0.03264335227208098,0.080889934504574,0.7665318494493311,-1.6054062030532144,-0.24147147007963873,0.863024272701957,-1.6296325488524004,0.18994883718815714,1.0586783452467485,-1.6415610042485325,-0.009206814522092991,1.1738829666917974,-1.766317903995514,0.28945293751629925,-0.5081540644168858,1.37785585901954,0.006428839363665765,-0.44038930941711757,-0.00046372237953943825,0.026471526108004833,-0.030803693119775166,0.019452652276874233,0.014959205424318445,0.03264335227208098,0.28589375046166504,0.2027666672063082,-0.1657071938634047,-0.2885755468057834,0.17787676555982163,0.20936294663824634,-0.2619386646686431,-0.2635014845062775,-0.19377284204015607,-0.2601786346058476,-0.2725647419466758,0.144391147033868,-0.25926794631359945,0.13205975670346798,0.05155853386460502,0.26090696860111867,0.01918495183979924,0.017469256777655002,0.0,0.0,0.030188122712957,0.9995442347625579
0.01778910132196071,0.01463112519167642,0.002645257145468538,0.0,0.0,0.02676649443831084,0.08115984582238728,0.7640179919474053,-1.6089766603527649,-0.2411367983529062,0.8650030517818953,-1.6276667310733988,0.18806021382110283,1.0637741269487324,-1.6415985353065259,-0.009583522575070185,1.1737017595406734,-1.7689309686121315,0.29437966298575363,-0.5326004323333206,1.3988834101744376,0.007662661147840121,-0.4319474134180279,0.0029067914283863244,0.02658157323421252,-0.030844241173730958,0.01778910132196071,0.01463112519167642,0.02676649443831084,0.2859484234241524,0.20402505942557145,-0.16573743803226734,-0.287957644619235,0.1769912828413683,0.20933627442738226,-0.2622412033542197,-0.2649374933073033,-0.19321292437666063,-0.2600975503212893,-0.27205340461983335,0.14448600239118625,-0.25893826442197293,0.12643510989328036,0.05077375050379274,0.25748931785455065,0.01954447090475247,0.017788764672598458,0.0,0.0,0.03045566458355634,0.9995361186544356
0.015585570747037761,0.014190633461374528,0.0024717489276279703,0.0,0.0,0.014806924616266422,0.08124412389265166,0.7614827986919518,-1.6122138409903555,-0.24015729919527515,0.8680989465328178,-1.6265375186698605,0.18594638852760043,1.0702007719964692,-1.6416215336684026,-0.010864561781136692,1.17330304962216,-1.7720423388962794,0.29965685563858113,-0.5572914664793499,1.4181570404707786,0.008967864362410087,-0.4228313929504817,0.006158201630707077,0.026696824760298537,-0.030864288616511557,0.015585570747037761,0.014190633461374528,0.014806924616266422,0.2859995607474838,0.20523754752346704,-0.16571778265785675,-0.28740814892870337,0.17590653484798616,0.20910589553495756,-0.2625090525174688,-0.2667502145186019,-0.19257623762042594,-0.25994696894182123,-0.27139826884187085,0.1448139796589511,-0.2584763740730068,0.12115132534559184,0.05008143760336412,0.25441076078239966,0.019859564358914145,0.01809673830678668,0.0,0.0,0.03060366480929522,0.9995315981499736
0.01393625572438439,0.013861163283354478,0.0023418905759090003,0.0,0.0,0.003290239783780771,0.08097363918116599,0.7591696146762732,-1.61491787072384,-0.23884839632294394,0.8718063000476722,-1.6261741970524644,0.1839858916672793,1.0771772861480713,-1.6416591369744502,-0.012840057864333673,1.1724690560138586,-1.775285623290322,0.3053125206268196,-0.5817167939561789,1.4353157245751584,0.01034268522352885,-0.4132691233447103,0.009175821009910504,0.02681164996642055,-0.030867925308870548,0.01393625572438439,0.013861163283354478,0.003290239783780771,0.2860472933812575,0.20630482586931564,-0.1656029127840957,-0.28698289258221166,0.17476110548924462,0.20875875201085414,-0.26270767716931887,-0.26871227629482397,-0.19197068226271027,-0.259718855135261,-0.2706084357886681,0.14532029222385248,-0.25796123945554017,0.11630453078636734,0.049520807903133096,0.2517344428083984,0.02013199940098055,0.018393466926433826,0.0,0.0,0.03063655177902374,0.9995305906749884
0.011734293197670533,0.013420373367095206,0.0021683823580684334,0.0,0.0,-0.002763402209254002,0.08051667659722192,0.7569731278250915,-1.6173416544692685,-0.23736634534416773,0.8758350613743369,-1.626213459053425,0.18210599052183551,1.0844428340593975,-1.6417044172383317,-0.015180588972688966,1.1714062594404124,-1.7785982471523865,0.3111671262016201,-0.6060024551068898,1.4513627061940206,0.011754099975782237,-0.40347228688423065,0.012070550341065082,0.026926251081279433,-0.03086293583754638,0.011734293197670533,0.013420373367095206,-0.002763402209254002,0.28609323637052014,0.20729507520162183,-0.16543823224896648,-0.28662178201539334,0.17358443505604534,0.2083496827336179,-0.26286707530405384,-0.27075055240021284,-0.19138082727452102,-0.2594414749962679,-0.26974900189209117,0.14591901675895658,-0.25741501221840707,0.11172629061045586,0.04901408518691232,0.24921493805295747,0.02038201143156098,0.018684284705104255,0.0,0.0,0.030608930716901225,0.9995314369044969
0.00981403379214154,0.01303832107249748,0.0020170979427566738,0.0,0.0,-0.020186083744581664,0.07967843461518334,0.7555039531052714,-1.6184943203974251,-0.2357632532866314,0.8795395782499603,-1.6267878238600915,0.18081047890162225,1.0912352294632883,-1.6416493124432034,-0.017932233485308625,1.1699175545663545,-1.781553449052753,0.3164703776740066,-0.6280395406665229,1.4635777918979378,0.013167875828315545,-0.3939496621941073,0.014551270395667924,0.02703440385033386,-0.03084615862580261,0.00981403379214154,0.01303832107249748,-0.020186083744581664,0.28613402867558024,0.20789033376453003,-0.16518156090931946,-0.28651634979755863,0.17258764445538452,0.20789123904836826,-0.26297286245550494,-0.27267012379057376,-0.1909500366658822,-0.2591116868588643,-0.2688442365015181,0.14662260648726547,-0.2568980518136168,0.10802695898726883,0.04864833027643269,0.24745010247521224,0.020567644349854405,0.01895799643990368,0.0,0.0,0.030407163840370992,0.9995375952845319
0.008974928137027431,0.01287195962058384,0.0019506297328261708,0.0,0.0,-0.023212891093047215,0.07883026947577793,0.7543573668508818,-1.6191057635076118,-0.23419176764560465,0.8827991602998791,-1.6273703629320317,0.17972743262847263,1.0974517916188098,-1.6415149786255576,-0.020636006963975575,1.1684087334257183,-1.784112345088612,0.3216918110847475,-0.6478207599033013,1.4744559616753552,0.014533410215693928,-0.38489743570486684,0.016883587041361822,0.027139143510298298,-0.030826703052629124,0.008974928137027431,0.01287195962058384,-0.023212891093047215,0.2861739202882304,0.2083140913846926,-0.16492944184153127,-0.2865021751173405,0.17172346631452778,0.2074423702763979,-0.2630777285516596,-0.2744392074196755,-0.1905828678312154,-0.2587921418735372,-0.26800558165860405,0.14731277927758232,-0.2564299535076267,0.10472667008819853,0.04835683053644553,0.2457434629306032,0.0207421448589726,0.019228715449571616,0.0,0.0,0.030175141447716283,0.9995446267369009
0.00842086084624331,0.01276111982177629,0.0019066788331426054,0.0,0.0,-0.029118856217710244,0.07796837720606059,0.7538598571160827,-1.6186291027550745,-0.23268721982686202,0.8851516921110828,-1.627960367636247,0.17907005382908714,1.1024953825305208,-1.6412198688044692,-0.023234436758841015,1.166866052030313,-1.7858645193504565,0.3267549971739453,-0.6630136497092974,1.4826583525147103,0.01579994670670446,-0.3768053617742324,0.01891868347019867,0.027236994017254226,-0.03080195831981572,0.00842086084624331,0.01276111982177629,-0.029118856217710244,0.2862120538648933,0.20839424375768206,-0.16468785372565117,-0.28667313066251243,0.1711270495568001,0.207015035742131,-0.26318733068028555,-0.27590654666494324,-0.19034493205170527,-0.25851234529363565,-0.26730059093012126,0.14797646182634794,-0.25606852158694515,0.10213891582462319,0.04824064321384739,0.2442733624123555,0.020894928807110504,0.019493592903018008,0.0,0.0,0.029884084205738015,0.9995533710168679
0.008419605174222985,0.012761926895799296,0.0019066788331426057,0.0,0.0,-0.029118795360222743,0.07725369335726052,0.75398625900047,-1.6173603227644255,-0.23138764605979723,0.8865186171700257,-1.6281908413376471,0.17871116447930382,1.105744410042811,-1.6408236394024858,-0.025437597674552902,1.1652898385067179,-1.7864268500395495,0.331438176258646,-0.6729874421249739,1.4882993643934077,0.016890430606600643,-0.3697865299805244,0.02064657521744574,0.02732087577683757,-0.030770963471796777,0.008419605174222985,0.012761926895799296,-0.029118795360222743,0.2862501874415561,0.20817952547420948,-0.16449882260339554,-0.28696266794370406,0.17076292543445196,0.2066582980631222,-0.2633338656553102,-0.2768888320775407,-0.1902117623488539,-0.2583403952227014,-0.26679519547655184,0.1485415808405282,-0.2558917151689692,0.10024899327487946,0.04827520743416154,0.24297383933045044,0.021047882942689795,0.0197583715139766,0.0,0.0,0.02959302503817329,0.999562030525915
0.008414248795711989,0.012765452884783087,0.001906678833143993,0.0,0.0,-0.029118765234973216,0.07661354541778564,0.7544285655021667,-1.6156904697418213,-0.23019185662269592,0.8873865008354187,-1.6282392740249634,0.17850340902805328,1.108084797859192,-1.6403762102127075,-0.027440622448921204,1.1636966466903687,-1.7863867282867432,0.33592894673347473,-0.6803186535835266,1.4926434755325317,0.01789177395403385,-0.36331111192703247,0.022218920290470123,0.02739768475294113,-0.030736804008483887,0.008414248795711989,0.012765452884783087,-0.029118765234973216,0.286288321018219,0.2078149212498254,-0.16433609970076524,-0.2873117099962317,0.17051628311390854,0.20633721174448494,-0.2634992482280843,-0.277625939165473,-0.19013171188691813,-0.2582240588773983,-0.2663904034887023,0.14905726751121623,-0.25580828817295825,0.09870749704001175,0.04838165382614394,0.24176748479756327,0.02120092324912548,0.020023100078105927,0.0,0.0,0.02930196366252651,0.9995706052728441
